2026-07-15 11:39:29.672 +07:00 [WRN] No store type was specified for the decimal property 'TotalEarnings' on entity type 'Affiliate'. This will cause values to be silently truncated if they do not fit in the default precision and scale. Explicitly specify the SQL server column type that can accommodate all the values in 'OnModelCreating' using 'HasColumnType', specify precision and scale using 'HasPrecision', or configure a value converter using 'HasConversion'.
2026-07-15 11:39:31.675 +07:00 [INF] Detected FlowMate/SQL schema without EF history — applying compat layer and skipping MigrateAsync.
2026-07-15 11:39:31.724 +07:00 [INF] Executed DbCommand (18ms) [Parameters=[], CommandType='"Text"', CommandTimeout='30']
IF COL_LENGTH('dbo.Posts', 'ChannelAccountId') IS NULL
    ALTER TABLE dbo.Posts ADD ChannelAccountId UNIQUEIDENTIFIER NULL;
2026-07-15 11:39:31.738 +07:00 [INF] Executed DbCommand (2ms) [Parameters=[], CommandType='"Text"', CommandTimeout='30']
IF COL_LENGTH('dbo.Posts', 'ExternalPostId') IS NULL
    ALTER TABLE dbo.Posts ADD ExternalPostId NVARCHAR(128) NULL;
2026-07-15 11:39:31.745 +07:00 [INF] Executed DbCommand (2ms) [Parameters=[], CommandType='"Text"', CommandTimeout='30']
IF COL_LENGTH('dbo.Posts', 'PublishedUrl') IS NULL
    ALTER TABLE dbo.Posts ADD PublishedUrl NVARCHAR(1000) NULL;
2026-07-15 11:39:31.750 +07:00 [INF] Executed DbCommand (2ms) [Parameters=[], CommandType='"Text"', CommandTimeout='30']
IF COL_LENGTH('dbo.Posts', 'PublishedAt') IS NULL
    ALTER TABLE dbo.Posts ADD PublishedAt DATETIME2 NULL;
2026-07-15 11:39:31.757 +07:00 [INF] Executed DbCommand (2ms) [Parameters=[], CommandType='"Text"', CommandTimeout='30']
IF COL_LENGTH('dbo.PostSchedules', 'PostId') IS NULL
    ALTER TABLE dbo.PostSchedules ADD PostId UNIQUEIDENTIFIER NULL;
2026-07-15 11:39:31.762 +07:00 [INF] Executed DbCommand (2ms) [Parameters=[], CommandType='"Text"', CommandTimeout='30']
IF COL_LENGTH('dbo.PostSchedules', 'PostChannelAccountId') IS NOT NULL
   AND COLUMNPROPERTY(OBJECT_ID('dbo.PostSchedules'), 'PostChannelAccountId', 'AllowsNull') = 0
BEGIN
    ALTER TABLE dbo.PostSchedules ALTER COLUMN PostChannelAccountId UNIQUEIDENTIFIER NULL;
END
2026-07-15 11:39:31.770 +07:00 [INF] Executed DbCommand (2ms) [Parameters=[], CommandType='"Text"', CommandTimeout='30']
IF COL_LENGTH('dbo.ChannelAccounts', 'ParentChannelAccountId') IS NULL
    ALTER TABLE dbo.ChannelAccounts ADD ParentChannelAccountId UNIQUEIDENTIFIER NULL;
2026-07-15 11:39:31.776 +07:00 [INF] Executed DbCommand (1ms) [Parameters=[], CommandType='"Text"', CommandTimeout='30']
IF COL_LENGTH('dbo.ChannelAccounts', 'AccessToken') IS NULL
    ALTER TABLE dbo.ChannelAccounts ADD AccessToken NVARCHAR(MAX) NULL;
2026-07-15 11:39:31.782 +07:00 [INF] Executed DbCommand (1ms) [Parameters=[], CommandType='"Text"', CommandTimeout='30']
IF COL_LENGTH('dbo.ChannelAccounts', 'RefreshToken') IS NULL
    ALTER TABLE dbo.ChannelAccounts ADD RefreshToken NVARCHAR(MAX) NULL;
2026-07-15 11:39:31.788 +07:00 [INF] Executed DbCommand (1ms) [Parameters=[], CommandType='"Text"', CommandTimeout='30']
IF COL_LENGTH('dbo.ChannelAccounts', 'TokenExpiresAt') IS NULL
    ALTER TABLE dbo.ChannelAccounts ADD TokenExpiresAt DATETIME2 NULL;
2026-07-15 11:39:31.793 +07:00 [INF] Executed DbCommand (2ms) [Parameters=[], CommandType='"Text"', CommandTimeout='30']
IF COL_LENGTH('dbo.ChannelAccounts', 'Scope') IS NULL
    ALTER TABLE dbo.ChannelAccounts ADD Scope NVARCHAR(500) NULL;
2026-07-15 11:39:31.798 +07:00 [INF] Executed DbCommand (1ms) [Parameters=[], CommandType='"Text"', CommandTimeout='30']
IF COL_LENGTH('dbo.Posts', 'VoiceSampleId') IS NULL
    ALTER TABLE dbo.Posts ADD VoiceSampleId UNIQUEIDENTIFIER NULL;
2026-07-15 11:39:31.804 +07:00 [INF] Executed DbCommand (1ms) [Parameters=[], CommandType='"Text"', CommandTimeout='30']
IF COL_LENGTH('dbo.Posts', 'DayNumber') IS NULL
    ALTER TABLE dbo.Posts ADD DayNumber INT NULL;
2026-07-15 11:39:31.809 +07:00 [INF] Executed DbCommand (1ms) [Parameters=[], CommandType='"Text"', CommandTimeout='30']
IF COL_LENGTH('dbo.Posts', 'TrackingEnabled') IS NULL
    ALTER TABLE dbo.Posts ADD TrackingEnabled BIT NOT NULL DEFAULT CAST(1 AS BIT);
2026-07-15 11:39:31.854 +07:00 [INF] Executed DbCommand (42ms) [Parameters=[], CommandType='"Text"', CommandTimeout='30']
IF COL_LENGTH('dbo.MediaFiles', 'ProductId') IS NULL
    ALTER TABLE dbo.MediaFiles ADD ProductId UNIQUEIDENTIFIER NULL;
2026-07-15 11:39:31.874 +07:00 [INF] Executed DbCommand (15ms) [Parameters=[], CommandType='"Text"', CommandTimeout='30']
IF COL_LENGTH('dbo.MediaFiles', 'StoragePath') IS NULL
    ALTER TABLE dbo.MediaFiles ADD StoragePath NVARCHAR(1000) NOT NULL DEFAULT '';
2026-07-15 11:39:31.889 +07:00 [INF] Executed DbCommand (9ms) [Parameters=[], CommandType='"Text"', CommandTimeout='30']
IF COL_LENGTH('dbo.FacebookAccounts', 'ProjectId') IS NULL
    ALTER TABLE dbo.FacebookAccounts ADD ProjectId UNIQUEIDENTIFIER NOT NULL
        DEFAULT '00000000-0000-0000-0000-000000000000';
2026-07-15 11:39:31.911 +07:00 [INF] Executed DbCommand (17ms) [Parameters=[], CommandType='"Text"', CommandTimeout='30']
IF COL_LENGTH('dbo.Campaigns', 'ProductDescription') IS NULL
    ALTER TABLE dbo.Campaigns ADD ProductDescription NVARCHAR(MAX) NULL;
2026-07-15 11:39:31.918 +07:00 [INF] Executed DbCommand (3ms) [Parameters=[], CommandType='"Text"', CommandTimeout='30']
IF OBJECT_ID('dbo.ProjectMembers') IS NULL
CREATE TABLE dbo.ProjectMembers (
    Id UNIQUEIDENTIFIER NOT NULL PRIMARY KEY, ProjectId UNIQUEIDENTIFIER NOT NULL,
    UserId UNIQUEIDENTIFIER NOT NULL, Role NVARCHAR(20) NOT NULL DEFAULT 'Member',
    InvitedAt DATETIME2 NULL, JoinedAt DATETIME2 NULL,
    CreatedAt DATETIME2 NOT NULL, UpdatedAt DATETIME2 NULL,
    CreatedBy UNIQUEIDENTIFIER NULL, UpdatedBy UNIQUEIDENTIFIER NULL, IsDeleted BIT NOT NULL DEFAULT 0,
    CONSTRAINT FK_ProjectMembers_Projects FOREIGN KEY (ProjectId) REFERENCES dbo.Projects(Id),
    CONSTRAINT FK_ProjectMembers_Users FOREIGN KEY (UserId) REFERENCES dbo.Users(Id));
2026-07-15 11:39:31.951 +07:00 [INF] Executed DbCommand (29ms) [Parameters=[], CommandType='"Text"', CommandTimeout='30']
IF OBJECT_ID('dbo.ProjectMembers') IS NOT NULL AND NOT EXISTS (SELECT 1 FROM sys.indexes WHERE name = 'IX_ProjectMembers_ProjectId_UserId')
    CREATE UNIQUE INDEX IX_ProjectMembers_ProjectId_UserId ON dbo.ProjectMembers(ProjectId, UserId);
2026-07-15 11:39:31.958 +07:00 [INF] Executed DbCommand (2ms) [Parameters=[], CommandType='"Text"', CommandTimeout='30']
IF OBJECT_ID('dbo.VoiceSampleTemplates') IS NULL
CREATE TABLE dbo.VoiceSampleTemplates (
    Id UNIQUEIDENTIFIER NOT NULL PRIMARY KEY, SampleText NVARCHAR(500) NOT NULL,
    CreatedAt DATETIME2 NOT NULL, UpdatedAt DATETIME2 NULL,
    CreatedBy UNIQUEIDENTIFIER NULL, UpdatedBy UNIQUEIDENTIFIER NULL, IsDeleted BIT NOT NULL DEFAULT 0);
2026-07-15 11:39:31.964 +07:00 [INF] Executed DbCommand (2ms) [Parameters=[], CommandType='"Text"', CommandTimeout='30']
IF OBJECT_ID('dbo.BrandStyles') IS NULL
CREATE TABLE dbo.BrandStyles (
    Id UNIQUEIDENTIFIER NOT NULL PRIMARY KEY, StyleName NVARCHAR(50) NOT NULL,
    CreatedAt DATETIME2 NOT NULL, UpdatedAt DATETIME2 NULL,
    CreatedBy UNIQUEIDENTIFIER NULL, UpdatedBy UNIQUEIDENTIFIER NULL, IsDeleted BIT NOT NULL DEFAULT 0);
2026-07-15 11:39:31.978 +07:00 [INF] Executed DbCommand (10ms) [Parameters=[], CommandType='"Text"', CommandTimeout='30']
IF OBJECT_ID('dbo.BrandStyles') IS NOT NULL AND NOT EXISTS (SELECT 1 FROM sys.indexes WHERE name = 'IX_BrandStyles_StyleName')
    CREATE UNIQUE INDEX IX_BrandStyles_StyleName ON dbo.BrandStyles(StyleName);
2026-07-15 11:39:31.984 +07:00 [INF] Executed DbCommand (2ms) [Parameters=[], CommandType='"Text"', CommandTimeout='30']
IF OBJECT_ID('dbo.ToneKeywords') IS NULL
CREATE TABLE dbo.ToneKeywords (
    Id UNIQUEIDENTIFIER NOT NULL PRIMARY KEY, Keyword NVARCHAR(50) NOT NULL,
    CreatedAt DATETIME2 NOT NULL, UpdatedAt DATETIME2 NULL,
    CreatedBy UNIQUEIDENTIFIER NULL, UpdatedBy UNIQUEIDENTIFIER NULL, IsDeleted BIT NOT NULL DEFAULT 0);
2026-07-15 11:39:31.997 +07:00 [INF] Executed DbCommand (8ms) [Parameters=[], CommandType='"Text"', CommandTimeout='30']
IF OBJECT_ID('dbo.ToneKeywords') IS NOT NULL AND NOT EXISTS (SELECT 1 FROM sys.indexes WHERE name = 'IX_ToneKeywords_Keyword')
    CREATE UNIQUE INDEX IX_ToneKeywords_Keyword ON dbo.ToneKeywords(Keyword);
2026-07-15 11:39:32.004 +07:00 [INF] Executed DbCommand (2ms) [Parameters=[], CommandType='"Text"', CommandTimeout='30']
IF OBJECT_ID('dbo.CtaTemplates') IS NULL
CREATE TABLE dbo.CtaTemplates (
    Id UNIQUEIDENTIFIER NOT NULL PRIMARY KEY, CtaText NVARCHAR(100) NOT NULL,
    CreatedAt DATETIME2 NOT NULL, UpdatedAt DATETIME2 NULL,
    CreatedBy UNIQUEIDENTIFIER NULL, UpdatedBy UNIQUEIDENTIFIER NULL, IsDeleted BIT NOT NULL DEFAULT 0);
2026-07-15 11:39:32.017 +07:00 [INF] Executed DbCommand (9ms) [Parameters=[], CommandType='"Text"', CommandTimeout='30']
IF OBJECT_ID('dbo.CtaTemplates') IS NOT NULL AND NOT EXISTS (SELECT 1 FROM sys.indexes WHERE name = 'IX_CtaTemplates_CtaText')
    CREATE UNIQUE INDEX IX_CtaTemplates_CtaText ON dbo.CtaTemplates(CtaText);
2026-07-15 11:39:32.025 +07:00 [INF] Executed DbCommand (2ms) [Parameters=[], CommandType='"Text"', CommandTimeout='30']
IF OBJECT_ID('dbo.Hashtags') IS NULL
CREATE TABLE dbo.Hashtags (
    Id UNIQUEIDENTIFIER NOT NULL PRIMARY KEY, Tag NVARCHAR(50) NOT NULL,
    CreatedAt DATETIME2 NOT NULL, UpdatedAt DATETIME2 NULL,
    CreatedBy UNIQUEIDENTIFIER NULL, UpdatedBy UNIQUEIDENTIFIER NULL, IsDeleted BIT NOT NULL DEFAULT 0);
2026-07-15 11:39:32.043 +07:00 [INF] Executed DbCommand (12ms) [Parameters=[], CommandType='"Text"', CommandTimeout='30']
IF OBJECT_ID('dbo.Hashtags') IS NOT NULL AND NOT EXISTS (SELECT 1 FROM sys.indexes WHERE name = 'IX_Hashtags_Tag')
    CREATE UNIQUE INDEX IX_Hashtags_Tag ON dbo.Hashtags(Tag);
2026-07-15 11:39:32.051 +07:00 [INF] Executed DbCommand (3ms) [Parameters=[], CommandType='"Text"', CommandTimeout='30']
IF OBJECT_ID('dbo.BrandProfiles') IS NULL
CREATE TABLE dbo.BrandProfiles (
    Id UNIQUEIDENTIFIER NOT NULL PRIMARY KEY, ProjectId UNIQUEIDENTIFIER NOT NULL,
    LogoUrl NVARCHAR(500) NULL, BusinessName NVARCHAR(150) NOT NULL, BrandName NVARCHAR(150) NOT NULL,
    Industry NVARCHAR(100) NULL, FoundingYear SMALLINT NULL, ShortDescription NVARCHAR(1000) NULL,
    Address NVARCHAR(300) NULL, ContactPhone NVARCHAR(20) NULL, ContactEmail NVARCHAR(255) NULL,
    Website NVARCHAR(255) NULL, VoiceSampleId UNIQUEIDENTIFIER NULL,
    CreatedAt DATETIME2 NOT NULL, UpdatedAt DATETIME2 NULL,
    CreatedBy UNIQUEIDENTIFIER NULL, UpdatedBy UNIQUEIDENTIFIER NULL, IsDeleted BIT NOT NULL DEFAULT 0,
    CONSTRAINT FK_BrandProfiles_Projects FOREIGN KEY (ProjectId) REFERENCES dbo.Projects(Id),
    CONSTRAINT FK_BrandProfiles_VoiceSampleTemplates FOREIGN KEY (VoiceSampleId) REFERENCES dbo.VoiceSampleTemplates(Id));
2026-07-15 11:39:32.080 +07:00 [INF] Executed DbCommand (21ms) [Parameters=[], CommandType='"Text"', CommandTimeout='30']
IF OBJECT_ID('dbo.BrandProfiles') IS NOT NULL AND NOT EXISTS (SELECT 1 FROM sys.indexes WHERE name = 'IX_BrandProfiles_ProjectId')
    CREATE UNIQUE INDEX IX_BrandProfiles_ProjectId ON dbo.BrandProfiles(ProjectId);
2026-07-15 11:39:32.091 +07:00 [INF] Executed DbCommand (3ms) [Parameters=[], CommandType='"Text"', CommandTimeout='30']
IF OBJECT_ID('dbo.BrandProfileStyles') IS NULL
CREATE TABLE dbo.BrandProfileStyles (
    Id UNIQUEIDENTIFIER NOT NULL PRIMARY KEY, BrandProfileId UNIQUEIDENTIFIER NOT NULL, StyleId UNIQUEIDENTIFIER NOT NULL,
    CreatedAt DATETIME2 NOT NULL, UpdatedAt DATETIME2 NULL,
    CreatedBy UNIQUEIDENTIFIER NULL, UpdatedBy UNIQUEIDENTIFIER NULL, IsDeleted BIT NOT NULL DEFAULT 0,
    CONSTRAINT FK_BrandProfileStyles_BrandProfiles FOREIGN KEY (BrandProfileId) REFERENCES dbo.BrandProfiles(Id),
    CONSTRAINT FK_BrandProfileStyles_BrandStyles FOREIGN KEY (StyleId) REFERENCES dbo.BrandStyles(Id));
2026-07-15 11:39:32.132 +07:00 [INF] Executed DbCommand (31ms) [Parameters=[], CommandType='"Text"', CommandTimeout='30']
IF OBJECT_ID('dbo.BrandProfileStyles') IS NOT NULL AND NOT EXISTS (SELECT 1 FROM sys.indexes WHERE name = 'IX_BrandProfileStyles_BrandProfileId_StyleId')
    CREATE UNIQUE INDEX IX_BrandProfileStyles_BrandProfileId_StyleId ON dbo.BrandProfileStyles(BrandProfileId, StyleId);
2026-07-15 11:39:32.139 +07:00 [INF] Executed DbCommand (2ms) [Parameters=[], CommandType='"Text"', CommandTimeout='30']
IF OBJECT_ID('dbo.BrandProfileKeywords') IS NULL
CREATE TABLE dbo.BrandProfileKeywords (
    Id UNIQUEIDENTIFIER NOT NULL PRIMARY KEY, BrandProfileId UNIQUEIDENTIFIER NOT NULL, ToneKeywordId UNIQUEIDENTIFIER NOT NULL,
    CreatedAt DATETIME2 NOT NULL, UpdatedAt DATETIME2 NULL,
    CreatedBy UNIQUEIDENTIFIER NULL, UpdatedBy UNIQUEIDENTIFIER NULL, IsDeleted BIT NOT NULL DEFAULT 0,
    CONSTRAINT FK_BrandProfileKeywords_BrandProfiles FOREIGN KEY (BrandProfileId) REFERENCES dbo.BrandProfiles(Id),
    CONSTRAINT FK_BrandProfileKeywords_ToneKeywords FOREIGN KEY (ToneKeywordId) REFERENCES dbo.ToneKeywords(Id));
2026-07-15 11:39:32.162 +07:00 [INF] Executed DbCommand (17ms) [Parameters=[], CommandType='"Text"', CommandTimeout='30']
IF OBJECT_ID('dbo.BrandProfileKeywords') IS NOT NULL AND NOT EXISTS (SELECT 1 FROM sys.indexes WHERE name = 'IX_BrandProfileKeywords_BrandProfileId_ToneKeywordId')
    CREATE UNIQUE INDEX IX_BrandProfileKeywords_BrandProfileId_ToneKeywordId ON dbo.BrandProfileKeywords(BrandProfileId, ToneKeywordId);
2026-07-15 11:39:32.173 +07:00 [INF] Executed DbCommand (3ms) [Parameters=[], CommandType='"Text"', CommandTimeout='30']
IF OBJECT_ID('dbo.BrandCtas') IS NULL
CREATE TABLE dbo.BrandCtas (
    Id UNIQUEIDENTIFIER NOT NULL PRIMARY KEY, BrandProfileId UNIQUEIDENTIFIER NOT NULL, CtaId UNIQUEIDENTIFIER NOT NULL,
    CreatedAt DATETIME2 NOT NULL, UpdatedAt DATETIME2 NULL,
    CreatedBy UNIQUEIDENTIFIER NULL, UpdatedBy UNIQUEIDENTIFIER NULL, IsDeleted BIT NOT NULL DEFAULT 0,
    CONSTRAINT FK_BrandCtas_BrandProfiles FOREIGN KEY (BrandProfileId) REFERENCES dbo.BrandProfiles(Id),
    CONSTRAINT FK_BrandCtas_CtaTemplates FOREIGN KEY (CtaId) REFERENCES dbo.CtaTemplates(Id));
2026-07-15 11:39:32.192 +07:00 [INF] Executed DbCommand (14ms) [Parameters=[], CommandType='"Text"', CommandTimeout='30']
IF OBJECT_ID('dbo.BrandCtas') IS NOT NULL AND NOT EXISTS (SELECT 1 FROM sys.indexes WHERE name = 'IX_BrandCtas_BrandProfileId_CtaId')
    CREATE UNIQUE INDEX IX_BrandCtas_BrandProfileId_CtaId ON dbo.BrandCtas(BrandProfileId, CtaId);
2026-07-15 11:39:32.212 +07:00 [INF] Executed DbCommand (4ms) [Parameters=[], CommandType='"Text"', CommandTimeout='30']
IF OBJECT_ID('dbo.BrandHashtags') IS NULL
CREATE TABLE dbo.BrandHashtags (
    Id UNIQUEIDENTIFIER NOT NULL PRIMARY KEY, BrandProfileId UNIQUEIDENTIFIER NOT NULL, HashtagId UNIQUEIDENTIFIER NOT NULL,
    CreatedAt DATETIME2 NOT NULL, UpdatedAt DATETIME2 NULL,
    CreatedBy UNIQUEIDENTIFIER NULL, UpdatedBy UNIQUEIDENTIFIER NULL, IsDeleted BIT NOT NULL DEFAULT 0,
    CONSTRAINT FK_BrandHashtags_BrandProfiles FOREIGN KEY (BrandProfileId) REFERENCES dbo.BrandProfiles(Id),
    CONSTRAINT FK_BrandHashtags_Hashtags FOREIGN KEY (HashtagId) REFERENCES dbo.Hashtags(Id));
2026-07-15 11:39:32.234 +07:00 [INF] Executed DbCommand (16ms) [Parameters=[], CommandType='"Text"', CommandTimeout='30']
IF OBJECT_ID('dbo.BrandHashtags') IS NOT NULL AND NOT EXISTS (SELECT 1 FROM sys.indexes WHERE name = 'IX_BrandHashtags_BrandProfileId_HashtagId')
    CREATE UNIQUE INDEX IX_BrandHashtags_BrandProfileId_HashtagId ON dbo.BrandHashtags(BrandProfileId, HashtagId);
2026-07-15 11:39:32.241 +07:00 [INF] Executed DbCommand (2ms) [Parameters=[], CommandType='"Text"', CommandTimeout='30']
IF OBJECT_ID('dbo.BrandColors') IS NULL
CREATE TABLE dbo.BrandColors (
    Id UNIQUEIDENTIFIER NOT NULL PRIMARY KEY, BrandProfileId UNIQUEIDENTIFIER NOT NULL,
    ColorHex NVARCHAR(9) NOT NULL, ColorType NVARCHAR(20) NOT NULL DEFAULT 'Secondary', SortOrder INT NOT NULL DEFAULT 0,
    CreatedAt DATETIME2 NOT NULL, UpdatedAt DATETIME2 NULL,
    CreatedBy UNIQUEIDENTIFIER NULL, UpdatedBy UNIQUEIDENTIFIER NULL, IsDeleted BIT NOT NULL DEFAULT 0,
    CONSTRAINT FK_BrandColors_BrandProfiles FOREIGN KEY (BrandProfileId) REFERENCES dbo.BrandProfiles(Id));
2026-07-15 11:39:32.248 +07:00 [INF] Executed DbCommand (2ms) [Parameters=[], CommandType='"Text"', CommandTimeout='30']
IF OBJECT_ID('dbo.BrandFonts') IS NULL
CREATE TABLE dbo.BrandFonts (
    Id UNIQUEIDENTIFIER NOT NULL PRIMARY KEY, BrandProfileId UNIQUEIDENTIFIER NOT NULL,
    FontName NVARCHAR(100) NOT NULL, UsageType NVARCHAR(20) NOT NULL,
    CreatedAt DATETIME2 NOT NULL, UpdatedAt DATETIME2 NULL,
    CreatedBy UNIQUEIDENTIFIER NULL, UpdatedBy UNIQUEIDENTIFIER NULL, IsDeleted BIT NOT NULL DEFAULT 0,
    CONSTRAINT FK_BrandFonts_BrandProfiles FOREIGN KEY (BrandProfileId) REFERENCES dbo.BrandProfiles(Id));
2026-07-15 11:39:32.255 +07:00 [INF] Executed DbCommand (2ms) [Parameters=[], CommandType='"Text"', CommandTimeout='30']
IF OBJECT_ID('dbo.ProductCategories') IS NULL
CREATE TABLE dbo.ProductCategories (
    Id UNIQUEIDENTIFIER NOT NULL PRIMARY KEY, BrandProfileId UNIQUEIDENTIFIER NOT NULL, CategoryName NVARCHAR(100) NOT NULL,
    CreatedAt DATETIME2 NOT NULL, UpdatedAt DATETIME2 NULL,
    CreatedBy UNIQUEIDENTIFIER NULL, UpdatedBy UNIQUEIDENTIFIER NULL, IsDeleted BIT NOT NULL DEFAULT 0,
    CONSTRAINT FK_ProductCategories_BrandProfiles FOREIGN KEY (BrandProfileId) REFERENCES dbo.BrandProfiles(Id));
2026-07-15 11:39:32.275 +07:00 [INF] Executed DbCommand (17ms) [Parameters=[], CommandType='"Text"', CommandTimeout='30']
IF OBJECT_ID('dbo.ProductCategories') IS NOT NULL AND NOT EXISTS (SELECT 1 FROM sys.indexes WHERE name = 'IX_ProductCategories_BrandProfileId_CategoryName')
    CREATE UNIQUE INDEX IX_ProductCategories_BrandProfileId_CategoryName ON dbo.ProductCategories(BrandProfileId, CategoryName);
2026-07-15 11:39:32.282 +07:00 [INF] Executed DbCommand (3ms) [Parameters=[], CommandType='"Text"', CommandTimeout='30']
IF OBJECT_ID('dbo.Products') IS NULL
CREATE TABLE dbo.Products (
    Id UNIQUEIDENTIFIER NOT NULL PRIMARY KEY, BrandProfileId UNIQUEIDENTIFIER NOT NULL, ProductCategoryId UNIQUEIDENTIFIER NULL,
    ProductName NVARCHAR(200) NOT NULL, Price DECIMAL(18,2) NULL, AiGeneratedDescription NVARCHAR(MAX) NULL,
    CreatedAt DATETIME2 NOT NULL, UpdatedAt DATETIME2 NULL,
    CreatedBy UNIQUEIDENTIFIER NULL, UpdatedBy UNIQUEIDENTIFIER NULL, IsDeleted BIT NOT NULL DEFAULT 0,
    CONSTRAINT FK_Products_BrandProfiles FOREIGN KEY (BrandProfileId) REFERENCES dbo.BrandProfiles(Id),
    CONSTRAINT FK_Products_ProductCategories FOREIGN KEY (ProductCategoryId) REFERENCES dbo.ProductCategories(Id));
2026-07-15 11:39:32.304 +07:00 [INF] Executed DbCommand (17ms) [Parameters=[], CommandType='"Text"', CommandTimeout='30']
IF NOT EXISTS (SELECT 1 FROM sys.foreign_keys WHERE name = 'FK_MediaFiles_Products_ProductId') AND OBJECT_ID('dbo.Products') IS NOT NULL
    ALTER TABLE dbo.MediaFiles ADD CONSTRAINT FK_MediaFiles_Products_ProductId FOREIGN KEY (ProductId) REFERENCES dbo.Products(Id);
2026-07-15 11:39:32.309 +07:00 [INF] Executed DbCommand (2ms) [Parameters=[], CommandType='"Text"', CommandTimeout='30']
IF OBJECT_ID('dbo.CampaignGoals') IS NULL
CREATE TABLE dbo.CampaignGoals (
    Id UNIQUEIDENTIFIER NOT NULL PRIMARY KEY, GoalName NVARCHAR(100) NOT NULL,
    CreatedAt DATETIME2 NOT NULL, UpdatedAt DATETIME2 NULL,
    CreatedBy UNIQUEIDENTIFIER NULL, UpdatedBy UNIQUEIDENTIFIER NULL, IsDeleted BIT NOT NULL DEFAULT 0);
2026-07-15 11:39:32.321 +07:00 [INF] Executed DbCommand (8ms) [Parameters=[], CommandType='"Text"', CommandTimeout='30']
IF OBJECT_ID('dbo.CampaignGoals') IS NOT NULL AND NOT EXISTS (SELECT 1 FROM sys.indexes WHERE name = 'IX_CampaignGoals_GoalName')
    CREATE UNIQUE INDEX IX_CampaignGoals_GoalName ON dbo.CampaignGoals(GoalName);
2026-07-15 11:39:32.326 +07:00 [INF] Executed DbCommand (2ms) [Parameters=[], CommandType='"Text"', CommandTimeout='30']
IF OBJECT_ID('dbo.PromotionTypes') IS NULL
CREATE TABLE dbo.PromotionTypes (
    Id UNIQUEIDENTIFIER NOT NULL PRIMARY KEY, TypeName NVARCHAR(100) NOT NULL,
    CreatedAt DATETIME2 NOT NULL, UpdatedAt DATETIME2 NULL,
    CreatedBy UNIQUEIDENTIFIER NULL, UpdatedBy UNIQUEIDENTIFIER NULL, IsDeleted BIT NOT NULL DEFAULT 0);
2026-07-15 11:39:32.339 +07:00 [INF] Executed DbCommand (8ms) [Parameters=[], CommandType='"Text"', CommandTimeout='30']
IF OBJECT_ID('dbo.PromotionTypes') IS NOT NULL AND NOT EXISTS (SELECT 1 FROM sys.indexes WHERE name = 'IX_PromotionTypes_TypeName')
    CREATE UNIQUE INDEX IX_PromotionTypes_TypeName ON dbo.PromotionTypes(TypeName);
2026-07-15 11:39:32.346 +07:00 [INF] Executed DbCommand (2ms) [Parameters=[], CommandType='"Text"', CommandTimeout='30']
IF OBJECT_ID('dbo.TimelineTemplateTypes') IS NULL
CREATE TABLE dbo.TimelineTemplateTypes (
    Id UNIQUEIDENTIFIER NOT NULL PRIMARY KEY, TypeName NVARCHAR(50) NOT NULL, Description NVARCHAR(300) NULL,
    CreatedAt DATETIME2 NOT NULL, UpdatedAt DATETIME2 NULL,
    CreatedBy UNIQUEIDENTIFIER NULL, UpdatedBy UNIQUEIDENTIFIER NULL, IsDeleted BIT NOT NULL DEFAULT 0);
2026-07-15 11:39:32.367 +07:00 [INF] Executed DbCommand (15ms) [Parameters=[], CommandType='"Text"', CommandTimeout='30']
IF OBJECT_ID('dbo.TimelineTemplateTypes') IS NOT NULL AND NOT EXISTS (SELECT 1 FROM sys.indexes WHERE name = 'IX_TimelineTemplateTypes_TypeName')
    CREATE UNIQUE INDEX IX_TimelineTemplateTypes_TypeName ON dbo.TimelineTemplateTypes(TypeName);
2026-07-15 11:39:32.551 +07:00 [INF] Executed DbCommand (2ms) [Parameters=[], CommandType='"Text"', CommandTimeout='30']
IF OBJECT_ID('dbo.Campaigns') IS NULL
CREATE TABLE dbo.Campaigns (
    Id UNIQUEIDENTIFIER NOT NULL PRIMARY KEY, ProjectId UNIQUEIDENTIFIER NOT NULL, Name NVARCHAR(200) NOT NULL,
    GoalId UNIQUEIDENTIFIER NOT NULL, PromotionTypeId UNIQUEIDENTIFIER NOT NULL,
    DiscountPercent DECIMAL(5,2) NULL, DiscountAmount DECIMAL(18,2) NULL, MinOrderAmount DECIMAL(18,2) NULL,
    StartDate DATE NOT NULL, EndDate DATE NOT NULL, NumberOfPosts INT NOT NULL DEFAULT 1, Status INT NOT NULL,
    CreatedAt DATETIME2 NOT NULL, UpdatedAt DATETIME2 NULL,
    CreatedBy UNIQUEIDENTIFIER NULL, UpdatedBy UNIQUEIDENTIFIER NULL, IsDeleted BIT NOT NULL DEFAULT 0,
    CONSTRAINT FK_Campaigns_Projects FOREIGN KEY (ProjectId) REFERENCES dbo.Projects(Id),
    CONSTRAINT FK_Campaigns_CampaignGoals FOREIGN KEY (GoalId) REFERENCES dbo.CampaignGoals(Id),
    CONSTRAINT FK_Campaigns_PromotionTypes FOREIGN KEY (PromotionTypeId) REFERENCES dbo.PromotionTypes(Id),
    CONSTRAINT CK_Campaigns_Dates CHECK (EndDate >= StartDate),
    CONSTRAINT CK_Campaigns_NumberOfPosts CHECK (NumberOfPosts > 0));
2026-07-15 11:39:32.561 +07:00 [INF] Executed DbCommand (3ms) [Parameters=[], CommandType='"Text"', CommandTimeout='30']
IF OBJECT_ID('dbo.CampaignChannelAccounts') IS NULL
CREATE TABLE dbo.CampaignChannelAccounts (
    Id UNIQUEIDENTIFIER NOT NULL PRIMARY KEY, CampaignId UNIQUEIDENTIFIER NOT NULL, ChannelAccountId UNIQUEIDENTIFIER NOT NULL,
    CreatedAt DATETIME2 NOT NULL, UpdatedAt DATETIME2 NULL,
    CreatedBy UNIQUEIDENTIFIER NULL, UpdatedBy UNIQUEIDENTIFIER NULL, IsDeleted BIT NOT NULL DEFAULT 0,
    CONSTRAINT FK_CampaignChannelAccounts_Campaigns FOREIGN KEY (CampaignId) REFERENCES dbo.Campaigns(Id),
    CONSTRAINT FK_CampaignChannelAccounts_ChannelAccounts FOREIGN KEY (ChannelAccountId) REFERENCES dbo.ChannelAccounts(Id));
2026-07-15 11:39:32.589 +07:00 [INF] Executed DbCommand (22ms) [Parameters=[], CommandType='"Text"', CommandTimeout='30']
IF OBJECT_ID('dbo.CampaignChannelAccounts') IS NOT NULL AND NOT EXISTS (SELECT 1 FROM sys.indexes WHERE name = 'IX_CampaignChannelAccounts_CampaignId_ChannelAccountId')
    CREATE UNIQUE INDEX IX_CampaignChannelAccounts_CampaignId_ChannelAccountId ON dbo.CampaignChannelAccounts(CampaignId, ChannelAccountId);
2026-07-15 11:39:32.605 +07:00 [INF] Executed DbCommand (7ms) [Parameters=[], CommandType='"Text"', CommandTimeout='30']
IF OBJECT_ID('dbo.Timelines') IS NULL
CREATE TABLE dbo.Timelines (
    Id UNIQUEIDENTIFIER NOT NULL PRIMARY KEY, ProjectId UNIQUEIDENTIFIER NOT NULL, CampaignId UNIQUEIDENTIFIER NULL,
    Name NVARCHAR(200) NOT NULL, TemplateTypeId UNIQUEIDENTIFIER NOT NULL,
    StartDate DATE NOT NULL, EndDate DATE NOT NULL, Status INT NOT NULL,
    CreatedAt DATETIME2 NOT NULL, UpdatedAt DATETIME2 NULL,
    CreatedBy UNIQUEIDENTIFIER NULL, UpdatedBy UNIQUEIDENTIFIER NULL, IsDeleted BIT NOT NULL DEFAULT 0,
    CONSTRAINT FK_Timelines_Projects FOREIGN KEY (ProjectId) REFERENCES dbo.Projects(Id),
    CONSTRAINT FK_Timelines_Campaigns FOREIGN KEY (CampaignId) REFERENCES dbo.Campaigns(Id),
    CONSTRAINT FK_Timelines_TimelineTemplateTypes FOREIGN KEY (TemplateTypeId) REFERENCES dbo.TimelineTemplateTypes(Id),
    CONSTRAINT CK_Timelines_Dates CHECK (EndDate >= StartDate));
2026-07-15 11:39:32.666 +07:00 [INF] Executed DbCommand (41ms) [Parameters=[], CommandType='"Text"', CommandTimeout='30']
IF NOT EXISTS (SELECT 1 FROM sys.foreign_keys WHERE name = 'FK_Posts_Timelines_TimelineId') AND OBJECT_ID('dbo.Timelines') IS NOT NULL
    ALTER TABLE dbo.Posts ADD CONSTRAINT FK_Posts_Timelines_TimelineId FOREIGN KEY (TimelineId) REFERENCES dbo.Timelines(Id);
2026-07-15 11:39:32.717 +07:00 [INF] Executed DbCommand (42ms) [Parameters=[], CommandType='"Text"', CommandTimeout='30']
IF NOT EXISTS (SELECT 1 FROM sys.foreign_keys WHERE name = 'FK_Posts_VoiceSampleTemplates_VoiceSampleId') AND OBJECT_ID('dbo.VoiceSampleTemplates') IS NOT NULL
    ALTER TABLE dbo.Posts ADD CONSTRAINT FK_Posts_VoiceSampleTemplates_VoiceSampleId FOREIGN KEY (VoiceSampleId) REFERENCES dbo.VoiceSampleTemplates(Id);
2026-07-15 11:39:32.734 +07:00 [INF] Executed DbCommand (4ms) [Parameters=[], CommandType='"Text"', CommandTimeout='30']
IF OBJECT_ID('dbo.PostHashtags') IS NULL
CREATE TABLE dbo.PostHashtags (
    Id UNIQUEIDENTIFIER NOT NULL PRIMARY KEY, PostId UNIQUEIDENTIFIER NOT NULL, HashtagId UNIQUEIDENTIFIER NOT NULL,
    CreatedAt DATETIME2 NOT NULL, UpdatedAt DATETIME2 NULL,
    CreatedBy UNIQUEIDENTIFIER NULL, UpdatedBy UNIQUEIDENTIFIER NULL, IsDeleted BIT NOT NULL DEFAULT 0,
    CONSTRAINT FK_PostHashtags_Posts FOREIGN KEY (PostId) REFERENCES dbo.Posts(Id),
    CONSTRAINT FK_PostHashtags_Hashtags FOREIGN KEY (HashtagId) REFERENCES dbo.Hashtags(Id));
2026-07-15 11:39:32.741 +07:00 [INF] Executed DbCommand (4ms) [Parameters=[], CommandType='"Text"', CommandTimeout='30']
IF OBJECT_ID('dbo.PostChannelAccounts') IS NULL
CREATE TABLE dbo.PostChannelAccounts (
    Id UNIQUEIDENTIFIER NOT NULL PRIMARY KEY, PostId UNIQUEIDENTIFIER NOT NULL, ChannelAccountId UNIQUEIDENTIFIER NOT NULL,
    Status INT NOT NULL, ExternalPostId NVARCHAR(128) NULL, PublishedUrl NVARCHAR(1000) NULL, PublishedAt DATETIME2 NULL,
    CreatedAt DATETIME2 NOT NULL, UpdatedAt DATETIME2 NULL,
    CreatedBy UNIQUEIDENTIFIER NULL, UpdatedBy UNIQUEIDENTIFIER NULL, IsDeleted BIT NOT NULL DEFAULT 0,
    CONSTRAINT FK_PostChannelAccounts_Posts FOREIGN KEY (PostId) REFERENCES dbo.Posts(Id),
    CONSTRAINT FK_PostChannelAccounts_ChannelAccounts FOREIGN KEY (ChannelAccountId) REFERENCES dbo.ChannelAccounts(Id));
2026-07-15 11:39:32.761 +07:00 [INF] Executed DbCommand (13ms) [Parameters=[], CommandType='"Text"', CommandTimeout='30']
IF OBJECT_ID('dbo.PostChannelAccounts') IS NOT NULL AND NOT EXISTS (SELECT 1 FROM sys.indexes WHERE name = 'IX_PostChannelAccounts_PostId_ChannelAccountId')
    CREATE UNIQUE INDEX IX_PostChannelAccounts_PostId_ChannelAccountId ON dbo.PostChannelAccounts(PostId, ChannelAccountId);
2026-07-15 11:39:32.794 +07:00 [INF] Executed DbCommand (24ms) [Parameters=[], CommandType='"Text"', CommandTimeout='30']
IF NOT EXISTS (SELECT 1 FROM sys.foreign_keys WHERE name = 'FK_PostSchedules_PostChannelAccounts_PostChannelAccountId') AND OBJECT_ID('dbo.PostChannelAccounts') IS NOT NULL
    ALTER TABLE dbo.PostSchedules ADD CONSTRAINT FK_PostSchedules_PostChannelAccounts_PostChannelAccountId FOREIGN KEY (PostChannelAccountId) REFERENCES dbo.PostChannelAccounts(Id);
2026-07-15 11:39:32.801 +07:00 [INF] Executed DbCommand (3ms) [Parameters=[], CommandType='"Text"', CommandTimeout='30']
IF OBJECT_ID('dbo.PostAnalytics') IS NULL
CREATE TABLE dbo.PostAnalytics (
    Id UNIQUEIDENTIFIER NOT NULL PRIMARY KEY, PostChannelAccountId UNIQUEIDENTIFIER NOT NULL,
    Reach INT NOT NULL DEFAULT 0, Likes INT NOT NULL DEFAULT 0, Comments INT NOT NULL DEFAULT 0, Shares INT NOT NULL DEFAULT 0,
    RecordedAt DATETIME2 NOT NULL,
    CreatedAt DATETIME2 NOT NULL, UpdatedAt DATETIME2 NULL,
    CreatedBy UNIQUEIDENTIFIER NULL, UpdatedBy UNIQUEIDENTIFIER NULL, IsDeleted BIT NOT NULL DEFAULT 0,
    CONSTRAINT FK_PostAnalytics_PostChannelAccounts FOREIGN KEY (PostChannelAccountId) REFERENCES dbo.PostChannelAccounts(Id));
2026-07-15 11:39:32.818 +07:00 [INF] Executed DbCommand (13ms) [Parameters=[], CommandType='"Text"', CommandTimeout='30']
IF OBJECT_ID('dbo.PostAnalytics') IS NOT NULL AND NOT EXISTS (SELECT 1 FROM sys.indexes WHERE name = 'IX_PostAnalytics_PostChannelAccountId')
    CREATE UNIQUE INDEX IX_PostAnalytics_PostChannelAccountId ON dbo.PostAnalytics(PostChannelAccountId);
2026-07-15 11:39:32.822 +07:00 [INF] FlowMate EF compatibility layer applied.
2026-07-15 11:39:33.362 +07:00 [INF] Executed DbCommand (35ms) [Parameters=[], CommandType='"Text"', CommandTimeout='30']
SELECT CASE
    WHEN EXISTS (
        SELECT 1
        FROM [Roles] AS [r]
        WHERE [r].[IsDeleted] = CAST(0 AS bit)) THEN CAST(1 AS bit)
    ELSE CAST(0 AS bit)
END
2026-07-15 11:39:33.420 +07:00 [INF] Executed DbCommand (6ms) [Parameters=[], CommandType='"Text"', CommandTimeout='30']
SELECT CASE
    WHEN EXISTS (
        SELECT 1
        FROM [Permissions] AS [p]
        WHERE [p].[IsDeleted] = CAST(0 AS bit)) THEN CAST(1 AS bit)
    ELSE CAST(0 AS bit)
END
2026-07-15 11:39:33.439 +07:00 [INF] Executed DbCommand (5ms) [Parameters=[], CommandType='"Text"', CommandTimeout='30']
SELECT CASE
    WHEN EXISTS (
        SELECT 1
        FROM [RolePermissions] AS [r]
        WHERE [r].[IsDeleted] = CAST(0 AS bit) AND [r].[RoleId] = '33333333-3333-3333-3333-333333333333') THEN CAST(1 AS bit)
    ELSE CAST(0 AS bit)
END
2026-07-15 11:39:33.456 +07:00 [INF] Executed DbCommand (7ms) [Parameters=[], CommandType='"Text"', CommandTimeout='30']
SELECT CASE
    WHEN EXISTS (
        SELECT 1
        FROM [Plans] AS [p]
        WHERE [p].[IsDeleted] = CAST(0 AS bit)) THEN CAST(1 AS bit)
    ELSE CAST(0 AS bit)
END
2026-07-15 11:39:33.472 +07:00 [INF] Executed DbCommand (6ms) [Parameters=[], CommandType='"Text"', CommandTimeout='30']
SELECT CASE
    WHEN EXISTS (
        SELECT 1
        FROM [Channels] AS [c]
        WHERE [c].[IsDeleted] = CAST(0 AS bit)) THEN CAST(1 AS bit)
    ELSE CAST(0 AS bit)
END
2026-07-15 11:39:33.483 +07:00 [INF] Executed DbCommand (3ms) [Parameters=[], CommandType='"Text"', CommandTimeout='30']
SELECT CASE
    WHEN EXISTS (
        SELECT 1
        FROM [BrandStyles] AS [b]
        WHERE [b].[IsDeleted] = CAST(0 AS bit)) THEN CAST(1 AS bit)
    ELSE CAST(0 AS bit)
END
2026-07-15 11:44:54.526 +07:00 [WRN] No store type was specified for the decimal property 'TotalEarnings' on entity type 'Affiliate'. This will cause values to be silently truncated if they do not fit in the default precision and scale. Explicitly specify the SQL server column type that can accommodate all the values in 'OnModelCreating' using 'HasColumnType', specify precision and scale using 'HasPrecision', or configure a value converter using 'HasConversion'.
2026-07-15 11:44:56.183 +07:00 [INF] Detected FlowMate/SQL schema without EF history — applying compat layer and skipping MigrateAsync.
2026-07-15 11:44:56.217 +07:00 [INF] Executed DbCommand (12ms) [Parameters=[], CommandType='"Text"', CommandTimeout='30']
IF COL_LENGTH('dbo.Posts', 'ChannelAccountId') IS NULL
    ALTER TABLE dbo.Posts ADD ChannelAccountId UNIQUEIDENTIFIER NULL;
2026-07-15 11:44:56.228 +07:00 [INF] Executed DbCommand (2ms) [Parameters=[], CommandType='"Text"', CommandTimeout='30']
IF COL_LENGTH('dbo.Posts', 'ExternalPostId') IS NULL
    ALTER TABLE dbo.Posts ADD ExternalPostId NVARCHAR(128) NULL;
2026-07-15 11:44:56.232 +07:00 [INF] Executed DbCommand (1ms) [Parameters=[], CommandType='"Text"', CommandTimeout='30']
IF COL_LENGTH('dbo.Posts', 'PublishedUrl') IS NULL
    ALTER TABLE dbo.Posts ADD PublishedUrl NVARCHAR(1000) NULL;
2026-07-15 11:44:56.236 +07:00 [INF] Executed DbCommand (1ms) [Parameters=[], CommandType='"Text"', CommandTimeout='30']
IF COL_LENGTH('dbo.Posts', 'PublishedAt') IS NULL
    ALTER TABLE dbo.Posts ADD PublishedAt DATETIME2 NULL;
2026-07-15 11:44:56.241 +07:00 [INF] Executed DbCommand (1ms) [Parameters=[], CommandType='"Text"', CommandTimeout='30']
IF COL_LENGTH('dbo.PostSchedules', 'PostId') IS NULL
    ALTER TABLE dbo.PostSchedules ADD PostId UNIQUEIDENTIFIER NULL;
2026-07-15 11:44:56.246 +07:00 [INF] Executed DbCommand (1ms) [Parameters=[], CommandType='"Text"', CommandTimeout='30']
IF COL_LENGTH('dbo.PostSchedules', 'PostChannelAccountId') IS NOT NULL
   AND COLUMNPROPERTY(OBJECT_ID('dbo.PostSchedules'), 'PostChannelAccountId', 'AllowsNull') = 0
BEGIN
    ALTER TABLE dbo.PostSchedules ALTER COLUMN PostChannelAccountId UNIQUEIDENTIFIER NULL;
END
2026-07-15 11:44:56.250 +07:00 [INF] Executed DbCommand (2ms) [Parameters=[], CommandType='"Text"', CommandTimeout='30']
IF COL_LENGTH('dbo.ChannelAccounts', 'ParentChannelAccountId') IS NULL
    ALTER TABLE dbo.ChannelAccounts ADD ParentChannelAccountId UNIQUEIDENTIFIER NULL;
2026-07-15 11:44:56.253 +07:00 [INF] Executed DbCommand (1ms) [Parameters=[], CommandType='"Text"', CommandTimeout='30']
IF COL_LENGTH('dbo.ChannelAccounts', 'AccessToken') IS NULL
    ALTER TABLE dbo.ChannelAccounts ADD AccessToken NVARCHAR(MAX) NULL;
2026-07-15 11:44:56.257 +07:00 [INF] Executed DbCommand (1ms) [Parameters=[], CommandType='"Text"', CommandTimeout='30']
IF COL_LENGTH('dbo.ChannelAccounts', 'RefreshToken') IS NULL
    ALTER TABLE dbo.ChannelAccounts ADD RefreshToken NVARCHAR(MAX) NULL;
2026-07-15 11:44:56.260 +07:00 [INF] Executed DbCommand (1ms) [Parameters=[], CommandType='"Text"', CommandTimeout='30']
IF COL_LENGTH('dbo.ChannelAccounts', 'TokenExpiresAt') IS NULL
    ALTER TABLE dbo.ChannelAccounts ADD TokenExpiresAt DATETIME2 NULL;
2026-07-15 11:44:56.263 +07:00 [INF] Executed DbCommand (1ms) [Parameters=[], CommandType='"Text"', CommandTimeout='30']
IF COL_LENGTH('dbo.ChannelAccounts', 'Scope') IS NULL
    ALTER TABLE dbo.ChannelAccounts ADD Scope NVARCHAR(500) NULL;
2026-07-15 11:44:56.266 +07:00 [INF] Executed DbCommand (1ms) [Parameters=[], CommandType='"Text"', CommandTimeout='30']
IF COL_LENGTH('dbo.Posts', 'VoiceSampleId') IS NULL
    ALTER TABLE dbo.Posts ADD VoiceSampleId UNIQUEIDENTIFIER NULL;
2026-07-15 11:44:56.270 +07:00 [INF] Executed DbCommand (1ms) [Parameters=[], CommandType='"Text"', CommandTimeout='30']
IF COL_LENGTH('dbo.Posts', 'DayNumber') IS NULL
    ALTER TABLE dbo.Posts ADD DayNumber INT NULL;
2026-07-15 11:44:56.273 +07:00 [INF] Executed DbCommand (1ms) [Parameters=[], CommandType='"Text"', CommandTimeout='30']
IF COL_LENGTH('dbo.Posts', 'TrackingEnabled') IS NULL
    ALTER TABLE dbo.Posts ADD TrackingEnabled BIT NOT NULL DEFAULT CAST(1 AS BIT);
2026-07-15 11:44:56.279 +07:00 [INF] Executed DbCommand (4ms) [Parameters=[], CommandType='"Text"', CommandTimeout='30']
IF COL_LENGTH('dbo.MediaFiles', 'ProductId') IS NULL
    ALTER TABLE dbo.MediaFiles ADD ProductId UNIQUEIDENTIFIER NULL;
2026-07-15 11:44:56.282 +07:00 [INF] Executed DbCommand (1ms) [Parameters=[], CommandType='"Text"', CommandTimeout='30']
IF COL_LENGTH('dbo.MediaFiles', 'StoragePath') IS NULL
    ALTER TABLE dbo.MediaFiles ADD StoragePath NVARCHAR(1000) NOT NULL DEFAULT '';
2026-07-15 11:44:56.287 +07:00 [INF] Executed DbCommand (2ms) [Parameters=[], CommandType='"Text"', CommandTimeout='30']
IF COL_LENGTH('dbo.FacebookAccounts', 'ProjectId') IS NULL
    ALTER TABLE dbo.FacebookAccounts ADD ProjectId UNIQUEIDENTIFIER NOT NULL
        DEFAULT '00000000-0000-0000-0000-000000000000';
2026-07-15 11:44:56.291 +07:00 [INF] Executed DbCommand (2ms) [Parameters=[], CommandType='"Text"', CommandTimeout='30']
IF COL_LENGTH('dbo.Campaigns', 'ProductDescription') IS NULL
    ALTER TABLE dbo.Campaigns ADD ProductDescription NVARCHAR(MAX) NULL;
2026-07-15 11:44:56.296 +07:00 [INF] Executed DbCommand (2ms) [Parameters=[], CommandType='"Text"', CommandTimeout='30']
IF OBJECT_ID('dbo.ProjectMembers') IS NULL
CREATE TABLE dbo.ProjectMembers (
    Id UNIQUEIDENTIFIER NOT NULL PRIMARY KEY, ProjectId UNIQUEIDENTIFIER NOT NULL,
    UserId UNIQUEIDENTIFIER NOT NULL, Role NVARCHAR(20) NOT NULL DEFAULT 'Member',
    InvitedAt DATETIME2 NULL, JoinedAt DATETIME2 NULL,
    CreatedAt DATETIME2 NOT NULL, UpdatedAt DATETIME2 NULL,
    CreatedBy UNIQUEIDENTIFIER NULL, UpdatedBy UNIQUEIDENTIFIER NULL, IsDeleted BIT NOT NULL DEFAULT 0,
    CONSTRAINT FK_ProjectMembers_Projects FOREIGN KEY (ProjectId) REFERENCES dbo.Projects(Id),
    CONSTRAINT FK_ProjectMembers_Users FOREIGN KEY (UserId) REFERENCES dbo.Users(Id));
2026-07-15 11:44:56.328 +07:00 [INF] Executed DbCommand (28ms) [Parameters=[], CommandType='"Text"', CommandTimeout='30']
IF OBJECT_ID('dbo.ProjectMembers') IS NOT NULL AND NOT EXISTS (SELECT 1 FROM sys.indexes WHERE name = 'IX_ProjectMembers_ProjectId_UserId')
    CREATE UNIQUE INDEX IX_ProjectMembers_ProjectId_UserId ON dbo.ProjectMembers(ProjectId, UserId);
2026-07-15 11:44:56.380 +07:00 [INF] Executed DbCommand (2ms) [Parameters=[], CommandType='"Text"', CommandTimeout='30']
IF OBJECT_ID('dbo.VoiceSampleTemplates') IS NULL
CREATE TABLE dbo.VoiceSampleTemplates (
    Id UNIQUEIDENTIFIER NOT NULL PRIMARY KEY, SampleText NVARCHAR(500) NOT NULL,
    CreatedAt DATETIME2 NOT NULL, UpdatedAt DATETIME2 NULL,
    CreatedBy UNIQUEIDENTIFIER NULL, UpdatedBy UNIQUEIDENTIFIER NULL, IsDeleted BIT NOT NULL DEFAULT 0);
2026-07-15 11:44:56.407 +07:00 [INF] Executed DbCommand (10ms) [Parameters=[], CommandType='"Text"', CommandTimeout='30']
IF OBJECT_ID('dbo.BrandStyles') IS NULL
CREATE TABLE dbo.BrandStyles (
    Id UNIQUEIDENTIFIER NOT NULL PRIMARY KEY, StyleName NVARCHAR(50) NOT NULL,
    CreatedAt DATETIME2 NOT NULL, UpdatedAt DATETIME2 NULL,
    CreatedBy UNIQUEIDENTIFIER NULL, UpdatedBy UNIQUEIDENTIFIER NULL, IsDeleted BIT NOT NULL DEFAULT 0);
2026-07-15 11:44:56.478 +07:00 [INF] Executed DbCommand (15ms) [Parameters=[], CommandType='"Text"', CommandTimeout='30']
IF OBJECT_ID('dbo.BrandStyles') IS NOT NULL AND NOT EXISTS (SELECT 1 FROM sys.indexes WHERE name = 'IX_BrandStyles_StyleName')
    CREATE UNIQUE INDEX IX_BrandStyles_StyleName ON dbo.BrandStyles(StyleName);
2026-07-15 11:44:56.484 +07:00 [INF] Executed DbCommand (2ms) [Parameters=[], CommandType='"Text"', CommandTimeout='30']
IF OBJECT_ID('dbo.ToneKeywords') IS NULL
CREATE TABLE dbo.ToneKeywords (
    Id UNIQUEIDENTIFIER NOT NULL PRIMARY KEY, Keyword NVARCHAR(50) NOT NULL,
    CreatedAt DATETIME2 NOT NULL, UpdatedAt DATETIME2 NULL,
    CreatedBy UNIQUEIDENTIFIER NULL, UpdatedBy UNIQUEIDENTIFIER NULL, IsDeleted BIT NOT NULL DEFAULT 0);
2026-07-15 11:44:56.499 +07:00 [INF] Executed DbCommand (10ms) [Parameters=[], CommandType='"Text"', CommandTimeout='30']
IF OBJECT_ID('dbo.ToneKeywords') IS NOT NULL AND NOT EXISTS (SELECT 1 FROM sys.indexes WHERE name = 'IX_ToneKeywords_Keyword')
    CREATE UNIQUE INDEX IX_ToneKeywords_Keyword ON dbo.ToneKeywords(Keyword);
2026-07-15 11:44:56.504 +07:00 [INF] Executed DbCommand (2ms) [Parameters=[], CommandType='"Text"', CommandTimeout='30']
IF OBJECT_ID('dbo.CtaTemplates') IS NULL
CREATE TABLE dbo.CtaTemplates (
    Id UNIQUEIDENTIFIER NOT NULL PRIMARY KEY, CtaText NVARCHAR(100) NOT NULL,
    CreatedAt DATETIME2 NOT NULL, UpdatedAt DATETIME2 NULL,
    CreatedBy UNIQUEIDENTIFIER NULL, UpdatedBy UNIQUEIDENTIFIER NULL, IsDeleted BIT NOT NULL DEFAULT 0);
2026-07-15 11:44:56.515 +07:00 [INF] Executed DbCommand (8ms) [Parameters=[], CommandType='"Text"', CommandTimeout='30']
IF OBJECT_ID('dbo.CtaTemplates') IS NOT NULL AND NOT EXISTS (SELECT 1 FROM sys.indexes WHERE name = 'IX_CtaTemplates_CtaText')
    CREATE UNIQUE INDEX IX_CtaTemplates_CtaText ON dbo.CtaTemplates(CtaText);
2026-07-15 11:44:56.522 +07:00 [INF] Executed DbCommand (3ms) [Parameters=[], CommandType='"Text"', CommandTimeout='30']
IF OBJECT_ID('dbo.Hashtags') IS NULL
CREATE TABLE dbo.Hashtags (
    Id UNIQUEIDENTIFIER NOT NULL PRIMARY KEY, Tag NVARCHAR(50) NOT NULL,
    CreatedAt DATETIME2 NOT NULL, UpdatedAt DATETIME2 NULL,
    CreatedBy UNIQUEIDENTIFIER NULL, UpdatedBy UNIQUEIDENTIFIER NULL, IsDeleted BIT NOT NULL DEFAULT 0);
2026-07-15 11:44:56.538 +07:00 [INF] Executed DbCommand (11ms) [Parameters=[], CommandType='"Text"', CommandTimeout='30']
IF OBJECT_ID('dbo.Hashtags') IS NOT NULL AND NOT EXISTS (SELECT 1 FROM sys.indexes WHERE name = 'IX_Hashtags_Tag')
    CREATE UNIQUE INDEX IX_Hashtags_Tag ON dbo.Hashtags(Tag);
2026-07-15 11:44:56.544 +07:00 [INF] Executed DbCommand (2ms) [Parameters=[], CommandType='"Text"', CommandTimeout='30']
IF OBJECT_ID('dbo.BrandProfiles') IS NULL
CREATE TABLE dbo.BrandProfiles (
    Id UNIQUEIDENTIFIER NOT NULL PRIMARY KEY, ProjectId UNIQUEIDENTIFIER NOT NULL,
    LogoUrl NVARCHAR(500) NULL, BusinessName NVARCHAR(150) NOT NULL, BrandName NVARCHAR(150) NOT NULL,
    Industry NVARCHAR(100) NULL, FoundingYear SMALLINT NULL, ShortDescription NVARCHAR(1000) NULL,
    Address NVARCHAR(300) NULL, ContactPhone NVARCHAR(20) NULL, ContactEmail NVARCHAR(255) NULL,
    Website NVARCHAR(255) NULL, VoiceSampleId UNIQUEIDENTIFIER NULL,
    CreatedAt DATETIME2 NOT NULL, UpdatedAt DATETIME2 NULL,
    CreatedBy UNIQUEIDENTIFIER NULL, UpdatedBy UNIQUEIDENTIFIER NULL, IsDeleted BIT NOT NULL DEFAULT 0,
    CONSTRAINT FK_BrandProfiles_Projects FOREIGN KEY (ProjectId) REFERENCES dbo.Projects(Id),
    CONSTRAINT FK_BrandProfiles_VoiceSampleTemplates FOREIGN KEY (VoiceSampleId) REFERENCES dbo.VoiceSampleTemplates(Id));
2026-07-15 11:44:56.560 +07:00 [INF] Executed DbCommand (11ms) [Parameters=[], CommandType='"Text"', CommandTimeout='30']
IF OBJECT_ID('dbo.BrandProfiles') IS NOT NULL AND NOT EXISTS (SELECT 1 FROM sys.indexes WHERE name = 'IX_BrandProfiles_ProjectId')
    CREATE UNIQUE INDEX IX_BrandProfiles_ProjectId ON dbo.BrandProfiles(ProjectId);
2026-07-15 11:44:56.571 +07:00 [INF] Executed DbCommand (2ms) [Parameters=[], CommandType='"Text"', CommandTimeout='30']
IF OBJECT_ID('dbo.BrandProfileStyles') IS NULL
CREATE TABLE dbo.BrandProfileStyles (
    Id UNIQUEIDENTIFIER NOT NULL PRIMARY KEY, BrandProfileId UNIQUEIDENTIFIER NOT NULL, StyleId UNIQUEIDENTIFIER NOT NULL,
    CreatedAt DATETIME2 NOT NULL, UpdatedAt DATETIME2 NULL,
    CreatedBy UNIQUEIDENTIFIER NULL, UpdatedBy UNIQUEIDENTIFIER NULL, IsDeleted BIT NOT NULL DEFAULT 0,
    CONSTRAINT FK_BrandProfileStyles_BrandProfiles FOREIGN KEY (BrandProfileId) REFERENCES dbo.BrandProfiles(Id),
    CONSTRAINT FK_BrandProfileStyles_BrandStyles FOREIGN KEY (StyleId) REFERENCES dbo.BrandStyles(Id));
2026-07-15 11:44:56.586 +07:00 [INF] Executed DbCommand (8ms) [Parameters=[], CommandType='"Text"', CommandTimeout='30']
IF OBJECT_ID('dbo.BrandProfileStyles') IS NOT NULL AND NOT EXISTS (SELECT 1 FROM sys.indexes WHERE name = 'IX_BrandProfileStyles_BrandProfileId_StyleId')
    CREATE UNIQUE INDEX IX_BrandProfileStyles_BrandProfileId_StyleId ON dbo.BrandProfileStyles(BrandProfileId, StyleId);
2026-07-15 11:44:56.591 +07:00 [INF] Executed DbCommand (2ms) [Parameters=[], CommandType='"Text"', CommandTimeout='30']
IF OBJECT_ID('dbo.BrandProfileKeywords') IS NULL
CREATE TABLE dbo.BrandProfileKeywords (
    Id UNIQUEIDENTIFIER NOT NULL PRIMARY KEY, BrandProfileId UNIQUEIDENTIFIER NOT NULL, ToneKeywordId UNIQUEIDENTIFIER NOT NULL,
    CreatedAt DATETIME2 NOT NULL, UpdatedAt DATETIME2 NULL,
    CreatedBy UNIQUEIDENTIFIER NULL, UpdatedBy UNIQUEIDENTIFIER NULL, IsDeleted BIT NOT NULL DEFAULT 0,
    CONSTRAINT FK_BrandProfileKeywords_BrandProfiles FOREIGN KEY (BrandProfileId) REFERENCES dbo.BrandProfiles(Id),
    CONSTRAINT FK_BrandProfileKeywords_ToneKeywords FOREIGN KEY (ToneKeywordId) REFERENCES dbo.ToneKeywords(Id));
2026-07-15 11:44:56.605 +07:00 [INF] Executed DbCommand (8ms) [Parameters=[], CommandType='"Text"', CommandTimeout='30']
IF OBJECT_ID('dbo.BrandProfileKeywords') IS NOT NULL AND NOT EXISTS (SELECT 1 FROM sys.indexes WHERE name = 'IX_BrandProfileKeywords_BrandProfileId_ToneKeywordId')
    CREATE UNIQUE INDEX IX_BrandProfileKeywords_BrandProfileId_ToneKeywordId ON dbo.BrandProfileKeywords(BrandProfileId, ToneKeywordId);
2026-07-15 11:44:56.785 +07:00 [INF] Executed DbCommand (5ms) [Parameters=[], CommandType='"Text"', CommandTimeout='30']
IF OBJECT_ID('dbo.BrandCtas') IS NULL
CREATE TABLE dbo.BrandCtas (
    Id UNIQUEIDENTIFIER NOT NULL PRIMARY KEY, BrandProfileId UNIQUEIDENTIFIER NOT NULL, CtaId UNIQUEIDENTIFIER NOT NULL,
    CreatedAt DATETIME2 NOT NULL, UpdatedAt DATETIME2 NULL,
    CreatedBy UNIQUEIDENTIFIER NULL, UpdatedBy UNIQUEIDENTIFIER NULL, IsDeleted BIT NOT NULL DEFAULT 0,
    CONSTRAINT FK_BrandCtas_BrandProfiles FOREIGN KEY (BrandProfileId) REFERENCES dbo.BrandProfiles(Id),
    CONSTRAINT FK_BrandCtas_CtaTemplates FOREIGN KEY (CtaId) REFERENCES dbo.CtaTemplates(Id));
2026-07-15 11:44:57.071 +07:00 [INF] Executed DbCommand (23ms) [Parameters=[], CommandType='"Text"', CommandTimeout='30']
IF OBJECT_ID('dbo.BrandCtas') IS NOT NULL AND NOT EXISTS (SELECT 1 FROM sys.indexes WHERE name = 'IX_BrandCtas_BrandProfileId_CtaId')
    CREATE UNIQUE INDEX IX_BrandCtas_BrandProfileId_CtaId ON dbo.BrandCtas(BrandProfileId, CtaId);
2026-07-15 11:44:57.078 +07:00 [INF] Executed DbCommand (2ms) [Parameters=[], CommandType='"Text"', CommandTimeout='30']
IF OBJECT_ID('dbo.BrandHashtags') IS NULL
CREATE TABLE dbo.BrandHashtags (
    Id UNIQUEIDENTIFIER NOT NULL PRIMARY KEY, BrandProfileId UNIQUEIDENTIFIER NOT NULL, HashtagId UNIQUEIDENTIFIER NOT NULL,
    CreatedAt DATETIME2 NOT NULL, UpdatedAt DATETIME2 NULL,
    CreatedBy UNIQUEIDENTIFIER NULL, UpdatedBy UNIQUEIDENTIFIER NULL, IsDeleted BIT NOT NULL DEFAULT 0,
    CONSTRAINT FK_BrandHashtags_BrandProfiles FOREIGN KEY (BrandProfileId) REFERENCES dbo.BrandProfiles(Id),
    CONSTRAINT FK_BrandHashtags_Hashtags FOREIGN KEY (HashtagId) REFERENCES dbo.Hashtags(Id));
2026-07-15 11:44:57.096 +07:00 [INF] Executed DbCommand (11ms) [Parameters=[], CommandType='"Text"', CommandTimeout='30']
IF OBJECT_ID('dbo.BrandHashtags') IS NOT NULL AND NOT EXISTS (SELECT 1 FROM sys.indexes WHERE name = 'IX_BrandHashtags_BrandProfileId_HashtagId')
    CREATE UNIQUE INDEX IX_BrandHashtags_BrandProfileId_HashtagId ON dbo.BrandHashtags(BrandProfileId, HashtagId);
2026-07-15 11:44:57.118 +07:00 [INF] Executed DbCommand (12ms) [Parameters=[], CommandType='"Text"', CommandTimeout='30']
IF OBJECT_ID('dbo.BrandColors') IS NULL
CREATE TABLE dbo.BrandColors (
    Id UNIQUEIDENTIFIER NOT NULL PRIMARY KEY, BrandProfileId UNIQUEIDENTIFIER NOT NULL,
    ColorHex NVARCHAR(9) NOT NULL, ColorType NVARCHAR(20) NOT NULL DEFAULT 'Secondary', SortOrder INT NOT NULL DEFAULT 0,
    CreatedAt DATETIME2 NOT NULL, UpdatedAt DATETIME2 NULL,
    CreatedBy UNIQUEIDENTIFIER NULL, UpdatedBy UNIQUEIDENTIFIER NULL, IsDeleted BIT NOT NULL DEFAULT 0,
    CONSTRAINT FK_BrandColors_BrandProfiles FOREIGN KEY (BrandProfileId) REFERENCES dbo.BrandProfiles(Id));
2026-07-15 11:44:57.132 +07:00 [INF] Executed DbCommand (4ms) [Parameters=[], CommandType='"Text"', CommandTimeout='30']
IF OBJECT_ID('dbo.BrandFonts') IS NULL
CREATE TABLE dbo.BrandFonts (
    Id UNIQUEIDENTIFIER NOT NULL PRIMARY KEY, BrandProfileId UNIQUEIDENTIFIER NOT NULL,
    FontName NVARCHAR(100) NOT NULL, UsageType NVARCHAR(20) NOT NULL,
    CreatedAt DATETIME2 NOT NULL, UpdatedAt DATETIME2 NULL,
    CreatedBy UNIQUEIDENTIFIER NULL, UpdatedBy UNIQUEIDENTIFIER NULL, IsDeleted BIT NOT NULL DEFAULT 0,
    CONSTRAINT FK_BrandFonts_BrandProfiles FOREIGN KEY (BrandProfileId) REFERENCES dbo.BrandProfiles(Id));
2026-07-15 11:44:57.159 +07:00 [INF] Executed DbCommand (9ms) [Parameters=[], CommandType='"Text"', CommandTimeout='30']
IF OBJECT_ID('dbo.ProductCategories') IS NULL
CREATE TABLE dbo.ProductCategories (
    Id UNIQUEIDENTIFIER NOT NULL PRIMARY KEY, BrandProfileId UNIQUEIDENTIFIER NOT NULL, CategoryName NVARCHAR(100) NOT NULL,
    CreatedAt DATETIME2 NOT NULL, UpdatedAt DATETIME2 NULL,
    CreatedBy UNIQUEIDENTIFIER NULL, UpdatedBy UNIQUEIDENTIFIER NULL, IsDeleted BIT NOT NULL DEFAULT 0,
    CONSTRAINT FK_ProductCategories_BrandProfiles FOREIGN KEY (BrandProfileId) REFERENCES dbo.BrandProfiles(Id));
2026-07-15 11:44:57.208 +07:00 [INF] Executed DbCommand (26ms) [Parameters=[], CommandType='"Text"', CommandTimeout='30']
IF OBJECT_ID('dbo.ProductCategories') IS NOT NULL AND NOT EXISTS (SELECT 1 FROM sys.indexes WHERE name = 'IX_ProductCategories_BrandProfileId_CategoryName')
    CREATE UNIQUE INDEX IX_ProductCategories_BrandProfileId_CategoryName ON dbo.ProductCategories(BrandProfileId, CategoryName);
2026-07-15 11:44:57.240 +07:00 [INF] Executed DbCommand (10ms) [Parameters=[], CommandType='"Text"', CommandTimeout='30']
IF OBJECT_ID('dbo.Products') IS NULL
CREATE TABLE dbo.Products (
    Id UNIQUEIDENTIFIER NOT NULL PRIMARY KEY, BrandProfileId UNIQUEIDENTIFIER NOT NULL, ProductCategoryId UNIQUEIDENTIFIER NULL,
    ProductName NVARCHAR(200) NOT NULL, Price DECIMAL(18,2) NULL, AiGeneratedDescription NVARCHAR(MAX) NULL,
    CreatedAt DATETIME2 NOT NULL, UpdatedAt DATETIME2 NULL,
    CreatedBy UNIQUEIDENTIFIER NULL, UpdatedBy UNIQUEIDENTIFIER NULL, IsDeleted BIT NOT NULL DEFAULT 0,
    CONSTRAINT FK_Products_BrandProfiles FOREIGN KEY (BrandProfileId) REFERENCES dbo.BrandProfiles(Id),
    CONSTRAINT FK_Products_ProductCategories FOREIGN KEY (ProductCategoryId) REFERENCES dbo.ProductCategories(Id));
2026-07-15 11:44:57.280 +07:00 [INF] Executed DbCommand (27ms) [Parameters=[], CommandType='"Text"', CommandTimeout='30']
IF NOT EXISTS (SELECT 1 FROM sys.foreign_keys WHERE name = 'FK_MediaFiles_Products_ProductId') AND OBJECT_ID('dbo.Products') IS NOT NULL
    ALTER TABLE dbo.MediaFiles ADD CONSTRAINT FK_MediaFiles_Products_ProductId FOREIGN KEY (ProductId) REFERENCES dbo.Products(Id);
2026-07-15 11:44:57.312 +07:00 [INF] Executed DbCommand (3ms) [Parameters=[], CommandType='"Text"', CommandTimeout='30']
IF OBJECT_ID('dbo.CampaignGoals') IS NULL
CREATE TABLE dbo.CampaignGoals (
    Id UNIQUEIDENTIFIER NOT NULL PRIMARY KEY, GoalName NVARCHAR(100) NOT NULL,
    CreatedAt DATETIME2 NOT NULL, UpdatedAt DATETIME2 NULL,
    CreatedBy UNIQUEIDENTIFIER NULL, UpdatedBy UNIQUEIDENTIFIER NULL, IsDeleted BIT NOT NULL DEFAULT 0);
2026-07-15 11:44:57.328 +07:00 [INF] Executed DbCommand (12ms) [Parameters=[], CommandType='"Text"', CommandTimeout='30']
IF OBJECT_ID('dbo.CampaignGoals') IS NOT NULL AND NOT EXISTS (SELECT 1 FROM sys.indexes WHERE name = 'IX_CampaignGoals_GoalName')
    CREATE UNIQUE INDEX IX_CampaignGoals_GoalName ON dbo.CampaignGoals(GoalName);
2026-07-15 11:44:57.334 +07:00 [INF] Executed DbCommand (2ms) [Parameters=[], CommandType='"Text"', CommandTimeout='30']
IF OBJECT_ID('dbo.PromotionTypes') IS NULL
CREATE TABLE dbo.PromotionTypes (
    Id UNIQUEIDENTIFIER NOT NULL PRIMARY KEY, TypeName NVARCHAR(100) NOT NULL,
    CreatedAt DATETIME2 NOT NULL, UpdatedAt DATETIME2 NULL,
    CreatedBy UNIQUEIDENTIFIER NULL, UpdatedBy UNIQUEIDENTIFIER NULL, IsDeleted BIT NOT NULL DEFAULT 0);
2026-07-15 11:44:57.352 +07:00 [INF] Executed DbCommand (12ms) [Parameters=[], CommandType='"Text"', CommandTimeout='30']
IF OBJECT_ID('dbo.PromotionTypes') IS NOT NULL AND NOT EXISTS (SELECT 1 FROM sys.indexes WHERE name = 'IX_PromotionTypes_TypeName')
    CREATE UNIQUE INDEX IX_PromotionTypes_TypeName ON dbo.PromotionTypes(TypeName);
2026-07-15 11:44:57.359 +07:00 [INF] Executed DbCommand (2ms) [Parameters=[], CommandType='"Text"', CommandTimeout='30']
IF OBJECT_ID('dbo.TimelineTemplateTypes') IS NULL
CREATE TABLE dbo.TimelineTemplateTypes (
    Id UNIQUEIDENTIFIER NOT NULL PRIMARY KEY, TypeName NVARCHAR(50) NOT NULL, Description NVARCHAR(300) NULL,
    CreatedAt DATETIME2 NOT NULL, UpdatedAt DATETIME2 NULL,
    CreatedBy UNIQUEIDENTIFIER NULL, UpdatedBy UNIQUEIDENTIFIER NULL, IsDeleted BIT NOT NULL DEFAULT 0);
2026-07-15 11:44:57.373 +07:00 [INF] Executed DbCommand (10ms) [Parameters=[], CommandType='"Text"', CommandTimeout='30']
IF OBJECT_ID('dbo.TimelineTemplateTypes') IS NOT NULL AND NOT EXISTS (SELECT 1 FROM sys.indexes WHERE name = 'IX_TimelineTemplateTypes_TypeName')
    CREATE UNIQUE INDEX IX_TimelineTemplateTypes_TypeName ON dbo.TimelineTemplateTypes(TypeName);
2026-07-15 11:44:57.497 +07:00 [INF] Executed DbCommand (6ms) [Parameters=[], CommandType='"Text"', CommandTimeout='30']
IF OBJECT_ID('dbo.Campaigns') IS NULL
CREATE TABLE dbo.Campaigns (
    Id UNIQUEIDENTIFIER NOT NULL PRIMARY KEY, ProjectId UNIQUEIDENTIFIER NOT NULL, Name NVARCHAR(200) NOT NULL,
    GoalId UNIQUEIDENTIFIER NOT NULL, PromotionTypeId UNIQUEIDENTIFIER NOT NULL,
    DiscountPercent DECIMAL(5,2) NULL, DiscountAmount DECIMAL(18,2) NULL, MinOrderAmount DECIMAL(18,2) NULL,
    StartDate DATE NOT NULL, EndDate DATE NOT NULL, NumberOfPosts INT NOT NULL DEFAULT 1, Status INT NOT NULL,
    CreatedAt DATETIME2 NOT NULL, UpdatedAt DATETIME2 NULL,
    CreatedBy UNIQUEIDENTIFIER NULL, UpdatedBy UNIQUEIDENTIFIER NULL, IsDeleted BIT NOT NULL DEFAULT 0,
    CONSTRAINT FK_Campaigns_Projects FOREIGN KEY (ProjectId) REFERENCES dbo.Projects(Id),
    CONSTRAINT FK_Campaigns_CampaignGoals FOREIGN KEY (GoalId) REFERENCES dbo.CampaignGoals(Id),
    CONSTRAINT FK_Campaigns_PromotionTypes FOREIGN KEY (PromotionTypeId) REFERENCES dbo.PromotionTypes(Id),
    CONSTRAINT CK_Campaigns_Dates CHECK (EndDate >= StartDate),
    CONSTRAINT CK_Campaigns_NumberOfPosts CHECK (NumberOfPosts > 0));
2026-07-15 11:44:57.721 +07:00 [INF] Executed DbCommand (9ms) [Parameters=[], CommandType='"Text"', CommandTimeout='30']
IF OBJECT_ID('dbo.CampaignChannelAccounts') IS NULL
CREATE TABLE dbo.CampaignChannelAccounts (
    Id UNIQUEIDENTIFIER NOT NULL PRIMARY KEY, CampaignId UNIQUEIDENTIFIER NOT NULL, ChannelAccountId UNIQUEIDENTIFIER NOT NULL,
    CreatedAt DATETIME2 NOT NULL, UpdatedAt DATETIME2 NULL,
    CreatedBy UNIQUEIDENTIFIER NULL, UpdatedBy UNIQUEIDENTIFIER NULL, IsDeleted BIT NOT NULL DEFAULT 0,
    CONSTRAINT FK_CampaignChannelAccounts_Campaigns FOREIGN KEY (CampaignId) REFERENCES dbo.Campaigns(Id),
    CONSTRAINT FK_CampaignChannelAccounts_ChannelAccounts FOREIGN KEY (ChannelAccountId) REFERENCES dbo.ChannelAccounts(Id));
2026-07-15 11:44:57.761 +07:00 [INF] Executed DbCommand (36ms) [Parameters=[], CommandType='"Text"', CommandTimeout='30']
IF OBJECT_ID('dbo.CampaignChannelAccounts') IS NOT NULL AND NOT EXISTS (SELECT 1 FROM sys.indexes WHERE name = 'IX_CampaignChannelAccounts_CampaignId_ChannelAccountId')
    CREATE UNIQUE INDEX IX_CampaignChannelAccounts_CampaignId_ChannelAccountId ON dbo.CampaignChannelAccounts(CampaignId, ChannelAccountId);
2026-07-15 11:44:57.867 +07:00 [INF] Executed DbCommand (3ms) [Parameters=[], CommandType='"Text"', CommandTimeout='30']
IF OBJECT_ID('dbo.Timelines') IS NULL
CREATE TABLE dbo.Timelines (
    Id UNIQUEIDENTIFIER NOT NULL PRIMARY KEY, ProjectId UNIQUEIDENTIFIER NOT NULL, CampaignId UNIQUEIDENTIFIER NULL,
    Name NVARCHAR(200) NOT NULL, TemplateTypeId UNIQUEIDENTIFIER NOT NULL,
    StartDate DATE NOT NULL, EndDate DATE NOT NULL, Status INT NOT NULL,
    CreatedAt DATETIME2 NOT NULL, UpdatedAt DATETIME2 NULL,
    CreatedBy UNIQUEIDENTIFIER NULL, UpdatedBy UNIQUEIDENTIFIER NULL, IsDeleted BIT NOT NULL DEFAULT 0,
    CONSTRAINT FK_Timelines_Projects FOREIGN KEY (ProjectId) REFERENCES dbo.Projects(Id),
    CONSTRAINT FK_Timelines_Campaigns FOREIGN KEY (CampaignId) REFERENCES dbo.Campaigns(Id),
    CONSTRAINT FK_Timelines_TimelineTemplateTypes FOREIGN KEY (TemplateTypeId) REFERENCES dbo.TimelineTemplateTypes(Id),
    CONSTRAINT CK_Timelines_Dates CHECK (EndDate >= StartDate));
2026-07-15 11:44:57.888 +07:00 [INF] Executed DbCommand (12ms) [Parameters=[], CommandType='"Text"', CommandTimeout='30']
IF NOT EXISTS (SELECT 1 FROM sys.foreign_keys WHERE name = 'FK_Posts_Timelines_TimelineId') AND OBJECT_ID('dbo.Timelines') IS NOT NULL
    ALTER TABLE dbo.Posts ADD CONSTRAINT FK_Posts_Timelines_TimelineId FOREIGN KEY (TimelineId) REFERENCES dbo.Timelines(Id);
2026-07-15 11:44:57.907 +07:00 [INF] Executed DbCommand (15ms) [Parameters=[], CommandType='"Text"', CommandTimeout='30']
IF NOT EXISTS (SELECT 1 FROM sys.foreign_keys WHERE name = 'FK_Posts_VoiceSampleTemplates_VoiceSampleId') AND OBJECT_ID('dbo.VoiceSampleTemplates') IS NOT NULL
    ALTER TABLE dbo.Posts ADD CONSTRAINT FK_Posts_VoiceSampleTemplates_VoiceSampleId FOREIGN KEY (VoiceSampleId) REFERENCES dbo.VoiceSampleTemplates(Id);
2026-07-15 11:44:57.914 +07:00 [INF] Executed DbCommand (2ms) [Parameters=[], CommandType='"Text"', CommandTimeout='30']
IF OBJECT_ID('dbo.PostHashtags') IS NULL
CREATE TABLE dbo.PostHashtags (
    Id UNIQUEIDENTIFIER NOT NULL PRIMARY KEY, PostId UNIQUEIDENTIFIER NOT NULL, HashtagId UNIQUEIDENTIFIER NOT NULL,
    CreatedAt DATETIME2 NOT NULL, UpdatedAt DATETIME2 NULL,
    CreatedBy UNIQUEIDENTIFIER NULL, UpdatedBy UNIQUEIDENTIFIER NULL, IsDeleted BIT NOT NULL DEFAULT 0,
    CONSTRAINT FK_PostHashtags_Posts FOREIGN KEY (PostId) REFERENCES dbo.Posts(Id),
    CONSTRAINT FK_PostHashtags_Hashtags FOREIGN KEY (HashtagId) REFERENCES dbo.Hashtags(Id));
2026-07-15 11:44:57.922 +07:00 [INF] Executed DbCommand (2ms) [Parameters=[], CommandType='"Text"', CommandTimeout='30']
IF OBJECT_ID('dbo.PostChannelAccounts') IS NULL
CREATE TABLE dbo.PostChannelAccounts (
    Id UNIQUEIDENTIFIER NOT NULL PRIMARY KEY, PostId UNIQUEIDENTIFIER NOT NULL, ChannelAccountId UNIQUEIDENTIFIER NOT NULL,
    Status INT NOT NULL, ExternalPostId NVARCHAR(128) NULL, PublishedUrl NVARCHAR(1000) NULL, PublishedAt DATETIME2 NULL,
    CreatedAt DATETIME2 NOT NULL, UpdatedAt DATETIME2 NULL,
    CreatedBy UNIQUEIDENTIFIER NULL, UpdatedBy UNIQUEIDENTIFIER NULL, IsDeleted BIT NOT NULL DEFAULT 0,
    CONSTRAINT FK_PostChannelAccounts_Posts FOREIGN KEY (PostId) REFERENCES dbo.Posts(Id),
    CONSTRAINT FK_PostChannelAccounts_ChannelAccounts FOREIGN KEY (ChannelAccountId) REFERENCES dbo.ChannelAccounts(Id));
2026-07-15 11:44:57.937 +07:00 [INF] Executed DbCommand (10ms) [Parameters=[], CommandType='"Text"', CommandTimeout='30']
IF OBJECT_ID('dbo.PostChannelAccounts') IS NOT NULL AND NOT EXISTS (SELECT 1 FROM sys.indexes WHERE name = 'IX_PostChannelAccounts_PostId_ChannelAccountId')
    CREATE UNIQUE INDEX IX_PostChannelAccounts_PostId_ChannelAccountId ON dbo.PostChannelAccounts(PostId, ChannelAccountId);
2026-07-15 11:44:57.953 +07:00 [INF] Executed DbCommand (11ms) [Parameters=[], CommandType='"Text"', CommandTimeout='30']
IF NOT EXISTS (SELECT 1 FROM sys.foreign_keys WHERE name = 'FK_PostSchedules_PostChannelAccounts_PostChannelAccountId') AND OBJECT_ID('dbo.PostChannelAccounts') IS NOT NULL
    ALTER TABLE dbo.PostSchedules ADD CONSTRAINT FK_PostSchedules_PostChannelAccounts_PostChannelAccountId FOREIGN KEY (PostChannelAccountId) REFERENCES dbo.PostChannelAccounts(Id);
2026-07-15 11:44:57.958 +07:00 [INF] Executed DbCommand (2ms) [Parameters=[], CommandType='"Text"', CommandTimeout='30']
IF OBJECT_ID('dbo.PostAnalytics') IS NULL
CREATE TABLE dbo.PostAnalytics (
    Id UNIQUEIDENTIFIER NOT NULL PRIMARY KEY, PostChannelAccountId UNIQUEIDENTIFIER NOT NULL,
    Reach INT NOT NULL DEFAULT 0, Likes INT NOT NULL DEFAULT 0, Comments INT NOT NULL DEFAULT 0, Shares INT NOT NULL DEFAULT 0,
    RecordedAt DATETIME2 NOT NULL,
    CreatedAt DATETIME2 NOT NULL, UpdatedAt DATETIME2 NULL,
    CreatedBy UNIQUEIDENTIFIER NULL, UpdatedBy UNIQUEIDENTIFIER NULL, IsDeleted BIT NOT NULL DEFAULT 0,
    CONSTRAINT FK_PostAnalytics_PostChannelAccounts FOREIGN KEY (PostChannelAccountId) REFERENCES dbo.PostChannelAccounts(Id));
2026-07-15 11:44:57.974 +07:00 [INF] Executed DbCommand (12ms) [Parameters=[], CommandType='"Text"', CommandTimeout='30']
IF OBJECT_ID('dbo.PostAnalytics') IS NOT NULL AND NOT EXISTS (SELECT 1 FROM sys.indexes WHERE name = 'IX_PostAnalytics_PostChannelAccountId')
    CREATE UNIQUE INDEX IX_PostAnalytics_PostChannelAccountId ON dbo.PostAnalytics(PostChannelAccountId);
2026-07-15 11:44:57.978 +07:00 [INF] FlowMate EF compatibility layer applied.
2026-07-15 11:44:58.403 +07:00 [INF] Executed DbCommand (6ms) [Parameters=[], CommandType='"Text"', CommandTimeout='30']
SELECT CASE
    WHEN EXISTS (
        SELECT 1
        FROM [Roles] AS [r]
        WHERE [r].[IsDeleted] = CAST(0 AS bit)) THEN CAST(1 AS bit)
    ELSE CAST(0 AS bit)
END
2026-07-15 11:44:58.442 +07:00 [INF] Executed DbCommand (4ms) [Parameters=[], CommandType='"Text"', CommandTimeout='30']
SELECT CASE
    WHEN EXISTS (
        SELECT 1
        FROM [Permissions] AS [p]
        WHERE [p].[IsDeleted] = CAST(0 AS bit)) THEN CAST(1 AS bit)
    ELSE CAST(0 AS bit)
END
2026-07-15 11:44:58.462 +07:00 [INF] Executed DbCommand (3ms) [Parameters=[], CommandType='"Text"', CommandTimeout='30']
SELECT CASE
    WHEN EXISTS (
        SELECT 1
        FROM [RolePermissions] AS [r]
        WHERE [r].[IsDeleted] = CAST(0 AS bit) AND [r].[RoleId] = '33333333-3333-3333-3333-333333333333') THEN CAST(1 AS bit)
    ELSE CAST(0 AS bit)
END
2026-07-15 11:44:58.474 +07:00 [INF] Executed DbCommand (4ms) [Parameters=[], CommandType='"Text"', CommandTimeout='30']
SELECT CASE
    WHEN EXISTS (
        SELECT 1
        FROM [Plans] AS [p]
        WHERE [p].[IsDeleted] = CAST(0 AS bit)) THEN CAST(1 AS bit)
    ELSE CAST(0 AS bit)
END
2026-07-15 11:44:58.489 +07:00 [INF] Executed DbCommand (5ms) [Parameters=[], CommandType='"Text"', CommandTimeout='30']
SELECT CASE
    WHEN EXISTS (
        SELECT 1
        FROM [Channels] AS [c]
        WHERE [c].[IsDeleted] = CAST(0 AS bit)) THEN CAST(1 AS bit)
    ELSE CAST(0 AS bit)
END
2026-07-15 11:44:58.508 +07:00 [INF] Executed DbCommand (7ms) [Parameters=[], CommandType='"Text"', CommandTimeout='30']
SELECT CASE
    WHEN EXISTS (
        SELECT 1
        FROM [BrandStyles] AS [b]
        WHERE [b].[IsDeleted] = CAST(0 AS bit)) THEN CAST(1 AS bit)
    ELSE CAST(0 AS bit)
END
2026-07-15 11:44:58.526 +07:00 [INF] Executed DbCommand (8ms) [Parameters=[], CommandType='"Text"', CommandTimeout='30']
SELECT CASE
    WHEN EXISTS (
        SELECT 1
        FROM [ToneKeywords] AS [t]
        WHERE [t].[IsDeleted] = CAST(0 AS bit)) THEN CAST(1 AS bit)
    ELSE CAST(0 AS bit)
END
2026-07-15 11:44:58.548 +07:00 [INF] Executed DbCommand (11ms) [Parameters=[], CommandType='"Text"', CommandTimeout='30']
SELECT CASE
    WHEN EXISTS (
        SELECT 1
        FROM [VoiceSampleTemplates] AS [v]
        WHERE [v].[IsDeleted] = CAST(0 AS bit)) THEN CAST(1 AS bit)
    ELSE CAST(0 AS bit)
END
2026-07-15 11:44:58.565 +07:00 [INF] Executed DbCommand (8ms) [Parameters=[], CommandType='"Text"', CommandTimeout='30']
SELECT CASE
    WHEN EXISTS (
        SELECT 1
        FROM [CtaTemplates] AS [c]
        WHERE [c].[IsDeleted] = CAST(0 AS bit)) THEN CAST(1 AS bit)
    ELSE CAST(0 AS bit)
END
2026-07-15 11:44:58.582 +07:00 [INF] Executed DbCommand (9ms) [Parameters=[], CommandType='"Text"', CommandTimeout='30']
SELECT CASE
    WHEN EXISTS (
        SELECT 1
        FROM [CampaignGoals] AS [c]
        WHERE [c].[IsDeleted] = CAST(0 AS bit)) THEN CAST(1 AS bit)
    ELSE CAST(0 AS bit)
END
2026-07-15 11:44:58.599 +07:00 [INF] Executed DbCommand (8ms) [Parameters=[], CommandType='"Text"', CommandTimeout='30']
SELECT CASE
    WHEN EXISTS (
        SELECT 1
        FROM [PromotionTypes] AS [p]
        WHERE [p].[IsDeleted] = CAST(0 AS bit)) THEN CAST(1 AS bit)
    ELSE CAST(0 AS bit)
END
2026-07-15 11:44:58.615 +07:00 [INF] Executed DbCommand (7ms) [Parameters=[], CommandType='"Text"', CommandTimeout='30']
SELECT CASE
    WHEN EXISTS (
        SELECT 1
        FROM [TimelineTemplateTypes] AS [t]
        WHERE [t].[IsDeleted] = CAST(0 AS bit)) THEN CAST(1 AS bit)
    ELSE CAST(0 AS bit)
END
2026-07-15 11:44:58.631 +07:00 [INF] Executed DbCommand (4ms) [Parameters=[], CommandType='"Text"', CommandTimeout='30']
SELECT CASE
    WHEN EXISTS (
        SELECT 1
        FROM [Settings] AS [s]
        WHERE [s].[IsDeleted] = CAST(0 AS bit)) THEN CAST(1 AS bit)
    ELSE CAST(0 AS bit)
END
2026-07-15 11:44:58.649 +07:00 [INF] Executed DbCommand (5ms) [Parameters=[], CommandType='"Text"', CommandTimeout='30']
SELECT CASE
    WHEN EXISTS (
        SELECT 1
        FROM [AiPrompts] AS [a]
        WHERE [a].[IsDeleted] = CAST(0 AS bit)) THEN CAST(1 AS bit)
    ELSE CAST(0 AS bit)
END
2026-07-15 11:44:58.664 +07:00 [INF] Executed DbCommand (3ms) [Parameters=[], CommandType='"Text"', CommandTimeout='30']
SELECT CASE
    WHEN EXISTS (
        SELECT 1
        FROM [AiPrompts] AS [a]
        WHERE [a].[IsDeleted] = CAST(0 AS bit) AND [a].[Name] = N'Facebook Fanpage Bán Hàng') THEN CAST(1 AS bit)
    ELSE CAST(0 AS bit)
END
2026-07-15 11:44:58.681 +07:00 [INF] Executed DbCommand (7ms) [Parameters=[], CommandType='"Text"', CommandTimeout='30']
SELECT CASE
    WHEN EXISTS (
        SELECT 1
        FROM [Users] AS [u]
        WHERE [u].[IsDeleted] = CAST(0 AS bit) AND [u].[Email] = N'admin@autowork.com') THEN CAST(1 AS bit)
    ELSE CAST(0 AS bit)
END
2026-07-15 11:44:58.698 +07:00 [INF] Executed DbCommand (5ms) [Parameters=[], CommandType='"Text"', CommandTimeout='30']
SELECT CASE
    WHEN EXISTS (
        SELECT 1
        FROM [Users] AS [u]
        WHERE [u].[IsDeleted] = CAST(0 AS bit) AND [u].[Email] = N'demo@autowork.com') THEN CAST(1 AS bit)
    ELSE CAST(0 AS bit)
END
2026-07-15 11:44:58.714 +07:00 [INF] Executed DbCommand (5ms) [Parameters=[], CommandType='"Text"', CommandTimeout='30']
SELECT CASE
    WHEN EXISTS (
        SELECT 1
        FROM [Projects] AS [p]
        WHERE [p].[IsDeleted] = CAST(0 AS bit) AND [p].[Id] = '13131313-1313-1313-1313-131313131313') THEN CAST(1 AS bit)
    ELSE CAST(0 AS bit)
END
2026-07-15 11:44:58.729 +07:00 [INF] Executed DbCommand (4ms) [Parameters=[], CommandType='"Text"', CommandTimeout='30']
SELECT CASE
    WHEN EXISTS (
        SELECT 1
        FROM [Posts] AS [p]
        WHERE [p].[IsDeleted] = CAST(0 AS bit) AND [p].[ProjectId] = '13131313-1313-1313-1313-131313131313') THEN CAST(1 AS bit)
    ELSE CAST(0 AS bit)
END
2026-07-15 11:44:58.750 +07:00 [INF] Database seed completed successfully.
2026-07-15 11:44:58.931 +07:00 [INF] Start installing Hangfire SQL objects...
2026-07-15 11:44:59.120 +07:00 [INF] Hangfire SQL objects installed.
2026-07-15 11:44:59.516 +07:00 [WRN] The WebRootPath was not found: D:\EXE01\AIMarketingAssistant\src\AutoWork.API\wwwroot. Static files may be unavailable.
2026-07-15 11:44:59.650 +07:00 [INF] Now listening on: https://localhost:7165
2026-07-15 11:44:59.805 +07:00 [INF] Starting Hangfire Server using job storage: 'SQL Server: localhost@FlowMateDB'
2026-07-15 11:44:59.808 +07:00 [INF] Using the following options for SQL Server job storage: Queue poll interval: 00:00:15.
2026-07-15 11:44:59.809 +07:00 [INF] Using the following options for Hangfire Server:
    Worker count: 20
    Listening queues: 'default'
    Shutdown timeout: 00:00:15
    Schedule polling interval: 00:00:15
2026-07-15 11:44:59.837 +07:00 [INF] Application started. Press Ctrl+C to shut down.
2026-07-15 11:44:59.840 +07:00 [INF] Hosting environment: Development
2026-07-15 11:44:59.841 +07:00 [INF] Content root path: D:\EXE01\AIMarketingAssistant\src\AutoWork.API
2026-07-15 11:44:59.862 +07:00 [INF] Server laptop-g044c7b0:6232:b5ecaf65 successfully announced in 23.8606 ms
2026-07-15 11:44:59.871 +07:00 [INF] Server laptop-g044c7b0:6232:b5ecaf65 is starting the registered dispatchers: ServerWatchdog, ServerJobCancellationWatcher, ExpirationManager, CountersAggregator, SqlServerHeartbeatProcess, Worker, DelayedJobScheduler, RecurringJobScheduler...
2026-07-15 11:44:59.918 +07:00 [INF] 3 servers were removed due to timeout
2026-07-15 11:45:00.255 +07:00 [INF] Server laptop-g044c7b0:6232:b5ecaf65 all the dispatchers started
2026-07-15 11:45:01.453 +07:00 [INF] Executed DbCommand (15ms) [Parameters=[@__before_0='?' (DbType = DateTime2)], CommandType='"Text"', CommandTimeout='30']
SELECT [p].[Id], [p].[CreatedAt], [p].[CreatedBy], [p].[ExecutedAt], [p].[FailureReason], [p].[IsDeleted], [p].[PostChannelAccountId], [p].[PostId], [p].[RetryCount], [p].[ScheduledAt], [p].[Status], [p].[UpdatedAt], [p].[UpdatedBy], [t].[Id], [t].[ChannelAccountId], [t].[CreatedAt], [t].[CreatedBy], [t].[DayNumber], [t].[ExternalPostId], [t].[IsDeleted], [t].[ProjectId], [t].[PublishedAt], [t].[PublishedUrl], [t].[ScheduledAt], [t].[Status], [t].[TimelineId], [t].[Title], [t].[TrackingEnabled], [t].[UpdatedAt], [t].[UpdatedBy], [t].[VoiceSampleId], [t0].[Id], [t0].[Content], [t0].[ContentType], [t0].[CreatedAt], [t0].[CreatedBy], [t0].[IsDeleted], [t0].[MediaFileId], [t0].[PostId], [t0].[SortOrder], [t0].[UpdatedAt], [t0].[UpdatedBy]
FROM [PostSchedules] AS [p]
INNER JOIN (
    SELECT [p0].[Id], [p0].[ChannelAccountId], [p0].[CreatedAt], [p0].[CreatedBy], [p0].[DayNumber], [p0].[ExternalPostId], [p0].[IsDeleted], [p0].[ProjectId], [p0].[PublishedAt], [p0].[PublishedUrl], [p0].[ScheduledAt], [p0].[Status], [p0].[TimelineId], [p0].[Title], [p0].[TrackingEnabled], [p0].[UpdatedAt], [p0].[UpdatedBy], [p0].[VoiceSampleId]
    FROM [Posts] AS [p0]
    WHERE [p0].[IsDeleted] = CAST(0 AS bit)
) AS [t] ON [p].[PostId] = [t].[Id]
LEFT JOIN (
    SELECT [p1].[Id], [p1].[Content], [p1].[ContentType], [p1].[CreatedAt], [p1].[CreatedBy], [p1].[IsDeleted], [p1].[MediaFileId], [p1].[PostId], [p1].[SortOrder], [p1].[UpdatedAt], [p1].[UpdatedBy]
    FROM [PostContents] AS [p1]
    WHERE [p1].[IsDeleted] = CAST(0 AS bit)
) AS [t0] ON [t].[Id] = [t0].[PostId]
WHERE [p].[IsDeleted] = CAST(0 AS bit) AND [p].[Status] = 0 AND [p].[ScheduledAt] <= @__before_0
ORDER BY [p].[ScheduledAt], [p].[Id], [t].[Id]
2026-07-15 11:45:46.491 +07:00 [INF] HTTP POST /api/auth/register started
2026-07-15 11:45:46.639 +07:00 [INF] Handling RegisterCommand {"Request":{"Email":"nguyenhoangviet531@gmail.com","Password":"Qwe12345","ConfirmPassword":"Qwe12345","FirstName":"dcmmm","LastName":"qwe","ReferralCode":null,"$type":"RegisterRequest"},"$type":"RegisterCommand"}
2026-07-15 11:45:46.719 +07:00 [INF] Executed DbCommand (5ms) [Parameters=[@__email_0='?' (Size = 256)], CommandType='"Text"', CommandTimeout='30']
SELECT CASE
    WHEN EXISTS (
        SELECT 1
        FROM [Users] AS [u]
        WHERE [u].[IsDeleted] = CAST(0 AS bit) AND [u].[Email] = @__email_0) THEN CAST(1 AS bit)
    ELSE CAST(0 AS bit)
END
2026-07-15 11:45:47.118 +07:00 [INF] Executed DbCommand (14ms) [Parameters=[@p0='?' (DbType = Guid), @p1='?' (Size = 500), @p2='?' (DbType = DateTime2), @p3='?' (DbType = Guid), @p4='?' (Size = 256), @p5='?' (Size = 128), @p6='?' (Size = 100), @p7='?' (Size = 128), @p8='?' (DbType = Boolean), @p9='?' (DbType = DateTime2), @p10='?' (Size = 100), @p11='?' (Size = 512), @p12='?' (Size = 20), @p13='?' (Size = 32), @p14='?' (DbType = Guid), @p15='?' (DbType = DateTime2), @p16='?' (DbType = Guid), @p17='?' (DbType = Guid), @p18='?' (DbType = Int32), @p19='?' (DbType = DateTime2), @p20='?' (DbType = Guid), @p21='?' (DbType = Int32), @p22='?' (DbType = Int32), @p23='?' (DbType = DateTime2), @p24='?' (DbType = Guid), @p25='?' (DbType = Guid), @p26='?' (DbType = Guid), @p27='?' (DbType = DateTime2), @p28='?' (DbType = Guid), @p29='?' (Size = 4000), @p30='?' (DbType = DateTime2), @p31='?' (DbType = Boolean), @p32='?' (Size = 512), @p33='?' (DbType = DateTime2), @p34='?' (Size = 512), @p35='?' (DbType = DateTime2), @p36='?' (DbType = Guid), @p37='?' (DbType = Guid)], CommandType='"Text"', CommandTimeout='30']
SET NOCOUNT ON;
INSERT INTO [Users] ([Id], [AvatarUrl], [CreatedAt], [CreatedBy], [Email], [FacebookId], [FirstName], [GoogleId], [IsActive], [LastLoginAt], [LastName], [PasswordHash], [Phone], [ReferralCode], [ReferredByUserId], [UpdatedAt], [UpdatedBy])
OUTPUT INSERTED.[IsDeleted]
VALUES (@p0, @p1, @p2, @p3, @p4, @p5, @p6, @p7, @p8, @p9, @p10, @p11, @p12, @p13, @p14, @p15, @p16);
INSERT INTO [Credits] ([Id], [Balance], [CreatedAt], [CreatedBy], [TotalEarned], [TotalUsed], [UpdatedAt], [UpdatedBy], [UserId])
OUTPUT INSERTED.[IsDeleted]
VALUES (@p17, @p18, @p19, @p20, @p21, @p22, @p23, @p24, @p25);
INSERT INTO [RefreshTokens] ([Id], [CreatedAt], [CreatedBy], [CreatedByIp], [ExpiresAt], [IsRevoked], [ReplacedByToken], [RevokedAt], [Token], [UpdatedAt], [UpdatedBy], [UserId])
OUTPUT INSERTED.[IsDeleted]
VALUES (@p26, @p27, @p28, @p29, @p30, @p31, @p32, @p33, @p34, @p35, @p36, @p37);
2026-07-15 11:45:47.147 +07:00 [INF] Handled RegisterCommand in 499ms
2026-07-15 11:45:47.173 +07:00 [INF] HTTP POST /api/auth/register responded 200 in 682.4294ms
2026-07-15 11:45:47.630 +07:00 [INF] HTTP GET /api/dashboard/stats started
2026-07-15 11:45:47.722 +07:00 [INF] Handling GetDashboardStatsQuery {"$type":"GetDashboardStatsQuery"}
2026-07-15 11:45:47.936 +07:00 [DBG] The Lucky Penny license key details: AutoMapper.Licensing.License
2026-07-15 11:45:47.938 +07:00 [INF] You have a valid license key for the Lucky Penny software "Bundle" "Community" edition. The license expires on "2027-06-18T00:00:00.0000000+00:00".
2026-07-15 11:45:47.993 +07:00 [INF] Executed DbCommand (12ms) [Parameters=[@__userId_0='?' (DbType = Guid)], CommandType='"Text"', CommandTimeout='30']
SELECT [p].[Id], [p].[ChannelAccountId], [p].[CreatedAt], [p].[CreatedBy], [p].[DayNumber], [p].[ExternalPostId], [p].[IsDeleted], [p].[ProjectId], [p].[PublishedAt], [p].[PublishedUrl], [p].[ScheduledAt], [p].[Status], [p].[TimelineId], [p].[Title], [p].[TrackingEnabled], [p].[UpdatedAt], [p].[UpdatedBy], [p].[VoiceSampleId], [t].[Id], [t].[CreatedAt], [t].[CreatedBy], [t].[Description], [t].[IsActive], [t].[IsDeleted], [t].[LogoUrl], [t].[Name], [t].[UpdatedAt], [t].[UpdatedBy], [t].[UserId]
FROM [Posts] AS [p]
INNER JOIN (
    SELECT [p0].[Id], [p0].[CreatedAt], [p0].[CreatedBy], [p0].[Description], [p0].[IsActive], [p0].[IsDeleted], [p0].[LogoUrl], [p0].[Name], [p0].[UpdatedAt], [p0].[UpdatedBy], [p0].[UserId]
    FROM [Projects] AS [p0]
    WHERE [p0].[IsDeleted] = CAST(0 AS bit)
) AS [t] ON [p].[ProjectId] = [t].[Id]
WHERE [p].[IsDeleted] = CAST(0 AS bit) AND [t].[UserId] = @__userId_0
ORDER BY [p].[CreatedAt] DESC
2026-07-15 11:45:48.035 +07:00 [INF] Executed DbCommand (7ms) [Parameters=[@__userId_0='?' (DbType = Guid), @__today_1='?' (DbType = DateTime2), @__tomorrow_2='?' (DbType = DateTime2)], CommandType='"Text"', CommandTimeout='30']
SELECT COUNT(*)
FROM [Posts] AS [p]
INNER JOIN (
    SELECT [p0].[Id], [p0].[UserId]
    FROM [Projects] AS [p0]
    WHERE [p0].[IsDeleted] = CAST(0 AS bit)
) AS [t] ON [p].[ProjectId] = [t].[Id]
WHERE [p].[IsDeleted] = CAST(0 AS bit) AND [t].[UserId] = @__userId_0 AND [p].[Status] = 3 AND [p].[PublishedAt] >= @__today_1 AND [p].[PublishedAt] < @__tomorrow_2
2026-07-15 11:45:48.047 +07:00 [INF] Executed DbCommand (3ms) [Parameters=[@__userId_0='?' (DbType = Guid)], CommandType='"Text"', CommandTimeout='30']
SELECT COUNT(*)
FROM [AiGeneratedContents] AS [a]
WHERE [a].[IsDeleted] = CAST(0 AS bit) AND [a].[UserId] = @__userId_0
2026-07-15 11:45:48.078 +07:00 [INF] Executed DbCommand (9ms) [Parameters=[@__userId_0='?' (DbType = Guid)], CommandType='"Text"', CommandTimeout='30']
SELECT [t].[Id], [t].[Balance], [t].[CreatedAt], [t].[CreatedBy], [t].[IsDeleted], [t].[TotalEarned], [t].[TotalUsed], [t].[UpdatedAt], [t].[UpdatedBy], [t].[UserId], [t0].[Id], [t0].[Amount], [t0].[BalanceAfter], [t0].[CreatedAt], [t0].[CreatedBy], [t0].[CreditId], [t0].[Description], [t0].[IsDeleted], [t0].[ReferenceId], [t0].[ReferenceType], [t0].[Type], [t0].[UpdatedAt], [t0].[UpdatedBy], [t0].[UserId]
FROM (
    SELECT TOP(1) [c].[Id], [c].[Balance], [c].[CreatedAt], [c].[CreatedBy], [c].[IsDeleted], [c].[TotalEarned], [c].[TotalUsed], [c].[UpdatedAt], [c].[UpdatedBy], [c].[UserId]
    FROM [Credits] AS [c]
    WHERE [c].[IsDeleted] = CAST(0 AS bit) AND [c].[UserId] = @__userId_0
) AS [t]
LEFT JOIN (
    SELECT [c0].[Id], [c0].[Amount], [c0].[BalanceAfter], [c0].[CreatedAt], [c0].[CreatedBy], [c0].[CreditId], [c0].[Description], [c0].[IsDeleted], [c0].[ReferenceId], [c0].[ReferenceType], [c0].[Type], [c0].[UpdatedAt], [c0].[UpdatedBy], [c0].[UserId]
    FROM [CreditTransactions] AS [c0]
    WHERE [c0].[IsDeleted] = CAST(0 AS bit)
) AS [t0] ON [t].[Id] = [t0].[CreditId]
ORDER BY [t].[Id]
2026-07-15 11:45:48.087 +07:00 [INF] Executed DbCommand (2ms) [Parameters=[@__userId_0='?' (DbType = Guid)], CommandType='"Text"', CommandTimeout='30']
SELECT COUNT(*)
FROM [Projects] AS [p]
WHERE [p].[IsDeleted] = CAST(0 AS bit) AND [p].[UserId] = @__userId_0
2026-07-15 11:45:48.121 +07:00 [INF] Executed DbCommand (8ms) [Parameters=[@__p_1='?' (DbType = Int32), @__userId_0='?' (DbType = Guid)], CommandType='"Text"', CommandTimeout='30']
SELECT TOP(@__p_1) [p].[Id], [p].[CreatedAt], [p].[CreatedBy], [p].[ExecutedAt], [p].[FailureReason], [p].[IsDeleted], [p].[PostChannelAccountId], [p].[PostId], [p].[RetryCount], [p].[ScheduledAt], [p].[Status], [p].[UpdatedAt], [p].[UpdatedBy], [t].[Id], [t].[ChannelAccountId], [t].[CreatedAt], [t].[CreatedBy], [t].[DayNumber], [t].[ExternalPostId], [t].[IsDeleted], [t].[ProjectId], [t].[PublishedAt], [t].[PublishedUrl], [t].[ScheduledAt], [t].[Status], [t].[TimelineId], [t].[Title], [t].[TrackingEnabled], [t].[UpdatedAt], [t].[UpdatedBy], [t].[VoiceSampleId], [t0].[Id], [t0].[CreatedAt], [t0].[CreatedBy], [t0].[Description], [t0].[IsActive], [t0].[IsDeleted], [t0].[LogoUrl], [t0].[Name], [t0].[UpdatedAt], [t0].[UpdatedBy], [t0].[UserId]
FROM [PostSchedules] AS [p]
INNER JOIN (
    SELECT [p0].[Id], [p0].[ChannelAccountId], [p0].[CreatedAt], [p0].[CreatedBy], [p0].[DayNumber], [p0].[ExternalPostId], [p0].[IsDeleted], [p0].[ProjectId], [p0].[PublishedAt], [p0].[PublishedUrl], [p0].[ScheduledAt], [p0].[Status], [p0].[TimelineId], [p0].[Title], [p0].[TrackingEnabled], [p0].[UpdatedAt], [p0].[UpdatedBy], [p0].[VoiceSampleId]
    FROM [Posts] AS [p0]
    WHERE [p0].[IsDeleted] = CAST(0 AS bit)
) AS [t] ON [p].[PostId] = [t].[Id]
INNER JOIN (
    SELECT [p1].[Id], [p1].[CreatedAt], [p1].[CreatedBy], [p1].[Description], [p1].[IsActive], [p1].[IsDeleted], [p1].[LogoUrl], [p1].[Name], [p1].[UpdatedAt], [p1].[UpdatedBy], [p1].[UserId]
    FROM [Projects] AS [p1]
    WHERE [p1].[IsDeleted] = CAST(0 AS bit)
) AS [t0] ON [t].[ProjectId] = [t0].[Id]
WHERE [p].[IsDeleted] = CAST(0 AS bit) AND [t0].[UserId] = @__userId_0 AND [p].[Status] = 0 AND [p].[ScheduledAt] >= GETUTCDATE()
ORDER BY [p].[ScheduledAt]
2026-07-15 11:45:48.140 +07:00 [INF] Executed DbCommand (5ms) [Parameters=[@__p_1='?' (DbType = Int32), @__userId_0='?' (DbType = Guid)], CommandType='"Text"', CommandTimeout='30']
SELECT TOP(@__p_1) [a].[Id], [a].[Action], [a].[CreatedAt], [a].[CreatedBy], [a].[EntityId], [a].[EntityType], [a].[IpAddress], [a].[IsDeleted], [a].[NewValues], [a].[OldValues], [a].[UpdatedAt], [a].[UpdatedBy], [a].[UserAgent], [a].[UserId]
FROM [AuditLogs] AS [a]
WHERE [a].[IsDeleted] = CAST(0 AS bit) AND [a].[UserId] = @__userId_0
ORDER BY [a].[CreatedAt] DESC
2026-07-15 11:45:48.163 +07:00 [INF] Handled GetDashboardStatsQuery in 439ms
2026-07-15 11:45:48.176 +07:00 [INF] HTTP GET /api/dashboard/stats responded 200 in 546.0843ms
2026-07-15 11:45:52.008 +07:00 [INF] HTTP GET /api/Notifications started
2026-07-15 11:45:52.052 +07:00 [INF] Executed DbCommand (5ms) [Parameters=[@__userId_0='?' (DbType = Guid), @__p_1='?' (DbType = Int32), @__p_2='?' (DbType = Int32)], CommandType='"Text"', CommandTimeout='30']
SELECT [n].[Id], [n].[CreatedAt], [n].[CreatedBy], [n].[IsDeleted], [n].[IsRead], [n].[Message], [n].[ReadAt], [n].[ReferenceId], [n].[ReferenceType], [n].[Title], [n].[Type], [n].[UpdatedAt], [n].[UpdatedBy], [n].[UserId]
FROM [Notifications] AS [n]
WHERE [n].[IsDeleted] = CAST(0 AS bit) AND [n].[UserId] = @__userId_0
ORDER BY [n].[CreatedAt] DESC
OFFSET @__p_1 ROWS FETCH NEXT @__p_2 ROWS ONLY
2026-07-15 11:45:52.062 +07:00 [INF] Executed DbCommand (3ms) [Parameters=[@__userId_0='?' (DbType = Guid)], CommandType='"Text"', CommandTimeout='30']
SELECT COUNT(*)
FROM [Notifications] AS [n]
WHERE [n].[IsDeleted] = CAST(0 AS bit) AND [n].[UserId] = @__userId_0
2026-07-15 11:45:52.073 +07:00 [INF] HTTP GET /api/Notifications responded 200 in 64.1725ms
2026-07-15 11:46:00.808 +07:00 [INF] Executed DbCommand (8ms) [Parameters=[@__before_0='?' (DbType = DateTime2)], CommandType='"Text"', CommandTimeout='30']
SELECT [p].[Id], [p].[CreatedAt], [p].[CreatedBy], [p].[ExecutedAt], [p].[FailureReason], [p].[IsDeleted], [p].[PostChannelAccountId], [p].[PostId], [p].[RetryCount], [p].[ScheduledAt], [p].[Status], [p].[UpdatedAt], [p].[UpdatedBy], [t].[Id], [t].[ChannelAccountId], [t].[CreatedAt], [t].[CreatedBy], [t].[DayNumber], [t].[ExternalPostId], [t].[IsDeleted], [t].[ProjectId], [t].[PublishedAt], [t].[PublishedUrl], [t].[ScheduledAt], [t].[Status], [t].[TimelineId], [t].[Title], [t].[TrackingEnabled], [t].[UpdatedAt], [t].[UpdatedBy], [t].[VoiceSampleId], [t0].[Id], [t0].[Content], [t0].[ContentType], [t0].[CreatedAt], [t0].[CreatedBy], [t0].[IsDeleted], [t0].[MediaFileId], [t0].[PostId], [t0].[SortOrder], [t0].[UpdatedAt], [t0].[UpdatedBy]
FROM [PostSchedules] AS [p]
INNER JOIN (
    SELECT [p0].[Id], [p0].[ChannelAccountId], [p0].[CreatedAt], [p0].[CreatedBy], [p0].[DayNumber], [p0].[ExternalPostId], [p0].[IsDeleted], [p0].[ProjectId], [p0].[PublishedAt], [p0].[PublishedUrl], [p0].[ScheduledAt], [p0].[Status], [p0].[TimelineId], [p0].[Title], [p0].[TrackingEnabled], [p0].[UpdatedAt], [p0].[UpdatedBy], [p0].[VoiceSampleId]
    FROM [Posts] AS [p0]
    WHERE [p0].[IsDeleted] = CAST(0 AS bit)
) AS [t] ON [p].[PostId] = [t].[Id]
LEFT JOIN (
    SELECT [p1].[Id], [p1].[Content], [p1].[ContentType], [p1].[CreatedAt], [p1].[CreatedBy], [p1].[IsDeleted], [p1].[MediaFileId], [p1].[PostId], [p1].[SortOrder], [p1].[UpdatedAt], [p1].[UpdatedBy]
    FROM [PostContents] AS [p1]
    WHERE [p1].[IsDeleted] = CAST(0 AS bit)
) AS [t0] ON [t].[Id] = [t0].[PostId]
WHERE [p].[IsDeleted] = CAST(0 AS bit) AND [p].[Status] = 0 AND [p].[ScheduledAt] <= @__before_0
ORDER BY [p].[ScheduledAt], [p].[Id], [t].[Id]
2026-07-15 11:46:07.051 +07:00 [INF] HTTP GET /api/Affiliates started
2026-07-15 11:46:07.085 +07:00 [INF] HTTP GET /api/Affiliates/links started
2026-07-15 11:46:07.092 +07:00 [INF] HTTP GET /api/Affiliates/commissions started
2026-07-15 11:46:07.111 +07:00 [WRN] Compiling a query which loads related collections for more than one collection navigation, either via 'Include' or through projection, but no 'QuerySplittingBehavior' has been configured. By default, Entity Framework will use 'QuerySplittingBehavior.SingleQuery', which can potentially result in slow query performance. See https://go.microsoft.com/fwlink/?linkid=2134277 for more information. To identify the query that's triggering this warning call 'ConfigureWarnings(w => w.Throw(RelationalEventId.MultipleCollectionIncludeWarning))'.
2026-07-15 11:46:07.133 +07:00 [INF] Executed DbCommand (14ms) [Parameters=[@__userId_0='?' (DbType = Guid)], CommandType='"Text"', CommandTimeout='30']
SELECT [t].[Id], [t].[Code], [t].[CommissionRate], [t].[CreatedAt], [t].[CreatedBy], [t].[IsActive], [t].[IsDeleted], [t].[TotalEarnings], [t].[UpdatedAt], [t].[UpdatedBy], [t].[UserId], [t0].[Id], [t0].[AffiliateId], [t0].[Campaign], [t0].[ClickCount], [t0].[ConversionCount], [t0].[CreatedAt], [t0].[CreatedBy], [t0].[IsActive], [t0].[IsDeleted], [t0].[Name], [t0].[UpdatedAt], [t0].[UpdatedBy], [t0].[Url], [t1].[Id], [t1].[AffiliateId], [t1].[Amount], [t1].[CreatedAt], [t1].[CreatedBy], [t1].[IsDeleted], [t1].[PaidAt], [t1].[ReferredUserId], [t1].[Status], [t1].[SubscriptionId], [t1].[UpdatedAt], [t1].[UpdatedBy]
FROM (
    SELECT TOP(1) [a].[Id], [a].[Code], [a].[CommissionRate], [a].[CreatedAt], [a].[CreatedBy], [a].[IsActive], [a].[IsDeleted], [a].[TotalEarnings], [a].[UpdatedAt], [a].[UpdatedBy], [a].[UserId]
    FROM [Affiliates] AS [a]
    WHERE [a].[IsDeleted] = CAST(0 AS bit) AND [a].[UserId] = @__userId_0
) AS [t]
LEFT JOIN (
    SELECT [a0].[Id], [a0].[AffiliateId], [a0].[Campaign], [a0].[ClickCount], [a0].[ConversionCount], [a0].[CreatedAt], [a0].[CreatedBy], [a0].[IsActive], [a0].[IsDeleted], [a0].[Name], [a0].[UpdatedAt], [a0].[UpdatedBy], [a0].[Url]
    FROM [AffiliateLinks] AS [a0]
    WHERE [a0].[IsDeleted] = CAST(0 AS bit)
) AS [t0] ON [t].[Id] = [t0].[AffiliateId]
LEFT JOIN (
    SELECT [a1].[Id], [a1].[AffiliateId], [a1].[Amount], [a1].[CreatedAt], [a1].[CreatedBy], [a1].[IsDeleted], [a1].[PaidAt], [a1].[ReferredUserId], [a1].[Status], [a1].[SubscriptionId], [a1].[UpdatedAt], [a1].[UpdatedBy]
    FROM [AffiliateCommissions] AS [a1]
    WHERE [a1].[IsDeleted] = CAST(0 AS bit)
) AS [t1] ON [t].[Id] = [t1].[AffiliateId]
ORDER BY [t].[Id], [t0].[Id]
2026-07-15 11:46:07.135 +07:00 [INF] Executed DbCommand (16ms) [Parameters=[@__userId_0='?' (DbType = Guid)], CommandType='"Text"', CommandTimeout='30']
SELECT [t].[Id], [t].[Code], [t].[CommissionRate], [t].[CreatedAt], [t].[CreatedBy], [t].[IsActive], [t].[IsDeleted], [t].[TotalEarnings], [t].[UpdatedAt], [t].[UpdatedBy], [t].[UserId], [t0].[Id], [t0].[AffiliateId], [t0].[Campaign], [t0].[ClickCount], [t0].[ConversionCount], [t0].[CreatedAt], [t0].[CreatedBy], [t0].[IsActive], [t0].[IsDeleted], [t0].[Name], [t0].[UpdatedAt], [t0].[UpdatedBy], [t0].[Url], [t1].[Id], [t1].[AffiliateId], [t1].[Amount], [t1].[CreatedAt], [t1].[CreatedBy], [t1].[IsDeleted], [t1].[PaidAt], [t1].[ReferredUserId], [t1].[Status], [t1].[SubscriptionId], [t1].[UpdatedAt], [t1].[UpdatedBy]
FROM (
    SELECT TOP(1) [a].[Id], [a].[Code], [a].[CommissionRate], [a].[CreatedAt], [a].[CreatedBy], [a].[IsActive], [a].[IsDeleted], [a].[TotalEarnings], [a].[UpdatedAt], [a].[UpdatedBy], [a].[UserId]
    FROM [Affiliates] AS [a]
    WHERE [a].[IsDeleted] = CAST(0 AS bit) AND [a].[UserId] = @__userId_0
) AS [t]
LEFT JOIN (
    SELECT [a0].[Id], [a0].[AffiliateId], [a0].[Campaign], [a0].[ClickCount], [a0].[ConversionCount], [a0].[CreatedAt], [a0].[CreatedBy], [a0].[IsActive], [a0].[IsDeleted], [a0].[Name], [a0].[UpdatedAt], [a0].[UpdatedBy], [a0].[Url]
    FROM [AffiliateLinks] AS [a0]
    WHERE [a0].[IsDeleted] = CAST(0 AS bit)
) AS [t0] ON [t].[Id] = [t0].[AffiliateId]
LEFT JOIN (
    SELECT [a1].[Id], [a1].[AffiliateId], [a1].[Amount], [a1].[CreatedAt], [a1].[CreatedBy], [a1].[IsDeleted], [a1].[PaidAt], [a1].[ReferredUserId], [a1].[Status], [a1].[SubscriptionId], [a1].[UpdatedAt], [a1].[UpdatedBy]
    FROM [AffiliateCommissions] AS [a1]
    WHERE [a1].[IsDeleted] = CAST(0 AS bit)
) AS [t1] ON [t].[Id] = [t1].[AffiliateId]
ORDER BY [t].[Id], [t0].[Id]
2026-07-15 11:46:07.138 +07:00 [INF] Executed DbCommand (19ms) [Parameters=[@__userId_0='?' (DbType = Guid)], CommandType='"Text"', CommandTimeout='30']
SELECT [t].[Id], [t].[Code], [t].[CommissionRate], [t].[CreatedAt], [t].[CreatedBy], [t].[IsActive], [t].[IsDeleted], [t].[TotalEarnings], [t].[UpdatedAt], [t].[UpdatedBy], [t].[UserId], [t0].[Id], [t0].[AffiliateId], [t0].[Campaign], [t0].[ClickCount], [t0].[ConversionCount], [t0].[CreatedAt], [t0].[CreatedBy], [t0].[IsActive], [t0].[IsDeleted], [t0].[Name], [t0].[UpdatedAt], [t0].[UpdatedBy], [t0].[Url], [t1].[Id], [t1].[AffiliateId], [t1].[Amount], [t1].[CreatedAt], [t1].[CreatedBy], [t1].[IsDeleted], [t1].[PaidAt], [t1].[ReferredUserId], [t1].[Status], [t1].[SubscriptionId], [t1].[UpdatedAt], [t1].[UpdatedBy]
FROM (
    SELECT TOP(1) [a].[Id], [a].[Code], [a].[CommissionRate], [a].[CreatedAt], [a].[CreatedBy], [a].[IsActive], [a].[IsDeleted], [a].[TotalEarnings], [a].[UpdatedAt], [a].[UpdatedBy], [a].[UserId]
    FROM [Affiliates] AS [a]
    WHERE [a].[IsDeleted] = CAST(0 AS bit) AND [a].[UserId] = @__userId_0
) AS [t]
LEFT JOIN (
    SELECT [a0].[Id], [a0].[AffiliateId], [a0].[Campaign], [a0].[ClickCount], [a0].[ConversionCount], [a0].[CreatedAt], [a0].[CreatedBy], [a0].[IsActive], [a0].[IsDeleted], [a0].[Name], [a0].[UpdatedAt], [a0].[UpdatedBy], [a0].[Url]
    FROM [AffiliateLinks] AS [a0]
    WHERE [a0].[IsDeleted] = CAST(0 AS bit)
) AS [t0] ON [t].[Id] = [t0].[AffiliateId]
LEFT JOIN (
    SELECT [a1].[Id], [a1].[AffiliateId], [a1].[Amount], [a1].[CreatedAt], [a1].[CreatedBy], [a1].[IsDeleted], [a1].[PaidAt], [a1].[ReferredUserId], [a1].[Status], [a1].[SubscriptionId], [a1].[UpdatedAt], [a1].[UpdatedBy]
    FROM [AffiliateCommissions] AS [a1]
    WHERE [a1].[IsDeleted] = CAST(0 AS bit)
) AS [t1] ON [t].[Id] = [t1].[AffiliateId]
ORDER BY [t].[Id], [t0].[Id]
2026-07-15 11:46:07.612 +07:00 [INF] HTTP GET /api/Affiliates/commissions responded 404 in 519.9086ms
2026-07-15 11:46:07.612 +07:00 [INF] HTTP GET /api/Affiliates/links responded 404 in 526.3581ms
2026-07-15 11:46:07.627 +07:00 [INF] Executed DbCommand (11ms) [Parameters=[@p0='?' (DbType = Guid), @p1='?' (Size = 32), @p2='?' (Precision = 5) (Scale = 4) (DbType = Decimal), @p3='?' (DbType = DateTime2), @p4='?' (DbType = Guid), @p5='?' (DbType = Boolean), @p6='?' (Precision = 18) (Scale = 2) (DbType = Decimal), @p7='?' (DbType = DateTime2), @p8='?' (DbType = Guid), @p9='?' (DbType = Guid)], CommandType='"Text"', CommandTimeout='30']
SET IMPLICIT_TRANSACTIONS OFF;
SET NOCOUNT ON;
INSERT INTO [Affiliates] ([Id], [Code], [CommissionRate], [CreatedAt], [CreatedBy], [IsActive], [TotalEarnings], [UpdatedAt], [UpdatedBy], [UserId])
OUTPUT INSERTED.[IsDeleted]
VALUES (@p0, @p1, @p2, @p3, @p4, @p5, @p6, @p7, @p8, @p9);
2026-07-15 11:46:07.856 +07:00 [ERR] An exception occurred in the database while saving changes for context type 'AutoWork.Persistence.Context.ApplicationDbContext'.
Microsoft.EntityFrameworkCore.DbUpdateException: An error occurred while saving the entity changes. See the inner exception for details.
 ---> Microsoft.Data.SqlClient.SqlException (0x80131904): The INSERT statement conflicted with the FOREIGN KEY constraint "FK_Affiliates_Users". The conflict occurred in database "FlowMateDB", table "dbo.Users", column 'Id'.
   at Microsoft.Data.SqlClient.SqlConnection.OnError(SqlException exception, Boolean breakConnection, Action`1 wrapCloseInAction)
   at Microsoft.Data.SqlClient.SqlInternalConnection.OnError(SqlException exception, Boolean breakConnection, Action`1 wrapCloseInAction)
   at Microsoft.Data.SqlClient.TdsParser.ThrowExceptionAndWarning(TdsParserStateObject stateObj, Boolean callerHasConnectionLock, Boolean asyncClose)
   at Microsoft.Data.SqlClient.TdsParser.TryRun(RunBehavior runBehavior, SqlCommand cmdHandler, SqlDataReader dataStream, BulkCopySimpleResultSet bulkCopyHandler, TdsParserStateObject stateObj, Boolean& dataReady)
   at Microsoft.Data.SqlClient.SqlDataReader.TryHasMoreRows(Boolean& moreRows)
   at Microsoft.Data.SqlClient.SqlDataReader.TryReadInternal(Boolean setTimeout, Boolean& more)
   at Microsoft.Data.SqlClient.SqlDataReader.ReadAsyncExecute(Task task, Object state)
   at Microsoft.Data.SqlClient.SqlDataReader.InvokeAsyncCall[T](SqlDataReaderBaseAsyncCallContext`1 context)
--- End of stack trace from previous location ---
   at Microsoft.EntityFrameworkCore.Update.AffectedCountModificationCommandBatch.ConsumeResultSetAsync(Int32 startCommandIndex, RelationalDataReader reader, CancellationToken cancellationToken)
ClientConnectionId:1c94eab6-1925-441c-b07b-4ea1b2f42884
Error Number:547,State:0,Class:16
   --- End of inner exception stack trace ---
   at Microsoft.EntityFrameworkCore.Update.AffectedCountModificationCommandBatch.ConsumeResultSetAsync(Int32 startCommandIndex, RelationalDataReader reader, CancellationToken cancellationToken)
   at Microsoft.EntityFrameworkCore.Update.AffectedCountModificationCommandBatch.ConsumeAsync(RelationalDataReader reader, CancellationToken cancellationToken)
   at Microsoft.EntityFrameworkCore.Update.ReaderModificationCommandBatch.ExecuteAsync(IRelationalConnection connection, CancellationToken cancellationToken)
   at Microsoft.EntityFrameworkCore.Update.ReaderModificationCommandBatch.ExecuteAsync(IRelationalConnection connection, CancellationToken cancellationToken)
   at Microsoft.EntityFrameworkCore.SqlServer.Update.Internal.SqlServerModificationCommandBatch.ExecuteAsync(IRelationalConnection connection, CancellationToken cancellationToken)
   at Microsoft.EntityFrameworkCore.Update.Internal.BatchExecutor.ExecuteAsync(IEnumerable`1 commandBatches, IRelationalConnection connection, CancellationToken cancellationToken)
   at Microsoft.EntityFrameworkCore.Update.Internal.BatchExecutor.ExecuteAsync(IEnumerable`1 commandBatches, IRelationalConnection connection, CancellationToken cancellationToken)
   at Microsoft.EntityFrameworkCore.Update.Internal.BatchExecutor.ExecuteAsync(IEnumerable`1 commandBatches, IRelationalConnection connection, CancellationToken cancellationToken)
   at Microsoft.EntityFrameworkCore.ChangeTracking.Internal.StateManager.SaveChangesAsync(IList`1 entriesToSave, CancellationToken cancellationToken)
   at Microsoft.EntityFrameworkCore.ChangeTracking.Internal.StateManager.SaveChangesAsync(StateManager stateManager, Boolean acceptAllChangesOnSuccess, CancellationToken cancellationToken)
   at Microsoft.EntityFrameworkCore.Storage.ExecutionStrategy.<>c__DisplayClass30_0`2.<<ExecuteAsync>b__0>d.MoveNext()
--- End of stack trace from previous location ---
   at Microsoft.EntityFrameworkCore.Storage.ExecutionStrategy.ExecuteImplementationAsync[TState,TResult](Func`4 operation, Func`4 verifySucceeded, TState state, CancellationToken cancellationToken)
   at Microsoft.EntityFrameworkCore.Storage.ExecutionStrategy.ExecuteImplementationAsync[TState,TResult](Func`4 operation, Func`4 verifySucceeded, TState state, CancellationToken cancellationToken)
   at Microsoft.EntityFrameworkCore.Storage.ExecutionStrategy.ExecuteAsync[TState,TResult](TState state, Func`4 operation, Func`4 verifySucceeded, CancellationToken cancellationToken)
   at Microsoft.EntityFrameworkCore.DbContext.SaveChangesAsync(Boolean acceptAllChangesOnSuccess, CancellationToken cancellationToken)
Microsoft.EntityFrameworkCore.DbUpdateException: An error occurred while saving the entity changes. See the inner exception for details.
 ---> Microsoft.Data.SqlClient.SqlException (0x80131904): The INSERT statement conflicted with the FOREIGN KEY constraint "FK_Affiliates_Users". The conflict occurred in database "FlowMateDB", table "dbo.Users", column 'Id'.
   at Microsoft.Data.SqlClient.SqlConnection.OnError(SqlException exception, Boolean breakConnection, Action`1 wrapCloseInAction)
   at Microsoft.Data.SqlClient.SqlInternalConnection.OnError(SqlException exception, Boolean breakConnection, Action`1 wrapCloseInAction)
   at Microsoft.Data.SqlClient.TdsParser.ThrowExceptionAndWarning(TdsParserStateObject stateObj, Boolean callerHasConnectionLock, Boolean asyncClose)
   at Microsoft.Data.SqlClient.TdsParser.TryRun(RunBehavior runBehavior, SqlCommand cmdHandler, SqlDataReader dataStream, BulkCopySimpleResultSet bulkCopyHandler, TdsParserStateObject stateObj, Boolean& dataReady)
   at Microsoft.Data.SqlClient.SqlDataReader.TryHasMoreRows(Boolean& moreRows)
   at Microsoft.Data.SqlClient.SqlDataReader.TryReadInternal(Boolean setTimeout, Boolean& more)
   at Microsoft.Data.SqlClient.SqlDataReader.ReadAsyncExecute(Task task, Object state)
   at Microsoft.Data.SqlClient.SqlDataReader.InvokeAsyncCall[T](SqlDataReaderBaseAsyncCallContext`1 context)
--- End of stack trace from previous location ---
   at Microsoft.EntityFrameworkCore.Update.AffectedCountModificationCommandBatch.ConsumeResultSetAsync(Int32 startCommandIndex, RelationalDataReader reader, CancellationToken cancellationToken)
ClientConnectionId:1c94eab6-1925-441c-b07b-4ea1b2f42884
Error Number:547,State:0,Class:16
   --- End of inner exception stack trace ---
   at Microsoft.EntityFrameworkCore.Update.AffectedCountModificationCommandBatch.ConsumeResultSetAsync(Int32 startCommandIndex, RelationalDataReader reader, CancellationToken cancellationToken)
   at Microsoft.EntityFrameworkCore.Update.AffectedCountModificationCommandBatch.ConsumeAsync(RelationalDataReader reader, CancellationToken cancellationToken)
   at Microsoft.EntityFrameworkCore.Update.ReaderModificationCommandBatch.ExecuteAsync(IRelationalConnection connection, CancellationToken cancellationToken)
   at Microsoft.EntityFrameworkCore.Update.ReaderModificationCommandBatch.ExecuteAsync(IRelationalConnection connection, CancellationToken cancellationToken)
   at Microsoft.EntityFrameworkCore.SqlServer.Update.Internal.SqlServerModificationCommandBatch.ExecuteAsync(IRelationalConnection connection, CancellationToken cancellationToken)
   at Microsoft.EntityFrameworkCore.Update.Internal.BatchExecutor.ExecuteAsync(IEnumerable`1 commandBatches, IRelationalConnection connection, CancellationToken cancellationToken)
   at Microsoft.EntityFrameworkCore.Update.Internal.BatchExecutor.ExecuteAsync(IEnumerable`1 commandBatches, IRelationalConnection connection, CancellationToken cancellationToken)
   at Microsoft.EntityFrameworkCore.Update.Internal.BatchExecutor.ExecuteAsync(IEnumerable`1 commandBatches, IRelationalConnection connection, CancellationToken cancellationToken)
   at Microsoft.EntityFrameworkCore.ChangeTracking.Internal.StateManager.SaveChangesAsync(IList`1 entriesToSave, CancellationToken cancellationToken)
   at Microsoft.EntityFrameworkCore.ChangeTracking.Internal.StateManager.SaveChangesAsync(StateManager stateManager, Boolean acceptAllChangesOnSuccess, CancellationToken cancellationToken)
   at Microsoft.EntityFrameworkCore.Storage.ExecutionStrategy.<>c__DisplayClass30_0`2.<<ExecuteAsync>b__0>d.MoveNext()
--- End of stack trace from previous location ---
   at Microsoft.EntityFrameworkCore.Storage.ExecutionStrategy.ExecuteImplementationAsync[TState,TResult](Func`4 operation, Func`4 verifySucceeded, TState state, CancellationToken cancellationToken)
   at Microsoft.EntityFrameworkCore.Storage.ExecutionStrategy.ExecuteImplementationAsync[TState,TResult](Func`4 operation, Func`4 verifySucceeded, TState state, CancellationToken cancellationToken)
   at Microsoft.EntityFrameworkCore.Storage.ExecutionStrategy.ExecuteAsync[TState,TResult](TState state, Func`4 operation, Func`4 verifySucceeded, CancellationToken cancellationToken)
   at Microsoft.EntityFrameworkCore.DbContext.SaveChangesAsync(Boolean acceptAllChangesOnSuccess, CancellationToken cancellationToken)
2026-07-15 11:46:08.075 +07:00 [INF] HTTP GET /api/workspace/projects started
2026-07-15 11:46:08.269 +07:00 [INF] Handling GetProjectsQuery {"$type":"GetProjectsQuery"}
2026-07-15 11:46:08.308 +07:00 [ERR] Unhandled exception for GET /api/Affiliates
Microsoft.EntityFrameworkCore.DbUpdateException: An error occurred while saving the entity changes. See the inner exception for details.
 ---> Microsoft.Data.SqlClient.SqlException (0x80131904): The INSERT statement conflicted with the FOREIGN KEY constraint "FK_Affiliates_Users". The conflict occurred in database "FlowMateDB", table "dbo.Users", column 'Id'.
   at Microsoft.Data.SqlClient.SqlConnection.OnError(SqlException exception, Boolean breakConnection, Action`1 wrapCloseInAction)
   at Microsoft.Data.SqlClient.SqlInternalConnection.OnError(SqlException exception, Boolean breakConnection, Action`1 wrapCloseInAction)
   at Microsoft.Data.SqlClient.TdsParser.ThrowExceptionAndWarning(TdsParserStateObject stateObj, Boolean callerHasConnectionLock, Boolean asyncClose)
   at Microsoft.Data.SqlClient.TdsParser.TryRun(RunBehavior runBehavior, SqlCommand cmdHandler, SqlDataReader dataStream, BulkCopySimpleResultSet bulkCopyHandler, TdsParserStateObject stateObj, Boolean& dataReady)
   at Microsoft.Data.SqlClient.SqlDataReader.TryHasMoreRows(Boolean& moreRows)
   at Microsoft.Data.SqlClient.SqlDataReader.TryReadInternal(Boolean setTimeout, Boolean& more)
   at Microsoft.Data.SqlClient.SqlDataReader.ReadAsyncExecute(Task task, Object state)
   at Microsoft.Data.SqlClient.SqlDataReader.InvokeAsyncCall[T](SqlDataReaderBaseAsyncCallContext`1 context)
--- End of stack trace from previous location ---
   at Microsoft.EntityFrameworkCore.Update.AffectedCountModificationCommandBatch.ConsumeResultSetAsync(Int32 startCommandIndex, RelationalDataReader reader, CancellationToken cancellationToken)
ClientConnectionId:1c94eab6-1925-441c-b07b-4ea1b2f42884
Error Number:547,State:0,Class:16
   --- End of inner exception stack trace ---
   at Microsoft.EntityFrameworkCore.Update.AffectedCountModificationCommandBatch.ConsumeResultSetAsync(Int32 startCommandIndex, RelationalDataReader reader, CancellationToken cancellationToken)
   at Microsoft.EntityFrameworkCore.Update.AffectedCountModificationCommandBatch.ConsumeAsync(RelationalDataReader reader, CancellationToken cancellationToken)
   at Microsoft.EntityFrameworkCore.Update.ReaderModificationCommandBatch.ExecuteAsync(IRelationalConnection connection, CancellationToken cancellationToken)
   at Microsoft.EntityFrameworkCore.Update.ReaderModificationCommandBatch.ExecuteAsync(IRelationalConnection connection, CancellationToken cancellationToken)
   at Microsoft.EntityFrameworkCore.SqlServer.Update.Internal.SqlServerModificationCommandBatch.ExecuteAsync(IRelationalConnection connection, CancellationToken cancellationToken)
   at Microsoft.EntityFrameworkCore.Update.Internal.BatchExecutor.ExecuteAsync(IEnumerable`1 commandBatches, IRelationalConnection connection, CancellationToken cancellationToken)
   at Microsoft.EntityFrameworkCore.Update.Internal.BatchExecutor.ExecuteAsync(IEnumerable`1 commandBatches, IRelationalConnection connection, CancellationToken cancellationToken)
   at Microsoft.EntityFrameworkCore.Update.Internal.BatchExecutor.ExecuteAsync(IEnumerable`1 commandBatches, IRelationalConnection connection, CancellationToken cancellationToken)
   at Microsoft.EntityFrameworkCore.ChangeTracking.Internal.StateManager.SaveChangesAsync(IList`1 entriesToSave, CancellationToken cancellationToken)
   at Microsoft.EntityFrameworkCore.ChangeTracking.Internal.StateManager.SaveChangesAsync(StateManager stateManager, Boolean acceptAllChangesOnSuccess, CancellationToken cancellationToken)
   at Microsoft.EntityFrameworkCore.Storage.ExecutionStrategy.<>c__DisplayClass30_0`2.<<ExecuteAsync>b__0>d.MoveNext()
--- End of stack trace from previous location ---
   at Microsoft.EntityFrameworkCore.Storage.ExecutionStrategy.ExecuteImplementationAsync[TState,TResult](Func`4 operation, Func`4 verifySucceeded, TState state, CancellationToken cancellationToken)
   at Microsoft.EntityFrameworkCore.Storage.ExecutionStrategy.ExecuteImplementationAsync[TState,TResult](Func`4 operation, Func`4 verifySucceeded, TState state, CancellationToken cancellationToken)
   at Microsoft.EntityFrameworkCore.Storage.ExecutionStrategy.ExecuteAsync[TState,TResult](TState state, Func`4 operation, Func`4 verifySucceeded, CancellationToken cancellationToken)
   at Microsoft.EntityFrameworkCore.DbContext.SaveChangesAsync(Boolean acceptAllChangesOnSuccess, CancellationToken cancellationToken)
   at Microsoft.EntityFrameworkCore.DbContext.SaveChangesAsync(Boolean acceptAllChangesOnSuccess, CancellationToken cancellationToken)
   at AutoWork.Persistence.Repositories.UnitOfWork.SaveChangesAsync(CancellationToken cancellationToken) in D:\EXE01\AIMarketingAssistant\src\AutoWork.Persistence\Repositories\UnitOfWork.cs:line 74
   at AutoWork.API.Controllers.AffiliatesController.GetProfile() in D:\EXE01\AIMarketingAssistant\src\AutoWork.API\Controllers\AffiliatesController.cs:line 37
   at lambda_method973(Closure, Object)
   at Microsoft.AspNetCore.Mvc.Infrastructure.ActionMethodExecutor.AwaitableObjectResultExecutor.Execute(ActionContext actionContext, IActionResultTypeMapper mapper, ObjectMethodExecutor executor, Object controller, Object[] arguments)
   at Microsoft.AspNetCore.Mvc.Infrastructure.ControllerActionInvoker.<InvokeActionMethodAsync>g__Awaited|12_0(ControllerActionInvoker invoker, ValueTask`1 actionResultValueTask)
   at Microsoft.AspNetCore.Mvc.Infrastructure.ControllerActionInvoker.<InvokeNextActionFilterAsync>g__Awaited|10_0(ControllerActionInvoker invoker, Task lastTask, State next, Scope scope, Object state, Boolean isCompleted)
   at Microsoft.AspNetCore.Mvc.Infrastructure.ControllerActionInvoker.Rethrow(ActionExecutedContextSealed context)
   at Microsoft.AspNetCore.Mvc.Infrastructure.ControllerActionInvoker.Next(State& next, Scope& scope, Object& state, Boolean& isCompleted)
   at Microsoft.AspNetCore.Mvc.Infrastructure.ControllerActionInvoker.<InvokeInnerFilterAsync>g__Awaited|13_0(ControllerActionInvoker invoker, Task lastTask, State next, Scope scope, Object state, Boolean isCompleted)
   at Microsoft.AspNetCore.Mvc.Infrastructure.ResourceInvoker.<InvokeFilterPipelineAsync>g__Awaited|20_0(ResourceInvoker invoker, Task lastTask, State next, Scope scope, Object state, Boolean isCompleted)
   at Microsoft.AspNetCore.Mvc.Infrastructure.ResourceInvoker.<InvokeAsync>g__Awaited|17_0(ResourceInvoker invoker, Task task, IDisposable scope)
   at Microsoft.AspNetCore.Mvc.Infrastructure.ResourceInvoker.<InvokeAsync>g__Awaited|17_0(ResourceInvoker invoker, Task task, IDisposable scope)
   at Microsoft.AspNetCore.Authorization.AuthorizationMiddleware.Invoke(HttpContext context)
   at Microsoft.AspNetCore.Authentication.AuthenticationMiddleware.Invoke(HttpContext context)
   at AspNetCoreRateLimit.RateLimitMiddleware`1.Invoke(HttpContext context) in C:\Users\User\Documents\Github\AspNetCoreRateLimit\src\AspNetCoreRateLimit\Middleware\RateLimitMiddleware.cs:line 124
   at AutoWork.API.Middleware.ExceptionHandlingMiddleware.InvokeAsync(HttpContext context) in D:\EXE01\AIMarketingAssistant\src\AutoWork.API\Middleware\ExceptionHandlingMiddleware.cs:line 23
2026-07-15 11:46:08.320 +07:00 [INF] Executed DbCommand (2ms) [Parameters=[@__userId_0='?' (DbType = Guid)], CommandType='"Text"', CommandTimeout='30']
SELECT [p].[Id], [p].[CreatedAt], [p].[CreatedBy], [p].[Description], [p].[IsActive], [p].[IsDeleted], [p].[LogoUrl], [p].[Name], [p].[UpdatedAt], [p].[UpdatedBy], [p].[UserId]
FROM [Projects] AS [p]
WHERE [p].[IsDeleted] = CAST(0 AS bit) AND [p].[UserId] = @__userId_0
2026-07-15 11:46:08.335 +07:00 [INF] HTTP GET /api/Affiliates responded 500 in 1283.1526ms
2026-07-15 11:46:08.420 +07:00 [INF] Executed DbCommand (11ms) [Parameters=[@__userId_0='?' (DbType = Guid)], CommandType='"Text"', CommandTimeout='30']
SELECT [p].[Id], [p].[CreatedAt], [p].[CreatedBy], [p].[InvitedAt], [p].[IsDeleted], [p].[JoinedAt], [p].[ProjectId], [p].[Role], [p].[UpdatedAt], [p].[UpdatedBy], [p].[UserId]
FROM [ProjectMembers] AS [p]
WHERE [p].[IsDeleted] = CAST(0 AS bit) AND [p].[UserId] = @__userId_0
2026-07-15 11:46:08.503 +07:00 [INF] Executed DbCommand (5ms) [Parameters=[@__allProjectIds_0='?' (Size = 4000)], CommandType='"Text"', CommandTimeout='30']
SELECT [p].[Id], [p].[CreatedAt], [p].[CreatedBy], [p].[InvitedAt], [p].[IsDeleted], [p].[JoinedAt], [p].[ProjectId], [p].[Role], [p].[UpdatedAt], [p].[UpdatedBy], [p].[UserId]
FROM [ProjectMembers] AS [p]
WHERE [p].[IsDeleted] = CAST(0 AS bit) AND [p].[ProjectId] IN (
    SELECT [a].[value]
    FROM OPENJSON(@__allProjectIds_0) WITH ([value] uniqueidentifier '$') AS [a]
)
2026-07-15 11:46:08.508 +07:00 [INF] Handled GetProjectsQuery in 218ms
2026-07-15 11:46:08.511 +07:00 [INF] HTTP GET /api/workspace/projects responded 200 in 436.3287ms
2026-07-15 11:46:18.409 +07:00 [INF] HTTP GET /api/Ai/prompts started
2026-07-15 11:46:18.446 +07:00 [INF] Executed DbCommand (14ms) [Parameters=[@__userId_0='?' (DbType = Guid)], CommandType='"Text"', CommandTimeout='30']
SELECT [a].[Id], [a].[Category], [a].[CreatedAt], [a].[CreatedBy], [a].[IsDeleted], [a].[IsSystem], [a].[Name], [a].[ProjectId], [a].[Template], [a].[UpdatedAt], [a].[UpdatedBy], [a].[UserId]
FROM [AiPrompts] AS [a]
WHERE [a].[IsDeleted] = CAST(0 AS bit) AND ([a].[UserId] = @__userId_0 OR [a].[IsSystem] = CAST(1 AS bit))
ORDER BY [a].[Name]
2026-07-15 11:46:18.464 +07:00 [INF] HTTP GET /api/Ai/prompts responded 200 in 54.74ms
2026-07-15 11:46:18.485 +07:00 [INF] HTTP GET /api/Ai/history started
2026-07-15 11:46:18.495 +07:00 [INF] Handling GetAiHistoryQuery {"PageNumber":1,"PageSize":10,"$type":"GetAiHistoryQuery"}
2026-07-15 11:46:18.532 +07:00 [INF] Executed DbCommand (13ms) [Parameters=[@__userId_0='?' (DbType = Guid), @__p_1='?' (DbType = Int32), @__p_2='?' (DbType = Int32)], CommandType='"Text"', CommandTimeout='30']
SELECT [t].[Id], [t].[AiPromptId], [t].[CreatedAt], [t].[CreatedBy], [t].[ErrorMessage], [t].[Input], [t].[IsDeleted], [t].[Output], [t].[ProjectId], [t].[Status], [t].[TokensUsed], [t].[UpdatedAt], [t].[UpdatedBy], [t].[UserId], [t0].[Id], [t0].[Category], [t0].[CreatedAt], [t0].[CreatedBy], [t0].[IsDeleted], [t0].[IsSystem], [t0].[Name], [t0].[ProjectId], [t0].[Template], [t0].[UpdatedAt], [t0].[UpdatedBy], [t0].[UserId]
FROM (
    SELECT [a].[Id], [a].[AiPromptId], [a].[CreatedAt], [a].[CreatedBy], [a].[ErrorMessage], [a].[Input], [a].[IsDeleted], [a].[Output], [a].[ProjectId], [a].[Status], [a].[TokensUsed], [a].[UpdatedAt], [a].[UpdatedBy], [a].[UserId]
    FROM [AiGeneratedContents] AS [a]
    WHERE [a].[IsDeleted] = CAST(0 AS bit) AND [a].[UserId] = @__userId_0
    ORDER BY [a].[CreatedAt] DESC
    OFFSET @__p_1 ROWS FETCH NEXT @__p_2 ROWS ONLY
) AS [t]
INNER JOIN (
    SELECT [a0].[Id], [a0].[Category], [a0].[CreatedAt], [a0].[CreatedBy], [a0].[IsDeleted], [a0].[IsSystem], [a0].[Name], [a0].[ProjectId], [a0].[Template], [a0].[UpdatedAt], [a0].[UpdatedBy], [a0].[UserId]
    FROM [AiPrompts] AS [a0]
    WHERE [a0].[IsDeleted] = CAST(0 AS bit)
) AS [t0] ON [t].[AiPromptId] = [t0].[Id]
ORDER BY [t].[CreatedAt] DESC
2026-07-15 11:46:18.541 +07:00 [INF] Executed DbCommand (2ms) [Parameters=[@__userId_0='?' (DbType = Guid)], CommandType='"Text"', CommandTimeout='30']
SELECT COUNT(*)
FROM [AiGeneratedContents] AS [a]
WHERE [a].[IsDeleted] = CAST(0 AS bit) AND [a].[UserId] = @__userId_0
2026-07-15 11:46:18.550 +07:00 [INF] Handled GetAiHistoryQuery in 50ms
2026-07-15 11:46:18.554 +07:00 [INF] HTTP GET /api/Ai/history responded 200 in 69.5453ms
2026-07-15 11:46:19.081 +07:00 [INF] HTTP GET /api/workspace/projects started
2026-07-15 11:46:19.086 +07:00 [INF] Handling GetProjectsQuery {"$type":"GetProjectsQuery"}
2026-07-15 11:46:19.097 +07:00 [INF] Executed DbCommand (8ms) [Parameters=[@__userId_0='?' (DbType = Guid)], CommandType='"Text"', CommandTimeout='30']
SELECT [p].[Id], [p].[CreatedAt], [p].[CreatedBy], [p].[Description], [p].[IsActive], [p].[IsDeleted], [p].[LogoUrl], [p].[Name], [p].[UpdatedAt], [p].[UpdatedBy], [p].[UserId]
FROM [Projects] AS [p]
WHERE [p].[IsDeleted] = CAST(0 AS bit) AND [p].[UserId] = @__userId_0
2026-07-15 11:46:19.103 +07:00 [INF] Executed DbCommand (4ms) [Parameters=[@__userId_0='?' (DbType = Guid)], CommandType='"Text"', CommandTimeout='30']
SELECT [p].[Id], [p].[CreatedAt], [p].[CreatedBy], [p].[InvitedAt], [p].[IsDeleted], [p].[JoinedAt], [p].[ProjectId], [p].[Role], [p].[UpdatedAt], [p].[UpdatedBy], [p].[UserId]
FROM [ProjectMembers] AS [p]
WHERE [p].[IsDeleted] = CAST(0 AS bit) AND [p].[UserId] = @__userId_0
2026-07-15 11:46:19.114 +07:00 [INF] Executed DbCommand (4ms) [Parameters=[@__allProjectIds_0='?' (Size = 4000)], CommandType='"Text"', CommandTimeout='30']
SELECT [p].[Id], [p].[CreatedAt], [p].[CreatedBy], [p].[InvitedAt], [p].[IsDeleted], [p].[JoinedAt], [p].[ProjectId], [p].[Role], [p].[UpdatedAt], [p].[UpdatedBy], [p].[UserId]
FROM [ProjectMembers] AS [p]
WHERE [p].[IsDeleted] = CAST(0 AS bit) AND [p].[ProjectId] IN (
    SELECT [a].[value]
    FROM OPENJSON(@__allProjectIds_0) WITH ([value] uniqueidentifier '$') AS [a]
)
2026-07-15 11:46:19.116 +07:00 [INF] Handled GetProjectsQuery in 27ms
2026-07-15 11:46:19.118 +07:00 [INF] HTTP GET /api/workspace/projects responded 200 in 36.165ms
2026-07-15 11:46:19.684 +07:00 [INF] HTTP GET /api/workspace/projects started
2026-07-15 11:46:19.687 +07:00 [INF] Handling GetProjectsQuery {"$type":"GetProjectsQuery"}
2026-07-15 11:46:19.698 +07:00 [INF] Executed DbCommand (7ms) [Parameters=[@__userId_0='?' (DbType = Guid)], CommandType='"Text"', CommandTimeout='30']
SELECT [p].[Id], [p].[CreatedAt], [p].[CreatedBy], [p].[Description], [p].[IsActive], [p].[IsDeleted], [p].[LogoUrl], [p].[Name], [p].[UpdatedAt], [p].[UpdatedBy], [p].[UserId]
FROM [Projects] AS [p]
WHERE [p].[IsDeleted] = CAST(0 AS bit) AND [p].[UserId] = @__userId_0
2026-07-15 11:46:19.705 +07:00 [INF] Executed DbCommand (4ms) [Parameters=[@__userId_0='?' (DbType = Guid)], CommandType='"Text"', CommandTimeout='30']
SELECT [p].[Id], [p].[CreatedAt], [p].[CreatedBy], [p].[InvitedAt], [p].[IsDeleted], [p].[JoinedAt], [p].[ProjectId], [p].[Role], [p].[UpdatedAt], [p].[UpdatedBy], [p].[UserId]
FROM [ProjectMembers] AS [p]
WHERE [p].[IsDeleted] = CAST(0 AS bit) AND [p].[UserId] = @__userId_0
2026-07-15 11:46:19.713 +07:00 [INF] Executed DbCommand (5ms) [Parameters=[@__allProjectIds_0='?' (Size = 4000)], CommandType='"Text"', CommandTimeout='30']
SELECT [p].[Id], [p].[CreatedAt], [p].[CreatedBy], [p].[InvitedAt], [p].[IsDeleted], [p].[JoinedAt], [p].[ProjectId], [p].[Role], [p].[UpdatedAt], [p].[UpdatedBy], [p].[UserId]
FROM [ProjectMembers] AS [p]
WHERE [p].[IsDeleted] = CAST(0 AS bit) AND [p].[ProjectId] IN (
    SELECT [a].[value]
    FROM OPENJSON(@__allProjectIds_0) WITH ([value] uniqueidentifier '$') AS [a]
)
2026-07-15 11:46:19.715 +07:00 [INF] Handled GetProjectsQuery in 25ms
2026-07-15 11:46:19.716 +07:00 [INF] HTTP GET /api/workspace/projects responded 200 in 31.4837ms
2026-07-15 11:46:21.472 +07:00 [INF] HTTP GET /api/dashboard/stats started
2026-07-15 11:46:21.477 +07:00 [INF] Handling GetDashboardStatsQuery {"$type":"GetDashboardStatsQuery"}
2026-07-15 11:46:21.500 +07:00 [INF] Executed DbCommand (20ms) [Parameters=[@__userId_0='?' (DbType = Guid)], CommandType='"Text"', CommandTimeout='30']
SELECT [p].[Id], [p].[ChannelAccountId], [p].[CreatedAt], [p].[CreatedBy], [p].[DayNumber], [p].[ExternalPostId], [p].[IsDeleted], [p].[ProjectId], [p].[PublishedAt], [p].[PublishedUrl], [p].[ScheduledAt], [p].[Status], [p].[TimelineId], [p].[Title], [p].[TrackingEnabled], [p].[UpdatedAt], [p].[UpdatedBy], [p].[VoiceSampleId], [t].[Id], [t].[CreatedAt], [t].[CreatedBy], [t].[Description], [t].[IsActive], [t].[IsDeleted], [t].[LogoUrl], [t].[Name], [t].[UpdatedAt], [t].[UpdatedBy], [t].[UserId]
FROM [Posts] AS [p]
INNER JOIN (
    SELECT [p0].[Id], [p0].[CreatedAt], [p0].[CreatedBy], [p0].[Description], [p0].[IsActive], [p0].[IsDeleted], [p0].[LogoUrl], [p0].[Name], [p0].[UpdatedAt], [p0].[UpdatedBy], [p0].[UserId]
    FROM [Projects] AS [p0]
    WHERE [p0].[IsDeleted] = CAST(0 AS bit)
) AS [t] ON [p].[ProjectId] = [t].[Id]
WHERE [p].[IsDeleted] = CAST(0 AS bit) AND [t].[UserId] = @__userId_0
ORDER BY [p].[CreatedAt] DESC
2026-07-15 11:46:21.507 +07:00 [INF] Executed DbCommand (4ms) [Parameters=[@__userId_0='?' (DbType = Guid), @__today_1='?' (DbType = DateTime2), @__tomorrow_2='?' (DbType = DateTime2)], CommandType='"Text"', CommandTimeout='30']
SELECT COUNT(*)
FROM [Posts] AS [p]
INNER JOIN (
    SELECT [p0].[Id], [p0].[UserId]
    FROM [Projects] AS [p0]
    WHERE [p0].[IsDeleted] = CAST(0 AS bit)
) AS [t] ON [p].[ProjectId] = [t].[Id]
WHERE [p].[IsDeleted] = CAST(0 AS bit) AND [t].[UserId] = @__userId_0 AND [p].[Status] = 3 AND [p].[PublishedAt] >= @__today_1 AND [p].[PublishedAt] < @__tomorrow_2
2026-07-15 11:46:21.517 +07:00 [INF] Executed DbCommand (6ms) [Parameters=[@__userId_0='?' (DbType = Guid)], CommandType='"Text"', CommandTimeout='30']
SELECT COUNT(*)
FROM [AiGeneratedContents] AS [a]
WHERE [a].[IsDeleted] = CAST(0 AS bit) AND [a].[UserId] = @__userId_0
2026-07-15 11:46:21.529 +07:00 [INF] Executed DbCommand (8ms) [Parameters=[@__userId_0='?' (DbType = Guid)], CommandType='"Text"', CommandTimeout='30']
SELECT [t].[Id], [t].[Balance], [t].[CreatedAt], [t].[CreatedBy], [t].[IsDeleted], [t].[TotalEarned], [t].[TotalUsed], [t].[UpdatedAt], [t].[UpdatedBy], [t].[UserId], [t0].[Id], [t0].[Amount], [t0].[BalanceAfter], [t0].[CreatedAt], [t0].[CreatedBy], [t0].[CreditId], [t0].[Description], [t0].[IsDeleted], [t0].[ReferenceId], [t0].[ReferenceType], [t0].[Type], [t0].[UpdatedAt], [t0].[UpdatedBy], [t0].[UserId]
FROM (
    SELECT TOP(1) [c].[Id], [c].[Balance], [c].[CreatedAt], [c].[CreatedBy], [c].[IsDeleted], [c].[TotalEarned], [c].[TotalUsed], [c].[UpdatedAt], [c].[UpdatedBy], [c].[UserId]
    FROM [Credits] AS [c]
    WHERE [c].[IsDeleted] = CAST(0 AS bit) AND [c].[UserId] = @__userId_0
) AS [t]
LEFT JOIN (
    SELECT [c0].[Id], [c0].[Amount], [c0].[BalanceAfter], [c0].[CreatedAt], [c0].[CreatedBy], [c0].[CreditId], [c0].[Description], [c0].[IsDeleted], [c0].[ReferenceId], [c0].[ReferenceType], [c0].[Type], [c0].[UpdatedAt], [c0].[UpdatedBy], [c0].[UserId]
    FROM [CreditTransactions] AS [c0]
    WHERE [c0].[IsDeleted] = CAST(0 AS bit)
) AS [t0] ON [t].[Id] = [t0].[CreditId]
ORDER BY [t].[Id]
2026-07-15 11:46:21.534 +07:00 [INF] Executed DbCommand (2ms) [Parameters=[@__userId_0='?' (DbType = Guid)], CommandType='"Text"', CommandTimeout='30']
SELECT COUNT(*)
FROM [Projects] AS [p]
WHERE [p].[IsDeleted] = CAST(0 AS bit) AND [p].[UserId] = @__userId_0
2026-07-15 11:46:21.548 +07:00 [INF] Executed DbCommand (10ms) [Parameters=[@__p_1='?' (DbType = Int32), @__userId_0='?' (DbType = Guid)], CommandType='"Text"', CommandTimeout='30']
SELECT TOP(@__p_1) [p].[Id], [p].[CreatedAt], [p].[CreatedBy], [p].[ExecutedAt], [p].[FailureReason], [p].[IsDeleted], [p].[PostChannelAccountId], [p].[PostId], [p].[RetryCount], [p].[ScheduledAt], [p].[Status], [p].[UpdatedAt], [p].[UpdatedBy], [t].[Id], [t].[ChannelAccountId], [t].[CreatedAt], [t].[CreatedBy], [t].[DayNumber], [t].[ExternalPostId], [t].[IsDeleted], [t].[ProjectId], [t].[PublishedAt], [t].[PublishedUrl], [t].[ScheduledAt], [t].[Status], [t].[TimelineId], [t].[Title], [t].[TrackingEnabled], [t].[UpdatedAt], [t].[UpdatedBy], [t].[VoiceSampleId], [t0].[Id], [t0].[CreatedAt], [t0].[CreatedBy], [t0].[Description], [t0].[IsActive], [t0].[IsDeleted], [t0].[LogoUrl], [t0].[Name], [t0].[UpdatedAt], [t0].[UpdatedBy], [t0].[UserId]
FROM [PostSchedules] AS [p]
INNER JOIN (
    SELECT [p0].[Id], [p0].[ChannelAccountId], [p0].[CreatedAt], [p0].[CreatedBy], [p0].[DayNumber], [p0].[ExternalPostId], [p0].[IsDeleted], [p0].[ProjectId], [p0].[PublishedAt], [p0].[PublishedUrl], [p0].[ScheduledAt], [p0].[Status], [p0].[TimelineId], [p0].[Title], [p0].[TrackingEnabled], [p0].[UpdatedAt], [p0].[UpdatedBy], [p0].[VoiceSampleId]
    FROM [Posts] AS [p0]
    WHERE [p0].[IsDeleted] = CAST(0 AS bit)
) AS [t] ON [p].[PostId] = [t].[Id]
INNER JOIN (
    SELECT [p1].[Id], [p1].[CreatedAt], [p1].[CreatedBy], [p1].[Description], [p1].[IsActive], [p1].[IsDeleted], [p1].[LogoUrl], [p1].[Name], [p1].[UpdatedAt], [p1].[UpdatedBy], [p1].[UserId]
    FROM [Projects] AS [p1]
    WHERE [p1].[IsDeleted] = CAST(0 AS bit)
) AS [t0] ON [t].[ProjectId] = [t0].[Id]
WHERE [p].[IsDeleted] = CAST(0 AS bit) AND [t0].[UserId] = @__userId_0 AND [p].[Status] = 0 AND [p].[ScheduledAt] >= GETUTCDATE()
ORDER BY [p].[ScheduledAt]
2026-07-15 11:46:21.556 +07:00 [INF] Executed DbCommand (5ms) [Parameters=[@__p_1='?' (DbType = Int32), @__userId_0='?' (DbType = Guid)], CommandType='"Text"', CommandTimeout='30']
SELECT TOP(@__p_1) [a].[Id], [a].[Action], [a].[CreatedAt], [a].[CreatedBy], [a].[EntityId], [a].[EntityType], [a].[IpAddress], [a].[IsDeleted], [a].[NewValues], [a].[OldValues], [a].[UpdatedAt], [a].[UpdatedBy], [a].[UserAgent], [a].[UserId]
FROM [AuditLogs] AS [a]
WHERE [a].[IsDeleted] = CAST(0 AS bit) AND [a].[UserId] = @__userId_0
ORDER BY [a].[CreatedAt] DESC
2026-07-15 11:46:21.561 +07:00 [INF] Handled GetDashboardStatsQuery in 81ms
2026-07-15 11:46:21.562 +07:00 [INF] HTTP GET /api/dashboard/stats responded 200 in 89.9584ms
2026-07-15 11:46:28.159 +07:00 [INF] HTTP GET /api/workspace/projects started
2026-07-15 11:46:28.162 +07:00 [INF] Handling GetProjectsQuery {"$type":"GetProjectsQuery"}
2026-07-15 11:46:28.174 +07:00 [INF] Executed DbCommand (8ms) [Parameters=[@__userId_0='?' (DbType = Guid)], CommandType='"Text"', CommandTimeout='30']
SELECT [p].[Id], [p].[CreatedAt], [p].[CreatedBy], [p].[Description], [p].[IsActive], [p].[IsDeleted], [p].[LogoUrl], [p].[Name], [p].[UpdatedAt], [p].[UpdatedBy], [p].[UserId]
FROM [Projects] AS [p]
WHERE [p].[IsDeleted] = CAST(0 AS bit) AND [p].[UserId] = @__userId_0
2026-07-15 11:46:28.190 +07:00 [INF] Executed DbCommand (9ms) [Parameters=[@__userId_0='?' (DbType = Guid)], CommandType='"Text"', CommandTimeout='30']
SELECT [p].[Id], [p].[CreatedAt], [p].[CreatedBy], [p].[InvitedAt], [p].[IsDeleted], [p].[JoinedAt], [p].[ProjectId], [p].[Role], [p].[UpdatedAt], [p].[UpdatedBy], [p].[UserId]
FROM [ProjectMembers] AS [p]
WHERE [p].[IsDeleted] = CAST(0 AS bit) AND [p].[UserId] = @__userId_0
2026-07-15 11:46:28.201 +07:00 [INF] Executed DbCommand (8ms) [Parameters=[@__allProjectIds_0='?' (Size = 4000)], CommandType='"Text"', CommandTimeout='30']
SELECT [p].[Id], [p].[CreatedAt], [p].[CreatedBy], [p].[InvitedAt], [p].[IsDeleted], [p].[JoinedAt], [p].[ProjectId], [p].[Role], [p].[UpdatedAt], [p].[UpdatedBy], [p].[UserId]
FROM [ProjectMembers] AS [p]
WHERE [p].[IsDeleted] = CAST(0 AS bit) AND [p].[ProjectId] IN (
    SELECT [a].[value]
    FROM OPENJSON(@__allProjectIds_0) WITH ([value] uniqueidentifier '$') AS [a]
)
2026-07-15 11:46:28.205 +07:00 [INF] Handled GetProjectsQuery in 40ms
2026-07-15 11:46:28.207 +07:00 [INF] HTTP GET /api/workspace/projects responded 200 in 48.3335ms
2026-07-15 11:46:32.921 +07:00 [INF] HTTP GET /api/workspace/projects started
2026-07-15 11:46:32.924 +07:00 [INF] Handling GetProjectsQuery {"$type":"GetProjectsQuery"}
2026-07-15 11:46:32.928 +07:00 [INF] Executed DbCommand (1ms) [Parameters=[@__userId_0='?' (DbType = Guid)], CommandType='"Text"', CommandTimeout='30']
SELECT [p].[Id], [p].[CreatedAt], [p].[CreatedBy], [p].[Description], [p].[IsActive], [p].[IsDeleted], [p].[LogoUrl], [p].[Name], [p].[UpdatedAt], [p].[UpdatedBy], [p].[UserId]
FROM [Projects] AS [p]
WHERE [p].[IsDeleted] = CAST(0 AS bit) AND [p].[UserId] = @__userId_0
2026-07-15 11:46:32.935 +07:00 [INF] Executed DbCommand (1ms) [Parameters=[@__userId_0='?' (DbType = Guid)], CommandType='"Text"', CommandTimeout='30']
SELECT [p].[Id], [p].[CreatedAt], [p].[CreatedBy], [p].[InvitedAt], [p].[IsDeleted], [p].[JoinedAt], [p].[ProjectId], [p].[Role], [p].[UpdatedAt], [p].[UpdatedBy], [p].[UserId]
FROM [ProjectMembers] AS [p]
WHERE [p].[IsDeleted] = CAST(0 AS bit) AND [p].[UserId] = @__userId_0
2026-07-15 11:46:32.939 +07:00 [INF] Executed DbCommand (2ms) [Parameters=[@__allProjectIds_0='?' (Size = 4000)], CommandType='"Text"', CommandTimeout='30']
SELECT [p].[Id], [p].[CreatedAt], [p].[CreatedBy], [p].[InvitedAt], [p].[IsDeleted], [p].[JoinedAt], [p].[ProjectId], [p].[Role], [p].[UpdatedAt], [p].[UpdatedBy], [p].[UserId]
FROM [ProjectMembers] AS [p]
WHERE [p].[IsDeleted] = CAST(0 AS bit) AND [p].[ProjectId] IN (
    SELECT [a].[value]
    FROM OPENJSON(@__allProjectIds_0) WITH ([value] uniqueidentifier '$') AS [a]
)
2026-07-15 11:46:32.943 +07:00 [INF] Handled GetProjectsQuery in 17ms
2026-07-15 11:46:32.945 +07:00 [INF] HTTP GET /api/workspace/projects responded 200 in 24.1998ms
2026-07-15 11:46:34.331 +07:00 [INF] HTTP GET /api/workspace/projects started
2026-07-15 11:46:34.334 +07:00 [INF] Handling GetProjectsQuery {"$type":"GetProjectsQuery"}
2026-07-15 11:46:34.339 +07:00 [INF] Executed DbCommand (1ms) [Parameters=[@__userId_0='?' (DbType = Guid)], CommandType='"Text"', CommandTimeout='30']
SELECT [p].[Id], [p].[CreatedAt], [p].[CreatedBy], [p].[Description], [p].[IsActive], [p].[IsDeleted], [p].[LogoUrl], [p].[Name], [p].[UpdatedAt], [p].[UpdatedBy], [p].[UserId]
FROM [Projects] AS [p]
WHERE [p].[IsDeleted] = CAST(0 AS bit) AND [p].[UserId] = @__userId_0
2026-07-15 11:46:34.346 +07:00 [INF] Executed DbCommand (1ms) [Parameters=[@__userId_0='?' (DbType = Guid)], CommandType='"Text"', CommandTimeout='30']
SELECT [p].[Id], [p].[CreatedAt], [p].[CreatedBy], [p].[InvitedAt], [p].[IsDeleted], [p].[JoinedAt], [p].[ProjectId], [p].[Role], [p].[UpdatedAt], [p].[UpdatedBy], [p].[UserId]
FROM [ProjectMembers] AS [p]
WHERE [p].[IsDeleted] = CAST(0 AS bit) AND [p].[UserId] = @__userId_0
2026-07-15 11:46:34.350 +07:00 [INF] Executed DbCommand (1ms) [Parameters=[@__allProjectIds_0='?' (Size = 4000)], CommandType='"Text"', CommandTimeout='30']
SELECT [p].[Id], [p].[CreatedAt], [p].[CreatedBy], [p].[InvitedAt], [p].[IsDeleted], [p].[JoinedAt], [p].[ProjectId], [p].[Role], [p].[UpdatedAt], [p].[UpdatedBy], [p].[UserId]
FROM [ProjectMembers] AS [p]
WHERE [p].[IsDeleted] = CAST(0 AS bit) AND [p].[ProjectId] IN (
    SELECT [a].[value]
    FROM OPENJSON(@__allProjectIds_0) WITH ([value] uniqueidentifier '$') AS [a]
)
2026-07-15 11:46:34.352 +07:00 [INF] Handled GetProjectsQuery in 15ms
2026-07-15 11:46:34.354 +07:00 [INF] HTTP GET /api/workspace/projects responded 200 in 22.9821ms
2026-07-15 11:46:35.906 +07:00 [INF] HTTP GET /api/workspace/projects started
2026-07-15 11:46:35.909 +07:00 [INF] Handling GetProjectsQuery {"$type":"GetProjectsQuery"}
2026-07-15 11:46:35.914 +07:00 [INF] Executed DbCommand (2ms) [Parameters=[@__userId_0='?' (DbType = Guid)], CommandType='"Text"', CommandTimeout='30']
SELECT [p].[Id], [p].[CreatedAt], [p].[CreatedBy], [p].[Description], [p].[IsActive], [p].[IsDeleted], [p].[LogoUrl], [p].[Name], [p].[UpdatedAt], [p].[UpdatedBy], [p].[UserId]
FROM [Projects] AS [p]
WHERE [p].[IsDeleted] = CAST(0 AS bit) AND [p].[UserId] = @__userId_0
2026-07-15 11:46:35.921 +07:00 [INF] Executed DbCommand (1ms) [Parameters=[@__userId_0='?' (DbType = Guid)], CommandType='"Text"', CommandTimeout='30']
SELECT [p].[Id], [p].[CreatedAt], [p].[CreatedBy], [p].[InvitedAt], [p].[IsDeleted], [p].[JoinedAt], [p].[ProjectId], [p].[Role], [p].[UpdatedAt], [p].[UpdatedBy], [p].[UserId]
FROM [ProjectMembers] AS [p]
WHERE [p].[IsDeleted] = CAST(0 AS bit) AND [p].[UserId] = @__userId_0
2026-07-15 11:46:35.925 +07:00 [INF] Executed DbCommand (1ms) [Parameters=[@__allProjectIds_0='?' (Size = 4000)], CommandType='"Text"', CommandTimeout='30']
SELECT [p].[Id], [p].[CreatedAt], [p].[CreatedBy], [p].[InvitedAt], [p].[IsDeleted], [p].[JoinedAt], [p].[ProjectId], [p].[Role], [p].[UpdatedAt], [p].[UpdatedBy], [p].[UserId]
FROM [ProjectMembers] AS [p]
WHERE [p].[IsDeleted] = CAST(0 AS bit) AND [p].[ProjectId] IN (
    SELECT [a].[value]
    FROM OPENJSON(@__allProjectIds_0) WITH ([value] uniqueidentifier '$') AS [a]
)
2026-07-15 11:46:35.927 +07:00 [INF] Handled GetProjectsQuery in 15ms
2026-07-15 11:46:35.928 +07:00 [INF] HTTP GET /api/workspace/projects responded 200 in 21.5412ms
2026-07-15 11:46:36.890 +07:00 [INF] HTTP GET /api/Ai/prompts started
2026-07-15 11:46:36.898 +07:00 [INF] Executed DbCommand (5ms) [Parameters=[@__userId_0='?' (DbType = Guid)], CommandType='"Text"', CommandTimeout='30']
SELECT [a].[Id], [a].[Category], [a].[CreatedAt], [a].[CreatedBy], [a].[IsDeleted], [a].[IsSystem], [a].[Name], [a].[ProjectId], [a].[Template], [a].[UpdatedAt], [a].[UpdatedBy], [a].[UserId]
FROM [AiPrompts] AS [a]
WHERE [a].[IsDeleted] = CAST(0 AS bit) AND ([a].[UserId] = @__userId_0 OR [a].[IsSystem] = CAST(1 AS bit))
ORDER BY [a].[Name]
2026-07-15 11:46:36.900 +07:00 [INF] HTTP GET /api/Ai/prompts responded 200 in 10.049ms
2026-07-15 11:46:36.920 +07:00 [INF] HTTP GET /api/Ai/history started
2026-07-15 11:46:36.924 +07:00 [INF] Handling GetAiHistoryQuery {"PageNumber":1,"PageSize":10,"$type":"GetAiHistoryQuery"}
2026-07-15 11:46:36.933 +07:00 [INF] Executed DbCommand (5ms) [Parameters=[@__userId_0='?' (DbType = Guid), @__p_1='?' (DbType = Int32), @__p_2='?' (DbType = Int32)], CommandType='"Text"', CommandTimeout='30']
SELECT [t].[Id], [t].[AiPromptId], [t].[CreatedAt], [t].[CreatedBy], [t].[ErrorMessage], [t].[Input], [t].[IsDeleted], [t].[Output], [t].[ProjectId], [t].[Status], [t].[TokensUsed], [t].[UpdatedAt], [t].[UpdatedBy], [t].[UserId], [t0].[Id], [t0].[Category], [t0].[CreatedAt], [t0].[CreatedBy], [t0].[IsDeleted], [t0].[IsSystem], [t0].[Name], [t0].[ProjectId], [t0].[Template], [t0].[UpdatedAt], [t0].[UpdatedBy], [t0].[UserId]
FROM (
    SELECT [a].[Id], [a].[AiPromptId], [a].[CreatedAt], [a].[CreatedBy], [a].[ErrorMessage], [a].[Input], [a].[IsDeleted], [a].[Output], [a].[ProjectId], [a].[Status], [a].[TokensUsed], [a].[UpdatedAt], [a].[UpdatedBy], [a].[UserId]
    FROM [AiGeneratedContents] AS [a]
    WHERE [a].[IsDeleted] = CAST(0 AS bit) AND [a].[UserId] = @__userId_0
    ORDER BY [a].[CreatedAt] DESC
    OFFSET @__p_1 ROWS FETCH NEXT @__p_2 ROWS ONLY
) AS [t]
INNER JOIN (
    SELECT [a0].[Id], [a0].[Category], [a0].[CreatedAt], [a0].[CreatedBy], [a0].[IsDeleted], [a0].[IsSystem], [a0].[Name], [a0].[ProjectId], [a0].[Template], [a0].[UpdatedAt], [a0].[UpdatedBy], [a0].[UserId]
    FROM [AiPrompts] AS [a0]
    WHERE [a0].[IsDeleted] = CAST(0 AS bit)
) AS [t0] ON [t].[AiPromptId] = [t0].[Id]
ORDER BY [t].[CreatedAt] DESC
2026-07-15 11:46:36.936 +07:00 [INF] Executed DbCommand (1ms) [Parameters=[@__userId_0='?' (DbType = Guid)], CommandType='"Text"', CommandTimeout='30']
SELECT COUNT(*)
FROM [AiGeneratedContents] AS [a]
WHERE [a].[IsDeleted] = CAST(0 AS bit) AND [a].[UserId] = @__userId_0
2026-07-15 11:46:36.939 +07:00 [INF] Handled GetAiHistoryQuery in 11ms
2026-07-15 11:46:36.941 +07:00 [INF] HTTP GET /api/Ai/history responded 200 in 20.8181ms
2026-07-15 11:47:00.885 +07:00 [INF] Executed DbCommand (6ms) [Parameters=[@__before_0='?' (DbType = DateTime2)], CommandType='"Text"', CommandTimeout='30']
SELECT [p].[Id], [p].[CreatedAt], [p].[CreatedBy], [p].[ExecutedAt], [p].[FailureReason], [p].[IsDeleted], [p].[PostChannelAccountId], [p].[PostId], [p].[RetryCount], [p].[ScheduledAt], [p].[Status], [p].[UpdatedAt], [p].[UpdatedBy], [t].[Id], [t].[ChannelAccountId], [t].[CreatedAt], [t].[CreatedBy], [t].[DayNumber], [t].[ExternalPostId], [t].[IsDeleted], [t].[ProjectId], [t].[PublishedAt], [t].[PublishedUrl], [t].[ScheduledAt], [t].[Status], [t].[TimelineId], [t].[Title], [t].[TrackingEnabled], [t].[UpdatedAt], [t].[UpdatedBy], [t].[VoiceSampleId], [t0].[Id], [t0].[Content], [t0].[ContentType], [t0].[CreatedAt], [t0].[CreatedBy], [t0].[IsDeleted], [t0].[MediaFileId], [t0].[PostId], [t0].[SortOrder], [t0].[UpdatedAt], [t0].[UpdatedBy]
FROM [PostSchedules] AS [p]
INNER JOIN (
    SELECT [p0].[Id], [p0].[ChannelAccountId], [p0].[CreatedAt], [p0].[CreatedBy], [p0].[DayNumber], [p0].[ExternalPostId], [p0].[IsDeleted], [p0].[ProjectId], [p0].[PublishedAt], [p0].[PublishedUrl], [p0].[ScheduledAt], [p0].[Status], [p0].[TimelineId], [p0].[Title], [p0].[TrackingEnabled], [p0].[UpdatedAt], [p0].[UpdatedBy], [p0].[VoiceSampleId]
    FROM [Posts] AS [p0]
    WHERE [p0].[IsDeleted] = CAST(0 AS bit)
) AS [t] ON [p].[PostId] = [t].[Id]
LEFT JOIN (
    SELECT [p1].[Id], [p1].[Content], [p1].[ContentType], [p1].[CreatedAt], [p1].[CreatedBy], [p1].[IsDeleted], [p1].[MediaFileId], [p1].[PostId], [p1].[SortOrder], [p1].[UpdatedAt], [p1].[UpdatedBy]
    FROM [PostContents] AS [p1]
    WHERE [p1].[IsDeleted] = CAST(0 AS bit)
) AS [t0] ON [t].[Id] = [t0].[PostId]
WHERE [p].[IsDeleted] = CAST(0 AS bit) AND [p].[Status] = 0 AND [p].[ScheduledAt] <= @__before_0
ORDER BY [p].[ScheduledAt], [p].[Id], [t].[Id]
2026-07-15 11:47:21.131 +07:00 [INF] HTTP GET /api/workspace/projects started
2026-07-15 11:47:21.135 +07:00 [INF] Handling GetProjectsQuery {"$type":"GetProjectsQuery"}
2026-07-15 11:47:21.142 +07:00 [INF] Executed DbCommand (3ms) [Parameters=[@__userId_0='?' (DbType = Guid)], CommandType='"Text"', CommandTimeout='30']
SELECT [p].[Id], [p].[CreatedAt], [p].[CreatedBy], [p].[Description], [p].[IsActive], [p].[IsDeleted], [p].[LogoUrl], [p].[Name], [p].[UpdatedAt], [p].[UpdatedBy], [p].[UserId]
FROM [Projects] AS [p]
WHERE [p].[IsDeleted] = CAST(0 AS bit) AND [p].[UserId] = @__userId_0
2026-07-15 11:47:21.151 +07:00 [INF] Executed DbCommand (1ms) [Parameters=[@__userId_0='?' (DbType = Guid)], CommandType='"Text"', CommandTimeout='30']
SELECT [p].[Id], [p].[CreatedAt], [p].[CreatedBy], [p].[InvitedAt], [p].[IsDeleted], [p].[JoinedAt], [p].[ProjectId], [p].[Role], [p].[UpdatedAt], [p].[UpdatedBy], [p].[UserId]
FROM [ProjectMembers] AS [p]
WHERE [p].[IsDeleted] = CAST(0 AS bit) AND [p].[UserId] = @__userId_0
2026-07-15 11:47:21.155 +07:00 [INF] Executed DbCommand (1ms) [Parameters=[@__allProjectIds_0='?' (Size = 4000)], CommandType='"Text"', CommandTimeout='30']
SELECT [p].[Id], [p].[CreatedAt], [p].[CreatedBy], [p].[InvitedAt], [p].[IsDeleted], [p].[JoinedAt], [p].[ProjectId], [p].[Role], [p].[UpdatedAt], [p].[UpdatedBy], [p].[UserId]
FROM [ProjectMembers] AS [p]
WHERE [p].[IsDeleted] = CAST(0 AS bit) AND [p].[ProjectId] IN (
    SELECT [a].[value]
    FROM OPENJSON(@__allProjectIds_0) WITH ([value] uniqueidentifier '$') AS [a]
)
2026-07-15 11:47:21.158 +07:00 [INF] Handled GetProjectsQuery in 20ms
2026-07-15 11:47:21.159 +07:00 [INF] HTTP GET /api/workspace/projects responded 200 in 28.3115ms
2026-07-15 11:47:24.088 +07:00 [INF] HTTP GET /api/credits started
2026-07-15 11:47:24.105 +07:00 [INF] HTTP GET /api/credits/transactions started
2026-07-15 11:47:24.128 +07:00 [INF] Executed DbCommand (18ms) [Parameters=[@__userId_0='?' (DbType = Guid)], CommandType='"Text"', CommandTimeout='30']
SELECT [t].[Id], [t].[Balance], [t].[CreatedAt], [t].[CreatedBy], [t].[IsDeleted], [t].[TotalEarned], [t].[TotalUsed], [t].[UpdatedAt], [t].[UpdatedBy], [t].[UserId], [t0].[Id], [t0].[Amount], [t0].[BalanceAfter], [t0].[CreatedAt], [t0].[CreatedBy], [t0].[CreditId], [t0].[Description], [t0].[IsDeleted], [t0].[ReferenceId], [t0].[ReferenceType], [t0].[Type], [t0].[UpdatedAt], [t0].[UpdatedBy], [t0].[UserId]
FROM (
    SELECT TOP(1) [c].[Id], [c].[Balance], [c].[CreatedAt], [c].[CreatedBy], [c].[IsDeleted], [c].[TotalEarned], [c].[TotalUsed], [c].[UpdatedAt], [c].[UpdatedBy], [c].[UserId]
    FROM [Credits] AS [c]
    WHERE [c].[IsDeleted] = CAST(0 AS bit) AND [c].[UserId] = @__userId_0
) AS [t]
LEFT JOIN (
    SELECT [c0].[Id], [c0].[Amount], [c0].[BalanceAfter], [c0].[CreatedAt], [c0].[CreatedBy], [c0].[CreditId], [c0].[Description], [c0].[IsDeleted], [c0].[ReferenceId], [c0].[ReferenceType], [c0].[Type], [c0].[UpdatedAt], [c0].[UpdatedBy], [c0].[UserId]
    FROM [CreditTransactions] AS [c0]
    WHERE [c0].[IsDeleted] = CAST(0 AS bit)
) AS [t0] ON [t].[Id] = [t0].[CreditId]
ORDER BY [t].[Id]
2026-07-15 11:47:24.138 +07:00 [INF] Executed DbCommand (4ms) [Parameters=[@__userId_0='?' (DbType = Guid), @__p_1='?' (DbType = Int32), @__p_2='?' (DbType = Int32)], CommandType='"Text"', CommandTimeout='30']
SELECT [c].[Id], [c].[Amount], [c].[BalanceAfter], [c].[CreatedAt], [c].[CreatedBy], [c].[CreditId], [c].[Description], [c].[IsDeleted], [c].[ReferenceId], [c].[ReferenceType], [c].[Type], [c].[UpdatedAt], [c].[UpdatedBy], [c].[UserId]
FROM [CreditTransactions] AS [c]
WHERE [c].[IsDeleted] = CAST(0 AS bit) AND [c].[UserId] = @__userId_0
ORDER BY [c].[CreatedAt] DESC
OFFSET @__p_1 ROWS FETCH NEXT @__p_2 ROWS ONLY
2026-07-15 11:47:24.139 +07:00 [INF] HTTP GET /api/credits responded 200 in 50.9077ms
2026-07-15 11:47:24.150 +07:00 [INF] Executed DbCommand (4ms) [Parameters=[@__userId_0='?' (DbType = Guid)], CommandType='"Text"', CommandTimeout='30']
SELECT COUNT(*)
FROM [CreditTransactions] AS [c]
WHERE [c].[IsDeleted] = CAST(0 AS bit) AND [c].[UserId] = @__userId_0
2026-07-15 11:47:24.155 +07:00 [INF] HTTP GET /api/credits/transactions responded 200 in 50.6139ms
2026-07-15 11:47:26.925 +07:00 [INF] HTTP GET /api/Notifications started
2026-07-15 11:47:26.943 +07:00 [INF] Executed DbCommand (14ms) [Parameters=[@__userId_0='?' (DbType = Guid), @__p_1='?' (DbType = Int32), @__p_2='?' (DbType = Int32)], CommandType='"Text"', CommandTimeout='30']
SELECT [n].[Id], [n].[CreatedAt], [n].[CreatedBy], [n].[IsDeleted], [n].[IsRead], [n].[Message], [n].[ReadAt], [n].[ReferenceId], [n].[ReferenceType], [n].[Title], [n].[Type], [n].[UpdatedAt], [n].[UpdatedBy], [n].[UserId]
FROM [Notifications] AS [n]
WHERE [n].[IsDeleted] = CAST(0 AS bit) AND [n].[UserId] = @__userId_0
ORDER BY [n].[CreatedAt] DESC
OFFSET @__p_1 ROWS FETCH NEXT @__p_2 ROWS ONLY
2026-07-15 11:47:26.949 +07:00 [INF] Executed DbCommand (3ms) [Parameters=[@__userId_0='?' (DbType = Guid)], CommandType='"Text"', CommandTimeout='30']
SELECT COUNT(*)
FROM [Notifications] AS [n]
WHERE [n].[IsDeleted] = CAST(0 AS bit) AND [n].[UserId] = @__userId_0
2026-07-15 11:47:26.951 +07:00 [INF] HTTP GET /api/Notifications responded 200 in 26.0755ms
2026-07-15 11:47:31.995 +07:00 [INF] HTTP GET /api/Ai/prompts started
2026-07-15 11:47:32.004 +07:00 [INF] Executed DbCommand (6ms) [Parameters=[@__userId_0='?' (DbType = Guid)], CommandType='"Text"', CommandTimeout='30']
SELECT [a].[Id], [a].[Category], [a].[CreatedAt], [a].[CreatedBy], [a].[IsDeleted], [a].[IsSystem], [a].[Name], [a].[ProjectId], [a].[Template], [a].[UpdatedAt], [a].[UpdatedBy], [a].[UserId]
FROM [AiPrompts] AS [a]
WHERE [a].[IsDeleted] = CAST(0 AS bit) AND ([a].[UserId] = @__userId_0 OR [a].[IsSystem] = CAST(1 AS bit))
ORDER BY [a].[Name]
2026-07-15 11:47:32.008 +07:00 [INF] HTTP GET /api/Ai/prompts responded 200 in 12.9674ms
2026-07-15 11:47:32.030 +07:00 [INF] HTTP GET /api/Ai/history started
2026-07-15 11:47:32.034 +07:00 [INF] Handling GetAiHistoryQuery {"PageNumber":1,"PageSize":10,"$type":"GetAiHistoryQuery"}
2026-07-15 11:47:32.043 +07:00 [INF] Executed DbCommand (5ms) [Parameters=[@__userId_0='?' (DbType = Guid), @__p_1='?' (DbType = Int32), @__p_2='?' (DbType = Int32)], CommandType='"Text"', CommandTimeout='30']
SELECT [t].[Id], [t].[AiPromptId], [t].[CreatedAt], [t].[CreatedBy], [t].[ErrorMessage], [t].[Input], [t].[IsDeleted], [t].[Output], [t].[ProjectId], [t].[Status], [t].[TokensUsed], [t].[UpdatedAt], [t].[UpdatedBy], [t].[UserId], [t0].[Id], [t0].[Category], [t0].[CreatedAt], [t0].[CreatedBy], [t0].[IsDeleted], [t0].[IsSystem], [t0].[Name], [t0].[ProjectId], [t0].[Template], [t0].[UpdatedAt], [t0].[UpdatedBy], [t0].[UserId]
FROM (
    SELECT [a].[Id], [a].[AiPromptId], [a].[CreatedAt], [a].[CreatedBy], [a].[ErrorMessage], [a].[Input], [a].[IsDeleted], [a].[Output], [a].[ProjectId], [a].[Status], [a].[TokensUsed], [a].[UpdatedAt], [a].[UpdatedBy], [a].[UserId]
    FROM [AiGeneratedContents] AS [a]
    WHERE [a].[IsDeleted] = CAST(0 AS bit) AND [a].[UserId] = @__userId_0
    ORDER BY [a].[CreatedAt] DESC
    OFFSET @__p_1 ROWS FETCH NEXT @__p_2 ROWS ONLY
) AS [t]
INNER JOIN (
    SELECT [a0].[Id], [a0].[Category], [a0].[CreatedAt], [a0].[CreatedBy], [a0].[IsDeleted], [a0].[IsSystem], [a0].[Name], [a0].[ProjectId], [a0].[Template], [a0].[UpdatedAt], [a0].[UpdatedBy], [a0].[UserId]
    FROM [AiPrompts] AS [a0]
    WHERE [a0].[IsDeleted] = CAST(0 AS bit)
) AS [t0] ON [t].[AiPromptId] = [t0].[Id]
ORDER BY [t].[CreatedAt] DESC
2026-07-15 11:47:32.048 +07:00 [INF] Executed DbCommand (2ms) [Parameters=[@__userId_0='?' (DbType = Guid)], CommandType='"Text"', CommandTimeout='30']
SELECT COUNT(*)
FROM [AiGeneratedContents] AS [a]
WHERE [a].[IsDeleted] = CAST(0 AS bit) AND [a].[UserId] = @__userId_0
2026-07-15 11:47:32.050 +07:00 [INF] Handled GetAiHistoryQuery in 13ms
2026-07-15 11:47:32.053 +07:00 [INF] HTTP GET /api/Ai/history responded 200 in 22.6742ms
2026-07-15 11:47:44.085 +07:00 [INF] HTTP GET /api/dashboard/stats started
2026-07-15 11:47:44.088 +07:00 [INF] Handling GetDashboardStatsQuery {"$type":"GetDashboardStatsQuery"}
2026-07-15 11:47:44.100 +07:00 [INF] Executed DbCommand (8ms) [Parameters=[@__userId_0='?' (DbType = Guid)], CommandType='"Text"', CommandTimeout='30']
SELECT [p].[Id], [p].[ChannelAccountId], [p].[CreatedAt], [p].[CreatedBy], [p].[DayNumber], [p].[ExternalPostId], [p].[IsDeleted], [p].[ProjectId], [p].[PublishedAt], [p].[PublishedUrl], [p].[ScheduledAt], [p].[Status], [p].[TimelineId], [p].[Title], [p].[TrackingEnabled], [p].[UpdatedAt], [p].[UpdatedBy], [p].[VoiceSampleId], [t].[Id], [t].[CreatedAt], [t].[CreatedBy], [t].[Description], [t].[IsActive], [t].[IsDeleted], [t].[LogoUrl], [t].[Name], [t].[UpdatedAt], [t].[UpdatedBy], [t].[UserId]
FROM [Posts] AS [p]
INNER JOIN (
    SELECT [p0].[Id], [p0].[CreatedAt], [p0].[CreatedBy], [p0].[Description], [p0].[IsActive], [p0].[IsDeleted], [p0].[LogoUrl], [p0].[Name], [p0].[UpdatedAt], [p0].[UpdatedBy], [p0].[UserId]
    FROM [Projects] AS [p0]
    WHERE [p0].[IsDeleted] = CAST(0 AS bit)
) AS [t] ON [p].[ProjectId] = [t].[Id]
WHERE [p].[IsDeleted] = CAST(0 AS bit) AND [t].[UserId] = @__userId_0
ORDER BY [p].[CreatedAt] DESC
2026-07-15 11:47:44.106 +07:00 [INF] Executed DbCommand (4ms) [Parameters=[@__userId_0='?' (DbType = Guid), @__today_1='?' (DbType = DateTime2), @__tomorrow_2='?' (DbType = DateTime2)], CommandType='"Text"', CommandTimeout='30']
SELECT COUNT(*)
FROM [Posts] AS [p]
INNER JOIN (
    SELECT [p0].[Id], [p0].[UserId]
    FROM [Projects] AS [p0]
    WHERE [p0].[IsDeleted] = CAST(0 AS bit)
) AS [t] ON [p].[ProjectId] = [t].[Id]
WHERE [p].[IsDeleted] = CAST(0 AS bit) AND [t].[UserId] = @__userId_0 AND [p].[Status] = 3 AND [p].[PublishedAt] >= @__today_1 AND [p].[PublishedAt] < @__tomorrow_2
2026-07-15 11:47:44.109 +07:00 [INF] Executed DbCommand (1ms) [Parameters=[@__userId_0='?' (DbType = Guid)], CommandType='"Text"', CommandTimeout='30']
SELECT COUNT(*)
FROM [AiGeneratedContents] AS [a]
WHERE [a].[IsDeleted] = CAST(0 AS bit) AND [a].[UserId] = @__userId_0
2026-07-15 11:47:44.121 +07:00 [INF] Executed DbCommand (8ms) [Parameters=[@__userId_0='?' (DbType = Guid)], CommandType='"Text"', CommandTimeout='30']
SELECT [t].[Id], [t].[Balance], [t].[CreatedAt], [t].[CreatedBy], [t].[IsDeleted], [t].[TotalEarned], [t].[TotalUsed], [t].[UpdatedAt], [t].[UpdatedBy], [t].[UserId], [t0].[Id], [t0].[Amount], [t0].[BalanceAfter], [t0].[CreatedAt], [t0].[CreatedBy], [t0].[CreditId], [t0].[Description], [t0].[IsDeleted], [t0].[ReferenceId], [t0].[ReferenceType], [t0].[Type], [t0].[UpdatedAt], [t0].[UpdatedBy], [t0].[UserId]
FROM (
    SELECT TOP(1) [c].[Id], [c].[Balance], [c].[CreatedAt], [c].[CreatedBy], [c].[IsDeleted], [c].[TotalEarned], [c].[TotalUsed], [c].[UpdatedAt], [c].[UpdatedBy], [c].[UserId]
    FROM [Credits] AS [c]
    WHERE [c].[IsDeleted] = CAST(0 AS bit) AND [c].[UserId] = @__userId_0
) AS [t]
LEFT JOIN (
    SELECT [c0].[Id], [c0].[Amount], [c0].[BalanceAfter], [c0].[CreatedAt], [c0].[CreatedBy], [c0].[CreditId], [c0].[Description], [c0].[IsDeleted], [c0].[ReferenceId], [c0].[ReferenceType], [c0].[Type], [c0].[UpdatedAt], [c0].[UpdatedBy], [c0].[UserId]
    FROM [CreditTransactions] AS [c0]
    WHERE [c0].[IsDeleted] = CAST(0 AS bit)
) AS [t0] ON [t].[Id] = [t0].[CreditId]
ORDER BY [t].[Id]
2026-07-15 11:47:44.125 +07:00 [INF] Executed DbCommand (2ms) [Parameters=[@__userId_0='?' (DbType = Guid)], CommandType='"Text"', CommandTimeout='30']
SELECT COUNT(*)
FROM [Projects] AS [p]
WHERE [p].[IsDeleted] = CAST(0 AS bit) AND [p].[UserId] = @__userId_0
2026-07-15 11:47:44.138 +07:00 [INF] Executed DbCommand (9ms) [Parameters=[@__p_1='?' (DbType = Int32), @__userId_0='?' (DbType = Guid)], CommandType='"Text"', CommandTimeout='30']
SELECT TOP(@__p_1) [p].[Id], [p].[CreatedAt], [p].[CreatedBy], [p].[ExecutedAt], [p].[FailureReason], [p].[IsDeleted], [p].[PostChannelAccountId], [p].[PostId], [p].[RetryCount], [p].[ScheduledAt], [p].[Status], [p].[UpdatedAt], [p].[UpdatedBy], [t].[Id], [t].[ChannelAccountId], [t].[CreatedAt], [t].[CreatedBy], [t].[DayNumber], [t].[ExternalPostId], [t].[IsDeleted], [t].[ProjectId], [t].[PublishedAt], [t].[PublishedUrl], [t].[ScheduledAt], [t].[Status], [t].[TimelineId], [t].[Title], [t].[TrackingEnabled], [t].[UpdatedAt], [t].[UpdatedBy], [t].[VoiceSampleId], [t0].[Id], [t0].[CreatedAt], [t0].[CreatedBy], [t0].[Description], [t0].[IsActive], [t0].[IsDeleted], [t0].[LogoUrl], [t0].[Name], [t0].[UpdatedAt], [t0].[UpdatedBy], [t0].[UserId]
FROM [PostSchedules] AS [p]
INNER JOIN (
    SELECT [p0].[Id], [p0].[ChannelAccountId], [p0].[CreatedAt], [p0].[CreatedBy], [p0].[DayNumber], [p0].[ExternalPostId], [p0].[IsDeleted], [p0].[ProjectId], [p0].[PublishedAt], [p0].[PublishedUrl], [p0].[ScheduledAt], [p0].[Status], [p0].[TimelineId], [p0].[Title], [p0].[TrackingEnabled], [p0].[UpdatedAt], [p0].[UpdatedBy], [p0].[VoiceSampleId]
    FROM [Posts] AS [p0]
    WHERE [p0].[IsDeleted] = CAST(0 AS bit)
) AS [t] ON [p].[PostId] = [t].[Id]
INNER JOIN (
    SELECT [p1].[Id], [p1].[CreatedAt], [p1].[CreatedBy], [p1].[Description], [p1].[IsActive], [p1].[IsDeleted], [p1].[LogoUrl], [p1].[Name], [p1].[UpdatedAt], [p1].[UpdatedBy], [p1].[UserId]
    FROM [Projects] AS [p1]
    WHERE [p1].[IsDeleted] = CAST(0 AS bit)
) AS [t0] ON [t].[ProjectId] = [t0].[Id]
WHERE [p].[IsDeleted] = CAST(0 AS bit) AND [t0].[UserId] = @__userId_0 AND [p].[Status] = 0 AND [p].[ScheduledAt] >= GETUTCDATE()
ORDER BY [p].[ScheduledAt]
2026-07-15 11:47:44.144 +07:00 [INF] Executed DbCommand (2ms) [Parameters=[@__p_1='?' (DbType = Int32), @__userId_0='?' (DbType = Guid)], CommandType='"Text"', CommandTimeout='30']
SELECT TOP(@__p_1) [a].[Id], [a].[Action], [a].[CreatedAt], [a].[CreatedBy], [a].[EntityId], [a].[EntityType], [a].[IpAddress], [a].[IsDeleted], [a].[NewValues], [a].[OldValues], [a].[UpdatedAt], [a].[UpdatedBy], [a].[UserAgent], [a].[UserId]
FROM [AuditLogs] AS [a]
WHERE [a].[IsDeleted] = CAST(0 AS bit) AND [a].[UserId] = @__userId_0
ORDER BY [a].[CreatedAt] DESC
2026-07-15 11:47:44.147 +07:00 [INF] Handled GetDashboardStatsQuery in 57ms
2026-07-15 11:47:44.149 +07:00 [INF] HTTP GET /api/dashboard/stats responded 200 in 63.6067ms
2026-07-15 11:47:48.220 +07:00 [INF] HTTP GET /api/workspace/projects started
2026-07-15 11:47:48.225 +07:00 [INF] Handling GetProjectsQuery {"$type":"GetProjectsQuery"}
2026-07-15 11:47:48.231 +07:00 [INF] Executed DbCommand (3ms) [Parameters=[@__userId_0='?' (DbType = Guid)], CommandType='"Text"', CommandTimeout='30']
SELECT [p].[Id], [p].[CreatedAt], [p].[CreatedBy], [p].[Description], [p].[IsActive], [p].[IsDeleted], [p].[LogoUrl], [p].[Name], [p].[UpdatedAt], [p].[UpdatedBy], [p].[UserId]
FROM [Projects] AS [p]
WHERE [p].[IsDeleted] = CAST(0 AS bit) AND [p].[UserId] = @__userId_0
2026-07-15 11:47:48.238 +07:00 [INF] Executed DbCommand (4ms) [Parameters=[@__userId_0='?' (DbType = Guid)], CommandType='"Text"', CommandTimeout='30']
SELECT [p].[Id], [p].[CreatedAt], [p].[CreatedBy], [p].[InvitedAt], [p].[IsDeleted], [p].[JoinedAt], [p].[ProjectId], [p].[Role], [p].[UpdatedAt], [p].[UpdatedBy], [p].[UserId]
FROM [ProjectMembers] AS [p]
WHERE [p].[IsDeleted] = CAST(0 AS bit) AND [p].[UserId] = @__userId_0
2026-07-15 11:47:48.245 +07:00 [INF] Executed DbCommand (5ms) [Parameters=[@__allProjectIds_0='?' (Size = 4000)], CommandType='"Text"', CommandTimeout='30']
SELECT [p].[Id], [p].[CreatedAt], [p].[CreatedBy], [p].[InvitedAt], [p].[IsDeleted], [p].[JoinedAt], [p].[ProjectId], [p].[Role], [p].[UpdatedAt], [p].[UpdatedBy], [p].[UserId]
FROM [ProjectMembers] AS [p]
WHERE [p].[IsDeleted] = CAST(0 AS bit) AND [p].[ProjectId] IN (
    SELECT [a].[value]
    FROM OPENJSON(@__allProjectIds_0) WITH ([value] uniqueidentifier '$') AS [a]
)
2026-07-15 11:47:48.247 +07:00 [INF] Handled GetProjectsQuery in 20ms
2026-07-15 11:47:48.249 +07:00 [INF] HTTP GET /api/workspace/projects responded 200 in 28.7087ms
2026-07-15 11:47:50.648 +07:00 [INF] HTTP GET /api/workspace/projects started
2026-07-15 11:47:50.650 +07:00 [INF] Handling GetProjectsQuery {"$type":"GetProjectsQuery"}
2026-07-15 11:47:50.656 +07:00 [INF] Executed DbCommand (1ms) [Parameters=[@__userId_0='?' (DbType = Guid)], CommandType='"Text"', CommandTimeout='30']
SELECT [p].[Id], [p].[CreatedAt], [p].[CreatedBy], [p].[Description], [p].[IsActive], [p].[IsDeleted], [p].[LogoUrl], [p].[Name], [p].[UpdatedAt], [p].[UpdatedBy], [p].[UserId]
FROM [Projects] AS [p]
WHERE [p].[IsDeleted] = CAST(0 AS bit) AND [p].[UserId] = @__userId_0
2026-07-15 11:47:50.663 +07:00 [INF] Executed DbCommand (1ms) [Parameters=[@__userId_0='?' (DbType = Guid)], CommandType='"Text"', CommandTimeout='30']
SELECT [p].[Id], [p].[CreatedAt], [p].[CreatedBy], [p].[InvitedAt], [p].[IsDeleted], [p].[JoinedAt], [p].[ProjectId], [p].[Role], [p].[UpdatedAt], [p].[UpdatedBy], [p].[UserId]
FROM [ProjectMembers] AS [p]
WHERE [p].[IsDeleted] = CAST(0 AS bit) AND [p].[UserId] = @__userId_0
2026-07-15 11:47:50.667 +07:00 [INF] Executed DbCommand (1ms) [Parameters=[@__allProjectIds_0='?' (Size = 4000)], CommandType='"Text"', CommandTimeout='30']
SELECT [p].[Id], [p].[CreatedAt], [p].[CreatedBy], [p].[InvitedAt], [p].[IsDeleted], [p].[JoinedAt], [p].[ProjectId], [p].[Role], [p].[UpdatedAt], [p].[UpdatedBy], [p].[UserId]
FROM [ProjectMembers] AS [p]
WHERE [p].[IsDeleted] = CAST(0 AS bit) AND [p].[ProjectId] IN (
    SELECT [a].[value]
    FROM OPENJSON(@__allProjectIds_0) WITH ([value] uniqueidentifier '$') AS [a]
)
2026-07-15 11:47:50.669 +07:00 [INF] Handled GetProjectsQuery in 15ms
2026-07-15 11:47:50.670 +07:00 [INF] HTTP GET /api/workspace/projects responded 200 in 22.6406ms
2026-07-15 11:47:51.699 +07:00 [INF] HTTP GET /api/workspace/projects started
2026-07-15 11:47:51.702 +07:00 [INF] Handling GetProjectsQuery {"$type":"GetProjectsQuery"}
2026-07-15 11:47:51.705 +07:00 [INF] Executed DbCommand (1ms) [Parameters=[@__userId_0='?' (DbType = Guid)], CommandType='"Text"', CommandTimeout='30']
SELECT [p].[Id], [p].[CreatedAt], [p].[CreatedBy], [p].[Description], [p].[IsActive], [p].[IsDeleted], [p].[LogoUrl], [p].[Name], [p].[UpdatedAt], [p].[UpdatedBy], [p].[UserId]
FROM [Projects] AS [p]
WHERE [p].[IsDeleted] = CAST(0 AS bit) AND [p].[UserId] = @__userId_0
2026-07-15 11:47:51.711 +07:00 [INF] Executed DbCommand (1ms) [Parameters=[@__userId_0='?' (DbType = Guid)], CommandType='"Text"', CommandTimeout='30']
SELECT [p].[Id], [p].[CreatedAt], [p].[CreatedBy], [p].[InvitedAt], [p].[IsDeleted], [p].[JoinedAt], [p].[ProjectId], [p].[Role], [p].[UpdatedAt], [p].[UpdatedBy], [p].[UserId]
FROM [ProjectMembers] AS [p]
WHERE [p].[IsDeleted] = CAST(0 AS bit) AND [p].[UserId] = @__userId_0
2026-07-15 11:47:51.715 +07:00 [INF] Executed DbCommand (1ms) [Parameters=[@__allProjectIds_0='?' (Size = 4000)], CommandType='"Text"', CommandTimeout='30']
SELECT [p].[Id], [p].[CreatedAt], [p].[CreatedBy], [p].[InvitedAt], [p].[IsDeleted], [p].[JoinedAt], [p].[ProjectId], [p].[Role], [p].[UpdatedAt], [p].[UpdatedBy], [p].[UserId]
FROM [ProjectMembers] AS [p]
WHERE [p].[IsDeleted] = CAST(0 AS bit) AND [p].[ProjectId] IN (
    SELECT [a].[value]
    FROM OPENJSON(@__allProjectIds_0) WITH ([value] uniqueidentifier '$') AS [a]
)
2026-07-15 11:47:51.717 +07:00 [INF] Handled GetProjectsQuery in 14ms
2026-07-15 11:47:51.719 +07:00 [INF] HTTP GET /api/workspace/projects responded 200 in 20.4313ms
2026-07-15 11:47:58.005 +07:00 [INF] HTTP GET /api/workspace/projects started
2026-07-15 11:47:58.007 +07:00 [INF] Handling GetProjectsQuery {"$type":"GetProjectsQuery"}
2026-07-15 11:47:58.012 +07:00 [INF] Executed DbCommand (1ms) [Parameters=[@__userId_0='?' (DbType = Guid)], CommandType='"Text"', CommandTimeout='30']
SELECT [p].[Id], [p].[CreatedAt], [p].[CreatedBy], [p].[Description], [p].[IsActive], [p].[IsDeleted], [p].[LogoUrl], [p].[Name], [p].[UpdatedAt], [p].[UpdatedBy], [p].[UserId]
FROM [Projects] AS [p]
WHERE [p].[IsDeleted] = CAST(0 AS bit) AND [p].[UserId] = @__userId_0
2026-07-15 11:47:58.019 +07:00 [INF] Executed DbCommand (1ms) [Parameters=[@__userId_0='?' (DbType = Guid)], CommandType='"Text"', CommandTimeout='30']
SELECT [p].[Id], [p].[CreatedAt], [p].[CreatedBy], [p].[InvitedAt], [p].[IsDeleted], [p].[JoinedAt], [p].[ProjectId], [p].[Role], [p].[UpdatedAt], [p].[UpdatedBy], [p].[UserId]
FROM [ProjectMembers] AS [p]
WHERE [p].[IsDeleted] = CAST(0 AS bit) AND [p].[UserId] = @__userId_0
2026-07-15 11:47:58.023 +07:00 [INF] Executed DbCommand (1ms) [Parameters=[@__allProjectIds_0='?' (Size = 4000)], CommandType='"Text"', CommandTimeout='30']
SELECT [p].[Id], [p].[CreatedAt], [p].[CreatedBy], [p].[InvitedAt], [p].[IsDeleted], [p].[JoinedAt], [p].[ProjectId], [p].[Role], [p].[UpdatedAt], [p].[UpdatedBy], [p].[UserId]
FROM [ProjectMembers] AS [p]
WHERE [p].[IsDeleted] = CAST(0 AS bit) AND [p].[ProjectId] IN (
    SELECT [a].[value]
    FROM OPENJSON(@__allProjectIds_0) WITH ([value] uniqueidentifier '$') AS [a]
)
2026-07-15 11:47:58.025 +07:00 [INF] Handled GetProjectsQuery in 14ms
2026-07-15 11:47:58.026 +07:00 [INF] HTTP GET /api/workspace/projects responded 200 in 21.6847ms
2026-07-15 11:48:00.772 +07:00 [INF] HTTP GET /api/Ai/prompts started
2026-07-15 11:48:00.778 +07:00 [INF] Executed DbCommand (2ms) [Parameters=[@__userId_0='?' (DbType = Guid)], CommandType='"Text"', CommandTimeout='30']
SELECT [a].[Id], [a].[Category], [a].[CreatedAt], [a].[CreatedBy], [a].[IsDeleted], [a].[IsSystem], [a].[Name], [a].[ProjectId], [a].[Template], [a].[UpdatedAt], [a].[UpdatedBy], [a].[UserId]
FROM [AiPrompts] AS [a]
WHERE [a].[IsDeleted] = CAST(0 AS bit) AND ([a].[UserId] = @__userId_0 OR [a].[IsSystem] = CAST(1 AS bit))
ORDER BY [a].[Name]
2026-07-15 11:48:00.784 +07:00 [INF] HTTP GET /api/Ai/prompts responded 200 in 12.1081ms
2026-07-15 11:48:00.807 +07:00 [INF] HTTP GET /api/Ai/history started
2026-07-15 11:48:00.813 +07:00 [INF] Handling GetAiHistoryQuery {"PageNumber":1,"PageSize":10,"$type":"GetAiHistoryQuery"}
2026-07-15 11:48:00.820 +07:00 [INF] Executed DbCommand (2ms) [Parameters=[@__userId_0='?' (DbType = Guid), @__p_1='?' (DbType = Int32), @__p_2='?' (DbType = Int32)], CommandType='"Text"', CommandTimeout='30']
SELECT [t].[Id], [t].[AiPromptId], [t].[CreatedAt], [t].[CreatedBy], [t].[ErrorMessage], [t].[Input], [t].[IsDeleted], [t].[Output], [t].[ProjectId], [t].[Status], [t].[TokensUsed], [t].[UpdatedAt], [t].[UpdatedBy], [t].[UserId], [t0].[Id], [t0].[Category], [t0].[CreatedAt], [t0].[CreatedBy], [t0].[IsDeleted], [t0].[IsSystem], [t0].[Name], [t0].[ProjectId], [t0].[Template], [t0].[UpdatedAt], [t0].[UpdatedBy], [t0].[UserId]
FROM (
    SELECT [a].[Id], [a].[AiPromptId], [a].[CreatedAt], [a].[CreatedBy], [a].[ErrorMessage], [a].[Input], [a].[IsDeleted], [a].[Output], [a].[ProjectId], [a].[Status], [a].[TokensUsed], [a].[UpdatedAt], [a].[UpdatedBy], [a].[UserId]
    FROM [AiGeneratedContents] AS [a]
    WHERE [a].[IsDeleted] = CAST(0 AS bit) AND [a].[UserId] = @__userId_0
    ORDER BY [a].[CreatedAt] DESC
    OFFSET @__p_1 ROWS FETCH NEXT @__p_2 ROWS ONLY
) AS [t]
INNER JOIN (
    SELECT [a0].[Id], [a0].[Category], [a0].[CreatedAt], [a0].[CreatedBy], [a0].[IsDeleted], [a0].[IsSystem], [a0].[Name], [a0].[ProjectId], [a0].[Template], [a0].[UpdatedAt], [a0].[UpdatedBy], [a0].[UserId]
    FROM [AiPrompts] AS [a0]
    WHERE [a0].[IsDeleted] = CAST(0 AS bit)
) AS [t0] ON [t].[AiPromptId] = [t0].[Id]
ORDER BY [t].[CreatedAt] DESC
2026-07-15 11:48:00.828 +07:00 [INF] Executed DbCommand (2ms) [Parameters=[@__userId_0='?' (DbType = Guid)], CommandType='"Text"', CommandTimeout='30']
SELECT COUNT(*)
FROM [AiGeneratedContents] AS [a]
WHERE [a].[IsDeleted] = CAST(0 AS bit) AND [a].[UserId] = @__userId_0
2026-07-15 11:48:00.831 +07:00 [INF] Handled GetAiHistoryQuery in 14ms
2026-07-15 11:48:00.833 +07:00 [INF] HTTP GET /api/Ai/history responded 200 in 26.0998ms
2026-07-15 11:48:00.989 +07:00 [INF] Executed DbCommand (6ms) [Parameters=[@__before_0='?' (DbType = DateTime2)], CommandType='"Text"', CommandTimeout='30']
SELECT [p].[Id], [p].[CreatedAt], [p].[CreatedBy], [p].[ExecutedAt], [p].[FailureReason], [p].[IsDeleted], [p].[PostChannelAccountId], [p].[PostId], [p].[RetryCount], [p].[ScheduledAt], [p].[Status], [p].[UpdatedAt], [p].[UpdatedBy], [t].[Id], [t].[ChannelAccountId], [t].[CreatedAt], [t].[CreatedBy], [t].[DayNumber], [t].[ExternalPostId], [t].[IsDeleted], [t].[ProjectId], [t].[PublishedAt], [t].[PublishedUrl], [t].[ScheduledAt], [t].[Status], [t].[TimelineId], [t].[Title], [t].[TrackingEnabled], [t].[UpdatedAt], [t].[UpdatedBy], [t].[VoiceSampleId], [t0].[Id], [t0].[Content], [t0].[ContentType], [t0].[CreatedAt], [t0].[CreatedBy], [t0].[IsDeleted], [t0].[MediaFileId], [t0].[PostId], [t0].[SortOrder], [t0].[UpdatedAt], [t0].[UpdatedBy]
FROM [PostSchedules] AS [p]
INNER JOIN (
    SELECT [p0].[Id], [p0].[ChannelAccountId], [p0].[CreatedAt], [p0].[CreatedBy], [p0].[DayNumber], [p0].[ExternalPostId], [p0].[IsDeleted], [p0].[ProjectId], [p0].[PublishedAt], [p0].[PublishedUrl], [p0].[ScheduledAt], [p0].[Status], [p0].[TimelineId], [p0].[Title], [p0].[TrackingEnabled], [p0].[UpdatedAt], [p0].[UpdatedBy], [p0].[VoiceSampleId]
    FROM [Posts] AS [p0]
    WHERE [p0].[IsDeleted] = CAST(0 AS bit)
) AS [t] ON [p].[PostId] = [t].[Id]
LEFT JOIN (
    SELECT [p1].[Id], [p1].[Content], [p1].[ContentType], [p1].[CreatedAt], [p1].[CreatedBy], [p1].[IsDeleted], [p1].[MediaFileId], [p1].[PostId], [p1].[SortOrder], [p1].[UpdatedAt], [p1].[UpdatedBy]
    FROM [PostContents] AS [p1]
    WHERE [p1].[IsDeleted] = CAST(0 AS bit)
) AS [t0] ON [t].[Id] = [t0].[PostId]
WHERE [p].[IsDeleted] = CAST(0 AS bit) AND [p].[Status] = 0 AND [p].[ScheduledAt] <= @__before_0
ORDER BY [p].[ScheduledAt], [p].[Id], [t].[Id]
2026-07-15 11:48:12.680 +07:00 [INF] HTTP GET /api/plans started
2026-07-15 11:48:12.695 +07:00 [INF] HTTP GET /api/plans/subscriptions started
2026-07-15 11:48:12.718 +07:00 [INF] Executed DbCommand (15ms) [Parameters=[], CommandType='"Text"', CommandTimeout='30']
SELECT [p].[Id], [p].[BillingPeriod], [p].[Code], [p].[CreatedAt], [p].[CreatedBy], [p].[CreditsIncluded], [p].[Description], [p].[IsActive], [p].[IsDeleted], [p].[MaxChannels], [p].[MaxPostsPerMonth], [p].[MaxProjects], [p].[Name], [p].[Price], [p].[SortOrder], [p].[UpdatedAt], [p].[UpdatedBy]
FROM [Plans] AS [p]
WHERE [p].[IsDeleted] = CAST(0 AS bit) AND [p].[IsActive] = CAST(1 AS bit)
ORDER BY [p].[SortOrder]
2026-07-15 11:48:12.739 +07:00 [INF] HTTP GET /api/plans responded 200 in 58.5857ms
2026-07-15 11:48:12.750 +07:00 [INF] Executed DbCommand (22ms) [Parameters=[@__userId_0='?' (DbType = Guid)], CommandType='"Text"', CommandTimeout='30']
SELECT TOP(1) [s].[Id], [s].[AutoRenew], [s].[CancelledAt], [s].[CreatedAt], [s].[CreatedBy], [s].[EndDate], [s].[IsDeleted], [s].[PlanId], [s].[StartDate], [s].[Status], [s].[UpdatedAt], [s].[UpdatedBy], [s].[UserId], [t].[Id], [t].[BillingPeriod], [t].[Code], [t].[CreatedAt], [t].[CreatedBy], [t].[CreditsIncluded], [t].[Description], [t].[IsActive], [t].[IsDeleted], [t].[MaxChannels], [t].[MaxPostsPerMonth], [t].[MaxProjects], [t].[Name], [t].[Price], [t].[SortOrder], [t].[UpdatedAt], [t].[UpdatedBy]
FROM [Subscriptions] AS [s]
INNER JOIN (
    SELECT [p].[Id], [p].[BillingPeriod], [p].[Code], [p].[CreatedAt], [p].[CreatedBy], [p].[CreditsIncluded], [p].[Description], [p].[IsActive], [p].[IsDeleted], [p].[MaxChannels], [p].[MaxPostsPerMonth], [p].[MaxProjects], [p].[Name], [p].[Price], [p].[SortOrder], [p].[UpdatedAt], [p].[UpdatedBy]
    FROM [Plans] AS [p]
    WHERE [p].[IsDeleted] = CAST(0 AS bit)
) AS [t] ON [s].[PlanId] = [t].[Id]
WHERE [s].[IsDeleted] = CAST(0 AS bit) AND [s].[UserId] = @__userId_0 AND [s].[Status] = 1 AND [s].[EndDate] >= GETUTCDATE()
ORDER BY [s].[EndDate] DESC
2026-07-15 11:48:12.758 +07:00 [INF] HTTP GET /api/plans/subscriptions responded 200 in 63.0308ms
2026-07-15 11:48:15.169 +07:00 [INF] HTTP GET /api/workspace/projects started
2026-07-15 11:48:15.172 +07:00 [INF] Handling GetProjectsQuery {"$type":"GetProjectsQuery"}
2026-07-15 11:48:15.175 +07:00 [INF] Executed DbCommand (1ms) [Parameters=[@__userId_0='?' (DbType = Guid)], CommandType='"Text"', CommandTimeout='30']
SELECT [p].[Id], [p].[CreatedAt], [p].[CreatedBy], [p].[Description], [p].[IsActive], [p].[IsDeleted], [p].[LogoUrl], [p].[Name], [p].[UpdatedAt], [p].[UpdatedBy], [p].[UserId]
FROM [Projects] AS [p]
WHERE [p].[IsDeleted] = CAST(0 AS bit) AND [p].[UserId] = @__userId_0
2026-07-15 11:48:15.182 +07:00 [INF] Executed DbCommand (1ms) [Parameters=[@__userId_0='?' (DbType = Guid)], CommandType='"Text"', CommandTimeout='30']
SELECT [p].[Id], [p].[CreatedAt], [p].[CreatedBy], [p].[InvitedAt], [p].[IsDeleted], [p].[JoinedAt], [p].[ProjectId], [p].[Role], [p].[UpdatedAt], [p].[UpdatedBy], [p].[UserId]
FROM [ProjectMembers] AS [p]
WHERE [p].[IsDeleted] = CAST(0 AS bit) AND [p].[UserId] = @__userId_0
2026-07-15 11:48:15.186 +07:00 [INF] Executed DbCommand (1ms) [Parameters=[@__allProjectIds_0='?' (Size = 4000)], CommandType='"Text"', CommandTimeout='30']
SELECT [p].[Id], [p].[CreatedAt], [p].[CreatedBy], [p].[InvitedAt], [p].[IsDeleted], [p].[JoinedAt], [p].[ProjectId], [p].[Role], [p].[UpdatedAt], [p].[UpdatedBy], [p].[UserId]
FROM [ProjectMembers] AS [p]
WHERE [p].[IsDeleted] = CAST(0 AS bit) AND [p].[ProjectId] IN (
    SELECT [a].[value]
    FROM OPENJSON(@__allProjectIds_0) WITH ([value] uniqueidentifier '$') AS [a]
)
2026-07-15 11:48:15.188 +07:00 [INF] Handled GetProjectsQuery in 13ms
2026-07-15 11:48:15.189 +07:00 [INF] HTTP GET /api/workspace/projects responded 200 in 20.616ms
2026-07-15 11:48:20.897 +07:00 [INF] HTTP GET /api/dashboard/stats started
2026-07-15 11:48:20.900 +07:00 [INF] Handling GetDashboardStatsQuery {"$type":"GetDashboardStatsQuery"}
2026-07-15 11:48:20.906 +07:00 [INF] Executed DbCommand (2ms) [Parameters=[@__userId_0='?' (DbType = Guid)], CommandType='"Text"', CommandTimeout='30']
SELECT [p].[Id], [p].[ChannelAccountId], [p].[CreatedAt], [p].[CreatedBy], [p].[DayNumber], [p].[ExternalPostId], [p].[IsDeleted], [p].[ProjectId], [p].[PublishedAt], [p].[PublishedUrl], [p].[ScheduledAt], [p].[Status], [p].[TimelineId], [p].[Title], [p].[TrackingEnabled], [p].[UpdatedAt], [p].[UpdatedBy], [p].[VoiceSampleId], [t].[Id], [t].[CreatedAt], [t].[CreatedBy], [t].[Description], [t].[IsActive], [t].[IsDeleted], [t].[LogoUrl], [t].[Name], [t].[UpdatedAt], [t].[UpdatedBy], [t].[UserId]
FROM [Posts] AS [p]
INNER JOIN (
    SELECT [p0].[Id], [p0].[CreatedAt], [p0].[CreatedBy], [p0].[Description], [p0].[IsActive], [p0].[IsDeleted], [p0].[LogoUrl], [p0].[Name], [p0].[UpdatedAt], [p0].[UpdatedBy], [p0].[UserId]
    FROM [Projects] AS [p0]
    WHERE [p0].[IsDeleted] = CAST(0 AS bit)
) AS [t] ON [p].[ProjectId] = [t].[Id]
WHERE [p].[IsDeleted] = CAST(0 AS bit) AND [t].[UserId] = @__userId_0
ORDER BY [p].[CreatedAt] DESC
2026-07-15 11:48:20.912 +07:00 [INF] Executed DbCommand (1ms) [Parameters=[@__userId_0='?' (DbType = Guid), @__today_1='?' (DbType = DateTime2), @__tomorrow_2='?' (DbType = DateTime2)], CommandType='"Text"', CommandTimeout='30']
SELECT COUNT(*)
FROM [Posts] AS [p]
INNER JOIN (
    SELECT [p0].[Id], [p0].[UserId]
    FROM [Projects] AS [p0]
    WHERE [p0].[IsDeleted] = CAST(0 AS bit)
) AS [t] ON [p].[ProjectId] = [t].[Id]
WHERE [p].[IsDeleted] = CAST(0 AS bit) AND [t].[UserId] = @__userId_0 AND [p].[Status] = 3 AND [p].[PublishedAt] >= @__today_1 AND [p].[PublishedAt] < @__tomorrow_2
2026-07-15 11:48:20.916 +07:00 [INF] Executed DbCommand (1ms) [Parameters=[@__userId_0='?' (DbType = Guid)], CommandType='"Text"', CommandTimeout='30']
SELECT COUNT(*)
FROM [AiGeneratedContents] AS [a]
WHERE [a].[IsDeleted] = CAST(0 AS bit) AND [a].[UserId] = @__userId_0
2026-07-15 11:48:20.921 +07:00 [INF] Executed DbCommand (2ms) [Parameters=[@__userId_0='?' (DbType = Guid)], CommandType='"Text"', CommandTimeout='30']
SELECT [t].[Id], [t].[Balance], [t].[CreatedAt], [t].[CreatedBy], [t].[IsDeleted], [t].[TotalEarned], [t].[TotalUsed], [t].[UpdatedAt], [t].[UpdatedBy], [t].[UserId], [t0].[Id], [t0].[Amount], [t0].[BalanceAfter], [t0].[CreatedAt], [t0].[CreatedBy], [t0].[CreditId], [t0].[Description], [t0].[IsDeleted], [t0].[ReferenceId], [t0].[ReferenceType], [t0].[Type], [t0].[UpdatedAt], [t0].[UpdatedBy], [t0].[UserId]
FROM (
    SELECT TOP(1) [c].[Id], [c].[Balance], [c].[CreatedAt], [c].[CreatedBy], [c].[IsDeleted], [c].[TotalEarned], [c].[TotalUsed], [c].[UpdatedAt], [c].[UpdatedBy], [c].[UserId]
    FROM [Credits] AS [c]
    WHERE [c].[IsDeleted] = CAST(0 AS bit) AND [c].[UserId] = @__userId_0
) AS [t]
LEFT JOIN (
    SELECT [c0].[Id], [c0].[Amount], [c0].[BalanceAfter], [c0].[CreatedAt], [c0].[CreatedBy], [c0].[CreditId], [c0].[Description], [c0].[IsDeleted], [c0].[ReferenceId], [c0].[ReferenceType], [c0].[Type], [c0].[UpdatedAt], [c0].[UpdatedBy], [c0].[UserId]
    FROM [CreditTransactions] AS [c0]
    WHERE [c0].[IsDeleted] = CAST(0 AS bit)
) AS [t0] ON [t].[Id] = [t0].[CreditId]
ORDER BY [t].[Id]
2026-07-15 11:48:20.923 +07:00 [INF] Executed DbCommand (1ms) [Parameters=[@__userId_0='?' (DbType = Guid)], CommandType='"Text"', CommandTimeout='30']
SELECT COUNT(*)
FROM [Projects] AS [p]
WHERE [p].[IsDeleted] = CAST(0 AS bit) AND [p].[UserId] = @__userId_0
2026-07-15 11:48:20.929 +07:00 [INF] Executed DbCommand (1ms) [Parameters=[@__p_1='?' (DbType = Int32), @__userId_0='?' (DbType = Guid)], CommandType='"Text"', CommandTimeout='30']
SELECT TOP(@__p_1) [p].[Id], [p].[CreatedAt], [p].[CreatedBy], [p].[ExecutedAt], [p].[FailureReason], [p].[IsDeleted], [p].[PostChannelAccountId], [p].[PostId], [p].[RetryCount], [p].[ScheduledAt], [p].[Status], [p].[UpdatedAt], [p].[UpdatedBy], [t].[Id], [t].[ChannelAccountId], [t].[CreatedAt], [t].[CreatedBy], [t].[DayNumber], [t].[ExternalPostId], [t].[IsDeleted], [t].[ProjectId], [t].[PublishedAt], [t].[PublishedUrl], [t].[ScheduledAt], [t].[Status], [t].[TimelineId], [t].[Title], [t].[TrackingEnabled], [t].[UpdatedAt], [t].[UpdatedBy], [t].[VoiceSampleId], [t0].[Id], [t0].[CreatedAt], [t0].[CreatedBy], [t0].[Description], [t0].[IsActive], [t0].[IsDeleted], [t0].[LogoUrl], [t0].[Name], [t0].[UpdatedAt], [t0].[UpdatedBy], [t0].[UserId]
FROM [PostSchedules] AS [p]
INNER JOIN (
    SELECT [p0].[Id], [p0].[ChannelAccountId], [p0].[CreatedAt], [p0].[CreatedBy], [p0].[DayNumber], [p0].[ExternalPostId], [p0].[IsDeleted], [p0].[ProjectId], [p0].[PublishedAt], [p0].[PublishedUrl], [p0].[ScheduledAt], [p0].[Status], [p0].[TimelineId], [p0].[Title], [p0].[TrackingEnabled], [p0].[UpdatedAt], [p0].[UpdatedBy], [p0].[VoiceSampleId]
    FROM [Posts] AS [p0]
    WHERE [p0].[IsDeleted] = CAST(0 AS bit)
) AS [t] ON [p].[PostId] = [t].[Id]
INNER JOIN (
    SELECT [p1].[Id], [p1].[CreatedAt], [p1].[CreatedBy], [p1].[Description], [p1].[IsActive], [p1].[IsDeleted], [p1].[LogoUrl], [p1].[Name], [p1].[UpdatedAt], [p1].[UpdatedBy], [p1].[UserId]
    FROM [Projects] AS [p1]
    WHERE [p1].[IsDeleted] = CAST(0 AS bit)
) AS [t0] ON [t].[ProjectId] = [t0].[Id]
WHERE [p].[IsDeleted] = CAST(0 AS bit) AND [t0].[UserId] = @__userId_0 AND [p].[Status] = 0 AND [p].[ScheduledAt] >= GETUTCDATE()
ORDER BY [p].[ScheduledAt]
2026-07-15 11:48:20.934 +07:00 [INF] Executed DbCommand (2ms) [Parameters=[@__p_1='?' (DbType = Int32), @__userId_0='?' (DbType = Guid)], CommandType='"Text"', CommandTimeout='30']
SELECT TOP(@__p_1) [a].[Id], [a].[Action], [a].[CreatedAt], [a].[CreatedBy], [a].[EntityId], [a].[EntityType], [a].[IpAddress], [a].[IsDeleted], [a].[NewValues], [a].[OldValues], [a].[UpdatedAt], [a].[UpdatedBy], [a].[UserAgent], [a].[UserId]
FROM [AuditLogs] AS [a]
WHERE [a].[IsDeleted] = CAST(0 AS bit) AND [a].[UserId] = @__userId_0
ORDER BY [a].[CreatedAt] DESC
2026-07-15 11:48:20.936 +07:00 [INF] Handled GetDashboardStatsQuery in 33ms
2026-07-15 11:48:20.938 +07:00 [INF] HTTP GET /api/dashboard/stats responded 200 in 41.9306ms
2026-07-15 11:48:22.955 +07:00 [INF] HTTP GET /api/workspace/projects started
2026-07-15 11:48:22.958 +07:00 [INF] Handling GetProjectsQuery {"$type":"GetProjectsQuery"}
2026-07-15 11:48:22.963 +07:00 [INF] Executed DbCommand (1ms) [Parameters=[@__userId_0='?' (DbType = Guid)], CommandType='"Text"', CommandTimeout='30']
SELECT [p].[Id], [p].[CreatedAt], [p].[CreatedBy], [p].[Description], [p].[IsActive], [p].[IsDeleted], [p].[LogoUrl], [p].[Name], [p].[UpdatedAt], [p].[UpdatedBy], [p].[UserId]
FROM [Projects] AS [p]
WHERE [p].[IsDeleted] = CAST(0 AS bit) AND [p].[UserId] = @__userId_0
2026-07-15 11:48:22.969 +07:00 [INF] Executed DbCommand (1ms) [Parameters=[@__userId_0='?' (DbType = Guid)], CommandType='"Text"', CommandTimeout='30']
SELECT [p].[Id], [p].[CreatedAt], [p].[CreatedBy], [p].[InvitedAt], [p].[IsDeleted], [p].[JoinedAt], [p].[ProjectId], [p].[Role], [p].[UpdatedAt], [p].[UpdatedBy], [p].[UserId]
FROM [ProjectMembers] AS [p]
WHERE [p].[IsDeleted] = CAST(0 AS bit) AND [p].[UserId] = @__userId_0
2026-07-15 11:48:22.973 +07:00 [INF] Executed DbCommand (1ms) [Parameters=[@__allProjectIds_0='?' (Size = 4000)], CommandType='"Text"', CommandTimeout='30']
SELECT [p].[Id], [p].[CreatedAt], [p].[CreatedBy], [p].[InvitedAt], [p].[IsDeleted], [p].[JoinedAt], [p].[ProjectId], [p].[Role], [p].[UpdatedAt], [p].[UpdatedBy], [p].[UserId]
FROM [ProjectMembers] AS [p]
WHERE [p].[IsDeleted] = CAST(0 AS bit) AND [p].[ProjectId] IN (
    SELECT [a].[value]
    FROM OPENJSON(@__allProjectIds_0) WITH ([value] uniqueidentifier '$') AS [a]
)
2026-07-15 11:48:22.975 +07:00 [INF] Handled GetProjectsQuery in 14ms
2026-07-15 11:48:22.977 +07:00 [INF] HTTP GET /api/workspace/projects responded 200 in 21.9596ms
2026-07-15 11:48:25.117 +07:00 [INF] HTTP GET /api/dashboard/stats started
2026-07-15 11:48:25.120 +07:00 [INF] Handling GetDashboardStatsQuery {"$type":"GetDashboardStatsQuery"}
2026-07-15 11:48:25.125 +07:00 [INF] Executed DbCommand (1ms) [Parameters=[@__userId_0='?' (DbType = Guid)], CommandType='"Text"', CommandTimeout='30']
SELECT [p].[Id], [p].[ChannelAccountId], [p].[CreatedAt], [p].[CreatedBy], [p].[DayNumber], [p].[ExternalPostId], [p].[IsDeleted], [p].[ProjectId], [p].[PublishedAt], [p].[PublishedUrl], [p].[ScheduledAt], [p].[Status], [p].[TimelineId], [p].[Title], [p].[TrackingEnabled], [p].[UpdatedAt], [p].[UpdatedBy], [p].[VoiceSampleId], [t].[Id], [t].[CreatedAt], [t].[CreatedBy], [t].[Description], [t].[IsActive], [t].[IsDeleted], [t].[LogoUrl], [t].[Name], [t].[UpdatedAt], [t].[UpdatedBy], [t].[UserId]
FROM [Posts] AS [p]
INNER JOIN (
    SELECT [p0].[Id], [p0].[CreatedAt], [p0].[CreatedBy], [p0].[Description], [p0].[IsActive], [p0].[IsDeleted], [p0].[LogoUrl], [p0].[Name], [p0].[UpdatedAt], [p0].[UpdatedBy], [p0].[UserId]
    FROM [Projects] AS [p0]
    WHERE [p0].[IsDeleted] = CAST(0 AS bit)
) AS [t] ON [p].[ProjectId] = [t].[Id]
WHERE [p].[IsDeleted] = CAST(0 AS bit) AND [t].[UserId] = @__userId_0
ORDER BY [p].[CreatedAt] DESC
2026-07-15 11:48:25.132 +07:00 [INF] Executed DbCommand (1ms) [Parameters=[@__userId_0='?' (DbType = Guid), @__today_1='?' (DbType = DateTime2), @__tomorrow_2='?' (DbType = DateTime2)], CommandType='"Text"', CommandTimeout='30']
SELECT COUNT(*)
FROM [Posts] AS [p]
INNER JOIN (
    SELECT [p0].[Id], [p0].[UserId]
    FROM [Projects] AS [p0]
    WHERE [p0].[IsDeleted] = CAST(0 AS bit)
) AS [t] ON [p].[ProjectId] = [t].[Id]
WHERE [p].[IsDeleted] = CAST(0 AS bit) AND [t].[UserId] = @__userId_0 AND [p].[Status] = 3 AND [p].[PublishedAt] >= @__today_1 AND [p].[PublishedAt] < @__tomorrow_2
2026-07-15 11:48:25.137 +07:00 [INF] Executed DbCommand (1ms) [Parameters=[@__userId_0='?' (DbType = Guid)], CommandType='"Text"', CommandTimeout='30']
SELECT COUNT(*)
FROM [AiGeneratedContents] AS [a]
WHERE [a].[IsDeleted] = CAST(0 AS bit) AND [a].[UserId] = @__userId_0
2026-07-15 11:48:25.141 +07:00 [INF] Executed DbCommand (1ms) [Parameters=[@__userId_0='?' (DbType = Guid)], CommandType='"Text"', CommandTimeout='30']
SELECT [t].[Id], [t].[Balance], [t].[CreatedAt], [t].[CreatedBy], [t].[IsDeleted], [t].[TotalEarned], [t].[TotalUsed], [t].[UpdatedAt], [t].[UpdatedBy], [t].[UserId], [t0].[Id], [t0].[Amount], [t0].[BalanceAfter], [t0].[CreatedAt], [t0].[CreatedBy], [t0].[CreditId], [t0].[Description], [t0].[IsDeleted], [t0].[ReferenceId], [t0].[ReferenceType], [t0].[Type], [t0].[UpdatedAt], [t0].[UpdatedBy], [t0].[UserId]
FROM (
    SELECT TOP(1) [c].[Id], [c].[Balance], [c].[CreatedAt], [c].[CreatedBy], [c].[IsDeleted], [c].[TotalEarned], [c].[TotalUsed], [c].[UpdatedAt], [c].[UpdatedBy], [c].[UserId]
    FROM [Credits] AS [c]
    WHERE [c].[IsDeleted] = CAST(0 AS bit) AND [c].[UserId] = @__userId_0
) AS [t]
LEFT JOIN (
    SELECT [c0].[Id], [c0].[Amount], [c0].[BalanceAfter], [c0].[CreatedAt], [c0].[CreatedBy], [c0].[CreditId], [c0].[Description], [c0].[IsDeleted], [c0].[ReferenceId], [c0].[ReferenceType], [c0].[Type], [c0].[UpdatedAt], [c0].[UpdatedBy], [c0].[UserId]
    FROM [CreditTransactions] AS [c0]
    WHERE [c0].[IsDeleted] = CAST(0 AS bit)
) AS [t0] ON [t].[Id] = [t0].[CreditId]
ORDER BY [t].[Id]
2026-07-15 11:48:25.146 +07:00 [INF] Executed DbCommand (1ms) [Parameters=[@__userId_0='?' (DbType = Guid)], CommandType='"Text"', CommandTimeout='30']
SELECT COUNT(*)
FROM [Projects] AS [p]
WHERE [p].[IsDeleted] = CAST(0 AS bit) AND [p].[UserId] = @__userId_0
2026-07-15 11:48:25.151 +07:00 [INF] Executed DbCommand (2ms) [Parameters=[@__p_1='?' (DbType = Int32), @__userId_0='?' (DbType = Guid)], CommandType='"Text"', CommandTimeout='30']
SELECT TOP(@__p_1) [p].[Id], [p].[CreatedAt], [p].[CreatedBy], [p].[ExecutedAt], [p].[FailureReason], [p].[IsDeleted], [p].[PostChannelAccountId], [p].[PostId], [p].[RetryCount], [p].[ScheduledAt], [p].[Status], [p].[UpdatedAt], [p].[UpdatedBy], [t].[Id], [t].[ChannelAccountId], [t].[CreatedAt], [t].[CreatedBy], [t].[DayNumber], [t].[ExternalPostId], [t].[IsDeleted], [t].[ProjectId], [t].[PublishedAt], [t].[PublishedUrl], [t].[ScheduledAt], [t].[Status], [t].[TimelineId], [t].[Title], [t].[TrackingEnabled], [t].[UpdatedAt], [t].[UpdatedBy], [t].[VoiceSampleId], [t0].[Id], [t0].[CreatedAt], [t0].[CreatedBy], [t0].[Description], [t0].[IsActive], [t0].[IsDeleted], [t0].[LogoUrl], [t0].[Name], [t0].[UpdatedAt], [t0].[UpdatedBy], [t0].[UserId]
FROM [PostSchedules] AS [p]
INNER JOIN (
    SELECT [p0].[Id], [p0].[ChannelAccountId], [p0].[CreatedAt], [p0].[CreatedBy], [p0].[DayNumber], [p0].[ExternalPostId], [p0].[IsDeleted], [p0].[ProjectId], [p0].[PublishedAt], [p0].[PublishedUrl], [p0].[ScheduledAt], [p0].[Status], [p0].[TimelineId], [p0].[Title], [p0].[TrackingEnabled], [p0].[UpdatedAt], [p0].[UpdatedBy], [p0].[VoiceSampleId]
    FROM [Posts] AS [p0]
    WHERE [p0].[IsDeleted] = CAST(0 AS bit)
) AS [t] ON [p].[PostId] = [t].[Id]
INNER JOIN (
    SELECT [p1].[Id], [p1].[CreatedAt], [p1].[CreatedBy], [p1].[Description], [p1].[IsActive], [p1].[IsDeleted], [p1].[LogoUrl], [p1].[Name], [p1].[UpdatedAt], [p1].[UpdatedBy], [p1].[UserId]
    FROM [Projects] AS [p1]
    WHERE [p1].[IsDeleted] = CAST(0 AS bit)
) AS [t0] ON [t].[ProjectId] = [t0].[Id]
WHERE [p].[IsDeleted] = CAST(0 AS bit) AND [t0].[UserId] = @__userId_0 AND [p].[Status] = 0 AND [p].[ScheduledAt] >= GETUTCDATE()
ORDER BY [p].[ScheduledAt]
2026-07-15 11:48:25.155 +07:00 [INF] Executed DbCommand (1ms) [Parameters=[@__p_1='?' (DbType = Int32), @__userId_0='?' (DbType = Guid)], CommandType='"Text"', CommandTimeout='30']
SELECT TOP(@__p_1) [a].[Id], [a].[Action], [a].[CreatedAt], [a].[CreatedBy], [a].[EntityId], [a].[EntityType], [a].[IpAddress], [a].[IsDeleted], [a].[NewValues], [a].[OldValues], [a].[UpdatedAt], [a].[UpdatedBy], [a].[UserAgent], [a].[UserId]
FROM [AuditLogs] AS [a]
WHERE [a].[IsDeleted] = CAST(0 AS bit) AND [a].[UserId] = @__userId_0
ORDER BY [a].[CreatedAt] DESC
2026-07-15 11:48:25.158 +07:00 [INF] Handled GetDashboardStatsQuery in 36ms
2026-07-15 11:48:25.160 +07:00 [INF] HTTP GET /api/dashboard/stats responded 200 in 42.9674ms
2026-07-15 11:48:26.277 +07:00 [INF] HTTP GET /api/workspace/projects started
2026-07-15 11:48:26.280 +07:00 [INF] Handling GetProjectsQuery {"$type":"GetProjectsQuery"}
2026-07-15 11:48:26.284 +07:00 [INF] Executed DbCommand (1ms) [Parameters=[@__userId_0='?' (DbType = Guid)], CommandType='"Text"', CommandTimeout='30']
SELECT [p].[Id], [p].[CreatedAt], [p].[CreatedBy], [p].[Description], [p].[IsActive], [p].[IsDeleted], [p].[LogoUrl], [p].[Name], [p].[UpdatedAt], [p].[UpdatedBy], [p].[UserId]
FROM [Projects] AS [p]
WHERE [p].[IsDeleted] = CAST(0 AS bit) AND [p].[UserId] = @__userId_0
2026-07-15 11:48:26.292 +07:00 [INF] Executed DbCommand (1ms) [Parameters=[@__userId_0='?' (DbType = Guid)], CommandType='"Text"', CommandTimeout='30']
SELECT [p].[Id], [p].[CreatedAt], [p].[CreatedBy], [p].[InvitedAt], [p].[IsDeleted], [p].[JoinedAt], [p].[ProjectId], [p].[Role], [p].[UpdatedAt], [p].[UpdatedBy], [p].[UserId]
FROM [ProjectMembers] AS [p]
WHERE [p].[IsDeleted] = CAST(0 AS bit) AND [p].[UserId] = @__userId_0
2026-07-15 11:48:26.297 +07:00 [INF] Executed DbCommand (1ms) [Parameters=[@__allProjectIds_0='?' (Size = 4000)], CommandType='"Text"', CommandTimeout='30']
SELECT [p].[Id], [p].[CreatedAt], [p].[CreatedBy], [p].[InvitedAt], [p].[IsDeleted], [p].[JoinedAt], [p].[ProjectId], [p].[Role], [p].[UpdatedAt], [p].[UpdatedBy], [p].[UserId]
FROM [ProjectMembers] AS [p]
WHERE [p].[IsDeleted] = CAST(0 AS bit) AND [p].[ProjectId] IN (
    SELECT [a].[value]
    FROM OPENJSON(@__allProjectIds_0) WITH ([value] uniqueidentifier '$') AS [a]
)
2026-07-15 11:48:26.299 +07:00 [INF] Handled GetProjectsQuery in 16ms
2026-07-15 11:48:26.300 +07:00 [INF] HTTP GET /api/workspace/projects responded 200 in 23.3415ms
2026-07-15 11:48:27.231 +07:00 [INF] HTTP GET /api/dashboard/stats started
2026-07-15 11:48:27.236 +07:00 [INF] Handling GetDashboardStatsQuery {"$type":"GetDashboardStatsQuery"}
2026-07-15 11:48:27.242 +07:00 [INF] Executed DbCommand (2ms) [Parameters=[@__userId_0='?' (DbType = Guid)], CommandType='"Text"', CommandTimeout='30']
SELECT [p].[Id], [p].[ChannelAccountId], [p].[CreatedAt], [p].[CreatedBy], [p].[DayNumber], [p].[ExternalPostId], [p].[IsDeleted], [p].[ProjectId], [p].[PublishedAt], [p].[PublishedUrl], [p].[ScheduledAt], [p].[Status], [p].[TimelineId], [p].[Title], [p].[TrackingEnabled], [p].[UpdatedAt], [p].[UpdatedBy], [p].[VoiceSampleId], [t].[Id], [t].[CreatedAt], [t].[CreatedBy], [t].[Description], [t].[IsActive], [t].[IsDeleted], [t].[LogoUrl], [t].[Name], [t].[UpdatedAt], [t].[UpdatedBy], [t].[UserId]
FROM [Posts] AS [p]
INNER JOIN (
    SELECT [p0].[Id], [p0].[CreatedAt], [p0].[CreatedBy], [p0].[Description], [p0].[IsActive], [p0].[IsDeleted], [p0].[LogoUrl], [p0].[Name], [p0].[UpdatedAt], [p0].[UpdatedBy], [p0].[UserId]
    FROM [Projects] AS [p0]
    WHERE [p0].[IsDeleted] = CAST(0 AS bit)
) AS [t] ON [p].[ProjectId] = [t].[Id]
WHERE [p].[IsDeleted] = CAST(0 AS bit) AND [t].[UserId] = @__userId_0
ORDER BY [p].[CreatedAt] DESC
2026-07-15 11:48:27.250 +07:00 [INF] Executed DbCommand (1ms) [Parameters=[@__userId_0='?' (DbType = Guid), @__today_1='?' (DbType = DateTime2), @__tomorrow_2='?' (DbType = DateTime2)], CommandType='"Text"', CommandTimeout='30']
SELECT COUNT(*)
FROM [Posts] AS [p]
INNER JOIN (
    SELECT [p0].[Id], [p0].[UserId]
    FROM [Projects] AS [p0]
    WHERE [p0].[IsDeleted] = CAST(0 AS bit)
) AS [t] ON [p].[ProjectId] = [t].[Id]
WHERE [p].[IsDeleted] = CAST(0 AS bit) AND [t].[UserId] = @__userId_0 AND [p].[Status] = 3 AND [p].[PublishedAt] >= @__today_1 AND [p].[PublishedAt] < @__tomorrow_2
2026-07-15 11:48:27.256 +07:00 [INF] Executed DbCommand (1ms) [Parameters=[@__userId_0='?' (DbType = Guid)], CommandType='"Text"', CommandTimeout='30']
SELECT COUNT(*)
FROM [AiGeneratedContents] AS [a]
WHERE [a].[IsDeleted] = CAST(0 AS bit) AND [a].[UserId] = @__userId_0
2026-07-15 11:48:27.260 +07:00 [INF] Executed DbCommand (1ms) [Parameters=[@__userId_0='?' (DbType = Guid)], CommandType='"Text"', CommandTimeout='30']
SELECT [t].[Id], [t].[Balance], [t].[CreatedAt], [t].[CreatedBy], [t].[IsDeleted], [t].[TotalEarned], [t].[TotalUsed], [t].[UpdatedAt], [t].[UpdatedBy], [t].[UserId], [t0].[Id], [t0].[Amount], [t0].[BalanceAfter], [t0].[CreatedAt], [t0].[CreatedBy], [t0].[CreditId], [t0].[Description], [t0].[IsDeleted], [t0].[ReferenceId], [t0].[ReferenceType], [t0].[Type], [t0].[UpdatedAt], [t0].[UpdatedBy], [t0].[UserId]
FROM (
    SELECT TOP(1) [c].[Id], [c].[Balance], [c].[CreatedAt], [c].[CreatedBy], [c].[IsDeleted], [c].[TotalEarned], [c].[TotalUsed], [c].[UpdatedAt], [c].[UpdatedBy], [c].[UserId]
    FROM [Credits] AS [c]
    WHERE [c].[IsDeleted] = CAST(0 AS bit) AND [c].[UserId] = @__userId_0
) AS [t]
LEFT JOIN (
    SELECT [c0].[Id], [c0].[Amount], [c0].[BalanceAfter], [c0].[CreatedAt], [c0].[CreatedBy], [c0].[CreditId], [c0].[Description], [c0].[IsDeleted], [c0].[ReferenceId], [c0].[ReferenceType], [c0].[Type], [c0].[UpdatedAt], [c0].[UpdatedBy], [c0].[UserId]
    FROM [CreditTransactions] AS [c0]
    WHERE [c0].[IsDeleted] = CAST(0 AS bit)
) AS [t0] ON [t].[Id] = [t0].[CreditId]
ORDER BY [t].[Id]
2026-07-15 11:48:27.265 +07:00 [INF] Executed DbCommand (2ms) [Parameters=[@__userId_0='?' (DbType = Guid)], CommandType='"Text"', CommandTimeout='30']
SELECT COUNT(*)
FROM [Projects] AS [p]
WHERE [p].[IsDeleted] = CAST(0 AS bit) AND [p].[UserId] = @__userId_0
2026-07-15 11:48:27.271 +07:00 [INF] Executed DbCommand (2ms) [Parameters=[@__p_1='?' (DbType = Int32), @__userId_0='?' (DbType = Guid)], CommandType='"Text"', CommandTimeout='30']
SELECT TOP(@__p_1) [p].[Id], [p].[CreatedAt], [p].[CreatedBy], [p].[ExecutedAt], [p].[FailureReason], [p].[IsDeleted], [p].[PostChannelAccountId], [p].[PostId], [p].[RetryCount], [p].[ScheduledAt], [p].[Status], [p].[UpdatedAt], [p].[UpdatedBy], [t].[Id], [t].[ChannelAccountId], [t].[CreatedAt], [t].[CreatedBy], [t].[DayNumber], [t].[ExternalPostId], [t].[IsDeleted], [t].[ProjectId], [t].[PublishedAt], [t].[PublishedUrl], [t].[ScheduledAt], [t].[Status], [t].[TimelineId], [t].[Title], [t].[TrackingEnabled], [t].[UpdatedAt], [t].[UpdatedBy], [t].[VoiceSampleId], [t0].[Id], [t0].[CreatedAt], [t0].[CreatedBy], [t0].[Description], [t0].[IsActive], [t0].[IsDeleted], [t0].[LogoUrl], [t0].[Name], [t0].[UpdatedAt], [t0].[UpdatedBy], [t0].[UserId]
FROM [PostSchedules] AS [p]
INNER JOIN (
    SELECT [p0].[Id], [p0].[ChannelAccountId], [p0].[CreatedAt], [p0].[CreatedBy], [p0].[DayNumber], [p0].[ExternalPostId], [p0].[IsDeleted], [p0].[ProjectId], [p0].[PublishedAt], [p0].[PublishedUrl], [p0].[ScheduledAt], [p0].[Status], [p0].[TimelineId], [p0].[Title], [p0].[TrackingEnabled], [p0].[UpdatedAt], [p0].[UpdatedBy], [p0].[VoiceSampleId]
    FROM [Posts] AS [p0]
    WHERE [p0].[IsDeleted] = CAST(0 AS bit)
) AS [t] ON [p].[PostId] = [t].[Id]
INNER JOIN (
    SELECT [p1].[Id], [p1].[CreatedAt], [p1].[CreatedBy], [p1].[Description], [p1].[IsActive], [p1].[IsDeleted], [p1].[LogoUrl], [p1].[Name], [p1].[UpdatedAt], [p1].[UpdatedBy], [p1].[UserId]
    FROM [Projects] AS [p1]
    WHERE [p1].[IsDeleted] = CAST(0 AS bit)
) AS [t0] ON [t].[ProjectId] = [t0].[Id]
WHERE [p].[IsDeleted] = CAST(0 AS bit) AND [t0].[UserId] = @__userId_0 AND [p].[Status] = 0 AND [p].[ScheduledAt] >= GETUTCDATE()
ORDER BY [p].[ScheduledAt]
2026-07-15 11:48:27.276 +07:00 [INF] Executed DbCommand (1ms) [Parameters=[@__p_1='?' (DbType = Int32), @__userId_0='?' (DbType = Guid)], CommandType='"Text"', CommandTimeout='30']
SELECT TOP(@__p_1) [a].[Id], [a].[Action], [a].[CreatedAt], [a].[CreatedBy], [a].[EntityId], [a].[EntityType], [a].[IpAddress], [a].[IsDeleted], [a].[NewValues], [a].[OldValues], [a].[UpdatedAt], [a].[UpdatedBy], [a].[UserAgent], [a].[UserId]
FROM [AuditLogs] AS [a]
WHERE [a].[IsDeleted] = CAST(0 AS bit) AND [a].[UserId] = @__userId_0
ORDER BY [a].[CreatedAt] DESC
2026-07-15 11:48:27.279 +07:00 [INF] Handled GetDashboardStatsQuery in 40ms
2026-07-15 11:48:27.281 +07:00 [INF] HTTP GET /api/dashboard/stats responded 200 in 50.6994ms
2026-07-15 11:48:28.601 +07:00 [INF] HTTP GET /api/Ai/prompts started
2026-07-15 11:48:28.619 +07:00 [INF] Executed DbCommand (14ms) [Parameters=[@__userId_0='?' (DbType = Guid)], CommandType='"Text"', CommandTimeout='30']
SELECT [a].[Id], [a].[Category], [a].[CreatedAt], [a].[CreatedBy], [a].[IsDeleted], [a].[IsSystem], [a].[Name], [a].[ProjectId], [a].[Template], [a].[UpdatedAt], [a].[UpdatedBy], [a].[UserId]
FROM [AiPrompts] AS [a]
WHERE [a].[IsDeleted] = CAST(0 AS bit) AND ([a].[UserId] = @__userId_0 OR [a].[IsSystem] = CAST(1 AS bit))
ORDER BY [a].[Name]
2026-07-15 11:48:28.622 +07:00 [INF] HTTP GET /api/Ai/prompts responded 200 in 21.195ms
2026-07-15 11:48:28.644 +07:00 [INF] HTTP GET /api/Ai/history started
2026-07-15 11:48:28.648 +07:00 [INF] Handling GetAiHistoryQuery {"PageNumber":1,"PageSize":10,"$type":"GetAiHistoryQuery"}
2026-07-15 11:48:28.659 +07:00 [INF] Executed DbCommand (7ms) [Parameters=[@__userId_0='?' (DbType = Guid), @__p_1='?' (DbType = Int32), @__p_2='?' (DbType = Int32)], CommandType='"Text"', CommandTimeout='30']
SELECT [t].[Id], [t].[AiPromptId], [t].[CreatedAt], [t].[CreatedBy], [t].[ErrorMessage], [t].[Input], [t].[IsDeleted], [t].[Output], [t].[ProjectId], [t].[Status], [t].[TokensUsed], [t].[UpdatedAt], [t].[UpdatedBy], [t].[UserId], [t0].[Id], [t0].[Category], [t0].[CreatedAt], [t0].[CreatedBy], [t0].[IsDeleted], [t0].[IsSystem], [t0].[Name], [t0].[ProjectId], [t0].[Template], [t0].[UpdatedAt], [t0].[UpdatedBy], [t0].[UserId]
FROM (
    SELECT [a].[Id], [a].[AiPromptId], [a].[CreatedAt], [a].[CreatedBy], [a].[ErrorMessage], [a].[Input], [a].[IsDeleted], [a].[Output], [a].[ProjectId], [a].[Status], [a].[TokensUsed], [a].[UpdatedAt], [a].[UpdatedBy], [a].[UserId]
    FROM [AiGeneratedContents] AS [a]
    WHERE [a].[IsDeleted] = CAST(0 AS bit) AND [a].[UserId] = @__userId_0
    ORDER BY [a].[CreatedAt] DESC
    OFFSET @__p_1 ROWS FETCH NEXT @__p_2 ROWS ONLY
) AS [t]
INNER JOIN (
    SELECT [a0].[Id], [a0].[Category], [a0].[CreatedAt], [a0].[CreatedBy], [a0].[IsDeleted], [a0].[IsSystem], [a0].[Name], [a0].[ProjectId], [a0].[Template], [a0].[UpdatedAt], [a0].[UpdatedBy], [a0].[UserId]
    FROM [AiPrompts] AS [a0]
    WHERE [a0].[IsDeleted] = CAST(0 AS bit)
) AS [t0] ON [t].[AiPromptId] = [t0].[Id]
ORDER BY [t].[CreatedAt] DESC
2026-07-15 11:48:28.665 +07:00 [INF] Executed DbCommand (2ms) [Parameters=[@__userId_0='?' (DbType = Guid)], CommandType='"Text"', CommandTimeout='30']
SELECT COUNT(*)
FROM [AiGeneratedContents] AS [a]
WHERE [a].[IsDeleted] = CAST(0 AS bit) AND [a].[UserId] = @__userId_0
2026-07-15 11:48:28.669 +07:00 [INF] Handled GetAiHistoryQuery in 17ms
2026-07-15 11:48:28.671 +07:00 [INF] HTTP GET /api/Ai/history responded 200 in 27.2674ms
2026-07-15 11:48:30.058 +07:00 [INF] HTTP GET /api/dashboard/stats started
2026-07-15 11:48:30.061 +07:00 [INF] Handling GetDashboardStatsQuery {"$type":"GetDashboardStatsQuery"}
2026-07-15 11:48:30.080 +07:00 [INF] Executed DbCommand (14ms) [Parameters=[@__userId_0='?' (DbType = Guid)], CommandType='"Text"', CommandTimeout='30']
SELECT [p].[Id], [p].[ChannelAccountId], [p].[CreatedAt], [p].[CreatedBy], [p].[DayNumber], [p].[ExternalPostId], [p].[IsDeleted], [p].[ProjectId], [p].[PublishedAt], [p].[PublishedUrl], [p].[ScheduledAt], [p].[Status], [p].[TimelineId], [p].[Title], [p].[TrackingEnabled], [p].[UpdatedAt], [p].[UpdatedBy], [p].[VoiceSampleId], [t].[Id], [t].[CreatedAt], [t].[CreatedBy], [t].[Description], [t].[IsActive], [t].[IsDeleted], [t].[LogoUrl], [t].[Name], [t].[UpdatedAt], [t].[UpdatedBy], [t].[UserId]
FROM [Posts] AS [p]
INNER JOIN (
    SELECT [p0].[Id], [p0].[CreatedAt], [p0].[CreatedBy], [p0].[Description], [p0].[IsActive], [p0].[IsDeleted], [p0].[LogoUrl], [p0].[Name], [p0].[UpdatedAt], [p0].[UpdatedBy], [p0].[UserId]
    FROM [Projects] AS [p0]
    WHERE [p0].[IsDeleted] = CAST(0 AS bit)
) AS [t] ON [p].[ProjectId] = [t].[Id]
WHERE [p].[IsDeleted] = CAST(0 AS bit) AND [t].[UserId] = @__userId_0
ORDER BY [p].[CreatedAt] DESC
2026-07-15 11:48:30.089 +07:00 [INF] Executed DbCommand (6ms) [Parameters=[@__userId_0='?' (DbType = Guid), @__today_1='?' (DbType = DateTime2), @__tomorrow_2='?' (DbType = DateTime2)], CommandType='"Text"', CommandTimeout='30']
SELECT COUNT(*)
FROM [Posts] AS [p]
INNER JOIN (
    SELECT [p0].[Id], [p0].[UserId]
    FROM [Projects] AS [p0]
    WHERE [p0].[IsDeleted] = CAST(0 AS bit)
) AS [t] ON [p].[ProjectId] = [t].[Id]
WHERE [p].[IsDeleted] = CAST(0 AS bit) AND [t].[UserId] = @__userId_0 AND [p].[Status] = 3 AND [p].[PublishedAt] >= @__today_1 AND [p].[PublishedAt] < @__tomorrow_2
2026-07-15 11:48:30.095 +07:00 [INF] Executed DbCommand (3ms) [Parameters=[@__userId_0='?' (DbType = Guid)], CommandType='"Text"', CommandTimeout='30']
SELECT COUNT(*)
FROM [AiGeneratedContents] AS [a]
WHERE [a].[IsDeleted] = CAST(0 AS bit) AND [a].[UserId] = @__userId_0
2026-07-15 11:48:30.106 +07:00 [INF] Executed DbCommand (7ms) [Parameters=[@__userId_0='?' (DbType = Guid)], CommandType='"Text"', CommandTimeout='30']
SELECT [t].[Id], [t].[Balance], [t].[CreatedAt], [t].[CreatedBy], [t].[IsDeleted], [t].[TotalEarned], [t].[TotalUsed], [t].[UpdatedAt], [t].[UpdatedBy], [t].[UserId], [t0].[Id], [t0].[Amount], [t0].[BalanceAfter], [t0].[CreatedAt], [t0].[CreatedBy], [t0].[CreditId], [t0].[Description], [t0].[IsDeleted], [t0].[ReferenceId], [t0].[ReferenceType], [t0].[Type], [t0].[UpdatedAt], [t0].[UpdatedBy], [t0].[UserId]
FROM (
    SELECT TOP(1) [c].[Id], [c].[Balance], [c].[CreatedAt], [c].[CreatedBy], [c].[IsDeleted], [c].[TotalEarned], [c].[TotalUsed], [c].[UpdatedAt], [c].[UpdatedBy], [c].[UserId]
    FROM [Credits] AS [c]
    WHERE [c].[IsDeleted] = CAST(0 AS bit) AND [c].[UserId] = @__userId_0
) AS [t]
LEFT JOIN (
    SELECT [c0].[Id], [c0].[Amount], [c0].[BalanceAfter], [c0].[CreatedAt], [c0].[CreatedBy], [c0].[CreditId], [c0].[Description], [c0].[IsDeleted], [c0].[ReferenceId], [c0].[ReferenceType], [c0].[Type], [c0].[UpdatedAt], [c0].[UpdatedBy], [c0].[UserId]
    FROM [CreditTransactions] AS [c0]
    WHERE [c0].[IsDeleted] = CAST(0 AS bit)
) AS [t0] ON [t].[Id] = [t0].[CreditId]
ORDER BY [t].[Id]
2026-07-15 11:48:30.111 +07:00 [INF] Executed DbCommand (2ms) [Parameters=[@__userId_0='?' (DbType = Guid)], CommandType='"Text"', CommandTimeout='30']
SELECT COUNT(*)
FROM [Projects] AS [p]
WHERE [p].[IsDeleted] = CAST(0 AS bit) AND [p].[UserId] = @__userId_0
2026-07-15 11:48:30.126 +07:00 [INF] Executed DbCommand (10ms) [Parameters=[@__p_1='?' (DbType = Int32), @__userId_0='?' (DbType = Guid)], CommandType='"Text"', CommandTimeout='30']
SELECT TOP(@__p_1) [p].[Id], [p].[CreatedAt], [p].[CreatedBy], [p].[ExecutedAt], [p].[FailureReason], [p].[IsDeleted], [p].[PostChannelAccountId], [p].[PostId], [p].[RetryCount], [p].[ScheduledAt], [p].[Status], [p].[UpdatedAt], [p].[UpdatedBy], [t].[Id], [t].[ChannelAccountId], [t].[CreatedAt], [t].[CreatedBy], [t].[DayNumber], [t].[ExternalPostId], [t].[IsDeleted], [t].[ProjectId], [t].[PublishedAt], [t].[PublishedUrl], [t].[ScheduledAt], [t].[Status], [t].[TimelineId], [t].[Title], [t].[TrackingEnabled], [t].[UpdatedAt], [t].[UpdatedBy], [t].[VoiceSampleId], [t0].[Id], [t0].[CreatedAt], [t0].[CreatedBy], [t0].[Description], [t0].[IsActive], [t0].[IsDeleted], [t0].[LogoUrl], [t0].[Name], [t0].[UpdatedAt], [t0].[UpdatedBy], [t0].[UserId]
FROM [PostSchedules] AS [p]
INNER JOIN (
    SELECT [p0].[Id], [p0].[ChannelAccountId], [p0].[CreatedAt], [p0].[CreatedBy], [p0].[DayNumber], [p0].[ExternalPostId], [p0].[IsDeleted], [p0].[ProjectId], [p0].[PublishedAt], [p0].[PublishedUrl], [p0].[ScheduledAt], [p0].[Status], [p0].[TimelineId], [p0].[Title], [p0].[TrackingEnabled], [p0].[UpdatedAt], [p0].[UpdatedBy], [p0].[VoiceSampleId]
    FROM [Posts] AS [p0]
    WHERE [p0].[IsDeleted] = CAST(0 AS bit)
) AS [t] ON [p].[PostId] = [t].[Id]
INNER JOIN (
    SELECT [p1].[Id], [p1].[CreatedAt], [p1].[CreatedBy], [p1].[Description], [p1].[IsActive], [p1].[IsDeleted], [p1].[LogoUrl], [p1].[Name], [p1].[UpdatedAt], [p1].[UpdatedBy], [p1].[UserId]
    FROM [Projects] AS [p1]
    WHERE [p1].[IsDeleted] = CAST(0 AS bit)
) AS [t0] ON [t].[ProjectId] = [t0].[Id]
WHERE [p].[IsDeleted] = CAST(0 AS bit) AND [t0].[UserId] = @__userId_0 AND [p].[Status] = 0 AND [p].[ScheduledAt] >= GETUTCDATE()
ORDER BY [p].[ScheduledAt]
2026-07-15 11:48:30.134 +07:00 [INF] Executed DbCommand (5ms) [Parameters=[@__p_1='?' (DbType = Int32), @__userId_0='?' (DbType = Guid)], CommandType='"Text"', CommandTimeout='30']
SELECT TOP(@__p_1) [a].[Id], [a].[Action], [a].[CreatedAt], [a].[CreatedBy], [a].[EntityId], [a].[EntityType], [a].[IpAddress], [a].[IsDeleted], [a].[NewValues], [a].[OldValues], [a].[UpdatedAt], [a].[UpdatedBy], [a].[UserAgent], [a].[UserId]
FROM [AuditLogs] AS [a]
WHERE [a].[IsDeleted] = CAST(0 AS bit) AND [a].[UserId] = @__userId_0
ORDER BY [a].[CreatedAt] DESC
2026-07-15 11:48:30.138 +07:00 [INF] Handled GetDashboardStatsQuery in 74ms
2026-07-15 11:48:30.140 +07:00 [INF] HTTP GET /api/dashboard/stats responded 200 in 81.9686ms
2026-07-15 11:49:00.038 +07:00 [INF] HTTP GET /api/dashboard/stats started
2026-07-15 11:49:00.042 +07:00 [INF] Handling GetDashboardStatsQuery {"$type":"GetDashboardStatsQuery"}
2026-07-15 11:49:00.054 +07:00 [INF] Executed DbCommand (7ms) [Parameters=[@__userId_0='?' (DbType = Guid)], CommandType='"Text"', CommandTimeout='30']
SELECT [p].[Id], [p].[ChannelAccountId], [p].[CreatedAt], [p].[CreatedBy], [p].[DayNumber], [p].[ExternalPostId], [p].[IsDeleted], [p].[ProjectId], [p].[PublishedAt], [p].[PublishedUrl], [p].[ScheduledAt], [p].[Status], [p].[TimelineId], [p].[Title], [p].[TrackingEnabled], [p].[UpdatedAt], [p].[UpdatedBy], [p].[VoiceSampleId], [t].[Id], [t].[CreatedAt], [t].[CreatedBy], [t].[Description], [t].[IsActive], [t].[IsDeleted], [t].[LogoUrl], [t].[Name], [t].[UpdatedAt], [t].[UpdatedBy], [t].[UserId]
FROM [Posts] AS [p]
INNER JOIN (
    SELECT [p0].[Id], [p0].[CreatedAt], [p0].[CreatedBy], [p0].[Description], [p0].[IsActive], [p0].[IsDeleted], [p0].[LogoUrl], [p0].[Name], [p0].[UpdatedAt], [p0].[UpdatedBy], [p0].[UserId]
    FROM [Projects] AS [p0]
    WHERE [p0].[IsDeleted] = CAST(0 AS bit)
) AS [t] ON [p].[ProjectId] = [t].[Id]
WHERE [p].[IsDeleted] = CAST(0 AS bit) AND [t].[UserId] = @__userId_0
ORDER BY [p].[CreatedAt] DESC
2026-07-15 11:49:00.064 +07:00 [INF] Executed DbCommand (6ms) [Parameters=[@__userId_0='?' (DbType = Guid), @__today_1='?' (DbType = DateTime2), @__tomorrow_2='?' (DbType = DateTime2)], CommandType='"Text"', CommandTimeout='30']
SELECT COUNT(*)
FROM [Posts] AS [p]
INNER JOIN (
    SELECT [p0].[Id], [p0].[UserId]
    FROM [Projects] AS [p0]
    WHERE [p0].[IsDeleted] = CAST(0 AS bit)
) AS [t] ON [p].[ProjectId] = [t].[Id]
WHERE [p].[IsDeleted] = CAST(0 AS bit) AND [t].[UserId] = @__userId_0 AND [p].[Status] = 3 AND [p].[PublishedAt] >= @__today_1 AND [p].[PublishedAt] < @__tomorrow_2
2026-07-15 11:49:00.071 +07:00 [INF] Executed DbCommand (4ms) [Parameters=[@__userId_0='?' (DbType = Guid)], CommandType='"Text"', CommandTimeout='30']
SELECT COUNT(*)
FROM [AiGeneratedContents] AS [a]
WHERE [a].[IsDeleted] = CAST(0 AS bit) AND [a].[UserId] = @__userId_0
2026-07-15 11:49:00.081 +07:00 [INF] Executed DbCommand (8ms) [Parameters=[@__userId_0='?' (DbType = Guid)], CommandType='"Text"', CommandTimeout='30']
SELECT [t].[Id], [t].[Balance], [t].[CreatedAt], [t].[CreatedBy], [t].[IsDeleted], [t].[TotalEarned], [t].[TotalUsed], [t].[UpdatedAt], [t].[UpdatedBy], [t].[UserId], [t0].[Id], [t0].[Amount], [t0].[BalanceAfter], [t0].[CreatedAt], [t0].[CreatedBy], [t0].[CreditId], [t0].[Description], [t0].[IsDeleted], [t0].[ReferenceId], [t0].[ReferenceType], [t0].[Type], [t0].[UpdatedAt], [t0].[UpdatedBy], [t0].[UserId]
FROM (
    SELECT TOP(1) [c].[Id], [c].[Balance], [c].[CreatedAt], [c].[CreatedBy], [c].[IsDeleted], [c].[TotalEarned], [c].[TotalUsed], [c].[UpdatedAt], [c].[UpdatedBy], [c].[UserId]
    FROM [Credits] AS [c]
    WHERE [c].[IsDeleted] = CAST(0 AS bit) AND [c].[UserId] = @__userId_0
) AS [t]
LEFT JOIN (
    SELECT [c0].[Id], [c0].[Amount], [c0].[BalanceAfter], [c0].[CreatedAt], [c0].[CreatedBy], [c0].[CreditId], [c0].[Description], [c0].[IsDeleted], [c0].[ReferenceId], [c0].[ReferenceType], [c0].[Type], [c0].[UpdatedAt], [c0].[UpdatedBy], [c0].[UserId]
    FROM [CreditTransactions] AS [c0]
    WHERE [c0].[IsDeleted] = CAST(0 AS bit)
) AS [t0] ON [t].[Id] = [t0].[CreditId]
ORDER BY [t].[Id]
2026-07-15 11:49:00.086 +07:00 [INF] Executed DbCommand (1ms) [Parameters=[@__userId_0='?' (DbType = Guid)], CommandType='"Text"', CommandTimeout='30']
SELECT COUNT(*)
FROM [Projects] AS [p]
WHERE [p].[IsDeleted] = CAST(0 AS bit) AND [p].[UserId] = @__userId_0
2026-07-15 11:49:00.096 +07:00 [INF] Executed DbCommand (7ms) [Parameters=[@__p_1='?' (DbType = Int32), @__userId_0='?' (DbType = Guid)], CommandType='"Text"', CommandTimeout='30']
SELECT TOP(@__p_1) [p].[Id], [p].[CreatedAt], [p].[CreatedBy], [p].[ExecutedAt], [p].[FailureReason], [p].[IsDeleted], [p].[PostChannelAccountId], [p].[PostId], [p].[RetryCount], [p].[ScheduledAt], [p].[Status], [p].[UpdatedAt], [p].[UpdatedBy], [t].[Id], [t].[ChannelAccountId], [t].[CreatedAt], [t].[CreatedBy], [t].[DayNumber], [t].[ExternalPostId], [t].[IsDeleted], [t].[ProjectId], [t].[PublishedAt], [t].[PublishedUrl], [t].[ScheduledAt], [t].[Status], [t].[TimelineId], [t].[Title], [t].[TrackingEnabled], [t].[UpdatedAt], [t].[UpdatedBy], [t].[VoiceSampleId], [t0].[Id], [t0].[CreatedAt], [t0].[CreatedBy], [t0].[Description], [t0].[IsActive], [t0].[IsDeleted], [t0].[LogoUrl], [t0].[Name], [t0].[UpdatedAt], [t0].[UpdatedBy], [t0].[UserId]
FROM [PostSchedules] AS [p]
INNER JOIN (
    SELECT [p0].[Id], [p0].[ChannelAccountId], [p0].[CreatedAt], [p0].[CreatedBy], [p0].[DayNumber], [p0].[ExternalPostId], [p0].[IsDeleted], [p0].[ProjectId], [p0].[PublishedAt], [p0].[PublishedUrl], [p0].[ScheduledAt], [p0].[Status], [p0].[TimelineId], [p0].[Title], [p0].[TrackingEnabled], [p0].[UpdatedAt], [p0].[UpdatedBy], [p0].[VoiceSampleId]
    FROM [Posts] AS [p0]
    WHERE [p0].[IsDeleted] = CAST(0 AS bit)
) AS [t] ON [p].[PostId] = [t].[Id]
INNER JOIN (
    SELECT [p1].[Id], [p1].[CreatedAt], [p1].[CreatedBy], [p1].[Description], [p1].[IsActive], [p1].[IsDeleted], [p1].[LogoUrl], [p1].[Name], [p1].[UpdatedAt], [p1].[UpdatedBy], [p1].[UserId]
    FROM [Projects] AS [p1]
    WHERE [p1].[IsDeleted] = CAST(0 AS bit)
) AS [t0] ON [t].[ProjectId] = [t0].[Id]
WHERE [p].[IsDeleted] = CAST(0 AS bit) AND [t0].[UserId] = @__userId_0 AND [p].[Status] = 0 AND [p].[ScheduledAt] >= GETUTCDATE()
ORDER BY [p].[ScheduledAt]
2026-07-15 11:49:00.103 +07:00 [INF] Executed DbCommand (3ms) [Parameters=[@__p_1='?' (DbType = Int32), @__userId_0='?' (DbType = Guid)], CommandType='"Text"', CommandTimeout='30']
SELECT TOP(@__p_1) [a].[Id], [a].[Action], [a].[CreatedAt], [a].[CreatedBy], [a].[EntityId], [a].[EntityType], [a].[IpAddress], [a].[IsDeleted], [a].[NewValues], [a].[OldValues], [a].[UpdatedAt], [a].[UpdatedBy], [a].[UserAgent], [a].[UserId]
FROM [AuditLogs] AS [a]
WHERE [a].[IsDeleted] = CAST(0 AS bit) AND [a].[UserId] = @__userId_0
ORDER BY [a].[CreatedAt] DESC
2026-07-15 11:49:00.105 +07:00 [INF] Handled GetDashboardStatsQuery in 60ms
2026-07-15 11:49:00.107 +07:00 [INF] HTTP GET /api/dashboard/stats responded 200 in 69.3831ms
2026-07-15 11:49:01.120 +07:00 [INF] Executed DbCommand (6ms) [Parameters=[@__before_0='?' (DbType = DateTime2)], CommandType='"Text"', CommandTimeout='30']
SELECT [p].[Id], [p].[CreatedAt], [p].[CreatedBy], [p].[ExecutedAt], [p].[FailureReason], [p].[IsDeleted], [p].[PostChannelAccountId], [p].[PostId], [p].[RetryCount], [p].[ScheduledAt], [p].[Status], [p].[UpdatedAt], [p].[UpdatedBy], [t].[Id], [t].[ChannelAccountId], [t].[CreatedAt], [t].[CreatedBy], [t].[DayNumber], [t].[ExternalPostId], [t].[IsDeleted], [t].[ProjectId], [t].[PublishedAt], [t].[PublishedUrl], [t].[ScheduledAt], [t].[Status], [t].[TimelineId], [t].[Title], [t].[TrackingEnabled], [t].[UpdatedAt], [t].[UpdatedBy], [t].[VoiceSampleId], [t0].[Id], [t0].[Content], [t0].[ContentType], [t0].[CreatedAt], [t0].[CreatedBy], [t0].[IsDeleted], [t0].[MediaFileId], [t0].[PostId], [t0].[SortOrder], [t0].[UpdatedAt], [t0].[UpdatedBy]
FROM [PostSchedules] AS [p]
INNER JOIN (
    SELECT [p0].[Id], [p0].[ChannelAccountId], [p0].[CreatedAt], [p0].[CreatedBy], [p0].[DayNumber], [p0].[ExternalPostId], [p0].[IsDeleted], [p0].[ProjectId], [p0].[PublishedAt], [p0].[PublishedUrl], [p0].[ScheduledAt], [p0].[Status], [p0].[TimelineId], [p0].[Title], [p0].[TrackingEnabled], [p0].[UpdatedAt], [p0].[UpdatedBy], [p0].[VoiceSampleId]
    FROM [Posts] AS [p0]
    WHERE [p0].[IsDeleted] = CAST(0 AS bit)
) AS [t] ON [p].[PostId] = [t].[Id]
LEFT JOIN (
    SELECT [p1].[Id], [p1].[Content], [p1].[ContentType], [p1].[CreatedAt], [p1].[CreatedBy], [p1].[IsDeleted], [p1].[MediaFileId], [p1].[PostId], [p1].[SortOrder], [p1].[UpdatedAt], [p1].[UpdatedBy]
    FROM [PostContents] AS [p1]
    WHERE [p1].[IsDeleted] = CAST(0 AS bit)
) AS [t0] ON [t].[Id] = [t0].[PostId]
WHERE [p].[IsDeleted] = CAST(0 AS bit) AND [p].[Status] = 0 AND [p].[ScheduledAt] <= @__before_0
ORDER BY [p].[ScheduledAt], [p].[Id], [t].[Id]
2026-07-15 11:49:08.957 +07:00 [INF] HTTP GET /api/dashboard/stats started
2026-07-15 11:49:08.960 +07:00 [INF] Handling GetDashboardStatsQuery {"$type":"GetDashboardStatsQuery"}
2026-07-15 11:49:08.967 +07:00 [INF] Executed DbCommand (2ms) [Parameters=[@__userId_0='?' (DbType = Guid)], CommandType='"Text"', CommandTimeout='30']
SELECT [p].[Id], [p].[ChannelAccountId], [p].[CreatedAt], [p].[CreatedBy], [p].[DayNumber], [p].[ExternalPostId], [p].[IsDeleted], [p].[ProjectId], [p].[PublishedAt], [p].[PublishedUrl], [p].[ScheduledAt], [p].[Status], [p].[TimelineId], [p].[Title], [p].[TrackingEnabled], [p].[UpdatedAt], [p].[UpdatedBy], [p].[VoiceSampleId], [t].[Id], [t].[CreatedAt], [t].[CreatedBy], [t].[Description], [t].[IsActive], [t].[IsDeleted], [t].[LogoUrl], [t].[Name], [t].[UpdatedAt], [t].[UpdatedBy], [t].[UserId]
FROM [Posts] AS [p]
INNER JOIN (
    SELECT [p0].[Id], [p0].[CreatedAt], [p0].[CreatedBy], [p0].[Description], [p0].[IsActive], [p0].[IsDeleted], [p0].[LogoUrl], [p0].[Name], [p0].[UpdatedAt], [p0].[UpdatedBy], [p0].[UserId]
    FROM [Projects] AS [p0]
    WHERE [p0].[IsDeleted] = CAST(0 AS bit)
) AS [t] ON [p].[ProjectId] = [t].[Id]
WHERE [p].[IsDeleted] = CAST(0 AS bit) AND [t].[UserId] = @__userId_0
ORDER BY [p].[CreatedAt] DESC
2026-07-15 11:49:08.973 +07:00 [INF] Executed DbCommand (1ms) [Parameters=[@__userId_0='?' (DbType = Guid), @__today_1='?' (DbType = DateTime2), @__tomorrow_2='?' (DbType = DateTime2)], CommandType='"Text"', CommandTimeout='30']
SELECT COUNT(*)
FROM [Posts] AS [p]
INNER JOIN (
    SELECT [p0].[Id], [p0].[UserId]
    FROM [Projects] AS [p0]
    WHERE [p0].[IsDeleted] = CAST(0 AS bit)
) AS [t] ON [p].[ProjectId] = [t].[Id]
WHERE [p].[IsDeleted] = CAST(0 AS bit) AND [t].[UserId] = @__userId_0 AND [p].[Status] = 3 AND [p].[PublishedAt] >= @__today_1 AND [p].[PublishedAt] < @__tomorrow_2
2026-07-15 11:49:08.978 +07:00 [INF] Executed DbCommand (1ms) [Parameters=[@__userId_0='?' (DbType = Guid)], CommandType='"Text"', CommandTimeout='30']
SELECT COUNT(*)
FROM [AiGeneratedContents] AS [a]
WHERE [a].[IsDeleted] = CAST(0 AS bit) AND [a].[UserId] = @__userId_0
2026-07-15 11:49:08.983 +07:00 [INF] Executed DbCommand (2ms) [Parameters=[@__userId_0='?' (DbType = Guid)], CommandType='"Text"', CommandTimeout='30']
SELECT [t].[Id], [t].[Balance], [t].[CreatedAt], [t].[CreatedBy], [t].[IsDeleted], [t].[TotalEarned], [t].[TotalUsed], [t].[UpdatedAt], [t].[UpdatedBy], [t].[UserId], [t0].[Id], [t0].[Amount], [t0].[BalanceAfter], [t0].[CreatedAt], [t0].[CreatedBy], [t0].[CreditId], [t0].[Description], [t0].[IsDeleted], [t0].[ReferenceId], [t0].[ReferenceType], [t0].[Type], [t0].[UpdatedAt], [t0].[UpdatedBy], [t0].[UserId]
FROM (
    SELECT TOP(1) [c].[Id], [c].[Balance], [c].[CreatedAt], [c].[CreatedBy], [c].[IsDeleted], [c].[TotalEarned], [c].[TotalUsed], [c].[UpdatedAt], [c].[UpdatedBy], [c].[UserId]
    FROM [Credits] AS [c]
    WHERE [c].[IsDeleted] = CAST(0 AS bit) AND [c].[UserId] = @__userId_0
) AS [t]
LEFT JOIN (
    SELECT [c0].[Id], [c0].[Amount], [c0].[BalanceAfter], [c0].[CreatedAt], [c0].[CreatedBy], [c0].[CreditId], [c0].[Description], [c0].[IsDeleted], [c0].[ReferenceId], [c0].[ReferenceType], [c0].[Type], [c0].[UpdatedAt], [c0].[UpdatedBy], [c0].[UserId]
    FROM [CreditTransactions] AS [c0]
    WHERE [c0].[IsDeleted] = CAST(0 AS bit)
) AS [t0] ON [t].[Id] = [t0].[CreditId]
ORDER BY [t].[Id]
2026-07-15 11:49:08.988 +07:00 [INF] Executed DbCommand (1ms) [Parameters=[@__userId_0='?' (DbType = Guid)], CommandType='"Text"', CommandTimeout='30']
SELECT COUNT(*)
FROM [Projects] AS [p]
WHERE [p].[IsDeleted] = CAST(0 AS bit) AND [p].[UserId] = @__userId_0
2026-07-15 11:49:08.994 +07:00 [INF] Executed DbCommand (1ms) [Parameters=[@__p_1='?' (DbType = Int32), @__userId_0='?' (DbType = Guid)], CommandType='"Text"', CommandTimeout='30']
SELECT TOP(@__p_1) [p].[Id], [p].[CreatedAt], [p].[CreatedBy], [p].[ExecutedAt], [p].[FailureReason], [p].[IsDeleted], [p].[PostChannelAccountId], [p].[PostId], [p].[RetryCount], [p].[ScheduledAt], [p].[Status], [p].[UpdatedAt], [p].[UpdatedBy], [t].[Id], [t].[ChannelAccountId], [t].[CreatedAt], [t].[CreatedBy], [t].[DayNumber], [t].[ExternalPostId], [t].[IsDeleted], [t].[ProjectId], [t].[PublishedAt], [t].[PublishedUrl], [t].[ScheduledAt], [t].[Status], [t].[TimelineId], [t].[Title], [t].[TrackingEnabled], [t].[UpdatedAt], [t].[UpdatedBy], [t].[VoiceSampleId], [t0].[Id], [t0].[CreatedAt], [t0].[CreatedBy], [t0].[Description], [t0].[IsActive], [t0].[IsDeleted], [t0].[LogoUrl], [t0].[Name], [t0].[UpdatedAt], [t0].[UpdatedBy], [t0].[UserId]
FROM [PostSchedules] AS [p]
INNER JOIN (
    SELECT [p0].[Id], [p0].[ChannelAccountId], [p0].[CreatedAt], [p0].[CreatedBy], [p0].[DayNumber], [p0].[ExternalPostId], [p0].[IsDeleted], [p0].[ProjectId], [p0].[PublishedAt], [p0].[PublishedUrl], [p0].[ScheduledAt], [p0].[Status], [p0].[TimelineId], [p0].[Title], [p0].[TrackingEnabled], [p0].[UpdatedAt], [p0].[UpdatedBy], [p0].[VoiceSampleId]
    FROM [Posts] AS [p0]
    WHERE [p0].[IsDeleted] = CAST(0 AS bit)
) AS [t] ON [p].[PostId] = [t].[Id]
INNER JOIN (
    SELECT [p1].[Id], [p1].[CreatedAt], [p1].[CreatedBy], [p1].[Description], [p1].[IsActive], [p1].[IsDeleted], [p1].[LogoUrl], [p1].[Name], [p1].[UpdatedAt], [p1].[UpdatedBy], [p1].[UserId]
    FROM [Projects] AS [p1]
    WHERE [p1].[IsDeleted] = CAST(0 AS bit)
) AS [t0] ON [t].[ProjectId] = [t0].[Id]
WHERE [p].[IsDeleted] = CAST(0 AS bit) AND [t0].[UserId] = @__userId_0 AND [p].[Status] = 0 AND [p].[ScheduledAt] >= GETUTCDATE()
ORDER BY [p].[ScheduledAt]
2026-07-15 11:49:08.998 +07:00 [INF] Executed DbCommand (2ms) [Parameters=[@__p_1='?' (DbType = Int32), @__userId_0='?' (DbType = Guid)], CommandType='"Text"', CommandTimeout='30']
SELECT TOP(@__p_1) [a].[Id], [a].[Action], [a].[CreatedAt], [a].[CreatedBy], [a].[EntityId], [a].[EntityType], [a].[IpAddress], [a].[IsDeleted], [a].[NewValues], [a].[OldValues], [a].[UpdatedAt], [a].[UpdatedBy], [a].[UserAgent], [a].[UserId]
FROM [AuditLogs] AS [a]
WHERE [a].[IsDeleted] = CAST(0 AS bit) AND [a].[UserId] = @__userId_0
ORDER BY [a].[CreatedAt] DESC
2026-07-15 11:49:09.002 +07:00 [INF] Handled GetDashboardStatsQuery in 38ms
2026-07-15 11:49:09.003 +07:00 [INF] HTTP GET /api/dashboard/stats responded 200 in 46.7612ms
