2026-07-16 09:57:18.186 +07:00 [WRN] No store type was specified for the decimal property 'TotalEarnings' on entity type 'Affiliate'. This will cause values to be silently truncated if they do not fit in the default precision and scale. Explicitly specify the SQL server column type that can accommodate all the values in 'OnModelCreating' using 'HasColumnType', specify precision and scale using 'HasPrecision', or configure a value converter using 'HasConversion'.
2026-07-16 09:57:20.274 +07:00 [INF] Detected FlowMate/SQL schema without EF history — applying compat layer and skipping MigrateAsync.
2026-07-16 09:57:20.814 +07:00 [INF] Executed DbCommand (188ms) [Parameters=[], CommandType='"Text"', CommandTimeout='30']
IF COL_LENGTH('dbo.Posts', 'ChannelAccountId') IS NULL
    ALTER TABLE dbo.Posts ADD ChannelAccountId UNIQUEIDENTIFIER NULL;
2026-07-16 09:57:20.942 +07:00 [INF] Executed DbCommand (34ms) [Parameters=[], CommandType='"Text"', CommandTimeout='30']
IF COL_LENGTH('dbo.Posts', 'ExternalPostId') IS NULL
    ALTER TABLE dbo.Posts ADD ExternalPostId NVARCHAR(128) NULL;
2026-07-16 09:57:21.512 +07:00 [INF] Executed DbCommand (13ms) [Parameters=[], CommandType='"Text"', CommandTimeout='30']
IF COL_LENGTH('dbo.Posts', 'PublishedUrl') IS NULL
    ALTER TABLE dbo.Posts ADD PublishedUrl NVARCHAR(1000) NULL;
2026-07-16 09:57:22.113 +07:00 [INF] Executed DbCommand (17ms) [Parameters=[], CommandType='"Text"', CommandTimeout='30']
IF COL_LENGTH('dbo.Posts', 'PublishedAt') IS NULL
    ALTER TABLE dbo.Posts ADD PublishedAt DATETIME2 NULL;
2026-07-16 09:57:23.013 +07:00 [INF] Executed DbCommand (6ms) [Parameters=[], CommandType='"Text"', CommandTimeout='30']
IF COL_LENGTH('dbo.PostSchedules', 'PostId') IS NULL
    ALTER TABLE dbo.PostSchedules ADD PostId UNIQUEIDENTIFIER NULL;
2026-07-16 09:57:23.662 +07:00 [INF] Executed DbCommand (12ms) [Parameters=[], CommandType='"Text"', CommandTimeout='30']
IF COL_LENGTH('dbo.PostSchedules', 'PostChannelAccountId') IS NOT NULL
   AND COLUMNPROPERTY(OBJECT_ID('dbo.PostSchedules'), 'PostChannelAccountId', 'AllowsNull') = 0
BEGIN
    ALTER TABLE dbo.PostSchedules ALTER COLUMN PostChannelAccountId UNIQUEIDENTIFIER NULL;
END
2026-07-16 09:57:23.900 +07:00 [INF] Executed DbCommand (7ms) [Parameters=[], CommandType='"Text"', CommandTimeout='30']
IF COL_LENGTH('dbo.ChannelAccounts', 'ParentChannelAccountId') IS NULL
    ALTER TABLE dbo.ChannelAccounts ADD ParentChannelAccountId UNIQUEIDENTIFIER NULL;
2026-07-16 09:57:23.974 +07:00 [INF] Executed DbCommand (2ms) [Parameters=[], CommandType='"Text"', CommandTimeout='30']
IF COL_LENGTH('dbo.ChannelAccounts', 'AccessToken') IS NULL
    ALTER TABLE dbo.ChannelAccounts ADD AccessToken NVARCHAR(MAX) NULL;
2026-07-16 09:57:23.993 +07:00 [INF] Executed DbCommand (2ms) [Parameters=[], CommandType='"Text"', CommandTimeout='30']
IF COL_LENGTH('dbo.ChannelAccounts', 'RefreshToken') IS NULL
    ALTER TABLE dbo.ChannelAccounts ADD RefreshToken NVARCHAR(MAX) NULL;
2026-07-16 09:57:24.057 +07:00 [INF] Executed DbCommand (6ms) [Parameters=[], CommandType='"Text"', CommandTimeout='30']
IF COL_LENGTH('dbo.ChannelAccounts', 'TokenExpiresAt') IS NULL
    ALTER TABLE dbo.ChannelAccounts ADD TokenExpiresAt DATETIME2 NULL;
2026-07-16 09:57:24.130 +07:00 [INF] Executed DbCommand (2ms) [Parameters=[], CommandType='"Text"', CommandTimeout='30']
IF COL_LENGTH('dbo.ChannelAccounts', 'Scope') IS NULL
    ALTER TABLE dbo.ChannelAccounts ADD Scope NVARCHAR(500) NULL;
2026-07-16 09:57:24.165 +07:00 [INF] Executed DbCommand (3ms) [Parameters=[], CommandType='"Text"', CommandTimeout='30']
IF COL_LENGTH('dbo.Posts', 'VoiceSampleId') IS NULL
    ALTER TABLE dbo.Posts ADD VoiceSampleId UNIQUEIDENTIFIER NULL;
2026-07-16 09:57:24.210 +07:00 [INF] Executed DbCommand (1ms) [Parameters=[], CommandType='"Text"', CommandTimeout='30']
IF COL_LENGTH('dbo.Posts', 'DayNumber') IS NULL
    ALTER TABLE dbo.Posts ADD DayNumber INT NULL;
2026-07-16 09:57:24.307 +07:00 [INF] Executed DbCommand (2ms) [Parameters=[], CommandType='"Text"', CommandTimeout='30']
IF COL_LENGTH('dbo.Posts', 'TrackingEnabled') IS NULL
    ALTER TABLE dbo.Posts ADD TrackingEnabled BIT NOT NULL DEFAULT CAST(1 AS BIT);
2026-07-16 09:57:24.332 +07:00 [INF] Executed DbCommand (4ms) [Parameters=[], CommandType='"Text"', CommandTimeout='30']
IF COL_LENGTH('dbo.MediaFiles', 'ProductId') IS NULL
    ALTER TABLE dbo.MediaFiles ADD ProductId UNIQUEIDENTIFIER NULL;
2026-07-16 09:57:24.342 +07:00 [INF] Executed DbCommand (2ms) [Parameters=[], CommandType='"Text"', CommandTimeout='30']
IF COL_LENGTH('dbo.MediaFiles', 'StoragePath') IS NULL
    ALTER TABLE dbo.MediaFiles ADD StoragePath NVARCHAR(1000) NOT NULL DEFAULT '';
2026-07-16 09:57:24.361 +07:00 [INF] Executed DbCommand (6ms) [Parameters=[], CommandType='"Text"', CommandTimeout='30']
IF COL_LENGTH('dbo.FacebookAccounts', 'ProjectId') IS NULL
    ALTER TABLE dbo.FacebookAccounts ADD ProjectId UNIQUEIDENTIFIER NOT NULL
        DEFAULT '00000000-0000-0000-0000-000000000000';
2026-07-16 09:57:24.397 +07:00 [INF] Executed DbCommand (5ms) [Parameters=[], CommandType='"Text"', CommandTimeout='30']
IF COL_LENGTH('dbo.Campaigns', 'ProductDescription') IS NULL
    ALTER TABLE dbo.Campaigns ADD ProductDescription NVARCHAR(MAX) NULL;
2026-07-16 09:57:24.424 +07:00 [INF] Executed DbCommand (5ms) [Parameters=[], CommandType='"Text"', CommandTimeout='30']
IF OBJECT_ID('dbo.ProjectMembers') IS NULL
CREATE TABLE dbo.ProjectMembers (
    Id UNIQUEIDENTIFIER NOT NULL PRIMARY KEY, ProjectId UNIQUEIDENTIFIER NOT NULL,
    UserId UNIQUEIDENTIFIER NOT NULL, Role NVARCHAR(20) NOT NULL DEFAULT 'Member',
    InvitedAt DATETIME2 NULL, JoinedAt DATETIME2 NULL,
    CreatedAt DATETIME2 NOT NULL, UpdatedAt DATETIME2 NULL,
    CreatedBy UNIQUEIDENTIFIER NULL, UpdatedBy UNIQUEIDENTIFIER NULL, IsDeleted BIT NOT NULL DEFAULT 0,
    CONSTRAINT FK_ProjectMembers_Projects FOREIGN KEY (ProjectId) REFERENCES dbo.Projects(Id),
    CONSTRAINT FK_ProjectMembers_Users FOREIGN KEY (UserId) REFERENCES dbo.Users(Id));
2026-07-16 09:57:24.482 +07:00 [INF] Executed DbCommand (49ms) [Parameters=[], CommandType='"Text"', CommandTimeout='30']
IF OBJECT_ID('dbo.ProjectMembers') IS NOT NULL AND NOT EXISTS (SELECT 1 FROM sys.indexes WHERE name = 'IX_ProjectMembers_ProjectId_UserId')
    CREATE UNIQUE INDEX IX_ProjectMembers_ProjectId_UserId ON dbo.ProjectMembers(ProjectId, UserId);
2026-07-16 09:57:24.516 +07:00 [INF] Executed DbCommand (9ms) [Parameters=[], CommandType='"Text"', CommandTimeout='30']
IF OBJECT_ID('dbo.VoiceSampleTemplates') IS NULL
CREATE TABLE dbo.VoiceSampleTemplates (
    Id UNIQUEIDENTIFIER NOT NULL PRIMARY KEY, SampleText NVARCHAR(500) NOT NULL,
    CreatedAt DATETIME2 NOT NULL, UpdatedAt DATETIME2 NULL,
    CreatedBy UNIQUEIDENTIFIER NULL, UpdatedBy UNIQUEIDENTIFIER NULL, IsDeleted BIT NOT NULL DEFAULT 0);
2026-07-16 09:57:24.530 +07:00 [INF] Executed DbCommand (2ms) [Parameters=[], CommandType='"Text"', CommandTimeout='30']
IF OBJECT_ID('dbo.BrandStyles') IS NULL
CREATE TABLE dbo.BrandStyles (
    Id UNIQUEIDENTIFIER NOT NULL PRIMARY KEY, StyleName NVARCHAR(50) NOT NULL,
    CreatedAt DATETIME2 NOT NULL, UpdatedAt DATETIME2 NULL,
    CreatedBy UNIQUEIDENTIFIER NULL, UpdatedBy UNIQUEIDENTIFIER NULL, IsDeleted BIT NOT NULL DEFAULT 0);
2026-07-16 09:57:24.572 +07:00 [INF] Executed DbCommand (19ms) [Parameters=[], CommandType='"Text"', CommandTimeout='30']
IF OBJECT_ID('dbo.BrandStyles') IS NOT NULL AND NOT EXISTS (SELECT 1 FROM sys.indexes WHERE name = 'IX_BrandStyles_StyleName')
    CREATE UNIQUE INDEX IX_BrandStyles_StyleName ON dbo.BrandStyles(StyleName);
2026-07-16 09:57:24.597 +07:00 [INF] Executed DbCommand (4ms) [Parameters=[], CommandType='"Text"', CommandTimeout='30']
IF OBJECT_ID('dbo.ToneKeywords') IS NULL
CREATE TABLE dbo.ToneKeywords (
    Id UNIQUEIDENTIFIER NOT NULL PRIMARY KEY, Keyword NVARCHAR(50) NOT NULL,
    CreatedAt DATETIME2 NOT NULL, UpdatedAt DATETIME2 NULL,
    CreatedBy UNIQUEIDENTIFIER NULL, UpdatedBy UNIQUEIDENTIFIER NULL, IsDeleted BIT NOT NULL DEFAULT 0);
2026-07-16 09:57:24.621 +07:00 [INF] Executed DbCommand (13ms) [Parameters=[], CommandType='"Text"', CommandTimeout='30']
IF OBJECT_ID('dbo.ToneKeywords') IS NOT NULL AND NOT EXISTS (SELECT 1 FROM sys.indexes WHERE name = 'IX_ToneKeywords_Keyword')
    CREATE UNIQUE INDEX IX_ToneKeywords_Keyword ON dbo.ToneKeywords(Keyword);
2026-07-16 09:57:24.649 +07:00 [INF] Executed DbCommand (3ms) [Parameters=[], CommandType='"Text"', CommandTimeout='30']
IF OBJECT_ID('dbo.CtaTemplates') IS NULL
CREATE TABLE dbo.CtaTemplates (
    Id UNIQUEIDENTIFIER NOT NULL PRIMARY KEY, CtaText NVARCHAR(100) NOT NULL,
    CreatedAt DATETIME2 NOT NULL, UpdatedAt DATETIME2 NULL,
    CreatedBy UNIQUEIDENTIFIER NULL, UpdatedBy UNIQUEIDENTIFIER NULL, IsDeleted BIT NOT NULL DEFAULT 0);
2026-07-16 09:57:24.675 +07:00 [INF] Executed DbCommand (15ms) [Parameters=[], CommandType='"Text"', CommandTimeout='30']
IF OBJECT_ID('dbo.CtaTemplates') IS NOT NULL AND NOT EXISTS (SELECT 1 FROM sys.indexes WHERE name = 'IX_CtaTemplates_CtaText')
    CREATE UNIQUE INDEX IX_CtaTemplates_CtaText ON dbo.CtaTemplates(CtaText);
2026-07-16 09:57:24.740 +07:00 [INF] Executed DbCommand (7ms) [Parameters=[], CommandType='"Text"', CommandTimeout='30']
IF OBJECT_ID('dbo.Hashtags') IS NULL
CREATE TABLE dbo.Hashtags (
    Id UNIQUEIDENTIFIER NOT NULL PRIMARY KEY, Tag NVARCHAR(50) NOT NULL,
    CreatedAt DATETIME2 NOT NULL, UpdatedAt DATETIME2 NULL,
    CreatedBy UNIQUEIDENTIFIER NULL, UpdatedBy UNIQUEIDENTIFIER NULL, IsDeleted BIT NOT NULL DEFAULT 0);
2026-07-16 09:57:24.830 +07:00 [INF] Executed DbCommand (18ms) [Parameters=[], CommandType='"Text"', CommandTimeout='30']
IF OBJECT_ID('dbo.Hashtags') IS NOT NULL AND NOT EXISTS (SELECT 1 FROM sys.indexes WHERE name = 'IX_Hashtags_Tag')
    CREATE UNIQUE INDEX IX_Hashtags_Tag ON dbo.Hashtags(Tag);
2026-07-16 09:57:24.921 +07:00 [INF] Executed DbCommand (8ms) [Parameters=[], CommandType='"Text"', CommandTimeout='30']
IF OBJECT_ID('dbo.BrandProfiles') IS NULL
CREATE TABLE dbo.BrandProfiles (
    Id UNIQUEIDENTIFIER NOT NULL PRIMARY KEY, ProjectId UNIQUEIDENTIFIER NOT NULL,
    LogoUrl NVARCHAR(500) NULL, BusinessName NVARCHAR(150) NOT NULL, BrandName NVARCHAR(150) NOT NULL,
    Industry NVARCHAR(100) NULL, FoundingYear SMALLINT NULL, ShortDescription NVARCHAR(1000) NULL,
    Address NVARCHAR(300) NULL, ContactPhone NVARCHAR(20) NULL, ContactEmail NVARCHAR(255) NULL,
    Website NVARCHAR(255) NULL, VoiceSampleId UNIQUEIDENTIFIER NULL,
    CreatedAt DATETIME2 NOT NULL, UpdatedAt DATETIME2 NULL,
    CreatedBy UNIQUEIDENTIFIER NULL, UpdatedBy UNIQUEIDENTIFIER NULL, IsDeleted BIT NOT NULL DEFAULT 0,
    CONSTRAINT FK_BrandProfiles_Projects FOREIGN KEY (ProjectId) REFERENCES dbo.Projects(Id),
    CONSTRAINT FK_BrandProfiles_VoiceSampleTemplates FOREIGN KEY (VoiceSampleId) REFERENCES dbo.VoiceSampleTemplates(Id));
2026-07-16 09:57:24.987 +07:00 [INF] Executed DbCommand (26ms) [Parameters=[], CommandType='"Text"', CommandTimeout='30']
IF OBJECT_ID('dbo.BrandProfiles') IS NOT NULL AND NOT EXISTS (SELECT 1 FROM sys.indexes WHERE name = 'IX_BrandProfiles_ProjectId')
    CREATE UNIQUE INDEX IX_BrandProfiles_ProjectId ON dbo.BrandProfiles(ProjectId);
2026-07-16 09:57:25.030 +07:00 [INF] Executed DbCommand (6ms) [Parameters=[], CommandType='"Text"', CommandTimeout='30']
IF OBJECT_ID('dbo.BrandProfileStyles') IS NULL
CREATE TABLE dbo.BrandProfileStyles (
    Id UNIQUEIDENTIFIER NOT NULL PRIMARY KEY, BrandProfileId UNIQUEIDENTIFIER NOT NULL, StyleId UNIQUEIDENTIFIER NOT NULL,
    CreatedAt DATETIME2 NOT NULL, UpdatedAt DATETIME2 NULL,
    CreatedBy UNIQUEIDENTIFIER NULL, UpdatedBy UNIQUEIDENTIFIER NULL, IsDeleted BIT NOT NULL DEFAULT 0,
    CONSTRAINT FK_BrandProfileStyles_BrandProfiles FOREIGN KEY (BrandProfileId) REFERENCES dbo.BrandProfiles(Id),
    CONSTRAINT FK_BrandProfileStyles_BrandStyles FOREIGN KEY (StyleId) REFERENCES dbo.BrandStyles(Id));
2026-07-16 09:57:25.082 +07:00 [INF] Executed DbCommand (13ms) [Parameters=[], CommandType='"Text"', CommandTimeout='30']
IF OBJECT_ID('dbo.BrandProfileStyles') IS NOT NULL AND NOT EXISTS (SELECT 1 FROM sys.indexes WHERE name = 'IX_BrandProfileStyles_BrandProfileId_StyleId')
    CREATE UNIQUE INDEX IX_BrandProfileStyles_BrandProfileId_StyleId ON dbo.BrandProfileStyles(BrandProfileId, StyleId);
2026-07-16 09:57:25.112 +07:00 [INF] Executed DbCommand (6ms) [Parameters=[], CommandType='"Text"', CommandTimeout='30']
IF OBJECT_ID('dbo.BrandProfileKeywords') IS NULL
CREATE TABLE dbo.BrandProfileKeywords (
    Id UNIQUEIDENTIFIER NOT NULL PRIMARY KEY, BrandProfileId UNIQUEIDENTIFIER NOT NULL, ToneKeywordId UNIQUEIDENTIFIER NOT NULL,
    CreatedAt DATETIME2 NOT NULL, UpdatedAt DATETIME2 NULL,
    CreatedBy UNIQUEIDENTIFIER NULL, UpdatedBy UNIQUEIDENTIFIER NULL, IsDeleted BIT NOT NULL DEFAULT 0,
    CONSTRAINT FK_BrandProfileKeywords_BrandProfiles FOREIGN KEY (BrandProfileId) REFERENCES dbo.BrandProfiles(Id),
    CONSTRAINT FK_BrandProfileKeywords_ToneKeywords FOREIGN KEY (ToneKeywordId) REFERENCES dbo.ToneKeywords(Id));
2026-07-16 09:57:25.161 +07:00 [INF] Executed DbCommand (25ms) [Parameters=[], CommandType='"Text"', CommandTimeout='30']
IF OBJECT_ID('dbo.BrandProfileKeywords') IS NOT NULL AND NOT EXISTS (SELECT 1 FROM sys.indexes WHERE name = 'IX_BrandProfileKeywords_BrandProfileId_ToneKeywordId')
    CREATE UNIQUE INDEX IX_BrandProfileKeywords_BrandProfileId_ToneKeywordId ON dbo.BrandProfileKeywords(BrandProfileId, ToneKeywordId);
2026-07-16 09:57:25.179 +07:00 [INF] Executed DbCommand (3ms) [Parameters=[], CommandType='"Text"', CommandTimeout='30']
IF OBJECT_ID('dbo.BrandCtas') IS NULL
CREATE TABLE dbo.BrandCtas (
    Id UNIQUEIDENTIFIER NOT NULL PRIMARY KEY, BrandProfileId UNIQUEIDENTIFIER NOT NULL, CtaId UNIQUEIDENTIFIER NOT NULL,
    CreatedAt DATETIME2 NOT NULL, UpdatedAt DATETIME2 NULL,
    CreatedBy UNIQUEIDENTIFIER NULL, UpdatedBy UNIQUEIDENTIFIER NULL, IsDeleted BIT NOT NULL DEFAULT 0,
    CONSTRAINT FK_BrandCtas_BrandProfiles FOREIGN KEY (BrandProfileId) REFERENCES dbo.BrandProfiles(Id),
    CONSTRAINT FK_BrandCtas_CtaTemplates FOREIGN KEY (CtaId) REFERENCES dbo.CtaTemplates(Id));
2026-07-16 09:57:25.198 +07:00 [INF] Executed DbCommand (15ms) [Parameters=[], CommandType='"Text"', CommandTimeout='30']
IF OBJECT_ID('dbo.BrandCtas') IS NOT NULL AND NOT EXISTS (SELECT 1 FROM sys.indexes WHERE name = 'IX_BrandCtas_BrandProfileId_CtaId')
    CREATE UNIQUE INDEX IX_BrandCtas_BrandProfileId_CtaId ON dbo.BrandCtas(BrandProfileId, CtaId);
2026-07-16 09:57:25.217 +07:00 [INF] Executed DbCommand (3ms) [Parameters=[], CommandType='"Text"', CommandTimeout='30']
IF OBJECT_ID('dbo.BrandHashtags') IS NULL
CREATE TABLE dbo.BrandHashtags (
    Id UNIQUEIDENTIFIER NOT NULL PRIMARY KEY, BrandProfileId UNIQUEIDENTIFIER NOT NULL, HashtagId UNIQUEIDENTIFIER NOT NULL,
    CreatedAt DATETIME2 NOT NULL, UpdatedAt DATETIME2 NULL,
    CreatedBy UNIQUEIDENTIFIER NULL, UpdatedBy UNIQUEIDENTIFIER NULL, IsDeleted BIT NOT NULL DEFAULT 0,
    CONSTRAINT FK_BrandHashtags_BrandProfiles FOREIGN KEY (BrandProfileId) REFERENCES dbo.BrandProfiles(Id),
    CONSTRAINT FK_BrandHashtags_Hashtags FOREIGN KEY (HashtagId) REFERENCES dbo.Hashtags(Id));
2026-07-16 09:57:25.246 +07:00 [INF] Executed DbCommand (18ms) [Parameters=[], CommandType='"Text"', CommandTimeout='30']
IF OBJECT_ID('dbo.BrandHashtags') IS NOT NULL AND NOT EXISTS (SELECT 1 FROM sys.indexes WHERE name = 'IX_BrandHashtags_BrandProfileId_HashtagId')
    CREATE UNIQUE INDEX IX_BrandHashtags_BrandProfileId_HashtagId ON dbo.BrandHashtags(BrandProfileId, HashtagId);
2026-07-16 09:57:25.312 +07:00 [INF] Executed DbCommand (5ms) [Parameters=[], CommandType='"Text"', CommandTimeout='30']
IF OBJECT_ID('dbo.BrandColors') IS NULL
CREATE TABLE dbo.BrandColors (
    Id UNIQUEIDENTIFIER NOT NULL PRIMARY KEY, BrandProfileId UNIQUEIDENTIFIER NOT NULL,
    ColorHex NVARCHAR(9) NOT NULL, ColorType NVARCHAR(20) NOT NULL DEFAULT 'Secondary', SortOrder INT NOT NULL DEFAULT 0,
    CreatedAt DATETIME2 NOT NULL, UpdatedAt DATETIME2 NULL,
    CreatedBy UNIQUEIDENTIFIER NULL, UpdatedBy UNIQUEIDENTIFIER NULL, IsDeleted BIT NOT NULL DEFAULT 0,
    CONSTRAINT FK_BrandColors_BrandProfiles FOREIGN KEY (BrandProfileId) REFERENCES dbo.BrandProfiles(Id));
2026-07-16 09:57:25.375 +07:00 [INF] Executed DbCommand (3ms) [Parameters=[], CommandType='"Text"', CommandTimeout='30']
IF OBJECT_ID('dbo.BrandFonts') IS NULL
CREATE TABLE dbo.BrandFonts (
    Id UNIQUEIDENTIFIER NOT NULL PRIMARY KEY, BrandProfileId UNIQUEIDENTIFIER NOT NULL,
    FontName NVARCHAR(100) NOT NULL, UsageType NVARCHAR(20) NOT NULL,
    CreatedAt DATETIME2 NOT NULL, UpdatedAt DATETIME2 NULL,
    CreatedBy UNIQUEIDENTIFIER NULL, UpdatedBy UNIQUEIDENTIFIER NULL, IsDeleted BIT NOT NULL DEFAULT 0,
    CONSTRAINT FK_BrandFonts_BrandProfiles FOREIGN KEY (BrandProfileId) REFERENCES dbo.BrandProfiles(Id));
2026-07-16 09:57:25.405 +07:00 [INF] Executed DbCommand (2ms) [Parameters=[], CommandType='"Text"', CommandTimeout='30']
IF OBJECT_ID('dbo.ProductCategories') IS NULL
CREATE TABLE dbo.ProductCategories (
    Id UNIQUEIDENTIFIER NOT NULL PRIMARY KEY, BrandProfileId UNIQUEIDENTIFIER NOT NULL, CategoryName NVARCHAR(100) NOT NULL,
    CreatedAt DATETIME2 NOT NULL, UpdatedAt DATETIME2 NULL,
    CreatedBy UNIQUEIDENTIFIER NULL, UpdatedBy UNIQUEIDENTIFIER NULL, IsDeleted BIT NOT NULL DEFAULT 0,
    CONSTRAINT FK_ProductCategories_BrandProfiles FOREIGN KEY (BrandProfileId) REFERENCES dbo.BrandProfiles(Id));
2026-07-16 09:57:25.524 +07:00 [INF] Executed DbCommand (19ms) [Parameters=[], CommandType='"Text"', CommandTimeout='30']
IF OBJECT_ID('dbo.ProductCategories') IS NOT NULL AND NOT EXISTS (SELECT 1 FROM sys.indexes WHERE name = 'IX_ProductCategories_BrandProfileId_CategoryName')
    CREATE UNIQUE INDEX IX_ProductCategories_BrandProfileId_CategoryName ON dbo.ProductCategories(BrandProfileId, CategoryName);
2026-07-16 09:57:25.550 +07:00 [INF] Executed DbCommand (3ms) [Parameters=[], CommandType='"Text"', CommandTimeout='30']
IF OBJECT_ID('dbo.Products') IS NULL
CREATE TABLE dbo.Products (
    Id UNIQUEIDENTIFIER NOT NULL PRIMARY KEY, BrandProfileId UNIQUEIDENTIFIER NOT NULL, ProductCategoryId UNIQUEIDENTIFIER NULL,
    ProductName NVARCHAR(200) NOT NULL, Price DECIMAL(18,2) NULL, AiGeneratedDescription NVARCHAR(MAX) NULL,
    CreatedAt DATETIME2 NOT NULL, UpdatedAt DATETIME2 NULL,
    CreatedBy UNIQUEIDENTIFIER NULL, UpdatedBy UNIQUEIDENTIFIER NULL, IsDeleted BIT NOT NULL DEFAULT 0,
    CONSTRAINT FK_Products_BrandProfiles FOREIGN KEY (BrandProfileId) REFERENCES dbo.BrandProfiles(Id),
    CONSTRAINT FK_Products_ProductCategories FOREIGN KEY (ProductCategoryId) REFERENCES dbo.ProductCategories(Id));
2026-07-16 09:57:25.604 +07:00 [INF] Executed DbCommand (43ms) [Parameters=[], CommandType='"Text"', CommandTimeout='30']
IF NOT EXISTS (SELECT 1 FROM sys.foreign_keys WHERE name = 'FK_MediaFiles_Products_ProductId') AND OBJECT_ID('dbo.Products') IS NOT NULL
    ALTER TABLE dbo.MediaFiles ADD CONSTRAINT FK_MediaFiles_Products_ProductId FOREIGN KEY (ProductId) REFERENCES dbo.Products(Id);
2026-07-16 09:57:25.618 +07:00 [INF] Executed DbCommand (5ms) [Parameters=[], CommandType='"Text"', CommandTimeout='30']
IF OBJECT_ID('dbo.CampaignGoals') IS NULL
CREATE TABLE dbo.CampaignGoals (
    Id UNIQUEIDENTIFIER NOT NULL PRIMARY KEY, GoalName NVARCHAR(100) NOT NULL,
    CreatedAt DATETIME2 NOT NULL, UpdatedAt DATETIME2 NULL,
    CreatedBy UNIQUEIDENTIFIER NULL, UpdatedBy UNIQUEIDENTIFIER NULL, IsDeleted BIT NOT NULL DEFAULT 0);
2026-07-16 09:57:25.646 +07:00 [INF] Executed DbCommand (17ms) [Parameters=[], CommandType='"Text"', CommandTimeout='30']
IF OBJECT_ID('dbo.CampaignGoals') IS NOT NULL AND NOT EXISTS (SELECT 1 FROM sys.indexes WHERE name = 'IX_CampaignGoals_GoalName')
    CREATE UNIQUE INDEX IX_CampaignGoals_GoalName ON dbo.CampaignGoals(GoalName);
2026-07-16 09:57:25.655 +07:00 [INF] Executed DbCommand (4ms) [Parameters=[], CommandType='"Text"', CommandTimeout='30']
IF OBJECT_ID('dbo.PromotionTypes') IS NULL
CREATE TABLE dbo.PromotionTypes (
    Id UNIQUEIDENTIFIER NOT NULL PRIMARY KEY, TypeName NVARCHAR(100) NOT NULL,
    CreatedAt DATETIME2 NOT NULL, UpdatedAt DATETIME2 NULL,
    CreatedBy UNIQUEIDENTIFIER NULL, UpdatedBy UNIQUEIDENTIFIER NULL, IsDeleted BIT NOT NULL DEFAULT 0);
2026-07-16 09:57:25.675 +07:00 [INF] Executed DbCommand (13ms) [Parameters=[], CommandType='"Text"', CommandTimeout='30']
IF OBJECT_ID('dbo.PromotionTypes') IS NOT NULL AND NOT EXISTS (SELECT 1 FROM sys.indexes WHERE name = 'IX_PromotionTypes_TypeName')
    CREATE UNIQUE INDEX IX_PromotionTypes_TypeName ON dbo.PromotionTypes(TypeName);
2026-07-16 09:57:25.684 +07:00 [INF] Executed DbCommand (2ms) [Parameters=[], CommandType='"Text"', CommandTimeout='30']
IF OBJECT_ID('dbo.TimelineTemplateTypes') IS NULL
CREATE TABLE dbo.TimelineTemplateTypes (
    Id UNIQUEIDENTIFIER NOT NULL PRIMARY KEY, TypeName NVARCHAR(50) NOT NULL, Description NVARCHAR(300) NULL,
    CreatedAt DATETIME2 NOT NULL, UpdatedAt DATETIME2 NULL,
    CreatedBy UNIQUEIDENTIFIER NULL, UpdatedBy UNIQUEIDENTIFIER NULL, IsDeleted BIT NOT NULL DEFAULT 0);
2026-07-16 09:57:25.713 +07:00 [INF] Executed DbCommand (17ms) [Parameters=[], CommandType='"Text"', CommandTimeout='30']
IF OBJECT_ID('dbo.TimelineTemplateTypes') IS NOT NULL AND NOT EXISTS (SELECT 1 FROM sys.indexes WHERE name = 'IX_TimelineTemplateTypes_TypeName')
    CREATE UNIQUE INDEX IX_TimelineTemplateTypes_TypeName ON dbo.TimelineTemplateTypes(TypeName);
2026-07-16 09:57:25.724 +07:00 [INF] Executed DbCommand (2ms) [Parameters=[], CommandType='"Text"', CommandTimeout='30']
IF OBJECT_ID('dbo.Campaigns') IS NULL
CREATE TABLE dbo.Campaigns (
    Id UNIQUEIDENTIFIER NOT NULL PRIMARY KEY, ProjectId UNIQUEIDENTIFIER NOT NULL, Name NVARCHAR(200) NOT NULL,
    GoalId UNIQUEIDENTIFIER NOT NULL, PromotionTypeId UNIQUEIDENTIFIER NOT NULL,
    DiscountPercent DECIMAL(5,2) NULL, DiscountAmount DECIMAL(18,2) NULL, MinOrderAmount DECIMAL(18,2) NULL,
    StartDate DATE NOT NULL, EndDate DATE NOT NULL, NumberOfPosts INT NOT NULL DEFAULT 1, Status INT NOT NULL,
    CreatedAt DATETIME2 NOT NULL, UpdatedAt DATETIME2 NULL,
    CreatedBy UNIQUEIDENTIFIER NULL, UpdatedBy UNIQUEIDENTIFIER NULL, IsDeleted BIT NOT NULL DEFAULT 0,
    CONSTRAINT FK_Campaigns_Projects FOREIGN KEY (ProjectId) REFERENCES dbo.Projects(Id),
    CONSTRAINT FK_Campaigns_CampaignGoals FOREIGN KEY (GoalId) REFERENCES dbo.CampaignGoals(Id),
    CONSTRAINT FK_Campaigns_PromotionTypes FOREIGN KEY (PromotionTypeId) REFERENCES dbo.PromotionTypes(Id),
    CONSTRAINT CK_Campaigns_Dates CHECK (EndDate >= StartDate),
    CONSTRAINT CK_Campaigns_NumberOfPosts CHECK (NumberOfPosts > 0));
2026-07-16 09:57:25.736 +07:00 [INF] Executed DbCommand (4ms) [Parameters=[], CommandType='"Text"', CommandTimeout='30']
IF OBJECT_ID('dbo.CampaignChannelAccounts') IS NULL
CREATE TABLE dbo.CampaignChannelAccounts (
    Id UNIQUEIDENTIFIER NOT NULL PRIMARY KEY, CampaignId UNIQUEIDENTIFIER NOT NULL, ChannelAccountId UNIQUEIDENTIFIER NOT NULL,
    CreatedAt DATETIME2 NOT NULL, UpdatedAt DATETIME2 NULL,
    CreatedBy UNIQUEIDENTIFIER NULL, UpdatedBy UNIQUEIDENTIFIER NULL, IsDeleted BIT NOT NULL DEFAULT 0,
    CONSTRAINT FK_CampaignChannelAccounts_Campaigns FOREIGN KEY (CampaignId) REFERENCES dbo.Campaigns(Id),
    CONSTRAINT FK_CampaignChannelAccounts_ChannelAccounts FOREIGN KEY (ChannelAccountId) REFERENCES dbo.ChannelAccounts(Id));
2026-07-16 09:57:25.758 +07:00 [INF] Executed DbCommand (14ms) [Parameters=[], CommandType='"Text"', CommandTimeout='30']
IF OBJECT_ID('dbo.CampaignChannelAccounts') IS NOT NULL AND NOT EXISTS (SELECT 1 FROM sys.indexes WHERE name = 'IX_CampaignChannelAccounts_CampaignId_ChannelAccountId')
    CREATE UNIQUE INDEX IX_CampaignChannelAccounts_CampaignId_ChannelAccountId ON dbo.CampaignChannelAccounts(CampaignId, ChannelAccountId);
2026-07-16 09:57:25.770 +07:00 [INF] Executed DbCommand (5ms) [Parameters=[], CommandType='"Text"', CommandTimeout='30']
IF OBJECT_ID('dbo.Timelines') IS NULL
CREATE TABLE dbo.Timelines (
    Id UNIQUEIDENTIFIER NOT NULL PRIMARY KEY, ProjectId UNIQUEIDENTIFIER NOT NULL, CampaignId UNIQUEIDENTIFIER NULL,
    Name NVARCHAR(200) NOT NULL, TemplateTypeId UNIQUEIDENTIFIER NOT NULL,
    StartDate DATE NOT NULL, EndDate DATE NOT NULL, Status INT NOT NULL,
    CreatedAt DATETIME2 NOT NULL, UpdatedAt DATETIME2 NULL,
    CreatedBy UNIQUEIDENTIFIER NULL, UpdatedBy UNIQUEIDENTIFIER NULL, IsDeleted BIT NOT NULL DEFAULT 0,
    CONSTRAINT FK_Timelines_Projects FOREIGN KEY (ProjectId) REFERENCES dbo.Projects(Id),
    CONSTRAINT FK_Timelines_Campaigns FOREIGN KEY (CampaignId) REFERENCES dbo.Campaigns(Id),
    CONSTRAINT FK_Timelines_TimelineTemplateTypes FOREIGN KEY (TemplateTypeId) REFERENCES dbo.TimelineTemplateTypes(Id),
    CONSTRAINT CK_Timelines_Dates CHECK (EndDate >= StartDate));
2026-07-16 09:57:25.796 +07:00 [INF] Executed DbCommand (20ms) [Parameters=[], CommandType='"Text"', CommandTimeout='30']
IF NOT EXISTS (SELECT 1 FROM sys.foreign_keys WHERE name = 'FK_Posts_Timelines_TimelineId') AND OBJECT_ID('dbo.Timelines') IS NOT NULL
    ALTER TABLE dbo.Posts ADD CONSTRAINT FK_Posts_Timelines_TimelineId FOREIGN KEY (TimelineId) REFERENCES dbo.Timelines(Id);
2026-07-16 09:57:25.820 +07:00 [INF] Executed DbCommand (14ms) [Parameters=[], CommandType='"Text"', CommandTimeout='30']
IF NOT EXISTS (SELECT 1 FROM sys.foreign_keys WHERE name = 'FK_Posts_VoiceSampleTemplates_VoiceSampleId') AND OBJECT_ID('dbo.VoiceSampleTemplates') IS NOT NULL
    ALTER TABLE dbo.Posts ADD CONSTRAINT FK_Posts_VoiceSampleTemplates_VoiceSampleId FOREIGN KEY (VoiceSampleId) REFERENCES dbo.VoiceSampleTemplates(Id);
2026-07-16 09:57:25.835 +07:00 [INF] Executed DbCommand (3ms) [Parameters=[], CommandType='"Text"', CommandTimeout='30']
IF OBJECT_ID('dbo.PostHashtags') IS NULL
CREATE TABLE dbo.PostHashtags (
    Id UNIQUEIDENTIFIER NOT NULL PRIMARY KEY, PostId UNIQUEIDENTIFIER NOT NULL, HashtagId UNIQUEIDENTIFIER NOT NULL,
    CreatedAt DATETIME2 NOT NULL, UpdatedAt DATETIME2 NULL,
    CreatedBy UNIQUEIDENTIFIER NULL, UpdatedBy UNIQUEIDENTIFIER NULL, IsDeleted BIT NOT NULL DEFAULT 0,
    CONSTRAINT FK_PostHashtags_Posts FOREIGN KEY (PostId) REFERENCES dbo.Posts(Id),
    CONSTRAINT FK_PostHashtags_Hashtags FOREIGN KEY (HashtagId) REFERENCES dbo.Hashtags(Id));
2026-07-16 09:57:25.848 +07:00 [INF] Executed DbCommand (7ms) [Parameters=[], CommandType='"Text"', CommandTimeout='30']
IF OBJECT_ID('dbo.PostChannelAccounts') IS NULL
CREATE TABLE dbo.PostChannelAccounts (
    Id UNIQUEIDENTIFIER NOT NULL PRIMARY KEY, PostId UNIQUEIDENTIFIER NOT NULL, ChannelAccountId UNIQUEIDENTIFIER NOT NULL,
    Status INT NOT NULL, ExternalPostId NVARCHAR(128) NULL, PublishedUrl NVARCHAR(1000) NULL, PublishedAt DATETIME2 NULL,
    CreatedAt DATETIME2 NOT NULL, UpdatedAt DATETIME2 NULL,
    CreatedBy UNIQUEIDENTIFIER NULL, UpdatedBy UNIQUEIDENTIFIER NULL, IsDeleted BIT NOT NULL DEFAULT 0,
    CONSTRAINT FK_PostChannelAccounts_Posts FOREIGN KEY (PostId) REFERENCES dbo.Posts(Id),
    CONSTRAINT FK_PostChannelAccounts_ChannelAccounts FOREIGN KEY (ChannelAccountId) REFERENCES dbo.ChannelAccounts(Id));
2026-07-16 09:57:25.877 +07:00 [INF] Executed DbCommand (21ms) [Parameters=[], CommandType='"Text"', CommandTimeout='30']
IF OBJECT_ID('dbo.PostChannelAccounts') IS NOT NULL AND NOT EXISTS (SELECT 1 FROM sys.indexes WHERE name = 'IX_PostChannelAccounts_PostId_ChannelAccountId')
    CREATE UNIQUE INDEX IX_PostChannelAccounts_PostId_ChannelAccountId ON dbo.PostChannelAccounts(PostId, ChannelAccountId);
2026-07-16 09:57:25.902 +07:00 [INF] Executed DbCommand (17ms) [Parameters=[], CommandType='"Text"', CommandTimeout='30']
IF NOT EXISTS (SELECT 1 FROM sys.foreign_keys WHERE name = 'FK_PostSchedules_PostChannelAccounts_PostChannelAccountId') AND OBJECT_ID('dbo.PostChannelAccounts') IS NOT NULL
    ALTER TABLE dbo.PostSchedules ADD CONSTRAINT FK_PostSchedules_PostChannelAccounts_PostChannelAccountId FOREIGN KEY (PostChannelAccountId) REFERENCES dbo.PostChannelAccounts(Id);
2026-07-16 09:57:25.910 +07:00 [INF] Executed DbCommand (2ms) [Parameters=[], CommandType='"Text"', CommandTimeout='30']
IF OBJECT_ID('dbo.PostAnalytics') IS NULL
CREATE TABLE dbo.PostAnalytics (
    Id UNIQUEIDENTIFIER NOT NULL PRIMARY KEY, PostChannelAccountId UNIQUEIDENTIFIER NOT NULL,
    Reach INT NOT NULL DEFAULT 0, Likes INT NOT NULL DEFAULT 0, Comments INT NOT NULL DEFAULT 0, Shares INT NOT NULL DEFAULT 0,
    RecordedAt DATETIME2 NOT NULL,
    CreatedAt DATETIME2 NOT NULL, UpdatedAt DATETIME2 NULL,
    CreatedBy UNIQUEIDENTIFIER NULL, UpdatedBy UNIQUEIDENTIFIER NULL, IsDeleted BIT NOT NULL DEFAULT 0,
    CONSTRAINT FK_PostAnalytics_PostChannelAccounts FOREIGN KEY (PostChannelAccountId) REFERENCES dbo.PostChannelAccounts(Id));
2026-07-16 09:57:25.928 +07:00 [INF] Executed DbCommand (15ms) [Parameters=[], CommandType='"Text"', CommandTimeout='30']
IF OBJECT_ID('dbo.PostAnalytics') IS NOT NULL AND NOT EXISTS (SELECT 1 FROM sys.indexes WHERE name = 'IX_PostAnalytics_PostChannelAccountId')
    CREATE UNIQUE INDEX IX_PostAnalytics_PostChannelAccountId ON dbo.PostAnalytics(PostChannelAccountId);
2026-07-16 09:57:25.933 +07:00 [INF] FlowMate EF compatibility layer applied.
2026-07-16 09:57:26.805 +07:00 [INF] Executed DbCommand (32ms) [Parameters=[], CommandType='"Text"', CommandTimeout='30']
SELECT CASE
    WHEN EXISTS (
        SELECT 1
        FROM [Roles] AS [r]
        WHERE [r].[IsDeleted] = CAST(0 AS bit)) THEN CAST(1 AS bit)
    ELSE CAST(0 AS bit)
END
2026-07-16 09:57:26.892 +07:00 [INF] Executed DbCommand (22ms) [Parameters=[], CommandType='"Text"', CommandTimeout='30']
SELECT CASE
    WHEN EXISTS (
        SELECT 1
        FROM [Permissions] AS [p]
        WHERE [p].[IsDeleted] = CAST(0 AS bit)) THEN CAST(1 AS bit)
    ELSE CAST(0 AS bit)
END
2026-07-16 09:57:27.125 +07:00 [INF] Executed DbCommand (23ms) [Parameters=[], CommandType='"Text"', CommandTimeout='30']
SELECT CASE
    WHEN EXISTS (
        SELECT 1
        FROM [RolePermissions] AS [r]
        WHERE [r].[IsDeleted] = CAST(0 AS bit) AND [r].[RoleId] = '33333333-3333-3333-3333-333333333333') THEN CAST(1 AS bit)
    ELSE CAST(0 AS bit)
END
2026-07-16 09:57:27.181 +07:00 [INF] Executed DbCommand (13ms) [Parameters=[], CommandType='"Text"', CommandTimeout='30']
SELECT CASE
    WHEN EXISTS (
        SELECT 1
        FROM [Plans] AS [p]
        WHERE [p].[IsDeleted] = CAST(0 AS bit)) THEN CAST(1 AS bit)
    ELSE CAST(0 AS bit)
END
2026-07-16 09:57:27.315 +07:00 [INF] Executed DbCommand (10ms) [Parameters=[], CommandType='"Text"', CommandTimeout='30']
SELECT CASE
    WHEN EXISTS (
        SELECT 1
        FROM [Channels] AS [c]
        WHERE [c].[IsDeleted] = CAST(0 AS bit)) THEN CAST(1 AS bit)
    ELSE CAST(0 AS bit)
END
2026-07-16 09:57:27.370 +07:00 [INF] Executed DbCommand (9ms) [Parameters=[], CommandType='"Text"', CommandTimeout='30']
SELECT CASE
    WHEN EXISTS (
        SELECT 1
        FROM [BrandStyles] AS [b]
        WHERE [b].[IsDeleted] = CAST(0 AS bit)) THEN CAST(1 AS bit)
    ELSE CAST(0 AS bit)
END
2026-07-16 09:57:27.418 +07:00 [INF] Executed DbCommand (23ms) [Parameters=[], CommandType='"Text"', CommandTimeout='30']
SELECT CASE
    WHEN EXISTS (
        SELECT 1
        FROM [ToneKeywords] AS [t]
        WHERE [t].[IsDeleted] = CAST(0 AS bit)) THEN CAST(1 AS bit)
    ELSE CAST(0 AS bit)
END
2026-07-16 09:57:27.447 +07:00 [INF] Executed DbCommand (7ms) [Parameters=[], CommandType='"Text"', CommandTimeout='30']
SELECT CASE
    WHEN EXISTS (
        SELECT 1
        FROM [VoiceSampleTemplates] AS [v]
        WHERE [v].[IsDeleted] = CAST(0 AS bit)) THEN CAST(1 AS bit)
    ELSE CAST(0 AS bit)
END
2026-07-16 09:57:27.476 +07:00 [INF] Executed DbCommand (10ms) [Parameters=[], CommandType='"Text"', CommandTimeout='30']
SELECT CASE
    WHEN EXISTS (
        SELECT 1
        FROM [CtaTemplates] AS [c]
        WHERE [c].[IsDeleted] = CAST(0 AS bit)) THEN CAST(1 AS bit)
    ELSE CAST(0 AS bit)
END
2026-07-16 09:57:27.672 +07:00 [INF] Executed DbCommand (173ms) [Parameters=[], CommandType='"Text"', CommandTimeout='30']
SELECT CASE
    WHEN EXISTS (
        SELECT 1
        FROM [CampaignGoals] AS [c]
        WHERE [c].[IsDeleted] = CAST(0 AS bit)) THEN CAST(1 AS bit)
    ELSE CAST(0 AS bit)
END
2026-07-16 09:57:27.702 +07:00 [INF] Executed DbCommand (17ms) [Parameters=[], CommandType='"Text"', CommandTimeout='30']
SELECT CASE
    WHEN EXISTS (
        SELECT 1
        FROM [PromotionTypes] AS [p]
        WHERE [p].[IsDeleted] = CAST(0 AS bit)) THEN CAST(1 AS bit)
    ELSE CAST(0 AS bit)
END
2026-07-16 09:57:27.743 +07:00 [INF] Executed DbCommand (25ms) [Parameters=[], CommandType='"Text"', CommandTimeout='30']
SELECT CASE
    WHEN EXISTS (
        SELECT 1
        FROM [TimelineTemplateTypes] AS [t]
        WHERE [t].[IsDeleted] = CAST(0 AS bit)) THEN CAST(1 AS bit)
    ELSE CAST(0 AS bit)
END
2026-07-16 09:57:27.788 +07:00 [INF] Executed DbCommand (25ms) [Parameters=[], CommandType='"Text"', CommandTimeout='30']
SELECT CASE
    WHEN EXISTS (
        SELECT 1
        FROM [Settings] AS [s]
        WHERE [s].[IsDeleted] = CAST(0 AS bit)) THEN CAST(1 AS bit)
    ELSE CAST(0 AS bit)
END
2026-07-16 09:57:27.873 +07:00 [INF] Executed DbCommand (26ms) [Parameters=[], CommandType='"Text"', CommandTimeout='30']
SELECT CASE
    WHEN EXISTS (
        SELECT 1
        FROM [AiPrompts] AS [a]
        WHERE [a].[IsDeleted] = CAST(0 AS bit)) THEN CAST(1 AS bit)
    ELSE CAST(0 AS bit)
END
2026-07-16 09:57:28.191 +07:00 [INF] Executed DbCommand (46ms) [Parameters=[], CommandType='"Text"', CommandTimeout='30']
SELECT CASE
    WHEN EXISTS (
        SELECT 1
        FROM [AiPrompts] AS [a]
        WHERE [a].[IsDeleted] = CAST(0 AS bit) AND [a].[Name] = N'Facebook Fanpage Bán Hàng') THEN CAST(1 AS bit)
    ELSE CAST(0 AS bit)
END
2026-07-16 09:57:28.391 +07:00 [INF] Executed DbCommand (14ms) [Parameters=[], CommandType='"Text"', CommandTimeout='30']
SELECT CASE
    WHEN EXISTS (
        SELECT 1
        FROM [Users] AS [u]
        WHERE [u].[IsDeleted] = CAST(0 AS bit) AND [u].[Email] = N'admin@autowork.com') THEN CAST(1 AS bit)
    ELSE CAST(0 AS bit)
END
2026-07-16 09:57:28.499 +07:00 [INF] Executed DbCommand (15ms) [Parameters=[], CommandType='"Text"', CommandTimeout='30']
SELECT CASE
    WHEN EXISTS (
        SELECT 1
        FROM [Users] AS [u]
        WHERE [u].[IsDeleted] = CAST(0 AS bit) AND [u].[Email] = N'demo@autowork.com') THEN CAST(1 AS bit)
    ELSE CAST(0 AS bit)
END
2026-07-16 09:57:28.549 +07:00 [INF] Executed DbCommand (6ms) [Parameters=[], CommandType='"Text"', CommandTimeout='30']
SELECT CASE
    WHEN EXISTS (
        SELECT 1
        FROM [Projects] AS [p]
        WHERE [p].[IsDeleted] = CAST(0 AS bit) AND [p].[Id] = '13131313-1313-1313-1313-131313131313') THEN CAST(1 AS bit)
    ELSE CAST(0 AS bit)
END
2026-07-16 09:57:28.571 +07:00 [INF] Executed DbCommand (8ms) [Parameters=[], CommandType='"Text"', CommandTimeout='30']
SELECT CASE
    WHEN EXISTS (
        SELECT 1
        FROM [Posts] AS [p]
        WHERE [p].[IsDeleted] = CAST(0 AS bit) AND [p].[ProjectId] = '13131313-1313-1313-1313-131313131313') THEN CAST(1 AS bit)
    ELSE CAST(0 AS bit)
END
2026-07-16 09:57:28.607 +07:00 [INF] Database seed completed successfully.
2026-07-16 09:57:29.233 +07:00 [INF] Start installing Hangfire SQL objects...
2026-07-16 09:57:29.667 +07:00 [INF] Hangfire SQL objects installed.
2026-07-16 09:57:30.498 +07:00 [WRN] The WebRootPath was not found: D:\EXE01\AIMarketingAssistant\src\AutoWork.API\wwwroot. Static files may be unavailable.
2026-07-16 09:57:30.709 +07:00 [INF] Now listening on: https://localhost:7165
2026-07-16 09:57:30.946 +07:00 [INF] Starting Hangfire Server using job storage: 'SQL Server: localhost@FlowMateDB'
2026-07-16 09:57:30.950 +07:00 [INF] Using the following options for SQL Server job storage: Queue poll interval: 00:00:15.
2026-07-16 09:57:30.952 +07:00 [INF] Using the following options for Hangfire Server:
    Worker count: 20
    Listening queues: 'default'
    Shutdown timeout: 00:00:15
    Schedule polling interval: 00:00:15
2026-07-16 09:57:30.987 +07:00 [INF] Application started. Press Ctrl+C to shut down.
2026-07-16 09:57:30.993 +07:00 [INF] Hosting environment: Development
2026-07-16 09:57:30.998 +07:00 [INF] Content root path: D:\EXE01\AIMarketingAssistant\src\AutoWork.API
2026-07-16 09:57:31.029 +07:00 [INF] Server laptop-g044c7b0:2784:13bfab5f successfully announced in 40.8014 ms
2026-07-16 09:57:31.041 +07:00 [INF] Server laptop-g044c7b0:2784:13bfab5f is starting the registered dispatchers: ServerWatchdog, ServerJobCancellationWatcher, ExpirationManager, CountersAggregator, SqlServerHeartbeatProcess, Worker, DelayedJobScheduler, RecurringJobScheduler...
2026-07-16 09:57:31.058 +07:00 [INF] 2 servers were removed due to timeout
2026-07-16 09:57:31.146 +07:00 [INF] Server laptop-g044c7b0:2784:13bfab5f all the dispatchers started
2026-07-16 09:57:32.673 +07:00 [INF] Executed DbCommand (58ms) [Parameters=[@__before_0='?' (DbType = DateTime2)], CommandType='"Text"', CommandTimeout='30']
SELECT [p].[Id], [p].[CreatedAt], [p].[CreatedBy], [p].[ExecutedAt], [p].[FailureReason], [p].[IsDeleted], [p].[PostChannelAccountId], [p].[PostId], [p].[RetryCount], [p].[ScheduledAt], [p].[Status], [p].[UpdatedAt], [p].[UpdatedBy], [t].[Id], [t].[ChannelAccountId], [t].[CreatedAt], [t].[CreatedBy], [t].[DayNumber], [t].[ExternalPostId], [t].[IsDeleted], [t].[ProjectId], [t].[PublishedAt], [t].[PublishedUrl], [t].[ScheduledAt], [t].[Status], [t].[TimelineId], [t].[Title], [t].[TrackingEnabled], [t].[UpdatedAt], [t].[UpdatedBy], [t].[VoiceSampleId], [t0].[Id], [t0].[Content], [t0].[ContentType], [t0].[CreatedAt], [t0].[CreatedBy], [t0].[IsDeleted], [t0].[MediaFileId], [t0].[PostId], [t0].[SortOrder], [t0].[UpdatedAt], [t0].[UpdatedBy]
FROM [PostSchedules] AS [p]
INNER JOIN (
    SELECT [p0].[Id], [p0].[ChannelAccountId], [p0].[CreatedAt], [p0].[CreatedBy], [p0].[DayNumber], [p0].[ExternalPostId], [p0].[IsDeleted], [p0].[ProjectId], [p0].[PublishedAt], [p0].[PublishedUrl], [p0].[ScheduledAt], [p0].[Status], [p0].[TimelineId], [p0].[Title], [p0].[TrackingEnabled], [p0].[UpdatedAt], [p0].[UpdatedBy], [p0].[VoiceSampleId]
    FROM [Posts] AS [p0]
    WHERE [p0].[IsDeleted] = CAST(0 AS bit)
) AS [t] ON [p].[PostId] = [t].[Id]
LEFT JOIN (
    SELECT [p1].[Id], [p1].[Content], [p1].[ContentType], [p1].[CreatedAt], [p1].[CreatedBy], [p1].[IsDeleted], [p1].[MediaFileId], [p1].[PostId], [p1].[SortOrder], [p1].[UpdatedAt], [p1].[UpdatedBy]
    FROM [PostContents] AS [p1]
    WHERE [p1].[IsDeleted] = CAST(0 AS bit)
) AS [t0] ON [t].[Id] = [t0].[PostId]
WHERE [p].[IsDeleted] = CAST(0 AS bit) AND [p].[Status] = 0 AND [p].[ScheduledAt] <= @__before_0
ORDER BY [p].[ScheduledAt], [p].[Id], [t].[Id]
2026-07-16 09:57:48.422 +07:00 [INF] HTTP POST /api/auth/login started
2026-07-16 09:57:48.817 +07:00 [INF] Handling LoginCommand {"Request":{"Email":"nguyenhoangviet531@gmail.com","Password":"Qwe12345","$type":"LoginRequest"},"$type":"LoginCommand"}
2026-07-16 09:57:49.007 +07:00 [INF] Executed DbCommand (6ms) [Parameters=[@__email_0='?' (Size = 256)], CommandType='"Text"', CommandTimeout='30']
SELECT TOP(1) [u].[Id], [u].[AvatarUrl], [u].[CreatedAt], [u].[CreatedBy], [u].[Email], [u].[FacebookId], [u].[FirstName], [u].[GoogleId], [u].[IsActive], [u].[IsDeleted], [u].[LastLoginAt], [u].[LastName], [u].[PasswordHash], [u].[Phone], [u].[ReferralCode], [u].[ReferredByUserId], [u].[UpdatedAt], [u].[UpdatedBy]
FROM [Users] AS [u]
WHERE [u].[IsDeleted] = CAST(0 AS bit) AND [u].[Email] = @__email_0
2026-07-16 09:57:49.404 +07:00 [INF] Executed DbCommand (16ms) [Parameters=[@__id_0='?' (DbType = Guid)], CommandType='"Text"', CommandTimeout='30']
SELECT [t].[Id], [t].[AvatarUrl], [t].[CreatedAt], [t].[CreatedBy], [t].[Email], [t].[FacebookId], [t].[FirstName], [t].[GoogleId], [t].[IsActive], [t].[IsDeleted], [t].[LastLoginAt], [t].[LastName], [t].[PasswordHash], [t].[Phone], [t].[ReferralCode], [t].[ReferredByUserId], [t].[UpdatedAt], [t].[UpdatedBy], [t0].[Id], [t0].[CreatedAt], [t0].[CreatedBy], [t0].[IsDeleted], [t0].[RoleId], [t0].[UpdatedAt], [t0].[UpdatedBy], [t0].[UserId], [t0].[Id0], [t0].[CreatedAt0], [t0].[CreatedBy0], [t0].[Description], [t0].[IsDeleted0], [t0].[IsSystem], [t0].[Name], [t0].[UpdatedAt0], [t0].[UpdatedBy0]
FROM (
    SELECT TOP(1) [u].[Id], [u].[AvatarUrl], [u].[CreatedAt], [u].[CreatedBy], [u].[Email], [u].[FacebookId], [u].[FirstName], [u].[GoogleId], [u].[IsActive], [u].[IsDeleted], [u].[LastLoginAt], [u].[LastName], [u].[PasswordHash], [u].[Phone], [u].[ReferralCode], [u].[ReferredByUserId], [u].[UpdatedAt], [u].[UpdatedBy]
    FROM [Users] AS [u]
    WHERE [u].[IsDeleted] = CAST(0 AS bit) AND [u].[Id] = @__id_0
) AS [t]
LEFT JOIN (
    SELECT [u0].[Id], [u0].[CreatedAt], [u0].[CreatedBy], [u0].[IsDeleted], [u0].[RoleId], [u0].[UpdatedAt], [u0].[UpdatedBy], [u0].[UserId], [t1].[Id] AS [Id0], [t1].[CreatedAt] AS [CreatedAt0], [t1].[CreatedBy] AS [CreatedBy0], [t1].[Description], [t1].[IsDeleted] AS [IsDeleted0], [t1].[IsSystem], [t1].[Name], [t1].[UpdatedAt] AS [UpdatedAt0], [t1].[UpdatedBy] AS [UpdatedBy0]
    FROM [UserRoles] AS [u0]
    INNER JOIN (
        SELECT [r].[Id], [r].[CreatedAt], [r].[CreatedBy], [r].[Description], [r].[IsDeleted], [r].[IsSystem], [r].[Name], [r].[UpdatedAt], [r].[UpdatedBy]
        FROM [Roles] AS [r]
        WHERE [r].[IsDeleted] = CAST(0 AS bit)
    ) AS [t1] ON [u0].[RoleId] = [t1].[Id]
    WHERE [u0].[IsDeleted] = CAST(0 AS bit)
) AS [t0] ON [t].[Id] = [t0].[UserId]
ORDER BY [t].[Id], [t0].[Id]
2026-07-16 09:57:49.856 +07:00 [INF] Executed DbCommand (16ms) [Parameters=[@p0='?' (DbType = Guid), @p1='?' (DbType = DateTime2), @p2='?' (DbType = Guid), @p3='?' (Size = 4000), @p4='?' (DbType = DateTime2), @p5='?' (DbType = Boolean), @p6='?' (Size = 512), @p7='?' (DbType = DateTime2), @p8='?' (Size = 512), @p9='?' (DbType = DateTime2), @p10='?' (DbType = Guid), @p11='?' (DbType = Guid), @p29='?' (DbType = Guid), @p12='?' (Size = 500), @p13='?' (DbType = DateTime2), @p14='?' (DbType = Guid), @p15='?' (Size = 256), @p16='?' (Size = 128), @p17='?' (Size = 100), @p18='?' (Size = 128), @p19='?' (DbType = Boolean), @p20='?' (DbType = Boolean), @p21='?' (DbType = DateTime2), @p22='?' (Size = 100), @p23='?' (Size = 512), @p24='?' (Size = 20), @p25='?' (Size = 32), @p26='?' (DbType = Guid), @p27='?' (DbType = DateTime2), @p28='?' (DbType = Guid)], CommandType='"Text"', CommandTimeout='30']
SET NOCOUNT ON;
INSERT INTO [RefreshTokens] ([Id], [CreatedAt], [CreatedBy], [CreatedByIp], [ExpiresAt], [IsRevoked], [ReplacedByToken], [RevokedAt], [Token], [UpdatedAt], [UpdatedBy], [UserId])
OUTPUT INSERTED.[IsDeleted]
VALUES (@p0, @p1, @p2, @p3, @p4, @p5, @p6, @p7, @p8, @p9, @p10, @p11);
UPDATE [Users] SET [AvatarUrl] = @p12, [CreatedAt] = @p13, [CreatedBy] = @p14, [Email] = @p15, [FacebookId] = @p16, [FirstName] = @p17, [GoogleId] = @p18, [IsActive] = @p19, [IsDeleted] = @p20, [LastLoginAt] = @p21, [LastName] = @p22, [PasswordHash] = @p23, [Phone] = @p24, [ReferralCode] = @p25, [ReferredByUserId] = @p26, [UpdatedAt] = @p27, [UpdatedBy] = @p28
OUTPUT 1
WHERE [Id] = @p29;
2026-07-16 09:57:49.901 +07:00 [INF] Handled LoginCommand in 1069ms
2026-07-16 09:57:49.940 +07:00 [INF] HTTP POST /api/auth/login responded 200 in 1521.1913ms
2026-07-16 09:57:50.957 +07:00 [INF] HTTP GET /api/dashboard/stats started
2026-07-16 09:57:51.101 +07:00 [INF] Handling GetDashboardStatsQuery {"$type":"GetDashboardStatsQuery"}
2026-07-16 09:57:51.489 +07:00 [DBG] The Lucky Penny license key details: AutoMapper.Licensing.License
2026-07-16 09:57:51.492 +07:00 [INF] You have a valid license key for the Lucky Penny software "Bundle" "Community" edition. The license expires on "2027-06-18T00:00:00.0000000+00:00".
2026-07-16 09:57:51.566 +07:00 [INF] Executed DbCommand (7ms) [Parameters=[@__userId_0='?' (DbType = Guid)], CommandType='"Text"', CommandTimeout='30']
SELECT [p].[Id], [p].[ChannelAccountId], [p].[CreatedAt], [p].[CreatedBy], [p].[DayNumber], [p].[ExternalPostId], [p].[IsDeleted], [p].[ProjectId], [p].[PublishedAt], [p].[PublishedUrl], [p].[ScheduledAt], [p].[Status], [p].[TimelineId], [p].[Title], [p].[TrackingEnabled], [p].[UpdatedAt], [p].[UpdatedBy], [p].[VoiceSampleId], [t].[Id], [t].[CreatedAt], [t].[CreatedBy], [t].[Description], [t].[IsActive], [t].[IsDeleted], [t].[LogoUrl], [t].[Name], [t].[UpdatedAt], [t].[UpdatedBy], [t].[UserId]
FROM [Posts] AS [p]
INNER JOIN (
    SELECT [p0].[Id], [p0].[CreatedAt], [p0].[CreatedBy], [p0].[Description], [p0].[IsActive], [p0].[IsDeleted], [p0].[LogoUrl], [p0].[Name], [p0].[UpdatedAt], [p0].[UpdatedBy], [p0].[UserId]
    FROM [Projects] AS [p0]
    WHERE [p0].[IsDeleted] = CAST(0 AS bit)
) AS [t] ON [p].[ProjectId] = [t].[Id]
WHERE [p].[IsDeleted] = CAST(0 AS bit) AND [t].[UserId] = @__userId_0
ORDER BY [p].[CreatedAt] DESC
2026-07-16 09:57:51.653 +07:00 [INF] Executed DbCommand (7ms) [Parameters=[@__userId_0='?' (DbType = Guid), @__today_1='?' (DbType = DateTime2), @__tomorrow_2='?' (DbType = DateTime2)], CommandType='"Text"', CommandTimeout='30']
SELECT COUNT(*)
FROM [Posts] AS [p]
INNER JOIN (
    SELECT [p0].[Id], [p0].[UserId]
    FROM [Projects] AS [p0]
    WHERE [p0].[IsDeleted] = CAST(0 AS bit)
) AS [t] ON [p].[ProjectId] = [t].[Id]
WHERE [p].[IsDeleted] = CAST(0 AS bit) AND [t].[UserId] = @__userId_0 AND [p].[Status] = 3 AND [p].[PublishedAt] >= @__today_1 AND [p].[PublishedAt] < @__tomorrow_2
2026-07-16 09:57:51.676 +07:00 [INF] Executed DbCommand (5ms) [Parameters=[@__userId_0='?' (DbType = Guid)], CommandType='"Text"', CommandTimeout='30']
SELECT COUNT(*)
FROM [AiGeneratedContents] AS [a]
WHERE [a].[IsDeleted] = CAST(0 AS bit) AND [a].[UserId] = @__userId_0
2026-07-16 09:57:51.730 +07:00 [INF] Executed DbCommand (14ms) [Parameters=[@__userId_0='?' (DbType = Guid)], CommandType='"Text"', CommandTimeout='30']
SELECT [t].[Id], [t].[Balance], [t].[CreatedAt], [t].[CreatedBy], [t].[IsDeleted], [t].[TotalEarned], [t].[TotalUsed], [t].[UpdatedAt], [t].[UpdatedBy], [t].[UserId], [t0].[Id], [t0].[Amount], [t0].[BalanceAfter], [t0].[CreatedAt], [t0].[CreatedBy], [t0].[CreditId], [t0].[Description], [t0].[IsDeleted], [t0].[ReferenceId], [t0].[ReferenceType], [t0].[Type], [t0].[UpdatedAt], [t0].[UpdatedBy], [t0].[UserId]
FROM (
    SELECT TOP(1) [c].[Id], [c].[Balance], [c].[CreatedAt], [c].[CreatedBy], [c].[IsDeleted], [c].[TotalEarned], [c].[TotalUsed], [c].[UpdatedAt], [c].[UpdatedBy], [c].[UserId]
    FROM [Credits] AS [c]
    WHERE [c].[IsDeleted] = CAST(0 AS bit) AND [c].[UserId] = @__userId_0
) AS [t]
LEFT JOIN (
    SELECT [c0].[Id], [c0].[Amount], [c0].[BalanceAfter], [c0].[CreatedAt], [c0].[CreatedBy], [c0].[CreditId], [c0].[Description], [c0].[IsDeleted], [c0].[ReferenceId], [c0].[ReferenceType], [c0].[Type], [c0].[UpdatedAt], [c0].[UpdatedBy], [c0].[UserId]
    FROM [CreditTransactions] AS [c0]
    WHERE [c0].[IsDeleted] = CAST(0 AS bit)
) AS [t0] ON [t].[Id] = [t0].[CreditId]
ORDER BY [t].[Id]
2026-07-16 09:57:51.787 +07:00 [INF] Executed DbCommand (3ms) [Parameters=[@__userId_0='?' (DbType = Guid)], CommandType='"Text"', CommandTimeout='30']
SELECT COUNT(*)
FROM [Projects] AS [p]
WHERE [p].[IsDeleted] = CAST(0 AS bit) AND [p].[UserId] = @__userId_0
2026-07-16 09:57:51.833 +07:00 [INF] Executed DbCommand (8ms) [Parameters=[@__p_1='?' (DbType = Int32), @__userId_0='?' (DbType = Guid)], CommandType='"Text"', CommandTimeout='30']
SELECT TOP(@__p_1) [p].[Id], [p].[CreatedAt], [p].[CreatedBy], [p].[ExecutedAt], [p].[FailureReason], [p].[IsDeleted], [p].[PostChannelAccountId], [p].[PostId], [p].[RetryCount], [p].[ScheduledAt], [p].[Status], [p].[UpdatedAt], [p].[UpdatedBy], [t].[Id], [t].[ChannelAccountId], [t].[CreatedAt], [t].[CreatedBy], [t].[DayNumber], [t].[ExternalPostId], [t].[IsDeleted], [t].[ProjectId], [t].[PublishedAt], [t].[PublishedUrl], [t].[ScheduledAt], [t].[Status], [t].[TimelineId], [t].[Title], [t].[TrackingEnabled], [t].[UpdatedAt], [t].[UpdatedBy], [t].[VoiceSampleId], [t0].[Id], [t0].[CreatedAt], [t0].[CreatedBy], [t0].[Description], [t0].[IsActive], [t0].[IsDeleted], [t0].[LogoUrl], [t0].[Name], [t0].[UpdatedAt], [t0].[UpdatedBy], [t0].[UserId]
FROM [PostSchedules] AS [p]
INNER JOIN (
    SELECT [p0].[Id], [p0].[ChannelAccountId], [p0].[CreatedAt], [p0].[CreatedBy], [p0].[DayNumber], [p0].[ExternalPostId], [p0].[IsDeleted], [p0].[ProjectId], [p0].[PublishedAt], [p0].[PublishedUrl], [p0].[ScheduledAt], [p0].[Status], [p0].[TimelineId], [p0].[Title], [p0].[TrackingEnabled], [p0].[UpdatedAt], [p0].[UpdatedBy], [p0].[VoiceSampleId]
    FROM [Posts] AS [p0]
    WHERE [p0].[IsDeleted] = CAST(0 AS bit)
) AS [t] ON [p].[PostId] = [t].[Id]
INNER JOIN (
    SELECT [p1].[Id], [p1].[CreatedAt], [p1].[CreatedBy], [p1].[Description], [p1].[IsActive], [p1].[IsDeleted], [p1].[LogoUrl], [p1].[Name], [p1].[UpdatedAt], [p1].[UpdatedBy], [p1].[UserId]
    FROM [Projects] AS [p1]
    WHERE [p1].[IsDeleted] = CAST(0 AS bit)
) AS [t0] ON [t].[ProjectId] = [t0].[Id]
WHERE [p].[IsDeleted] = CAST(0 AS bit) AND [t0].[UserId] = @__userId_0 AND [p].[Status] = 0 AND [p].[ScheduledAt] >= GETUTCDATE()
ORDER BY [p].[ScheduledAt]
2026-07-16 09:57:51.860 +07:00 [INF] Executed DbCommand (5ms) [Parameters=[@__p_1='?' (DbType = Int32), @__userId_0='?' (DbType = Guid)], CommandType='"Text"', CommandTimeout='30']
SELECT TOP(@__p_1) [a].[Id], [a].[Action], [a].[CreatedAt], [a].[CreatedBy], [a].[EntityId], [a].[EntityType], [a].[IpAddress], [a].[IsDeleted], [a].[NewValues], [a].[OldValues], [a].[UpdatedAt], [a].[UpdatedBy], [a].[UserAgent], [a].[UserId]
FROM [AuditLogs] AS [a]
WHERE [a].[IsDeleted] = CAST(0 AS bit) AND [a].[UserId] = @__userId_0
ORDER BY [a].[CreatedAt] DESC
2026-07-16 09:57:51.887 +07:00 [INF] Handled GetDashboardStatsQuery in 775ms
2026-07-16 09:57:51.902 +07:00 [INF] HTTP GET /api/dashboard/stats responded 200 in 945.7722ms
2026-07-16 09:57:54.954 +07:00 [INF] HTTP GET /api/workspace/projects started
2026-07-16 09:57:54.975 +07:00 [INF] Handling GetProjectsQuery {"$type":"GetProjectsQuery"}
2026-07-16 09:57:55.010 +07:00 [INF] Executed DbCommand (3ms) [Parameters=[@__userId_0='?' (DbType = Guid)], CommandType='"Text"', CommandTimeout='30']
SELECT [p].[Id], [p].[CreatedAt], [p].[CreatedBy], [p].[Description], [p].[IsActive], [p].[IsDeleted], [p].[LogoUrl], [p].[Name], [p].[UpdatedAt], [p].[UpdatedBy], [p].[UserId]
FROM [Projects] AS [p]
WHERE [p].[IsDeleted] = CAST(0 AS bit) AND [p].[UserId] = @__userId_0
2026-07-16 09:57:55.032 +07:00 [INF] Executed DbCommand (4ms) [Parameters=[@__userId_0='?' (DbType = Guid)], CommandType='"Text"', CommandTimeout='30']
SELECT [p].[Id], [p].[CreatedAt], [p].[CreatedBy], [p].[InvitedAt], [p].[IsDeleted], [p].[JoinedAt], [p].[ProjectId], [p].[Role], [p].[UpdatedAt], [p].[UpdatedBy], [p].[UserId]
FROM [ProjectMembers] AS [p]
WHERE [p].[IsDeleted] = CAST(0 AS bit) AND [p].[UserId] = @__userId_0
2026-07-16 09:57:55.095 +07:00 [INF] Executed DbCommand (5ms) [Parameters=[@__allProjectIds_0='?' (Size = 4000)], CommandType='"Text"', CommandTimeout='30']
SELECT [p].[Id], [p].[CreatedAt], [p].[CreatedBy], [p].[InvitedAt], [p].[IsDeleted], [p].[JoinedAt], [p].[ProjectId], [p].[Role], [p].[UpdatedAt], [p].[UpdatedBy], [p].[UserId]
FROM [ProjectMembers] AS [p]
WHERE [p].[IsDeleted] = CAST(0 AS bit) AND [p].[ProjectId] IN (
    SELECT [a].[value]
    FROM OPENJSON(@__allProjectIds_0) WITH ([value] uniqueidentifier '$') AS [a]
)
2026-07-16 09:57:55.105 +07:00 [INF] Handled GetProjectsQuery in 126ms
2026-07-16 09:57:55.110 +07:00 [INF] HTTP GET /api/workspace/projects responded 200 in 156.0988ms
2026-07-16 09:57:56.973 +07:00 [INF] HTTP GET /api/workspace/projects started
2026-07-16 09:57:56.982 +07:00 [INF] Handling GetProjectsQuery {"$type":"GetProjectsQuery"}
2026-07-16 09:57:56.994 +07:00 [INF] Executed DbCommand (2ms) [Parameters=[@__userId_0='?' (DbType = Guid)], CommandType='"Text"', CommandTimeout='30']
SELECT [p].[Id], [p].[CreatedAt], [p].[CreatedBy], [p].[Description], [p].[IsActive], [p].[IsDeleted], [p].[LogoUrl], [p].[Name], [p].[UpdatedAt], [p].[UpdatedBy], [p].[UserId]
FROM [Projects] AS [p]
WHERE [p].[IsDeleted] = CAST(0 AS bit) AND [p].[UserId] = @__userId_0
2026-07-16 09:57:57.002 +07:00 [INF] Executed DbCommand (1ms) [Parameters=[@__userId_0='?' (DbType = Guid)], CommandType='"Text"', CommandTimeout='30']
SELECT [p].[Id], [p].[CreatedAt], [p].[CreatedBy], [p].[InvitedAt], [p].[IsDeleted], [p].[JoinedAt], [p].[ProjectId], [p].[Role], [p].[UpdatedAt], [p].[UpdatedBy], [p].[UserId]
FROM [ProjectMembers] AS [p]
WHERE [p].[IsDeleted] = CAST(0 AS bit) AND [p].[UserId] = @__userId_0
2026-07-16 09:57:57.008 +07:00 [INF] Executed DbCommand (1ms) [Parameters=[@__allProjectIds_0='?' (Size = 4000)], CommandType='"Text"', CommandTimeout='30']
SELECT [p].[Id], [p].[CreatedAt], [p].[CreatedBy], [p].[InvitedAt], [p].[IsDeleted], [p].[JoinedAt], [p].[ProjectId], [p].[Role], [p].[UpdatedAt], [p].[UpdatedBy], [p].[UserId]
FROM [ProjectMembers] AS [p]
WHERE [p].[IsDeleted] = CAST(0 AS bit) AND [p].[ProjectId] IN (
    SELECT [a].[value]
    FROM OPENJSON(@__allProjectIds_0) WITH ([value] uniqueidentifier '$') AS [a]
)
2026-07-16 09:57:57.013 +07:00 [INF] Handled GetProjectsQuery in 27ms
2026-07-16 09:57:57.016 +07:00 [INF] HTTP GET /api/workspace/projects responded 200 in 43.1515ms
2026-07-16 09:57:58.450 +07:00 [INF] HTTP GET /api/workspace/projects started
2026-07-16 09:57:58.460 +07:00 [INF] Handling GetProjectsQuery {"$type":"GetProjectsQuery"}
2026-07-16 09:57:58.484 +07:00 [INF] Executed DbCommand (1ms) [Parameters=[@__userId_0='?' (DbType = Guid)], CommandType='"Text"', CommandTimeout='30']
SELECT [p].[Id], [p].[CreatedAt], [p].[CreatedBy], [p].[Description], [p].[IsActive], [p].[IsDeleted], [p].[LogoUrl], [p].[Name], [p].[UpdatedAt], [p].[UpdatedBy], [p].[UserId]
FROM [Projects] AS [p]
WHERE [p].[IsDeleted] = CAST(0 AS bit) AND [p].[UserId] = @__userId_0
2026-07-16 09:57:58.493 +07:00 [INF] Executed DbCommand (2ms) [Parameters=[@__userId_0='?' (DbType = Guid)], CommandType='"Text"', CommandTimeout='30']
SELECT [p].[Id], [p].[CreatedAt], [p].[CreatedBy], [p].[InvitedAt], [p].[IsDeleted], [p].[JoinedAt], [p].[ProjectId], [p].[Role], [p].[UpdatedAt], [p].[UpdatedBy], [p].[UserId]
FROM [ProjectMembers] AS [p]
WHERE [p].[IsDeleted] = CAST(0 AS bit) AND [p].[UserId] = @__userId_0
2026-07-16 09:57:58.501 +07:00 [INF] Executed DbCommand (2ms) [Parameters=[@__allProjectIds_0='?' (Size = 4000)], CommandType='"Text"', CommandTimeout='30']
SELECT [p].[Id], [p].[CreatedAt], [p].[CreatedBy], [p].[InvitedAt], [p].[IsDeleted], [p].[JoinedAt], [p].[ProjectId], [p].[Role], [p].[UpdatedAt], [p].[UpdatedBy], [p].[UserId]
FROM [ProjectMembers] AS [p]
WHERE [p].[IsDeleted] = CAST(0 AS bit) AND [p].[ProjectId] IN (
    SELECT [a].[value]
    FROM OPENJSON(@__allProjectIds_0) WITH ([value] uniqueidentifier '$') AS [a]
)
2026-07-16 09:57:58.506 +07:00 [INF] Handled GetProjectsQuery in 42ms
2026-07-16 09:57:58.510 +07:00 [INF] HTTP GET /api/workspace/projects responded 200 in 59.6496ms
2026-07-16 09:58:01.634 +07:00 [INF] Executed DbCommand (2ms) [Parameters=[@__before_0='?' (DbType = DateTime2)], CommandType='"Text"', CommandTimeout='30']
SELECT [p].[Id], [p].[CreatedAt], [p].[CreatedBy], [p].[ExecutedAt], [p].[FailureReason], [p].[IsDeleted], [p].[PostChannelAccountId], [p].[PostId], [p].[RetryCount], [p].[ScheduledAt], [p].[Status], [p].[UpdatedAt], [p].[UpdatedBy], [t].[Id], [t].[ChannelAccountId], [t].[CreatedAt], [t].[CreatedBy], [t].[DayNumber], [t].[ExternalPostId], [t].[IsDeleted], [t].[ProjectId], [t].[PublishedAt], [t].[PublishedUrl], [t].[ScheduledAt], [t].[Status], [t].[TimelineId], [t].[Title], [t].[TrackingEnabled], [t].[UpdatedAt], [t].[UpdatedBy], [t].[VoiceSampleId], [t0].[Id], [t0].[Content], [t0].[ContentType], [t0].[CreatedAt], [t0].[CreatedBy], [t0].[IsDeleted], [t0].[MediaFileId], [t0].[PostId], [t0].[SortOrder], [t0].[UpdatedAt], [t0].[UpdatedBy]
FROM [PostSchedules] AS [p]
INNER JOIN (
    SELECT [p0].[Id], [p0].[ChannelAccountId], [p0].[CreatedAt], [p0].[CreatedBy], [p0].[DayNumber], [p0].[ExternalPostId], [p0].[IsDeleted], [p0].[ProjectId], [p0].[PublishedAt], [p0].[PublishedUrl], [p0].[ScheduledAt], [p0].[Status], [p0].[TimelineId], [p0].[Title], [p0].[TrackingEnabled], [p0].[UpdatedAt], [p0].[UpdatedBy], [p0].[VoiceSampleId]
    FROM [Posts] AS [p0]
    WHERE [p0].[IsDeleted] = CAST(0 AS bit)
) AS [t] ON [p].[PostId] = [t].[Id]
LEFT JOIN (
    SELECT [p1].[Id], [p1].[Content], [p1].[ContentType], [p1].[CreatedAt], [p1].[CreatedBy], [p1].[IsDeleted], [p1].[MediaFileId], [p1].[PostId], [p1].[SortOrder], [p1].[UpdatedAt], [p1].[UpdatedBy]
    FROM [PostContents] AS [p1]
    WHERE [p1].[IsDeleted] = CAST(0 AS bit)
) AS [t0] ON [t].[Id] = [t0].[PostId]
WHERE [p].[IsDeleted] = CAST(0 AS bit) AND [p].[Status] = 0 AND [p].[ScheduledAt] <= @__before_0
ORDER BY [p].[ScheduledAt], [p].[Id], [t].[Id]
2026-07-16 09:58:08.977 +07:00 [INF] HTTP GET /api/workspace/projects started
2026-07-16 09:58:08.980 +07:00 [INF] Handling GetProjectsQuery {"$type":"GetProjectsQuery"}
2026-07-16 09:58:09.003 +07:00 [INF] Executed DbCommand (20ms) [Parameters=[@__userId_0='?' (DbType = Guid)], CommandType='"Text"', CommandTimeout='30']
SELECT [p].[Id], [p].[CreatedAt], [p].[CreatedBy], [p].[Description], [p].[IsActive], [p].[IsDeleted], [p].[LogoUrl], [p].[Name], [p].[UpdatedAt], [p].[UpdatedBy], [p].[UserId]
FROM [Projects] AS [p]
WHERE [p].[IsDeleted] = CAST(0 AS bit) AND [p].[UserId] = @__userId_0
2026-07-16 09:58:09.011 +07:00 [INF] Executed DbCommand (4ms) [Parameters=[@__userId_0='?' (DbType = Guid)], CommandType='"Text"', CommandTimeout='30']
SELECT [p].[Id], [p].[CreatedAt], [p].[CreatedBy], [p].[InvitedAt], [p].[IsDeleted], [p].[JoinedAt], [p].[ProjectId], [p].[Role], [p].[UpdatedAt], [p].[UpdatedBy], [p].[UserId]
FROM [ProjectMembers] AS [p]
WHERE [p].[IsDeleted] = CAST(0 AS bit) AND [p].[UserId] = @__userId_0
2026-07-16 09:58:09.020 +07:00 [INF] Executed DbCommand (2ms) [Parameters=[@__allProjectIds_0='?' (Size = 4000)], CommandType='"Text"', CommandTimeout='30']
SELECT [p].[Id], [p].[CreatedAt], [p].[CreatedBy], [p].[InvitedAt], [p].[IsDeleted], [p].[JoinedAt], [p].[ProjectId], [p].[Role], [p].[UpdatedAt], [p].[UpdatedBy], [p].[UserId]
FROM [ProjectMembers] AS [p]
WHERE [p].[IsDeleted] = CAST(0 AS bit) AND [p].[ProjectId] IN (
    SELECT [a].[value]
    FROM OPENJSON(@__allProjectIds_0) WITH ([value] uniqueidentifier '$') AS [a]
)
2026-07-16 09:58:09.024 +07:00 [INF] Handled GetProjectsQuery in 42ms
2026-07-16 09:58:09.028 +07:00 [INF] HTTP GET /api/workspace/projects responded 200 in 50.9281ms
2026-07-16 09:58:21.293 +07:00 [INF] HTTP GET /api/workspace/projects started
2026-07-16 09:58:21.299 +07:00 [INF] Handling GetProjectsQuery {"$type":"GetProjectsQuery"}
2026-07-16 09:58:21.306 +07:00 [INF] Executed DbCommand (1ms) [Parameters=[@__userId_0='?' (DbType = Guid)], CommandType='"Text"', CommandTimeout='30']
SELECT [p].[Id], [p].[CreatedAt], [p].[CreatedBy], [p].[Description], [p].[IsActive], [p].[IsDeleted], [p].[LogoUrl], [p].[Name], [p].[UpdatedAt], [p].[UpdatedBy], [p].[UserId]
FROM [Projects] AS [p]
WHERE [p].[IsDeleted] = CAST(0 AS bit) AND [p].[UserId] = @__userId_0
2026-07-16 09:58:21.317 +07:00 [INF] Executed DbCommand (3ms) [Parameters=[@__userId_0='?' (DbType = Guid)], CommandType='"Text"', CommandTimeout='30']
SELECT [p].[Id], [p].[CreatedAt], [p].[CreatedBy], [p].[InvitedAt], [p].[IsDeleted], [p].[JoinedAt], [p].[ProjectId], [p].[Role], [p].[UpdatedAt], [p].[UpdatedBy], [p].[UserId]
FROM [ProjectMembers] AS [p]
WHERE [p].[IsDeleted] = CAST(0 AS bit) AND [p].[UserId] = @__userId_0
2026-07-16 09:58:21.321 +07:00 [INF] Executed DbCommand (1ms) [Parameters=[@__allProjectIds_0='?' (Size = 4000)], CommandType='"Text"', CommandTimeout='30']
SELECT [p].[Id], [p].[CreatedAt], [p].[CreatedBy], [p].[InvitedAt], [p].[IsDeleted], [p].[JoinedAt], [p].[ProjectId], [p].[Role], [p].[UpdatedAt], [p].[UpdatedBy], [p].[UserId]
FROM [ProjectMembers] AS [p]
WHERE [p].[IsDeleted] = CAST(0 AS bit) AND [p].[ProjectId] IN (
    SELECT [a].[value]
    FROM OPENJSON(@__allProjectIds_0) WITH ([value] uniqueidentifier '$') AS [a]
)
2026-07-16 09:58:21.325 +07:00 [INF] Handled GetProjectsQuery in 21ms
2026-07-16 09:58:21.326 +07:00 [INF] HTTP GET /api/workspace/projects responded 200 in 33.6346ms
2026-07-16 09:58:22.593 +07:00 [INF] HTTP GET /api/workspace/projects started
2026-07-16 09:58:22.597 +07:00 [INF] Handling GetProjectsQuery {"$type":"GetProjectsQuery"}
2026-07-16 09:58:22.606 +07:00 [INF] Executed DbCommand (3ms) [Parameters=[@__userId_0='?' (DbType = Guid)], CommandType='"Text"', CommandTimeout='30']
SELECT [p].[Id], [p].[CreatedAt], [p].[CreatedBy], [p].[Description], [p].[IsActive], [p].[IsDeleted], [p].[LogoUrl], [p].[Name], [p].[UpdatedAt], [p].[UpdatedBy], [p].[UserId]
FROM [Projects] AS [p]
WHERE [p].[IsDeleted] = CAST(0 AS bit) AND [p].[UserId] = @__userId_0
2026-07-16 09:58:22.617 +07:00 [INF] Executed DbCommand (5ms) [Parameters=[@__userId_0='?' (DbType = Guid)], CommandType='"Text"', CommandTimeout='30']
SELECT [p].[Id], [p].[CreatedAt], [p].[CreatedBy], [p].[InvitedAt], [p].[IsDeleted], [p].[JoinedAt], [p].[ProjectId], [p].[Role], [p].[UpdatedAt], [p].[UpdatedBy], [p].[UserId]
FROM [ProjectMembers] AS [p]
WHERE [p].[IsDeleted] = CAST(0 AS bit) AND [p].[UserId] = @__userId_0
2026-07-16 09:58:22.627 +07:00 [INF] Executed DbCommand (3ms) [Parameters=[@__allProjectIds_0='?' (Size = 4000)], CommandType='"Text"', CommandTimeout='30']
SELECT [p].[Id], [p].[CreatedAt], [p].[CreatedBy], [p].[InvitedAt], [p].[IsDeleted], [p].[JoinedAt], [p].[ProjectId], [p].[Role], [p].[UpdatedAt], [p].[UpdatedBy], [p].[UserId]
FROM [ProjectMembers] AS [p]
WHERE [p].[IsDeleted] = CAST(0 AS bit) AND [p].[ProjectId] IN (
    SELECT [a].[value]
    FROM OPENJSON(@__allProjectIds_0) WITH ([value] uniqueidentifier '$') AS [a]
)
2026-07-16 09:58:22.630 +07:00 [INF] Handled GetProjectsQuery in 28ms
2026-07-16 09:58:22.632 +07:00 [INF] HTTP GET /api/workspace/projects responded 200 in 38.7911ms
2026-07-16 09:58:24.688 +07:00 [INF] HTTP GET /api/Ai/prompts started
2026-07-16 09:58:24.722 +07:00 [INF] Executed DbCommand (6ms) [Parameters=[@__userId_0='?' (DbType = Guid)], CommandType='"Text"', CommandTimeout='30']
SELECT [a].[Id], [a].[Category], [a].[CreatedAt], [a].[CreatedBy], [a].[IsDeleted], [a].[IsSystem], [a].[Name], [a].[ProjectId], [a].[Template], [a].[UpdatedAt], [a].[UpdatedBy], [a].[UserId]
FROM [AiPrompts] AS [a]
WHERE [a].[IsDeleted] = CAST(0 AS bit) AND ([a].[UserId] = @__userId_0 OR [a].[IsSystem] = CAST(1 AS bit))
ORDER BY [a].[Name]
2026-07-16 09:58:24.742 +07:00 [INF] HTTP GET /api/Ai/prompts responded 200 in 54.4059ms
2026-07-16 09:58:24.770 +07:00 [INF] HTTP GET /api/Ai/history started
2026-07-16 09:58:24.797 +07:00 [INF] Handling GetAiHistoryQuery {"PageNumber":1,"PageSize":10,"$type":"GetAiHistoryQuery"}
2026-07-16 09:58:24.845 +07:00 [INF] Executed DbCommand (10ms) [Parameters=[@__userId_0='?' (DbType = Guid), @__p_1='?' (DbType = Int32), @__p_2='?' (DbType = Int32)], CommandType='"Text"', CommandTimeout='30']
SELECT [t].[Id], [t].[AiPromptId], [t].[CreatedAt], [t].[CreatedBy], [t].[ErrorMessage], [t].[Input], [t].[IsDeleted], [t].[Output], [t].[ProjectId], [t].[Status], [t].[TokensUsed], [t].[UpdatedAt], [t].[UpdatedBy], [t].[UserId], [t0].[Id], [t0].[Category], [t0].[CreatedAt], [t0].[CreatedBy], [t0].[IsDeleted], [t0].[IsSystem], [t0].[Name], [t0].[ProjectId], [t0].[Template], [t0].[UpdatedAt], [t0].[UpdatedBy], [t0].[UserId]
FROM (
    SELECT [a].[Id], [a].[AiPromptId], [a].[CreatedAt], [a].[CreatedBy], [a].[ErrorMessage], [a].[Input], [a].[IsDeleted], [a].[Output], [a].[ProjectId], [a].[Status], [a].[TokensUsed], [a].[UpdatedAt], [a].[UpdatedBy], [a].[UserId]
    FROM [AiGeneratedContents] AS [a]
    WHERE [a].[IsDeleted] = CAST(0 AS bit) AND [a].[UserId] = @__userId_0
    ORDER BY [a].[CreatedAt] DESC
    OFFSET @__p_1 ROWS FETCH NEXT @__p_2 ROWS ONLY
) AS [t]
INNER JOIN (
    SELECT [a0].[Id], [a0].[Category], [a0].[CreatedAt], [a0].[CreatedBy], [a0].[IsDeleted], [a0].[IsSystem], [a0].[Name], [a0].[ProjectId], [a0].[Template], [a0].[UpdatedAt], [a0].[UpdatedBy], [a0].[UserId]
    FROM [AiPrompts] AS [a0]
    WHERE [a0].[IsDeleted] = CAST(0 AS bit)
) AS [t0] ON [t].[AiPromptId] = [t0].[Id]
ORDER BY [t].[CreatedAt] DESC
2026-07-16 09:58:24.855 +07:00 [INF] Executed DbCommand (2ms) [Parameters=[@__userId_0='?' (DbType = Guid)], CommandType='"Text"', CommandTimeout='30']
SELECT COUNT(*)
FROM [AiGeneratedContents] AS [a]
WHERE [a].[IsDeleted] = CAST(0 AS bit) AND [a].[UserId] = @__userId_0
2026-07-16 09:58:24.867 +07:00 [INF] Handled GetAiHistoryQuery in 65ms
2026-07-16 09:58:24.881 +07:00 [INF] HTTP GET /api/Ai/history responded 200 in 111.4531ms
2026-07-16 09:58:34.594 +07:00 [INF] HTTP GET /api/plans started
2026-07-16 09:58:34.621 +07:00 [INF] HTTP GET /api/plans/subscriptions started
2026-07-16 09:58:34.639 +07:00 [INF] Executed DbCommand (5ms) [Parameters=[], CommandType='"Text"', CommandTimeout='30']
SELECT [p].[Id], [p].[BillingPeriod], [p].[Code], [p].[CreatedAt], [p].[CreatedBy], [p].[CreditsIncluded], [p].[Description], [p].[IsActive], [p].[IsDeleted], [p].[MaxChannels], [p].[MaxPostsPerMonth], [p].[MaxProjects], [p].[Name], [p].[Price], [p].[SortOrder], [p].[UpdatedAt], [p].[UpdatedBy]
FROM [Plans] AS [p]
WHERE [p].[IsDeleted] = CAST(0 AS bit) AND [p].[IsActive] = CAST(1 AS bit)
ORDER BY [p].[SortOrder]
2026-07-16 09:58:34.656 +07:00 [INF] HTTP GET /api/plans responded 200 in 62.0231ms
2026-07-16 09:58:34.670 +07:00 [INF] Executed DbCommand (11ms) [Parameters=[@__userId_0='?' (DbType = Guid)], CommandType='"Text"', CommandTimeout='30']
SELECT TOP(1) [s].[Id], [s].[AutoRenew], [s].[CancelledAt], [s].[CreatedAt], [s].[CreatedBy], [s].[EndDate], [s].[IsDeleted], [s].[PlanId], [s].[StartDate], [s].[Status], [s].[UpdatedAt], [s].[UpdatedBy], [s].[UserId], [t].[Id], [t].[BillingPeriod], [t].[Code], [t].[CreatedAt], [t].[CreatedBy], [t].[CreditsIncluded], [t].[Description], [t].[IsActive], [t].[IsDeleted], [t].[MaxChannels], [t].[MaxPostsPerMonth], [t].[MaxProjects], [t].[Name], [t].[Price], [t].[SortOrder], [t].[UpdatedAt], [t].[UpdatedBy]
FROM [Subscriptions] AS [s]
INNER JOIN (
    SELECT [p].[Id], [p].[BillingPeriod], [p].[Code], [p].[CreatedAt], [p].[CreatedBy], [p].[CreditsIncluded], [p].[Description], [p].[IsActive], [p].[IsDeleted], [p].[MaxChannels], [p].[MaxPostsPerMonth], [p].[MaxProjects], [p].[Name], [p].[Price], [p].[SortOrder], [p].[UpdatedAt], [p].[UpdatedBy]
    FROM [Plans] AS [p]
    WHERE [p].[IsDeleted] = CAST(0 AS bit)
) AS [t] ON [s].[PlanId] = [t].[Id]
WHERE [s].[IsDeleted] = CAST(0 AS bit) AND [s].[UserId] = @__userId_0 AND [s].[Status] = 1 AND [s].[EndDate] >= GETUTCDATE()
ORDER BY [s].[EndDate] DESC
2026-07-16 09:58:34.680 +07:00 [INF] HTTP GET /api/plans/subscriptions responded 200 in 58.5895ms
2026-07-16 09:58:39.231 +07:00 [INF] HTTP GET /api/credits started
2026-07-16 09:58:39.233 +07:00 [INF] HTTP GET /api/credits/transactions started
2026-07-16 09:58:39.254 +07:00 [INF] Executed DbCommand (9ms) [Parameters=[@__userId_0='?' (DbType = Guid)], CommandType='"Text"', CommandTimeout='30']
SELECT [t].[Id], [t].[Balance], [t].[CreatedAt], [t].[CreatedBy], [t].[IsDeleted], [t].[TotalEarned], [t].[TotalUsed], [t].[UpdatedAt], [t].[UpdatedBy], [t].[UserId], [t0].[Id], [t0].[Amount], [t0].[BalanceAfter], [t0].[CreatedAt], [t0].[CreatedBy], [t0].[CreditId], [t0].[Description], [t0].[IsDeleted], [t0].[ReferenceId], [t0].[ReferenceType], [t0].[Type], [t0].[UpdatedAt], [t0].[UpdatedBy], [t0].[UserId]
FROM (
    SELECT TOP(1) [c].[Id], [c].[Balance], [c].[CreatedAt], [c].[CreatedBy], [c].[IsDeleted], [c].[TotalEarned], [c].[TotalUsed], [c].[UpdatedAt], [c].[UpdatedBy], [c].[UserId]
    FROM [Credits] AS [c]
    WHERE [c].[IsDeleted] = CAST(0 AS bit) AND [c].[UserId] = @__userId_0
) AS [t]
LEFT JOIN (
    SELECT [c0].[Id], [c0].[Amount], [c0].[BalanceAfter], [c0].[CreatedAt], [c0].[CreatedBy], [c0].[CreditId], [c0].[Description], [c0].[IsDeleted], [c0].[ReferenceId], [c0].[ReferenceType], [c0].[Type], [c0].[UpdatedAt], [c0].[UpdatedBy], [c0].[UserId]
    FROM [CreditTransactions] AS [c0]
    WHERE [c0].[IsDeleted] = CAST(0 AS bit)
) AS [t0] ON [t].[Id] = [t0].[CreditId]
ORDER BY [t].[Id]
2026-07-16 09:58:39.266 +07:00 [INF] Executed DbCommand (4ms) [Parameters=[@__userId_0='?' (DbType = Guid), @__p_1='?' (DbType = Int32), @__p_2='?' (DbType = Int32)], CommandType='"Text"', CommandTimeout='30']
SELECT [c].[Id], [c].[Amount], [c].[BalanceAfter], [c].[CreatedAt], [c].[CreatedBy], [c].[CreditId], [c].[Description], [c].[IsDeleted], [c].[ReferenceId], [c].[ReferenceType], [c].[Type], [c].[UpdatedAt], [c].[UpdatedBy], [c].[UserId]
FROM [CreditTransactions] AS [c]
WHERE [c].[IsDeleted] = CAST(0 AS bit) AND [c].[UserId] = @__userId_0
ORDER BY [c].[CreatedAt] DESC
OFFSET @__p_1 ROWS FETCH NEXT @__p_2 ROWS ONLY
2026-07-16 09:58:39.268 +07:00 [INF] HTTP GET /api/credits responded 200 in 36.495ms
2026-07-16 09:58:39.279 +07:00 [INF] Executed DbCommand (3ms) [Parameters=[@__userId_0='?' (DbType = Guid)], CommandType='"Text"', CommandTimeout='30']
SELECT COUNT(*)
FROM [CreditTransactions] AS [c]
WHERE [c].[IsDeleted] = CAST(0 AS bit) AND [c].[UserId] = @__userId_0
2026-07-16 09:58:39.287 +07:00 [INF] HTTP GET /api/credits/transactions responded 200 in 53.9988ms
2026-07-16 09:59:01.748 +07:00 [INF] Executed DbCommand (7ms) [Parameters=[@__before_0='?' (DbType = DateTime2)], CommandType='"Text"', CommandTimeout='30']
SELECT [p].[Id], [p].[CreatedAt], [p].[CreatedBy], [p].[ExecutedAt], [p].[FailureReason], [p].[IsDeleted], [p].[PostChannelAccountId], [p].[PostId], [p].[RetryCount], [p].[ScheduledAt], [p].[Status], [p].[UpdatedAt], [p].[UpdatedBy], [t].[Id], [t].[ChannelAccountId], [t].[CreatedAt], [t].[CreatedBy], [t].[DayNumber], [t].[ExternalPostId], [t].[IsDeleted], [t].[ProjectId], [t].[PublishedAt], [t].[PublishedUrl], [t].[ScheduledAt], [t].[Status], [t].[TimelineId], [t].[Title], [t].[TrackingEnabled], [t].[UpdatedAt], [t].[UpdatedBy], [t].[VoiceSampleId], [t0].[Id], [t0].[Content], [t0].[ContentType], [t0].[CreatedAt], [t0].[CreatedBy], [t0].[IsDeleted], [t0].[MediaFileId], [t0].[PostId], [t0].[SortOrder], [t0].[UpdatedAt], [t0].[UpdatedBy]
FROM [PostSchedules] AS [p]
INNER JOIN (
    SELECT [p0].[Id], [p0].[ChannelAccountId], [p0].[CreatedAt], [p0].[CreatedBy], [p0].[DayNumber], [p0].[ExternalPostId], [p0].[IsDeleted], [p0].[ProjectId], [p0].[PublishedAt], [p0].[PublishedUrl], [p0].[ScheduledAt], [p0].[Status], [p0].[TimelineId], [p0].[Title], [p0].[TrackingEnabled], [p0].[UpdatedAt], [p0].[UpdatedBy], [p0].[VoiceSampleId]
    FROM [Posts] AS [p0]
    WHERE [p0].[IsDeleted] = CAST(0 AS bit)
) AS [t] ON [p].[PostId] = [t].[Id]
LEFT JOIN (
    SELECT [p1].[Id], [p1].[Content], [p1].[ContentType], [p1].[CreatedAt], [p1].[CreatedBy], [p1].[IsDeleted], [p1].[MediaFileId], [p1].[PostId], [p1].[SortOrder], [p1].[UpdatedAt], [p1].[UpdatedBy]
    FROM [PostContents] AS [p1]
    WHERE [p1].[IsDeleted] = CAST(0 AS bit)
) AS [t0] ON [t].[Id] = [t0].[PostId]
WHERE [p].[IsDeleted] = CAST(0 AS bit) AND [p].[Status] = 0 AND [p].[ScheduledAt] <= @__before_0
ORDER BY [p].[ScheduledAt], [p].[Id], [t].[Id]
2026-07-16 10:00:01.827 +07:00 [INF] Executed DbCommand (8ms) [Parameters=[@__before_0='?' (DbType = DateTime2)], CommandType='"Text"', CommandTimeout='30']
SELECT [p].[Id], [p].[CreatedAt], [p].[CreatedBy], [p].[ExecutedAt], [p].[FailureReason], [p].[IsDeleted], [p].[PostChannelAccountId], [p].[PostId], [p].[RetryCount], [p].[ScheduledAt], [p].[Status], [p].[UpdatedAt], [p].[UpdatedBy], [t].[Id], [t].[ChannelAccountId], [t].[CreatedAt], [t].[CreatedBy], [t].[DayNumber], [t].[ExternalPostId], [t].[IsDeleted], [t].[ProjectId], [t].[PublishedAt], [t].[PublishedUrl], [t].[ScheduledAt], [t].[Status], [t].[TimelineId], [t].[Title], [t].[TrackingEnabled], [t].[UpdatedAt], [t].[UpdatedBy], [t].[VoiceSampleId], [t0].[Id], [t0].[Content], [t0].[ContentType], [t0].[CreatedAt], [t0].[CreatedBy], [t0].[IsDeleted], [t0].[MediaFileId], [t0].[PostId], [t0].[SortOrder], [t0].[UpdatedAt], [t0].[UpdatedBy]
FROM [PostSchedules] AS [p]
INNER JOIN (
    SELECT [p0].[Id], [p0].[ChannelAccountId], [p0].[CreatedAt], [p0].[CreatedBy], [p0].[DayNumber], [p0].[ExternalPostId], [p0].[IsDeleted], [p0].[ProjectId], [p0].[PublishedAt], [p0].[PublishedUrl], [p0].[ScheduledAt], [p0].[Status], [p0].[TimelineId], [p0].[Title], [p0].[TrackingEnabled], [p0].[UpdatedAt], [p0].[UpdatedBy], [p0].[VoiceSampleId]
    FROM [Posts] AS [p0]
    WHERE [p0].[IsDeleted] = CAST(0 AS bit)
) AS [t] ON [p].[PostId] = [t].[Id]
LEFT JOIN (
    SELECT [p1].[Id], [p1].[Content], [p1].[ContentType], [p1].[CreatedAt], [p1].[CreatedBy], [p1].[IsDeleted], [p1].[MediaFileId], [p1].[PostId], [p1].[SortOrder], [p1].[UpdatedAt], [p1].[UpdatedBy]
    FROM [PostContents] AS [p1]
    WHERE [p1].[IsDeleted] = CAST(0 AS bit)
) AS [t0] ON [t].[Id] = [t0].[PostId]
WHERE [p].[IsDeleted] = CAST(0 AS bit) AND [p].[Status] = 0 AND [p].[ScheduledAt] <= @__before_0
ORDER BY [p].[ScheduledAt], [p].[Id], [t].[Id]
2026-07-16 10:01:01.891 +07:00 [INF] Executed DbCommand (8ms) [Parameters=[@__before_0='?' (DbType = DateTime2)], CommandType='"Text"', CommandTimeout='30']
SELECT [p].[Id], [p].[CreatedAt], [p].[CreatedBy], [p].[ExecutedAt], [p].[FailureReason], [p].[IsDeleted], [p].[PostChannelAccountId], [p].[PostId], [p].[RetryCount], [p].[ScheduledAt], [p].[Status], [p].[UpdatedAt], [p].[UpdatedBy], [t].[Id], [t].[ChannelAccountId], [t].[CreatedAt], [t].[CreatedBy], [t].[DayNumber], [t].[ExternalPostId], [t].[IsDeleted], [t].[ProjectId], [t].[PublishedAt], [t].[PublishedUrl], [t].[ScheduledAt], [t].[Status], [t].[TimelineId], [t].[Title], [t].[TrackingEnabled], [t].[UpdatedAt], [t].[UpdatedBy], [t].[VoiceSampleId], [t0].[Id], [t0].[Content], [t0].[ContentType], [t0].[CreatedAt], [t0].[CreatedBy], [t0].[IsDeleted], [t0].[MediaFileId], [t0].[PostId], [t0].[SortOrder], [t0].[UpdatedAt], [t0].[UpdatedBy]
FROM [PostSchedules] AS [p]
INNER JOIN (
    SELECT [p0].[Id], [p0].[ChannelAccountId], [p0].[CreatedAt], [p0].[CreatedBy], [p0].[DayNumber], [p0].[ExternalPostId], [p0].[IsDeleted], [p0].[ProjectId], [p0].[PublishedAt], [p0].[PublishedUrl], [p0].[ScheduledAt], [p0].[Status], [p0].[TimelineId], [p0].[Title], [p0].[TrackingEnabled], [p0].[UpdatedAt], [p0].[UpdatedBy], [p0].[VoiceSampleId]
    FROM [Posts] AS [p0]
    WHERE [p0].[IsDeleted] = CAST(0 AS bit)
) AS [t] ON [p].[PostId] = [t].[Id]
LEFT JOIN (
    SELECT [p1].[Id], [p1].[Content], [p1].[ContentType], [p1].[CreatedAt], [p1].[CreatedBy], [p1].[IsDeleted], [p1].[MediaFileId], [p1].[PostId], [p1].[SortOrder], [p1].[UpdatedAt], [p1].[UpdatedBy]
    FROM [PostContents] AS [p1]
    WHERE [p1].[IsDeleted] = CAST(0 AS bit)
) AS [t0] ON [t].[Id] = [t0].[PostId]
WHERE [p].[IsDeleted] = CAST(0 AS bit) AND [p].[Status] = 0 AND [p].[ScheduledAt] <= @__before_0
ORDER BY [p].[ScheduledAt], [p].[Id], [t].[Id]
2026-07-16 10:02:01.956 +07:00 [INF] Executed DbCommand (2ms) [Parameters=[@__before_0='?' (DbType = DateTime2)], CommandType='"Text"', CommandTimeout='30']
SELECT [p].[Id], [p].[CreatedAt], [p].[CreatedBy], [p].[ExecutedAt], [p].[FailureReason], [p].[IsDeleted], [p].[PostChannelAccountId], [p].[PostId], [p].[RetryCount], [p].[ScheduledAt], [p].[Status], [p].[UpdatedAt], [p].[UpdatedBy], [t].[Id], [t].[ChannelAccountId], [t].[CreatedAt], [t].[CreatedBy], [t].[DayNumber], [t].[ExternalPostId], [t].[IsDeleted], [t].[ProjectId], [t].[PublishedAt], [t].[PublishedUrl], [t].[ScheduledAt], [t].[Status], [t].[TimelineId], [t].[Title], [t].[TrackingEnabled], [t].[UpdatedAt], [t].[UpdatedBy], [t].[VoiceSampleId], [t0].[Id], [t0].[Content], [t0].[ContentType], [t0].[CreatedAt], [t0].[CreatedBy], [t0].[IsDeleted], [t0].[MediaFileId], [t0].[PostId], [t0].[SortOrder], [t0].[UpdatedAt], [t0].[UpdatedBy]
FROM [PostSchedules] AS [p]
INNER JOIN (
    SELECT [p0].[Id], [p0].[ChannelAccountId], [p0].[CreatedAt], [p0].[CreatedBy], [p0].[DayNumber], [p0].[ExternalPostId], [p0].[IsDeleted], [p0].[ProjectId], [p0].[PublishedAt], [p0].[PublishedUrl], [p0].[ScheduledAt], [p0].[Status], [p0].[TimelineId], [p0].[Title], [p0].[TrackingEnabled], [p0].[UpdatedAt], [p0].[UpdatedBy], [p0].[VoiceSampleId]
    FROM [Posts] AS [p0]
    WHERE [p0].[IsDeleted] = CAST(0 AS bit)
) AS [t] ON [p].[PostId] = [t].[Id]
LEFT JOIN (
    SELECT [p1].[Id], [p1].[Content], [p1].[ContentType], [p1].[CreatedAt], [p1].[CreatedBy], [p1].[IsDeleted], [p1].[MediaFileId], [p1].[PostId], [p1].[SortOrder], [p1].[UpdatedAt], [p1].[UpdatedBy]
    FROM [PostContents] AS [p1]
    WHERE [p1].[IsDeleted] = CAST(0 AS bit)
) AS [t0] ON [t].[Id] = [t0].[PostId]
WHERE [p].[IsDeleted] = CAST(0 AS bit) AND [p].[Status] = 0 AND [p].[ScheduledAt] <= @__before_0
ORDER BY [p].[ScheduledAt], [p].[Id], [t].[Id]
2026-07-16 10:03:02.065 +07:00 [INF] Executed DbCommand (3ms) [Parameters=[@__before_0='?' (DbType = DateTime2)], CommandType='"Text"', CommandTimeout='30']
SELECT [p].[Id], [p].[CreatedAt], [p].[CreatedBy], [p].[ExecutedAt], [p].[FailureReason], [p].[IsDeleted], [p].[PostChannelAccountId], [p].[PostId], [p].[RetryCount], [p].[ScheduledAt], [p].[Status], [p].[UpdatedAt], [p].[UpdatedBy], [t].[Id], [t].[ChannelAccountId], [t].[CreatedAt], [t].[CreatedBy], [t].[DayNumber], [t].[ExternalPostId], [t].[IsDeleted], [t].[ProjectId], [t].[PublishedAt], [t].[PublishedUrl], [t].[ScheduledAt], [t].[Status], [t].[TimelineId], [t].[Title], [t].[TrackingEnabled], [t].[UpdatedAt], [t].[UpdatedBy], [t].[VoiceSampleId], [t0].[Id], [t0].[Content], [t0].[ContentType], [t0].[CreatedAt], [t0].[CreatedBy], [t0].[IsDeleted], [t0].[MediaFileId], [t0].[PostId], [t0].[SortOrder], [t0].[UpdatedAt], [t0].[UpdatedBy]
FROM [PostSchedules] AS [p]
INNER JOIN (
    SELECT [p0].[Id], [p0].[ChannelAccountId], [p0].[CreatedAt], [p0].[CreatedBy], [p0].[DayNumber], [p0].[ExternalPostId], [p0].[IsDeleted], [p0].[ProjectId], [p0].[PublishedAt], [p0].[PublishedUrl], [p0].[ScheduledAt], [p0].[Status], [p0].[TimelineId], [p0].[Title], [p0].[TrackingEnabled], [p0].[UpdatedAt], [p0].[UpdatedBy], [p0].[VoiceSampleId]
    FROM [Posts] AS [p0]
    WHERE [p0].[IsDeleted] = CAST(0 AS bit)
) AS [t] ON [p].[PostId] = [t].[Id]
LEFT JOIN (
    SELECT [p1].[Id], [p1].[Content], [p1].[ContentType], [p1].[CreatedAt], [p1].[CreatedBy], [p1].[IsDeleted], [p1].[MediaFileId], [p1].[PostId], [p1].[SortOrder], [p1].[UpdatedAt], [p1].[UpdatedBy]
    FROM [PostContents] AS [p1]
    WHERE [p1].[IsDeleted] = CAST(0 AS bit)
) AS [t0] ON [t].[Id] = [t0].[PostId]
WHERE [p].[IsDeleted] = CAST(0 AS bit) AND [p].[Status] = 0 AND [p].[ScheduledAt] <= @__before_0
ORDER BY [p].[ScheduledAt], [p].[Id], [t].[Id]
2026-07-16 10:04:02.122 +07:00 [INF] Executed DbCommand (2ms) [Parameters=[@__before_0='?' (DbType = DateTime2)], CommandType='"Text"', CommandTimeout='30']
SELECT [p].[Id], [p].[CreatedAt], [p].[CreatedBy], [p].[ExecutedAt], [p].[FailureReason], [p].[IsDeleted], [p].[PostChannelAccountId], [p].[PostId], [p].[RetryCount], [p].[ScheduledAt], [p].[Status], [p].[UpdatedAt], [p].[UpdatedBy], [t].[Id], [t].[ChannelAccountId], [t].[CreatedAt], [t].[CreatedBy], [t].[DayNumber], [t].[ExternalPostId], [t].[IsDeleted], [t].[ProjectId], [t].[PublishedAt], [t].[PublishedUrl], [t].[ScheduledAt], [t].[Status], [t].[TimelineId], [t].[Title], [t].[TrackingEnabled], [t].[UpdatedAt], [t].[UpdatedBy], [t].[VoiceSampleId], [t0].[Id], [t0].[Content], [t0].[ContentType], [t0].[CreatedAt], [t0].[CreatedBy], [t0].[IsDeleted], [t0].[MediaFileId], [t0].[PostId], [t0].[SortOrder], [t0].[UpdatedAt], [t0].[UpdatedBy]
FROM [PostSchedules] AS [p]
INNER JOIN (
    SELECT [p0].[Id], [p0].[ChannelAccountId], [p0].[CreatedAt], [p0].[CreatedBy], [p0].[DayNumber], [p0].[ExternalPostId], [p0].[IsDeleted], [p0].[ProjectId], [p0].[PublishedAt], [p0].[PublishedUrl], [p0].[ScheduledAt], [p0].[Status], [p0].[TimelineId], [p0].[Title], [p0].[TrackingEnabled], [p0].[UpdatedAt], [p0].[UpdatedBy], [p0].[VoiceSampleId]
    FROM [Posts] AS [p0]
    WHERE [p0].[IsDeleted] = CAST(0 AS bit)
) AS [t] ON [p].[PostId] = [t].[Id]
LEFT JOIN (
    SELECT [p1].[Id], [p1].[Content], [p1].[ContentType], [p1].[CreatedAt], [p1].[CreatedBy], [p1].[IsDeleted], [p1].[MediaFileId], [p1].[PostId], [p1].[SortOrder], [p1].[UpdatedAt], [p1].[UpdatedBy]
    FROM [PostContents] AS [p1]
    WHERE [p1].[IsDeleted] = CAST(0 AS bit)
) AS [t0] ON [t].[Id] = [t0].[PostId]
WHERE [p].[IsDeleted] = CAST(0 AS bit) AND [p].[Status] = 0 AND [p].[ScheduledAt] <= @__before_0
ORDER BY [p].[ScheduledAt], [p].[Id], [t].[Id]
2026-07-16 10:05:02.185 +07:00 [INF] Executed DbCommand (2ms) [Parameters=[@__before_0='?' (DbType = DateTime2)], CommandType='"Text"', CommandTimeout='30']
SELECT [p].[Id], [p].[CreatedAt], [p].[CreatedBy], [p].[ExecutedAt], [p].[FailureReason], [p].[IsDeleted], [p].[PostChannelAccountId], [p].[PostId], [p].[RetryCount], [p].[ScheduledAt], [p].[Status], [p].[UpdatedAt], [p].[UpdatedBy], [t].[Id], [t].[ChannelAccountId], [t].[CreatedAt], [t].[CreatedBy], [t].[DayNumber], [t].[ExternalPostId], [t].[IsDeleted], [t].[ProjectId], [t].[PublishedAt], [t].[PublishedUrl], [t].[ScheduledAt], [t].[Status], [t].[TimelineId], [t].[Title], [t].[TrackingEnabled], [t].[UpdatedAt], [t].[UpdatedBy], [t].[VoiceSampleId], [t0].[Id], [t0].[Content], [t0].[ContentType], [t0].[CreatedAt], [t0].[CreatedBy], [t0].[IsDeleted], [t0].[MediaFileId], [t0].[PostId], [t0].[SortOrder], [t0].[UpdatedAt], [t0].[UpdatedBy]
FROM [PostSchedules] AS [p]
INNER JOIN (
    SELECT [p0].[Id], [p0].[ChannelAccountId], [p0].[CreatedAt], [p0].[CreatedBy], [p0].[DayNumber], [p0].[ExternalPostId], [p0].[IsDeleted], [p0].[ProjectId], [p0].[PublishedAt], [p0].[PublishedUrl], [p0].[ScheduledAt], [p0].[Status], [p0].[TimelineId], [p0].[Title], [p0].[TrackingEnabled], [p0].[UpdatedAt], [p0].[UpdatedBy], [p0].[VoiceSampleId]
    FROM [Posts] AS [p0]
    WHERE [p0].[IsDeleted] = CAST(0 AS bit)
) AS [t] ON [p].[PostId] = [t].[Id]
LEFT JOIN (
    SELECT [p1].[Id], [p1].[Content], [p1].[ContentType], [p1].[CreatedAt], [p1].[CreatedBy], [p1].[IsDeleted], [p1].[MediaFileId], [p1].[PostId], [p1].[SortOrder], [p1].[UpdatedAt], [p1].[UpdatedBy]
    FROM [PostContents] AS [p1]
    WHERE [p1].[IsDeleted] = CAST(0 AS bit)
) AS [t0] ON [t].[Id] = [t0].[PostId]
WHERE [p].[IsDeleted] = CAST(0 AS bit) AND [p].[Status] = 0 AND [p].[ScheduledAt] <= @__before_0
ORDER BY [p].[ScheduledAt], [p].[Id], [t].[Id]
2026-07-16 10:06:02.235 +07:00 [INF] Executed DbCommand (2ms) [Parameters=[@__before_0='?' (DbType = DateTime2)], CommandType='"Text"', CommandTimeout='30']
SELECT [p].[Id], [p].[CreatedAt], [p].[CreatedBy], [p].[ExecutedAt], [p].[FailureReason], [p].[IsDeleted], [p].[PostChannelAccountId], [p].[PostId], [p].[RetryCount], [p].[ScheduledAt], [p].[Status], [p].[UpdatedAt], [p].[UpdatedBy], [t].[Id], [t].[ChannelAccountId], [t].[CreatedAt], [t].[CreatedBy], [t].[DayNumber], [t].[ExternalPostId], [t].[IsDeleted], [t].[ProjectId], [t].[PublishedAt], [t].[PublishedUrl], [t].[ScheduledAt], [t].[Status], [t].[TimelineId], [t].[Title], [t].[TrackingEnabled], [t].[UpdatedAt], [t].[UpdatedBy], [t].[VoiceSampleId], [t0].[Id], [t0].[Content], [t0].[ContentType], [t0].[CreatedAt], [t0].[CreatedBy], [t0].[IsDeleted], [t0].[MediaFileId], [t0].[PostId], [t0].[SortOrder], [t0].[UpdatedAt], [t0].[UpdatedBy]
FROM [PostSchedules] AS [p]
INNER JOIN (
    SELECT [p0].[Id], [p0].[ChannelAccountId], [p0].[CreatedAt], [p0].[CreatedBy], [p0].[DayNumber], [p0].[ExternalPostId], [p0].[IsDeleted], [p0].[ProjectId], [p0].[PublishedAt], [p0].[PublishedUrl], [p0].[ScheduledAt], [p0].[Status], [p0].[TimelineId], [p0].[Title], [p0].[TrackingEnabled], [p0].[UpdatedAt], [p0].[UpdatedBy], [p0].[VoiceSampleId]
    FROM [Posts] AS [p0]
    WHERE [p0].[IsDeleted] = CAST(0 AS bit)
) AS [t] ON [p].[PostId] = [t].[Id]
LEFT JOIN (
    SELECT [p1].[Id], [p1].[Content], [p1].[ContentType], [p1].[CreatedAt], [p1].[CreatedBy], [p1].[IsDeleted], [p1].[MediaFileId], [p1].[PostId], [p1].[SortOrder], [p1].[UpdatedAt], [p1].[UpdatedBy]
    FROM [PostContents] AS [p1]
    WHERE [p1].[IsDeleted] = CAST(0 AS bit)
) AS [t0] ON [t].[Id] = [t0].[PostId]
WHERE [p].[IsDeleted] = CAST(0 AS bit) AND [p].[Status] = 0 AND [p].[ScheduledAt] <= @__before_0
ORDER BY [p].[ScheduledAt], [p].[Id], [t].[Id]
2026-07-16 10:07:02.286 +07:00 [INF] Executed DbCommand (1ms) [Parameters=[@__before_0='?' (DbType = DateTime2)], CommandType='"Text"', CommandTimeout='30']
SELECT [p].[Id], [p].[CreatedAt], [p].[CreatedBy], [p].[ExecutedAt], [p].[FailureReason], [p].[IsDeleted], [p].[PostChannelAccountId], [p].[PostId], [p].[RetryCount], [p].[ScheduledAt], [p].[Status], [p].[UpdatedAt], [p].[UpdatedBy], [t].[Id], [t].[ChannelAccountId], [t].[CreatedAt], [t].[CreatedBy], [t].[DayNumber], [t].[ExternalPostId], [t].[IsDeleted], [t].[ProjectId], [t].[PublishedAt], [t].[PublishedUrl], [t].[ScheduledAt], [t].[Status], [t].[TimelineId], [t].[Title], [t].[TrackingEnabled], [t].[UpdatedAt], [t].[UpdatedBy], [t].[VoiceSampleId], [t0].[Id], [t0].[Content], [t0].[ContentType], [t0].[CreatedAt], [t0].[CreatedBy], [t0].[IsDeleted], [t0].[MediaFileId], [t0].[PostId], [t0].[SortOrder], [t0].[UpdatedAt], [t0].[UpdatedBy]
FROM [PostSchedules] AS [p]
INNER JOIN (
    SELECT [p0].[Id], [p0].[ChannelAccountId], [p0].[CreatedAt], [p0].[CreatedBy], [p0].[DayNumber], [p0].[ExternalPostId], [p0].[IsDeleted], [p0].[ProjectId], [p0].[PublishedAt], [p0].[PublishedUrl], [p0].[ScheduledAt], [p0].[Status], [p0].[TimelineId], [p0].[Title], [p0].[TrackingEnabled], [p0].[UpdatedAt], [p0].[UpdatedBy], [p0].[VoiceSampleId]
    FROM [Posts] AS [p0]
    WHERE [p0].[IsDeleted] = CAST(0 AS bit)
) AS [t] ON [p].[PostId] = [t].[Id]
LEFT JOIN (
    SELECT [p1].[Id], [p1].[Content], [p1].[ContentType], [p1].[CreatedAt], [p1].[CreatedBy], [p1].[IsDeleted], [p1].[MediaFileId], [p1].[PostId], [p1].[SortOrder], [p1].[UpdatedAt], [p1].[UpdatedBy]
    FROM [PostContents] AS [p1]
    WHERE [p1].[IsDeleted] = CAST(0 AS bit)
) AS [t0] ON [t].[Id] = [t0].[PostId]
WHERE [p].[IsDeleted] = CAST(0 AS bit) AND [p].[Status] = 0 AND [p].[ScheduledAt] <= @__before_0
ORDER BY [p].[ScheduledAt], [p].[Id], [t].[Id]
2026-07-16 10:08:02.354 +07:00 [INF] Executed DbCommand (2ms) [Parameters=[@__before_0='?' (DbType = DateTime2)], CommandType='"Text"', CommandTimeout='30']
SELECT [p].[Id], [p].[CreatedAt], [p].[CreatedBy], [p].[ExecutedAt], [p].[FailureReason], [p].[IsDeleted], [p].[PostChannelAccountId], [p].[PostId], [p].[RetryCount], [p].[ScheduledAt], [p].[Status], [p].[UpdatedAt], [p].[UpdatedBy], [t].[Id], [t].[ChannelAccountId], [t].[CreatedAt], [t].[CreatedBy], [t].[DayNumber], [t].[ExternalPostId], [t].[IsDeleted], [t].[ProjectId], [t].[PublishedAt], [t].[PublishedUrl], [t].[ScheduledAt], [t].[Status], [t].[TimelineId], [t].[Title], [t].[TrackingEnabled], [t].[UpdatedAt], [t].[UpdatedBy], [t].[VoiceSampleId], [t0].[Id], [t0].[Content], [t0].[ContentType], [t0].[CreatedAt], [t0].[CreatedBy], [t0].[IsDeleted], [t0].[MediaFileId], [t0].[PostId], [t0].[SortOrder], [t0].[UpdatedAt], [t0].[UpdatedBy]
FROM [PostSchedules] AS [p]
INNER JOIN (
    SELECT [p0].[Id], [p0].[ChannelAccountId], [p0].[CreatedAt], [p0].[CreatedBy], [p0].[DayNumber], [p0].[ExternalPostId], [p0].[IsDeleted], [p0].[ProjectId], [p0].[PublishedAt], [p0].[PublishedUrl], [p0].[ScheduledAt], [p0].[Status], [p0].[TimelineId], [p0].[Title], [p0].[TrackingEnabled], [p0].[UpdatedAt], [p0].[UpdatedBy], [p0].[VoiceSampleId]
    FROM [Posts] AS [p0]
    WHERE [p0].[IsDeleted] = CAST(0 AS bit)
) AS [t] ON [p].[PostId] = [t].[Id]
LEFT JOIN (
    SELECT [p1].[Id], [p1].[Content], [p1].[ContentType], [p1].[CreatedAt], [p1].[CreatedBy], [p1].[IsDeleted], [p1].[MediaFileId], [p1].[PostId], [p1].[SortOrder], [p1].[UpdatedAt], [p1].[UpdatedBy]
    FROM [PostContents] AS [p1]
    WHERE [p1].[IsDeleted] = CAST(0 AS bit)
) AS [t0] ON [t].[Id] = [t0].[PostId]
WHERE [p].[IsDeleted] = CAST(0 AS bit) AND [p].[Status] = 0 AND [p].[ScheduledAt] <= @__before_0
ORDER BY [p].[ScheduledAt], [p].[Id], [t].[Id]
2026-07-16 10:08:48.626 +07:00 [WRN] No store type was specified for the decimal property 'TotalEarnings' on entity type 'Affiliate'. This will cause values to be silently truncated if they do not fit in the default precision and scale. Explicitly specify the SQL server column type that can accommodate all the values in 'OnModelCreating' using 'HasColumnType', specify precision and scale using 'HasPrecision', or configure a value converter using 'HasConversion'.
2026-07-16 10:08:50.394 +07:00 [INF] Detected FlowMate/SQL schema without EF history — applying compat layer and skipping MigrateAsync.
2026-07-16 10:08:50.436 +07:00 [INF] Executed DbCommand (13ms) [Parameters=[], CommandType='"Text"', CommandTimeout='30']
IF COL_LENGTH('dbo.Posts', 'ChannelAccountId') IS NULL
    ALTER TABLE dbo.Posts ADD ChannelAccountId UNIQUEIDENTIFIER NULL;
2026-07-16 10:08:50.449 +07:00 [INF] Executed DbCommand (1ms) [Parameters=[], CommandType='"Text"', CommandTimeout='30']
IF COL_LENGTH('dbo.Posts', 'ExternalPostId') IS NULL
    ALTER TABLE dbo.Posts ADD ExternalPostId NVARCHAR(128) NULL;
2026-07-16 10:08:50.454 +07:00 [INF] Executed DbCommand (1ms) [Parameters=[], CommandType='"Text"', CommandTimeout='30']
IF COL_LENGTH('dbo.Posts', 'PublishedUrl') IS NULL
    ALTER TABLE dbo.Posts ADD PublishedUrl NVARCHAR(1000) NULL;
2026-07-16 10:08:50.458 +07:00 [INF] Executed DbCommand (1ms) [Parameters=[], CommandType='"Text"', CommandTimeout='30']
IF COL_LENGTH('dbo.Posts', 'PublishedAt') IS NULL
    ALTER TABLE dbo.Posts ADD PublishedAt DATETIME2 NULL;
2026-07-16 10:08:50.463 +07:00 [INF] Executed DbCommand (1ms) [Parameters=[], CommandType='"Text"', CommandTimeout='30']
IF COL_LENGTH('dbo.PostSchedules', 'PostId') IS NULL
    ALTER TABLE dbo.PostSchedules ADD PostId UNIQUEIDENTIFIER NULL;
2026-07-16 10:08:50.469 +07:00 [INF] Executed DbCommand (2ms) [Parameters=[], CommandType='"Text"', CommandTimeout='30']
IF COL_LENGTH('dbo.PostSchedules', 'PostChannelAccountId') IS NOT NULL
   AND COLUMNPROPERTY(OBJECT_ID('dbo.PostSchedules'), 'PostChannelAccountId', 'AllowsNull') = 0
BEGIN
    ALTER TABLE dbo.PostSchedules ALTER COLUMN PostChannelAccountId UNIQUEIDENTIFIER NULL;
END
2026-07-16 10:08:50.475 +07:00 [INF] Executed DbCommand (1ms) [Parameters=[], CommandType='"Text"', CommandTimeout='30']
IF COL_LENGTH('dbo.ChannelAccounts', 'ParentChannelAccountId') IS NULL
    ALTER TABLE dbo.ChannelAccounts ADD ParentChannelAccountId UNIQUEIDENTIFIER NULL;
2026-07-16 10:08:50.480 +07:00 [INF] Executed DbCommand (2ms) [Parameters=[], CommandType='"Text"', CommandTimeout='30']
IF COL_LENGTH('dbo.ChannelAccounts', 'AccessToken') IS NULL
    ALTER TABLE dbo.ChannelAccounts ADD AccessToken NVARCHAR(MAX) NULL;
2026-07-16 10:08:50.484 +07:00 [INF] Executed DbCommand (1ms) [Parameters=[], CommandType='"Text"', CommandTimeout='30']
IF COL_LENGTH('dbo.ChannelAccounts', 'RefreshToken') IS NULL
    ALTER TABLE dbo.ChannelAccounts ADD RefreshToken NVARCHAR(MAX) NULL;
2026-07-16 10:08:50.490 +07:00 [INF] Executed DbCommand (1ms) [Parameters=[], CommandType='"Text"', CommandTimeout='30']
IF COL_LENGTH('dbo.ChannelAccounts', 'TokenExpiresAt') IS NULL
    ALTER TABLE dbo.ChannelAccounts ADD TokenExpiresAt DATETIME2 NULL;
2026-07-16 10:08:50.495 +07:00 [INF] Executed DbCommand (2ms) [Parameters=[], CommandType='"Text"', CommandTimeout='30']
IF COL_LENGTH('dbo.ChannelAccounts', 'Scope') IS NULL
    ALTER TABLE dbo.ChannelAccounts ADD Scope NVARCHAR(500) NULL;
2026-07-16 10:08:50.502 +07:00 [INF] Executed DbCommand (2ms) [Parameters=[], CommandType='"Text"', CommandTimeout='30']
IF COL_LENGTH('dbo.Posts', 'VoiceSampleId') IS NULL
    ALTER TABLE dbo.Posts ADD VoiceSampleId UNIQUEIDENTIFIER NULL;
2026-07-16 10:08:50.508 +07:00 [INF] Executed DbCommand (2ms) [Parameters=[], CommandType='"Text"', CommandTimeout='30']
IF COL_LENGTH('dbo.Posts', 'DayNumber') IS NULL
    ALTER TABLE dbo.Posts ADD DayNumber INT NULL;
2026-07-16 10:08:50.514 +07:00 [INF] Executed DbCommand (1ms) [Parameters=[], CommandType='"Text"', CommandTimeout='30']
IF COL_LENGTH('dbo.Posts', 'TrackingEnabled') IS NULL
    ALTER TABLE dbo.Posts ADD TrackingEnabled BIT NOT NULL DEFAULT CAST(1 AS BIT);
2026-07-16 10:08:50.519 +07:00 [INF] Executed DbCommand (1ms) [Parameters=[], CommandType='"Text"', CommandTimeout='30']
IF COL_LENGTH('dbo.MediaFiles', 'ProductId') IS NULL
    ALTER TABLE dbo.MediaFiles ADD ProductId UNIQUEIDENTIFIER NULL;
2026-07-16 10:08:50.527 +07:00 [INF] Executed DbCommand (1ms) [Parameters=[], CommandType='"Text"', CommandTimeout='30']
IF COL_LENGTH('dbo.MediaFiles', 'StoragePath') IS NULL
    ALTER TABLE dbo.MediaFiles ADD StoragePath NVARCHAR(1000) NOT NULL DEFAULT '';
2026-07-16 10:08:50.536 +07:00 [INF] Executed DbCommand (2ms) [Parameters=[], CommandType='"Text"', CommandTimeout='30']
IF COL_LENGTH('dbo.FacebookAccounts', 'ProjectId') IS NULL
    ALTER TABLE dbo.FacebookAccounts ADD ProjectId UNIQUEIDENTIFIER NOT NULL
        DEFAULT '00000000-0000-0000-0000-000000000000';
2026-07-16 10:08:50.543 +07:00 [INF] Executed DbCommand (2ms) [Parameters=[], CommandType='"Text"', CommandTimeout='30']
IF COL_LENGTH('dbo.Campaigns', 'ProductDescription') IS NULL
    ALTER TABLE dbo.Campaigns ADD ProductDescription NVARCHAR(MAX) NULL;
2026-07-16 10:08:50.552 +07:00 [INF] Executed DbCommand (2ms) [Parameters=[], CommandType='"Text"', CommandTimeout='30']
IF OBJECT_ID('dbo.ProjectMembers') IS NULL
CREATE TABLE dbo.ProjectMembers (
    Id UNIQUEIDENTIFIER NOT NULL PRIMARY KEY, ProjectId UNIQUEIDENTIFIER NOT NULL,
    UserId UNIQUEIDENTIFIER NOT NULL, Role NVARCHAR(20) NOT NULL DEFAULT 'Member',
    InvitedAt DATETIME2 NULL, JoinedAt DATETIME2 NULL,
    CreatedAt DATETIME2 NOT NULL, UpdatedAt DATETIME2 NULL,
    CreatedBy UNIQUEIDENTIFIER NULL, UpdatedBy UNIQUEIDENTIFIER NULL, IsDeleted BIT NOT NULL DEFAULT 0,
    CONSTRAINT FK_ProjectMembers_Projects FOREIGN KEY (ProjectId) REFERENCES dbo.Projects(Id),
    CONSTRAINT FK_ProjectMembers_Users FOREIGN KEY (UserId) REFERENCES dbo.Users(Id));
2026-07-16 10:08:50.567 +07:00 [INF] Executed DbCommand (11ms) [Parameters=[], CommandType='"Text"', CommandTimeout='30']
IF OBJECT_ID('dbo.ProjectMembers') IS NOT NULL AND NOT EXISTS (SELECT 1 FROM sys.indexes WHERE name = 'IX_ProjectMembers_ProjectId_UserId')
    CREATE UNIQUE INDEX IX_ProjectMembers_ProjectId_UserId ON dbo.ProjectMembers(ProjectId, UserId);
2026-07-16 10:08:50.572 +07:00 [INF] Executed DbCommand (1ms) [Parameters=[], CommandType='"Text"', CommandTimeout='30']
IF OBJECT_ID('dbo.VoiceSampleTemplates') IS NULL
CREATE TABLE dbo.VoiceSampleTemplates (
    Id UNIQUEIDENTIFIER NOT NULL PRIMARY KEY, SampleText NVARCHAR(500) NOT NULL,
    CreatedAt DATETIME2 NOT NULL, UpdatedAt DATETIME2 NULL,
    CreatedBy UNIQUEIDENTIFIER NULL, UpdatedBy UNIQUEIDENTIFIER NULL, IsDeleted BIT NOT NULL DEFAULT 0);
2026-07-16 10:08:50.579 +07:00 [INF] Executed DbCommand (1ms) [Parameters=[], CommandType='"Text"', CommandTimeout='30']
IF OBJECT_ID('dbo.BrandStyles') IS NULL
CREATE TABLE dbo.BrandStyles (
    Id UNIQUEIDENTIFIER NOT NULL PRIMARY KEY, StyleName NVARCHAR(50) NOT NULL,
    CreatedAt DATETIME2 NOT NULL, UpdatedAt DATETIME2 NULL,
    CreatedBy UNIQUEIDENTIFIER NULL, UpdatedBy UNIQUEIDENTIFIER NULL, IsDeleted BIT NOT NULL DEFAULT 0);
2026-07-16 10:08:50.590 +07:00 [INF] Executed DbCommand (8ms) [Parameters=[], CommandType='"Text"', CommandTimeout='30']
IF OBJECT_ID('dbo.BrandStyles') IS NOT NULL AND NOT EXISTS (SELECT 1 FROM sys.indexes WHERE name = 'IX_BrandStyles_StyleName')
    CREATE UNIQUE INDEX IX_BrandStyles_StyleName ON dbo.BrandStyles(StyleName);
2026-07-16 10:08:50.596 +07:00 [INF] Executed DbCommand (1ms) [Parameters=[], CommandType='"Text"', CommandTimeout='30']
IF OBJECT_ID('dbo.ToneKeywords') IS NULL
CREATE TABLE dbo.ToneKeywords (
    Id UNIQUEIDENTIFIER NOT NULL PRIMARY KEY, Keyword NVARCHAR(50) NOT NULL,
    CreatedAt DATETIME2 NOT NULL, UpdatedAt DATETIME2 NULL,
    CreatedBy UNIQUEIDENTIFIER NULL, UpdatedBy UNIQUEIDENTIFIER NULL, IsDeleted BIT NOT NULL DEFAULT 0);
2026-07-16 10:08:50.608 +07:00 [INF] Executed DbCommand (8ms) [Parameters=[], CommandType='"Text"', CommandTimeout='30']
IF OBJECT_ID('dbo.ToneKeywords') IS NOT NULL AND NOT EXISTS (SELECT 1 FROM sys.indexes WHERE name = 'IX_ToneKeywords_Keyword')
    CREATE UNIQUE INDEX IX_ToneKeywords_Keyword ON dbo.ToneKeywords(Keyword);
2026-07-16 10:08:50.619 +07:00 [INF] Executed DbCommand (1ms) [Parameters=[], CommandType='"Text"', CommandTimeout='30']
IF OBJECT_ID('dbo.CtaTemplates') IS NULL
CREATE TABLE dbo.CtaTemplates (
    Id UNIQUEIDENTIFIER NOT NULL PRIMARY KEY, CtaText NVARCHAR(100) NOT NULL,
    CreatedAt DATETIME2 NOT NULL, UpdatedAt DATETIME2 NULL,
    CreatedBy UNIQUEIDENTIFIER NULL, UpdatedBy UNIQUEIDENTIFIER NULL, IsDeleted BIT NOT NULL DEFAULT 0);
2026-07-16 10:08:50.633 +07:00 [INF] Executed DbCommand (10ms) [Parameters=[], CommandType='"Text"', CommandTimeout='30']
IF OBJECT_ID('dbo.CtaTemplates') IS NOT NULL AND NOT EXISTS (SELECT 1 FROM sys.indexes WHERE name = 'IX_CtaTemplates_CtaText')
    CREATE UNIQUE INDEX IX_CtaTemplates_CtaText ON dbo.CtaTemplates(CtaText);
2026-07-16 10:08:50.639 +07:00 [INF] Executed DbCommand (1ms) [Parameters=[], CommandType='"Text"', CommandTimeout='30']
IF OBJECT_ID('dbo.Hashtags') IS NULL
CREATE TABLE dbo.Hashtags (
    Id UNIQUEIDENTIFIER NOT NULL PRIMARY KEY, Tag NVARCHAR(50) NOT NULL,
    CreatedAt DATETIME2 NOT NULL, UpdatedAt DATETIME2 NULL,
    CreatedBy UNIQUEIDENTIFIER NULL, UpdatedBy UNIQUEIDENTIFIER NULL, IsDeleted BIT NOT NULL DEFAULT 0);
2026-07-16 10:08:50.695 +07:00 [INF] Executed DbCommand (51ms) [Parameters=[], CommandType='"Text"', CommandTimeout='30']
IF OBJECT_ID('dbo.Hashtags') IS NOT NULL AND NOT EXISTS (SELECT 1 FROM sys.indexes WHERE name = 'IX_Hashtags_Tag')
    CREATE UNIQUE INDEX IX_Hashtags_Tag ON dbo.Hashtags(Tag);
2026-07-16 10:08:50.712 +07:00 [INF] Executed DbCommand (2ms) [Parameters=[], CommandType='"Text"', CommandTimeout='30']
IF OBJECT_ID('dbo.BrandProfiles') IS NULL
CREATE TABLE dbo.BrandProfiles (
    Id UNIQUEIDENTIFIER NOT NULL PRIMARY KEY, ProjectId UNIQUEIDENTIFIER NOT NULL,
    LogoUrl NVARCHAR(500) NULL, BusinessName NVARCHAR(150) NOT NULL, BrandName NVARCHAR(150) NOT NULL,
    Industry NVARCHAR(100) NULL, FoundingYear SMALLINT NULL, ShortDescription NVARCHAR(1000) NULL,
    Address NVARCHAR(300) NULL, ContactPhone NVARCHAR(20) NULL, ContactEmail NVARCHAR(255) NULL,
    Website NVARCHAR(255) NULL, VoiceSampleId UNIQUEIDENTIFIER NULL,
    CreatedAt DATETIME2 NOT NULL, UpdatedAt DATETIME2 NULL,
    CreatedBy UNIQUEIDENTIFIER NULL, UpdatedBy UNIQUEIDENTIFIER NULL, IsDeleted BIT NOT NULL DEFAULT 0,
    CONSTRAINT FK_BrandProfiles_Projects FOREIGN KEY (ProjectId) REFERENCES dbo.Projects(Id),
    CONSTRAINT FK_BrandProfiles_VoiceSampleTemplates FOREIGN KEY (VoiceSampleId) REFERENCES dbo.VoiceSampleTemplates(Id));
2026-07-16 10:08:50.731 +07:00 [INF] Executed DbCommand (12ms) [Parameters=[], CommandType='"Text"', CommandTimeout='30']
IF OBJECT_ID('dbo.BrandProfiles') IS NOT NULL AND NOT EXISTS (SELECT 1 FROM sys.indexes WHERE name = 'IX_BrandProfiles_ProjectId')
    CREATE UNIQUE INDEX IX_BrandProfiles_ProjectId ON dbo.BrandProfiles(ProjectId);
2026-07-16 10:08:50.737 +07:00 [INF] Executed DbCommand (2ms) [Parameters=[], CommandType='"Text"', CommandTimeout='30']
IF OBJECT_ID('dbo.BrandProfileStyles') IS NULL
CREATE TABLE dbo.BrandProfileStyles (
    Id UNIQUEIDENTIFIER NOT NULL PRIMARY KEY, BrandProfileId UNIQUEIDENTIFIER NOT NULL, StyleId UNIQUEIDENTIFIER NOT NULL,
    CreatedAt DATETIME2 NOT NULL, UpdatedAt DATETIME2 NULL,
    CreatedBy UNIQUEIDENTIFIER NULL, UpdatedBy UNIQUEIDENTIFIER NULL, IsDeleted BIT NOT NULL DEFAULT 0,
    CONSTRAINT FK_BrandProfileStyles_BrandProfiles FOREIGN KEY (BrandProfileId) REFERENCES dbo.BrandProfiles(Id),
    CONSTRAINT FK_BrandProfileStyles_BrandStyles FOREIGN KEY (StyleId) REFERENCES dbo.BrandStyles(Id));
2026-07-16 10:08:50.751 +07:00 [INF] Executed DbCommand (10ms) [Parameters=[], CommandType='"Text"', CommandTimeout='30']
IF OBJECT_ID('dbo.BrandProfileStyles') IS NOT NULL AND NOT EXISTS (SELECT 1 FROM sys.indexes WHERE name = 'IX_BrandProfileStyles_BrandProfileId_StyleId')
    CREATE UNIQUE INDEX IX_BrandProfileStyles_BrandProfileId_StyleId ON dbo.BrandProfileStyles(BrandProfileId, StyleId);
2026-07-16 10:08:50.759 +07:00 [INF] Executed DbCommand (3ms) [Parameters=[], CommandType='"Text"', CommandTimeout='30']
IF OBJECT_ID('dbo.BrandProfileKeywords') IS NULL
CREATE TABLE dbo.BrandProfileKeywords (
    Id UNIQUEIDENTIFIER NOT NULL PRIMARY KEY, BrandProfileId UNIQUEIDENTIFIER NOT NULL, ToneKeywordId UNIQUEIDENTIFIER NOT NULL,
    CreatedAt DATETIME2 NOT NULL, UpdatedAt DATETIME2 NULL,
    CreatedBy UNIQUEIDENTIFIER NULL, UpdatedBy UNIQUEIDENTIFIER NULL, IsDeleted BIT NOT NULL DEFAULT 0,
    CONSTRAINT FK_BrandProfileKeywords_BrandProfiles FOREIGN KEY (BrandProfileId) REFERENCES dbo.BrandProfiles(Id),
    CONSTRAINT FK_BrandProfileKeywords_ToneKeywords FOREIGN KEY (ToneKeywordId) REFERENCES dbo.ToneKeywords(Id));
2026-07-16 10:08:50.778 +07:00 [INF] Executed DbCommand (10ms) [Parameters=[], CommandType='"Text"', CommandTimeout='30']
IF OBJECT_ID('dbo.BrandProfileKeywords') IS NOT NULL AND NOT EXISTS (SELECT 1 FROM sys.indexes WHERE name = 'IX_BrandProfileKeywords_BrandProfileId_ToneKeywordId')
    CREATE UNIQUE INDEX IX_BrandProfileKeywords_BrandProfileId_ToneKeywordId ON dbo.BrandProfileKeywords(BrandProfileId, ToneKeywordId);
2026-07-16 10:08:50.782 +07:00 [INF] Executed DbCommand (1ms) [Parameters=[], CommandType='"Text"', CommandTimeout='30']
IF OBJECT_ID('dbo.BrandCtas') IS NULL
CREATE TABLE dbo.BrandCtas (
    Id UNIQUEIDENTIFIER NOT NULL PRIMARY KEY, BrandProfileId UNIQUEIDENTIFIER NOT NULL, CtaId UNIQUEIDENTIFIER NOT NULL,
    CreatedAt DATETIME2 NOT NULL, UpdatedAt DATETIME2 NULL,
    CreatedBy UNIQUEIDENTIFIER NULL, UpdatedBy UNIQUEIDENTIFIER NULL, IsDeleted BIT NOT NULL DEFAULT 0,
    CONSTRAINT FK_BrandCtas_BrandProfiles FOREIGN KEY (BrandProfileId) REFERENCES dbo.BrandProfiles(Id),
    CONSTRAINT FK_BrandCtas_CtaTemplates FOREIGN KEY (CtaId) REFERENCES dbo.CtaTemplates(Id));
2026-07-16 10:08:50.795 +07:00 [INF] Executed DbCommand (9ms) [Parameters=[], CommandType='"Text"', CommandTimeout='30']
IF OBJECT_ID('dbo.BrandCtas') IS NOT NULL AND NOT EXISTS (SELECT 1 FROM sys.indexes WHERE name = 'IX_BrandCtas_BrandProfileId_CtaId')
    CREATE UNIQUE INDEX IX_BrandCtas_BrandProfileId_CtaId ON dbo.BrandCtas(BrandProfileId, CtaId);
2026-07-16 10:08:50.800 +07:00 [INF] Executed DbCommand (2ms) [Parameters=[], CommandType='"Text"', CommandTimeout='30']
IF OBJECT_ID('dbo.BrandHashtags') IS NULL
CREATE TABLE dbo.BrandHashtags (
    Id UNIQUEIDENTIFIER NOT NULL PRIMARY KEY, BrandProfileId UNIQUEIDENTIFIER NOT NULL, HashtagId UNIQUEIDENTIFIER NOT NULL,
    CreatedAt DATETIME2 NOT NULL, UpdatedAt DATETIME2 NULL,
    CreatedBy UNIQUEIDENTIFIER NULL, UpdatedBy UNIQUEIDENTIFIER NULL, IsDeleted BIT NOT NULL DEFAULT 0,
    CONSTRAINT FK_BrandHashtags_BrandProfiles FOREIGN KEY (BrandProfileId) REFERENCES dbo.BrandProfiles(Id),
    CONSTRAINT FK_BrandHashtags_Hashtags FOREIGN KEY (HashtagId) REFERENCES dbo.Hashtags(Id));
2026-07-16 10:08:50.812 +07:00 [INF] Executed DbCommand (8ms) [Parameters=[], CommandType='"Text"', CommandTimeout='30']
IF OBJECT_ID('dbo.BrandHashtags') IS NOT NULL AND NOT EXISTS (SELECT 1 FROM sys.indexes WHERE name = 'IX_BrandHashtags_BrandProfileId_HashtagId')
    CREATE UNIQUE INDEX IX_BrandHashtags_BrandProfileId_HashtagId ON dbo.BrandHashtags(BrandProfileId, HashtagId);
2026-07-16 10:08:50.817 +07:00 [INF] Executed DbCommand (1ms) [Parameters=[], CommandType='"Text"', CommandTimeout='30']
IF OBJECT_ID('dbo.BrandColors') IS NULL
CREATE TABLE dbo.BrandColors (
    Id UNIQUEIDENTIFIER NOT NULL PRIMARY KEY, BrandProfileId UNIQUEIDENTIFIER NOT NULL,
    ColorHex NVARCHAR(9) NOT NULL, ColorType NVARCHAR(20) NOT NULL DEFAULT 'Secondary', SortOrder INT NOT NULL DEFAULT 0,
    CreatedAt DATETIME2 NOT NULL, UpdatedAt DATETIME2 NULL,
    CreatedBy UNIQUEIDENTIFIER NULL, UpdatedBy UNIQUEIDENTIFIER NULL, IsDeleted BIT NOT NULL DEFAULT 0,
    CONSTRAINT FK_BrandColors_BrandProfiles FOREIGN KEY (BrandProfileId) REFERENCES dbo.BrandProfiles(Id));
2026-07-16 10:08:50.822 +07:00 [INF] Executed DbCommand (1ms) [Parameters=[], CommandType='"Text"', CommandTimeout='30']
IF OBJECT_ID('dbo.BrandFonts') IS NULL
CREATE TABLE dbo.BrandFonts (
    Id UNIQUEIDENTIFIER NOT NULL PRIMARY KEY, BrandProfileId UNIQUEIDENTIFIER NOT NULL,
    FontName NVARCHAR(100) NOT NULL, UsageType NVARCHAR(20) NOT NULL,
    CreatedAt DATETIME2 NOT NULL, UpdatedAt DATETIME2 NULL,
    CreatedBy UNIQUEIDENTIFIER NULL, UpdatedBy UNIQUEIDENTIFIER NULL, IsDeleted BIT NOT NULL DEFAULT 0,
    CONSTRAINT FK_BrandFonts_BrandProfiles FOREIGN KEY (BrandProfileId) REFERENCES dbo.BrandProfiles(Id));
2026-07-16 10:08:50.827 +07:00 [INF] Executed DbCommand (1ms) [Parameters=[], CommandType='"Text"', CommandTimeout='30']
IF OBJECT_ID('dbo.ProductCategories') IS NULL
CREATE TABLE dbo.ProductCategories (
    Id UNIQUEIDENTIFIER NOT NULL PRIMARY KEY, BrandProfileId UNIQUEIDENTIFIER NOT NULL, CategoryName NVARCHAR(100) NOT NULL,
    CreatedAt DATETIME2 NOT NULL, UpdatedAt DATETIME2 NULL,
    CreatedBy UNIQUEIDENTIFIER NULL, UpdatedBy UNIQUEIDENTIFIER NULL, IsDeleted BIT NOT NULL DEFAULT 0,
    CONSTRAINT FK_ProductCategories_BrandProfiles FOREIGN KEY (BrandProfileId) REFERENCES dbo.BrandProfiles(Id));
2026-07-16 10:08:50.840 +07:00 [INF] Executed DbCommand (10ms) [Parameters=[], CommandType='"Text"', CommandTimeout='30']
IF OBJECT_ID('dbo.ProductCategories') IS NOT NULL AND NOT EXISTS (SELECT 1 FROM sys.indexes WHERE name = 'IX_ProductCategories_BrandProfileId_CategoryName')
    CREATE UNIQUE INDEX IX_ProductCategories_BrandProfileId_CategoryName ON dbo.ProductCategories(BrandProfileId, CategoryName);
2026-07-16 10:08:50.846 +07:00 [INF] Executed DbCommand (1ms) [Parameters=[], CommandType='"Text"', CommandTimeout='30']
IF OBJECT_ID('dbo.Products') IS NULL
CREATE TABLE dbo.Products (
    Id UNIQUEIDENTIFIER NOT NULL PRIMARY KEY, BrandProfileId UNIQUEIDENTIFIER NOT NULL, ProductCategoryId UNIQUEIDENTIFIER NULL,
    ProductName NVARCHAR(200) NOT NULL, Price DECIMAL(18,2) NULL, AiGeneratedDescription NVARCHAR(MAX) NULL,
    CreatedAt DATETIME2 NOT NULL, UpdatedAt DATETIME2 NULL,
    CreatedBy UNIQUEIDENTIFIER NULL, UpdatedBy UNIQUEIDENTIFIER NULL, IsDeleted BIT NOT NULL DEFAULT 0,
    CONSTRAINT FK_Products_BrandProfiles FOREIGN KEY (BrandProfileId) REFERENCES dbo.BrandProfiles(Id),
    CONSTRAINT FK_Products_ProductCategories FOREIGN KEY (ProductCategoryId) REFERENCES dbo.ProductCategories(Id));
2026-07-16 10:08:50.861 +07:00 [INF] Executed DbCommand (11ms) [Parameters=[], CommandType='"Text"', CommandTimeout='30']
IF NOT EXISTS (SELECT 1 FROM sys.foreign_keys WHERE name = 'FK_MediaFiles_Products_ProductId') AND OBJECT_ID('dbo.Products') IS NOT NULL
    ALTER TABLE dbo.MediaFiles ADD CONSTRAINT FK_MediaFiles_Products_ProductId FOREIGN KEY (ProductId) REFERENCES dbo.Products(Id);
2026-07-16 10:08:50.870 +07:00 [INF] Executed DbCommand (3ms) [Parameters=[], CommandType='"Text"', CommandTimeout='30']
IF OBJECT_ID('dbo.CampaignGoals') IS NULL
CREATE TABLE dbo.CampaignGoals (
    Id UNIQUEIDENTIFIER NOT NULL PRIMARY KEY, GoalName NVARCHAR(100) NOT NULL,
    CreatedAt DATETIME2 NOT NULL, UpdatedAt DATETIME2 NULL,
    CreatedBy UNIQUEIDENTIFIER NULL, UpdatedBy UNIQUEIDENTIFIER NULL, IsDeleted BIT NOT NULL DEFAULT 0);
2026-07-16 10:08:50.887 +07:00 [INF] Executed DbCommand (12ms) [Parameters=[], CommandType='"Text"', CommandTimeout='30']
IF OBJECT_ID('dbo.CampaignGoals') IS NOT NULL AND NOT EXISTS (SELECT 1 FROM sys.indexes WHERE name = 'IX_CampaignGoals_GoalName')
    CREATE UNIQUE INDEX IX_CampaignGoals_GoalName ON dbo.CampaignGoals(GoalName);
2026-07-16 10:08:50.892 +07:00 [INF] Executed DbCommand (1ms) [Parameters=[], CommandType='"Text"', CommandTimeout='30']
IF OBJECT_ID('dbo.PromotionTypes') IS NULL
CREATE TABLE dbo.PromotionTypes (
    Id UNIQUEIDENTIFIER NOT NULL PRIMARY KEY, TypeName NVARCHAR(100) NOT NULL,
    CreatedAt DATETIME2 NOT NULL, UpdatedAt DATETIME2 NULL,
    CreatedBy UNIQUEIDENTIFIER NULL, UpdatedBy UNIQUEIDENTIFIER NULL, IsDeleted BIT NOT NULL DEFAULT 0);
2026-07-16 10:08:50.907 +07:00 [INF] Executed DbCommand (11ms) [Parameters=[], CommandType='"Text"', CommandTimeout='30']
IF OBJECT_ID('dbo.PromotionTypes') IS NOT NULL AND NOT EXISTS (SELECT 1 FROM sys.indexes WHERE name = 'IX_PromotionTypes_TypeName')
    CREATE UNIQUE INDEX IX_PromotionTypes_TypeName ON dbo.PromotionTypes(TypeName);
2026-07-16 10:08:50.914 +07:00 [INF] Executed DbCommand (1ms) [Parameters=[], CommandType='"Text"', CommandTimeout='30']
IF OBJECT_ID('dbo.TimelineTemplateTypes') IS NULL
CREATE TABLE dbo.TimelineTemplateTypes (
    Id UNIQUEIDENTIFIER NOT NULL PRIMARY KEY, TypeName NVARCHAR(50) NOT NULL, Description NVARCHAR(300) NULL,
    CreatedAt DATETIME2 NOT NULL, UpdatedAt DATETIME2 NULL,
    CreatedBy UNIQUEIDENTIFIER NULL, UpdatedBy UNIQUEIDENTIFIER NULL, IsDeleted BIT NOT NULL DEFAULT 0);
2026-07-16 10:08:50.929 +07:00 [INF] Executed DbCommand (10ms) [Parameters=[], CommandType='"Text"', CommandTimeout='30']
IF OBJECT_ID('dbo.TimelineTemplateTypes') IS NOT NULL AND NOT EXISTS (SELECT 1 FROM sys.indexes WHERE name = 'IX_TimelineTemplateTypes_TypeName')
    CREATE UNIQUE INDEX IX_TimelineTemplateTypes_TypeName ON dbo.TimelineTemplateTypes(TypeName);
2026-07-16 10:08:50.937 +07:00 [INF] Executed DbCommand (2ms) [Parameters=[], CommandType='"Text"', CommandTimeout='30']
IF OBJECT_ID('dbo.Campaigns') IS NULL
CREATE TABLE dbo.Campaigns (
    Id UNIQUEIDENTIFIER NOT NULL PRIMARY KEY, ProjectId UNIQUEIDENTIFIER NOT NULL, Name NVARCHAR(200) NOT NULL,
    GoalId UNIQUEIDENTIFIER NOT NULL, PromotionTypeId UNIQUEIDENTIFIER NOT NULL,
    DiscountPercent DECIMAL(5,2) NULL, DiscountAmount DECIMAL(18,2) NULL, MinOrderAmount DECIMAL(18,2) NULL,
    StartDate DATE NOT NULL, EndDate DATE NOT NULL, NumberOfPosts INT NOT NULL DEFAULT 1, Status INT NOT NULL,
    CreatedAt DATETIME2 NOT NULL, UpdatedAt DATETIME2 NULL,
    CreatedBy UNIQUEIDENTIFIER NULL, UpdatedBy UNIQUEIDENTIFIER NULL, IsDeleted BIT NOT NULL DEFAULT 0,
    CONSTRAINT FK_Campaigns_Projects FOREIGN KEY (ProjectId) REFERENCES dbo.Projects(Id),
    CONSTRAINT FK_Campaigns_CampaignGoals FOREIGN KEY (GoalId) REFERENCES dbo.CampaignGoals(Id),
    CONSTRAINT FK_Campaigns_PromotionTypes FOREIGN KEY (PromotionTypeId) REFERENCES dbo.PromotionTypes(Id),
    CONSTRAINT CK_Campaigns_Dates CHECK (EndDate >= StartDate),
    CONSTRAINT CK_Campaigns_NumberOfPosts CHECK (NumberOfPosts > 0));
2026-07-16 10:08:50.942 +07:00 [INF] Executed DbCommand (1ms) [Parameters=[], CommandType='"Text"', CommandTimeout='30']
IF OBJECT_ID('dbo.CampaignChannelAccounts') IS NULL
CREATE TABLE dbo.CampaignChannelAccounts (
    Id UNIQUEIDENTIFIER NOT NULL PRIMARY KEY, CampaignId UNIQUEIDENTIFIER NOT NULL, ChannelAccountId UNIQUEIDENTIFIER NOT NULL,
    CreatedAt DATETIME2 NOT NULL, UpdatedAt DATETIME2 NULL,
    CreatedBy UNIQUEIDENTIFIER NULL, UpdatedBy UNIQUEIDENTIFIER NULL, IsDeleted BIT NOT NULL DEFAULT 0,
    CONSTRAINT FK_CampaignChannelAccounts_Campaigns FOREIGN KEY (CampaignId) REFERENCES dbo.Campaigns(Id),
    CONSTRAINT FK_CampaignChannelAccounts_ChannelAccounts FOREIGN KEY (ChannelAccountId) REFERENCES dbo.ChannelAccounts(Id));
2026-07-16 10:08:50.961 +07:00 [INF] Executed DbCommand (10ms) [Parameters=[], CommandType='"Text"', CommandTimeout='30']
IF OBJECT_ID('dbo.CampaignChannelAccounts') IS NOT NULL AND NOT EXISTS (SELECT 1 FROM sys.indexes WHERE name = 'IX_CampaignChannelAccounts_CampaignId_ChannelAccountId')
    CREATE UNIQUE INDEX IX_CampaignChannelAccounts_CampaignId_ChannelAccountId ON dbo.CampaignChannelAccounts(CampaignId, ChannelAccountId);
2026-07-16 10:08:50.967 +07:00 [INF] Executed DbCommand (2ms) [Parameters=[], CommandType='"Text"', CommandTimeout='30']
IF OBJECT_ID('dbo.Timelines') IS NULL
CREATE TABLE dbo.Timelines (
    Id UNIQUEIDENTIFIER NOT NULL PRIMARY KEY, ProjectId UNIQUEIDENTIFIER NOT NULL, CampaignId UNIQUEIDENTIFIER NULL,
    Name NVARCHAR(200) NOT NULL, TemplateTypeId UNIQUEIDENTIFIER NOT NULL,
    StartDate DATE NOT NULL, EndDate DATE NOT NULL, Status INT NOT NULL,
    CreatedAt DATETIME2 NOT NULL, UpdatedAt DATETIME2 NULL,
    CreatedBy UNIQUEIDENTIFIER NULL, UpdatedBy UNIQUEIDENTIFIER NULL, IsDeleted BIT NOT NULL DEFAULT 0,
    CONSTRAINT FK_Timelines_Projects FOREIGN KEY (ProjectId) REFERENCES dbo.Projects(Id),
    CONSTRAINT FK_Timelines_Campaigns FOREIGN KEY (CampaignId) REFERENCES dbo.Campaigns(Id),
    CONSTRAINT FK_Timelines_TimelineTemplateTypes FOREIGN KEY (TemplateTypeId) REFERENCES dbo.TimelineTemplateTypes(Id),
    CONSTRAINT CK_Timelines_Dates CHECK (EndDate >= StartDate));
2026-07-16 10:08:50.984 +07:00 [INF] Executed DbCommand (13ms) [Parameters=[], CommandType='"Text"', CommandTimeout='30']
IF NOT EXISTS (SELECT 1 FROM sys.foreign_keys WHERE name = 'FK_Posts_Timelines_TimelineId') AND OBJECT_ID('dbo.Timelines') IS NOT NULL
    ALTER TABLE dbo.Posts ADD CONSTRAINT FK_Posts_Timelines_TimelineId FOREIGN KEY (TimelineId) REFERENCES dbo.Timelines(Id);
2026-07-16 10:08:50.997 +07:00 [INF] Executed DbCommand (9ms) [Parameters=[], CommandType='"Text"', CommandTimeout='30']
IF NOT EXISTS (SELECT 1 FROM sys.foreign_keys WHERE name = 'FK_Posts_VoiceSampleTemplates_VoiceSampleId') AND OBJECT_ID('dbo.VoiceSampleTemplates') IS NOT NULL
    ALTER TABLE dbo.Posts ADD CONSTRAINT FK_Posts_VoiceSampleTemplates_VoiceSampleId FOREIGN KEY (VoiceSampleId) REFERENCES dbo.VoiceSampleTemplates(Id);
2026-07-16 10:08:51.003 +07:00 [INF] Executed DbCommand (2ms) [Parameters=[], CommandType='"Text"', CommandTimeout='30']
IF OBJECT_ID('dbo.PostHashtags') IS NULL
CREATE TABLE dbo.PostHashtags (
    Id UNIQUEIDENTIFIER NOT NULL PRIMARY KEY, PostId UNIQUEIDENTIFIER NOT NULL, HashtagId UNIQUEIDENTIFIER NOT NULL,
    CreatedAt DATETIME2 NOT NULL, UpdatedAt DATETIME2 NULL,
    CreatedBy UNIQUEIDENTIFIER NULL, UpdatedBy UNIQUEIDENTIFIER NULL, IsDeleted BIT NOT NULL DEFAULT 0,
    CONSTRAINT FK_PostHashtags_Posts FOREIGN KEY (PostId) REFERENCES dbo.Posts(Id),
    CONSTRAINT FK_PostHashtags_Hashtags FOREIGN KEY (HashtagId) REFERENCES dbo.Hashtags(Id));
2026-07-16 10:08:51.011 +07:00 [INF] Executed DbCommand (2ms) [Parameters=[], CommandType='"Text"', CommandTimeout='30']
IF OBJECT_ID('dbo.PostChannelAccounts') IS NULL
CREATE TABLE dbo.PostChannelAccounts (
    Id UNIQUEIDENTIFIER NOT NULL PRIMARY KEY, PostId UNIQUEIDENTIFIER NOT NULL, ChannelAccountId UNIQUEIDENTIFIER NOT NULL,
    Status INT NOT NULL, ExternalPostId NVARCHAR(128) NULL, PublishedUrl NVARCHAR(1000) NULL, PublishedAt DATETIME2 NULL,
    CreatedAt DATETIME2 NOT NULL, UpdatedAt DATETIME2 NULL,
    CreatedBy UNIQUEIDENTIFIER NULL, UpdatedBy UNIQUEIDENTIFIER NULL, IsDeleted BIT NOT NULL DEFAULT 0,
    CONSTRAINT FK_PostChannelAccounts_Posts FOREIGN KEY (PostId) REFERENCES dbo.Posts(Id),
    CONSTRAINT FK_PostChannelAccounts_ChannelAccounts FOREIGN KEY (ChannelAccountId) REFERENCES dbo.ChannelAccounts(Id));
2026-07-16 10:08:51.025 +07:00 [INF] Executed DbCommand (10ms) [Parameters=[], CommandType='"Text"', CommandTimeout='30']
IF OBJECT_ID('dbo.PostChannelAccounts') IS NOT NULL AND NOT EXISTS (SELECT 1 FROM sys.indexes WHERE name = 'IX_PostChannelAccounts_PostId_ChannelAccountId')
    CREATE UNIQUE INDEX IX_PostChannelAccounts_PostId_ChannelAccountId ON dbo.PostChannelAccounts(PostId, ChannelAccountId);
2026-07-16 10:08:51.039 +07:00 [INF] Executed DbCommand (9ms) [Parameters=[], CommandType='"Text"', CommandTimeout='30']
IF NOT EXISTS (SELECT 1 FROM sys.foreign_keys WHERE name = 'FK_PostSchedules_PostChannelAccounts_PostChannelAccountId') AND OBJECT_ID('dbo.PostChannelAccounts') IS NOT NULL
    ALTER TABLE dbo.PostSchedules ADD CONSTRAINT FK_PostSchedules_PostChannelAccounts_PostChannelAccountId FOREIGN KEY (PostChannelAccountId) REFERENCES dbo.PostChannelAccounts(Id);
2026-07-16 10:08:51.046 +07:00 [INF] Executed DbCommand (1ms) [Parameters=[], CommandType='"Text"', CommandTimeout='30']
IF OBJECT_ID('dbo.PostAnalytics') IS NULL
CREATE TABLE dbo.PostAnalytics (
    Id UNIQUEIDENTIFIER NOT NULL PRIMARY KEY, PostChannelAccountId UNIQUEIDENTIFIER NOT NULL,
    Reach INT NOT NULL DEFAULT 0, Likes INT NOT NULL DEFAULT 0, Comments INT NOT NULL DEFAULT 0, Shares INT NOT NULL DEFAULT 0,
    RecordedAt DATETIME2 NOT NULL,
    CreatedAt DATETIME2 NOT NULL, UpdatedAt DATETIME2 NULL,
    CreatedBy UNIQUEIDENTIFIER NULL, UpdatedBy UNIQUEIDENTIFIER NULL, IsDeleted BIT NOT NULL DEFAULT 0,
    CONSTRAINT FK_PostAnalytics_PostChannelAccounts FOREIGN KEY (PostChannelAccountId) REFERENCES dbo.PostChannelAccounts(Id));
2026-07-16 10:08:51.064 +07:00 [INF] Executed DbCommand (12ms) [Parameters=[], CommandType='"Text"', CommandTimeout='30']
IF OBJECT_ID('dbo.PostAnalytics') IS NOT NULL AND NOT EXISTS (SELECT 1 FROM sys.indexes WHERE name = 'IX_PostAnalytics_PostChannelAccountId')
    CREATE UNIQUE INDEX IX_PostAnalytics_PostChannelAccountId ON dbo.PostAnalytics(PostChannelAccountId);
2026-07-16 10:08:51.086 +07:00 [INF] FlowMate EF compatibility layer applied.
2026-07-16 10:08:51.485 +07:00 [INF] Executed DbCommand (7ms) [Parameters=[], CommandType='"Text"', CommandTimeout='30']
SELECT CASE
    WHEN EXISTS (
        SELECT 1
        FROM [Roles] AS [r]
        WHERE [r].[IsDeleted] = CAST(0 AS bit)) THEN CAST(1 AS bit)
    ELSE CAST(0 AS bit)
END
2026-07-16 10:08:51.523 +07:00 [INF] Executed DbCommand (3ms) [Parameters=[], CommandType='"Text"', CommandTimeout='30']
SELECT CASE
    WHEN EXISTS (
        SELECT 1
        FROM [Permissions] AS [p]
        WHERE [p].[IsDeleted] = CAST(0 AS bit)) THEN CAST(1 AS bit)
    ELSE CAST(0 AS bit)
END
2026-07-16 10:08:51.543 +07:00 [INF] Executed DbCommand (4ms) [Parameters=[], CommandType='"Text"', CommandTimeout='30']
SELECT CASE
    WHEN EXISTS (
        SELECT 1
        FROM [RolePermissions] AS [r]
        WHERE [r].[IsDeleted] = CAST(0 AS bit) AND [r].[RoleId] = '33333333-3333-3333-3333-333333333333') THEN CAST(1 AS bit)
    ELSE CAST(0 AS bit)
END
2026-07-16 10:08:51.555 +07:00 [INF] Executed DbCommand (3ms) [Parameters=[], CommandType='"Text"', CommandTimeout='30']
SELECT CASE
    WHEN EXISTS (
        SELECT 1
        FROM [Plans] AS [p]
        WHERE [p].[IsDeleted] = CAST(0 AS bit)) THEN CAST(1 AS bit)
    ELSE CAST(0 AS bit)
END
2026-07-16 10:08:51.567 +07:00 [INF] Executed DbCommand (3ms) [Parameters=[], CommandType='"Text"', CommandTimeout='30']
SELECT CASE
    WHEN EXISTS (
        SELECT 1
        FROM [Channels] AS [c]
        WHERE [c].[IsDeleted] = CAST(0 AS bit)) THEN CAST(1 AS bit)
    ELSE CAST(0 AS bit)
END
2026-07-16 10:08:51.584 +07:00 [INF] Executed DbCommand (3ms) [Parameters=[], CommandType='"Text"', CommandTimeout='30']
SELECT CASE
    WHEN EXISTS (
        SELECT 1
        FROM [BrandStyles] AS [b]
        WHERE [b].[IsDeleted] = CAST(0 AS bit)) THEN CAST(1 AS bit)
    ELSE CAST(0 AS bit)
END
2026-07-16 10:08:51.600 +07:00 [INF] Executed DbCommand (4ms) [Parameters=[], CommandType='"Text"', CommandTimeout='30']
SELECT CASE
    WHEN EXISTS (
        SELECT 1
        FROM [ToneKeywords] AS [t]
        WHERE [t].[IsDeleted] = CAST(0 AS bit)) THEN CAST(1 AS bit)
    ELSE CAST(0 AS bit)
END
2026-07-16 10:08:51.620 +07:00 [INF] Executed DbCommand (4ms) [Parameters=[], CommandType='"Text"', CommandTimeout='30']
SELECT CASE
    WHEN EXISTS (
        SELECT 1
        FROM [VoiceSampleTemplates] AS [v]
        WHERE [v].[IsDeleted] = CAST(0 AS bit)) THEN CAST(1 AS bit)
    ELSE CAST(0 AS bit)
END
2026-07-16 10:08:51.631 +07:00 [INF] Executed DbCommand (3ms) [Parameters=[], CommandType='"Text"', CommandTimeout='30']
SELECT CASE
    WHEN EXISTS (
        SELECT 1
        FROM [CtaTemplates] AS [c]
        WHERE [c].[IsDeleted] = CAST(0 AS bit)) THEN CAST(1 AS bit)
    ELSE CAST(0 AS bit)
END
2026-07-16 10:08:51.644 +07:00 [INF] Executed DbCommand (3ms) [Parameters=[], CommandType='"Text"', CommandTimeout='30']
SELECT CASE
    WHEN EXISTS (
        SELECT 1
        FROM [CampaignGoals] AS [c]
        WHERE [c].[IsDeleted] = CAST(0 AS bit)) THEN CAST(1 AS bit)
    ELSE CAST(0 AS bit)
END
2026-07-16 10:08:51.658 +07:00 [INF] Executed DbCommand (3ms) [Parameters=[], CommandType='"Text"', CommandTimeout='30']
SELECT CASE
    WHEN EXISTS (
        SELECT 1
        FROM [PromotionTypes] AS [p]
        WHERE [p].[IsDeleted] = CAST(0 AS bit)) THEN CAST(1 AS bit)
    ELSE CAST(0 AS bit)
END
2026-07-16 10:08:51.670 +07:00 [INF] Executed DbCommand (3ms) [Parameters=[], CommandType='"Text"', CommandTimeout='30']
SELECT CASE
    WHEN EXISTS (
        SELECT 1
        FROM [TimelineTemplateTypes] AS [t]
        WHERE [t].[IsDeleted] = CAST(0 AS bit)) THEN CAST(1 AS bit)
    ELSE CAST(0 AS bit)
END
2026-07-16 10:08:51.681 +07:00 [INF] Executed DbCommand (3ms) [Parameters=[], CommandType='"Text"', CommandTimeout='30']
SELECT CASE
    WHEN EXISTS (
        SELECT 1
        FROM [Settings] AS [s]
        WHERE [s].[IsDeleted] = CAST(0 AS bit)) THEN CAST(1 AS bit)
    ELSE CAST(0 AS bit)
END
2026-07-16 10:08:51.691 +07:00 [INF] Executed DbCommand (3ms) [Parameters=[], CommandType='"Text"', CommandTimeout='30']
SELECT CASE
    WHEN EXISTS (
        SELECT 1
        FROM [AiPrompts] AS [a]
        WHERE [a].[IsDeleted] = CAST(0 AS bit)) THEN CAST(1 AS bit)
    ELSE CAST(0 AS bit)
END
2026-07-16 10:08:51.703 +07:00 [INF] Executed DbCommand (3ms) [Parameters=[], CommandType='"Text"', CommandTimeout='30']
SELECT CASE
    WHEN EXISTS (
        SELECT 1
        FROM [AiPrompts] AS [a]
        WHERE [a].[IsDeleted] = CAST(0 AS bit) AND [a].[Name] = N'Facebook Fanpage Bán Hàng') THEN CAST(1 AS bit)
    ELSE CAST(0 AS bit)
END
2026-07-16 10:08:51.715 +07:00 [INF] Executed DbCommand (4ms) [Parameters=[], CommandType='"Text"', CommandTimeout='30']
SELECT CASE
    WHEN EXISTS (
        SELECT 1
        FROM [Users] AS [u]
        WHERE [u].[IsDeleted] = CAST(0 AS bit) AND [u].[Email] = N'admin@autowork.com') THEN CAST(1 AS bit)
    ELSE CAST(0 AS bit)
END
2026-07-16 10:08:51.727 +07:00 [INF] Executed DbCommand (3ms) [Parameters=[], CommandType='"Text"', CommandTimeout='30']
SELECT CASE
    WHEN EXISTS (
        SELECT 1
        FROM [Users] AS [u]
        WHERE [u].[IsDeleted] = CAST(0 AS bit) AND [u].[Email] = N'demo@autowork.com') THEN CAST(1 AS bit)
    ELSE CAST(0 AS bit)
END
2026-07-16 10:08:51.737 +07:00 [INF] Executed DbCommand (3ms) [Parameters=[], CommandType='"Text"', CommandTimeout='30']
SELECT CASE
    WHEN EXISTS (
        SELECT 1
        FROM [Projects] AS [p]
        WHERE [p].[IsDeleted] = CAST(0 AS bit) AND [p].[Id] = '13131313-1313-1313-1313-131313131313') THEN CAST(1 AS bit)
    ELSE CAST(0 AS bit)
END
2026-07-16 10:08:51.750 +07:00 [INF] Executed DbCommand (3ms) [Parameters=[], CommandType='"Text"', CommandTimeout='30']
SELECT CASE
    WHEN EXISTS (
        SELECT 1
        FROM [Posts] AS [p]
        WHERE [p].[IsDeleted] = CAST(0 AS bit) AND [p].[ProjectId] = '13131313-1313-1313-1313-131313131313') THEN CAST(1 AS bit)
    ELSE CAST(0 AS bit)
END
2026-07-16 10:08:51.768 +07:00 [INF] Database seed completed successfully.
2026-07-16 10:08:51.960 +07:00 [INF] Start installing Hangfire SQL objects...
2026-07-16 10:08:52.130 +07:00 [INF] Hangfire SQL objects installed.
2026-07-16 10:08:52.444 +07:00 [WRN] The WebRootPath was not found: D:\EXE01\AIMarketingAssistant\src\AutoWork.API\wwwroot. Static files may be unavailable.
2026-07-16 10:08:52.552 +07:00 [INF] Now listening on: https://localhost:7165
2026-07-16 10:08:52.636 +07:00 [INF] Starting Hangfire Server using job storage: 'SQL Server: localhost@FlowMateDB'
2026-07-16 10:08:52.638 +07:00 [INF] Using the following options for SQL Server job storage: Queue poll interval: 00:00:15.
2026-07-16 10:08:52.639 +07:00 [INF] Using the following options for Hangfire Server:
    Worker count: 20
    Listening queues: 'default'
    Shutdown timeout: 00:00:15
    Schedule polling interval: 00:00:15
2026-07-16 10:08:52.663 +07:00 [INF] Application started. Press Ctrl+C to shut down.
2026-07-16 10:08:52.665 +07:00 [INF] Hosting environment: Development
2026-07-16 10:08:52.666 +07:00 [INF] Content root path: D:\EXE01\AIMarketingAssistant\src\AutoWork.API
2026-07-16 10:08:52.681 +07:00 [INF] Server laptop-g044c7b0:3676:3edc9ed2 successfully announced in 17.5692 ms
2026-07-16 10:08:52.688 +07:00 [INF] Server laptop-g044c7b0:3676:3edc9ed2 is starting the registered dispatchers: ServerWatchdog, ServerJobCancellationWatcher, ExpirationManager, CountersAggregator, SqlServerHeartbeatProcess, Worker, DelayedJobScheduler, RecurringJobScheduler...
2026-07-16 10:08:52.800 +07:00 [INF] Server laptop-g044c7b0:3676:3edc9ed2 all the dispatchers started
2026-07-16 10:09:08.557 +07:00 [INF] Executed DbCommand (2ms) [Parameters=[@__before_0='?' (DbType = DateTime2)], CommandType='"Text"', CommandTimeout='30']
SELECT [p].[Id], [p].[CreatedAt], [p].[CreatedBy], [p].[ExecutedAt], [p].[FailureReason], [p].[IsDeleted], [p].[PostChannelAccountId], [p].[PostId], [p].[RetryCount], [p].[ScheduledAt], [p].[Status], [p].[UpdatedAt], [p].[UpdatedBy], [t].[Id], [t].[ChannelAccountId], [t].[CreatedAt], [t].[CreatedBy], [t].[DayNumber], [t].[ExternalPostId], [t].[IsDeleted], [t].[ProjectId], [t].[PublishedAt], [t].[PublishedUrl], [t].[ScheduledAt], [t].[Status], [t].[TimelineId], [t].[Title], [t].[TrackingEnabled], [t].[UpdatedAt], [t].[UpdatedBy], [t].[VoiceSampleId], [t0].[Id], [t0].[Content], [t0].[ContentType], [t0].[CreatedAt], [t0].[CreatedBy], [t0].[IsDeleted], [t0].[MediaFileId], [t0].[PostId], [t0].[SortOrder], [t0].[UpdatedAt], [t0].[UpdatedBy]
FROM [PostSchedules] AS [p]
INNER JOIN (
    SELECT [p0].[Id], [p0].[ChannelAccountId], [p0].[CreatedAt], [p0].[CreatedBy], [p0].[DayNumber], [p0].[ExternalPostId], [p0].[IsDeleted], [p0].[ProjectId], [p0].[PublishedAt], [p0].[PublishedUrl], [p0].[ScheduledAt], [p0].[Status], [p0].[TimelineId], [p0].[Title], [p0].[TrackingEnabled], [p0].[UpdatedAt], [p0].[UpdatedBy], [p0].[VoiceSampleId]
    FROM [Posts] AS [p0]
    WHERE [p0].[IsDeleted] = CAST(0 AS bit)
) AS [t] ON [p].[PostId] = [t].[Id]
LEFT JOIN (
    SELECT [p1].[Id], [p1].[Content], [p1].[ContentType], [p1].[CreatedAt], [p1].[CreatedBy], [p1].[IsDeleted], [p1].[MediaFileId], [p1].[PostId], [p1].[SortOrder], [p1].[UpdatedAt], [p1].[UpdatedBy]
    FROM [PostContents] AS [p1]
    WHERE [p1].[IsDeleted] = CAST(0 AS bit)
) AS [t0] ON [t].[Id] = [t0].[PostId]
WHERE [p].[IsDeleted] = CAST(0 AS bit) AND [p].[Status] = 0 AND [p].[ScheduledAt] <= @__before_0
ORDER BY [p].[ScheduledAt], [p].[Id], [t].[Id]
2026-07-16 10:10:08.242 +07:00 [INF] Executed DbCommand (2ms) [Parameters=[@__before_0='?' (DbType = DateTime2)], CommandType='"Text"', CommandTimeout='30']
SELECT [p].[Id], [p].[CreatedAt], [p].[CreatedBy], [p].[ExecutedAt], [p].[FailureReason], [p].[IsDeleted], [p].[PostChannelAccountId], [p].[PostId], [p].[RetryCount], [p].[ScheduledAt], [p].[Status], [p].[UpdatedAt], [p].[UpdatedBy], [t].[Id], [t].[ChannelAccountId], [t].[CreatedAt], [t].[CreatedBy], [t].[DayNumber], [t].[ExternalPostId], [t].[IsDeleted], [t].[ProjectId], [t].[PublishedAt], [t].[PublishedUrl], [t].[ScheduledAt], [t].[Status], [t].[TimelineId], [t].[Title], [t].[TrackingEnabled], [t].[UpdatedAt], [t].[UpdatedBy], [t].[VoiceSampleId], [t0].[Id], [t0].[Content], [t0].[ContentType], [t0].[CreatedAt], [t0].[CreatedBy], [t0].[IsDeleted], [t0].[MediaFileId], [t0].[PostId], [t0].[SortOrder], [t0].[UpdatedAt], [t0].[UpdatedBy]
FROM [PostSchedules] AS [p]
INNER JOIN (
    SELECT [p0].[Id], [p0].[ChannelAccountId], [p0].[CreatedAt], [p0].[CreatedBy], [p0].[DayNumber], [p0].[ExternalPostId], [p0].[IsDeleted], [p0].[ProjectId], [p0].[PublishedAt], [p0].[PublishedUrl], [p0].[ScheduledAt], [p0].[Status], [p0].[TimelineId], [p0].[Title], [p0].[TrackingEnabled], [p0].[UpdatedAt], [p0].[UpdatedBy], [p0].[VoiceSampleId]
    FROM [Posts] AS [p0]
    WHERE [p0].[IsDeleted] = CAST(0 AS bit)
) AS [t] ON [p].[PostId] = [t].[Id]
LEFT JOIN (
    SELECT [p1].[Id], [p1].[Content], [p1].[ContentType], [p1].[CreatedAt], [p1].[CreatedBy], [p1].[IsDeleted], [p1].[MediaFileId], [p1].[PostId], [p1].[SortOrder], [p1].[UpdatedAt], [p1].[UpdatedBy]
    FROM [PostContents] AS [p1]
    WHERE [p1].[IsDeleted] = CAST(0 AS bit)
) AS [t0] ON [t].[Id] = [t0].[PostId]
WHERE [p].[IsDeleted] = CAST(0 AS bit) AND [p].[Status] = 0 AND [p].[ScheduledAt] <= @__before_0
ORDER BY [p].[ScheduledAt], [p].[Id], [t].[Id]
2026-07-16 10:11:08.251 +07:00 [INF] Executed DbCommand (2ms) [Parameters=[@__before_0='?' (DbType = DateTime2)], CommandType='"Text"', CommandTimeout='30']
SELECT [p].[Id], [p].[CreatedAt], [p].[CreatedBy], [p].[ExecutedAt], [p].[FailureReason], [p].[IsDeleted], [p].[PostChannelAccountId], [p].[PostId], [p].[RetryCount], [p].[ScheduledAt], [p].[Status], [p].[UpdatedAt], [p].[UpdatedBy], [t].[Id], [t].[ChannelAccountId], [t].[CreatedAt], [t].[CreatedBy], [t].[DayNumber], [t].[ExternalPostId], [t].[IsDeleted], [t].[ProjectId], [t].[PublishedAt], [t].[PublishedUrl], [t].[ScheduledAt], [t].[Status], [t].[TimelineId], [t].[Title], [t].[TrackingEnabled], [t].[UpdatedAt], [t].[UpdatedBy], [t].[VoiceSampleId], [t0].[Id], [t0].[Content], [t0].[ContentType], [t0].[CreatedAt], [t0].[CreatedBy], [t0].[IsDeleted], [t0].[MediaFileId], [t0].[PostId], [t0].[SortOrder], [t0].[UpdatedAt], [t0].[UpdatedBy]
FROM [PostSchedules] AS [p]
INNER JOIN (
    SELECT [p0].[Id], [p0].[ChannelAccountId], [p0].[CreatedAt], [p0].[CreatedBy], [p0].[DayNumber], [p0].[ExternalPostId], [p0].[IsDeleted], [p0].[ProjectId], [p0].[PublishedAt], [p0].[PublishedUrl], [p0].[ScheduledAt], [p0].[Status], [p0].[TimelineId], [p0].[Title], [p0].[TrackingEnabled], [p0].[UpdatedAt], [p0].[UpdatedBy], [p0].[VoiceSampleId]
    FROM [Posts] AS [p0]
    WHERE [p0].[IsDeleted] = CAST(0 AS bit)
) AS [t] ON [p].[PostId] = [t].[Id]
LEFT JOIN (
    SELECT [p1].[Id], [p1].[Content], [p1].[ContentType], [p1].[CreatedAt], [p1].[CreatedBy], [p1].[IsDeleted], [p1].[MediaFileId], [p1].[PostId], [p1].[SortOrder], [p1].[UpdatedAt], [p1].[UpdatedBy]
    FROM [PostContents] AS [p1]
    WHERE [p1].[IsDeleted] = CAST(0 AS bit)
) AS [t0] ON [t].[Id] = [t0].[PostId]
WHERE [p].[IsDeleted] = CAST(0 AS bit) AND [p].[Status] = 0 AND [p].[ScheduledAt] <= @__before_0
ORDER BY [p].[ScheduledAt], [p].[Id], [t].[Id]
2026-07-16 10:12:08.307 +07:00 [INF] Executed DbCommand (2ms) [Parameters=[@__before_0='?' (DbType = DateTime2)], CommandType='"Text"', CommandTimeout='30']
SELECT [p].[Id], [p].[CreatedAt], [p].[CreatedBy], [p].[ExecutedAt], [p].[FailureReason], [p].[IsDeleted], [p].[PostChannelAccountId], [p].[PostId], [p].[RetryCount], [p].[ScheduledAt], [p].[Status], [p].[UpdatedAt], [p].[UpdatedBy], [t].[Id], [t].[ChannelAccountId], [t].[CreatedAt], [t].[CreatedBy], [t].[DayNumber], [t].[ExternalPostId], [t].[IsDeleted], [t].[ProjectId], [t].[PublishedAt], [t].[PublishedUrl], [t].[ScheduledAt], [t].[Status], [t].[TimelineId], [t].[Title], [t].[TrackingEnabled], [t].[UpdatedAt], [t].[UpdatedBy], [t].[VoiceSampleId], [t0].[Id], [t0].[Content], [t0].[ContentType], [t0].[CreatedAt], [t0].[CreatedBy], [t0].[IsDeleted], [t0].[MediaFileId], [t0].[PostId], [t0].[SortOrder], [t0].[UpdatedAt], [t0].[UpdatedBy]
FROM [PostSchedules] AS [p]
INNER JOIN (
    SELECT [p0].[Id], [p0].[ChannelAccountId], [p0].[CreatedAt], [p0].[CreatedBy], [p0].[DayNumber], [p0].[ExternalPostId], [p0].[IsDeleted], [p0].[ProjectId], [p0].[PublishedAt], [p0].[PublishedUrl], [p0].[ScheduledAt], [p0].[Status], [p0].[TimelineId], [p0].[Title], [p0].[TrackingEnabled], [p0].[UpdatedAt], [p0].[UpdatedBy], [p0].[VoiceSampleId]
    FROM [Posts] AS [p0]
    WHERE [p0].[IsDeleted] = CAST(0 AS bit)
) AS [t] ON [p].[PostId] = [t].[Id]
LEFT JOIN (
    SELECT [p1].[Id], [p1].[Content], [p1].[ContentType], [p1].[CreatedAt], [p1].[CreatedBy], [p1].[IsDeleted], [p1].[MediaFileId], [p1].[PostId], [p1].[SortOrder], [p1].[UpdatedAt], [p1].[UpdatedBy]
    FROM [PostContents] AS [p1]
    WHERE [p1].[IsDeleted] = CAST(0 AS bit)
) AS [t0] ON [t].[Id] = [t0].[PostId]
WHERE [p].[IsDeleted] = CAST(0 AS bit) AND [p].[Status] = 0 AND [p].[ScheduledAt] <= @__before_0
ORDER BY [p].[ScheduledAt], [p].[Id], [t].[Id]
2026-07-16 10:12:26.460 +07:00 [INF] HTTP POST /api/auth/login started
2026-07-16 10:12:26.649 +07:00 [INF] Handling LoginCommand {"Request":{"Email":"nguyenhoangviet531@gmail.com","Password":"Qwe12345","$type":"LoginRequest"},"$type":"LoginCommand"}
2026-07-16 10:12:26.691 +07:00 [INF] Executed DbCommand (4ms) [Parameters=[@__email_0='?' (Size = 256)], CommandType='"Text"', CommandTimeout='30']
SELECT TOP(1) [u].[Id], [u].[AvatarUrl], [u].[CreatedAt], [u].[CreatedBy], [u].[Email], [u].[FacebookId], [u].[FirstName], [u].[GoogleId], [u].[IsActive], [u].[IsDeleted], [u].[LastLoginAt], [u].[LastName], [u].[PasswordHash], [u].[Phone], [u].[ReferralCode], [u].[ReferredByUserId], [u].[UpdatedAt], [u].[UpdatedBy]
FROM [Users] AS [u]
WHERE [u].[IsDeleted] = CAST(0 AS bit) AND [u].[Email] = @__email_0
2026-07-16 10:12:26.876 +07:00 [INF] Executed DbCommand (7ms) [Parameters=[@__id_0='?' (DbType = Guid)], CommandType='"Text"', CommandTimeout='30']
SELECT [t].[Id], [t].[AvatarUrl], [t].[CreatedAt], [t].[CreatedBy], [t].[Email], [t].[FacebookId], [t].[FirstName], [t].[GoogleId], [t].[IsActive], [t].[IsDeleted], [t].[LastLoginAt], [t].[LastName], [t].[PasswordHash], [t].[Phone], [t].[ReferralCode], [t].[ReferredByUserId], [t].[UpdatedAt], [t].[UpdatedBy], [t0].[Id], [t0].[CreatedAt], [t0].[CreatedBy], [t0].[IsDeleted], [t0].[RoleId], [t0].[UpdatedAt], [t0].[UpdatedBy], [t0].[UserId], [t0].[Id0], [t0].[CreatedAt0], [t0].[CreatedBy0], [t0].[Description], [t0].[IsDeleted0], [t0].[IsSystem], [t0].[Name], [t0].[UpdatedAt0], [t0].[UpdatedBy0]
FROM (
    SELECT TOP(1) [u].[Id], [u].[AvatarUrl], [u].[CreatedAt], [u].[CreatedBy], [u].[Email], [u].[FacebookId], [u].[FirstName], [u].[GoogleId], [u].[IsActive], [u].[IsDeleted], [u].[LastLoginAt], [u].[LastName], [u].[PasswordHash], [u].[Phone], [u].[ReferralCode], [u].[ReferredByUserId], [u].[UpdatedAt], [u].[UpdatedBy]
    FROM [Users] AS [u]
    WHERE [u].[IsDeleted] = CAST(0 AS bit) AND [u].[Id] = @__id_0
) AS [t]
LEFT JOIN (
    SELECT [u0].[Id], [u0].[CreatedAt], [u0].[CreatedBy], [u0].[IsDeleted], [u0].[RoleId], [u0].[UpdatedAt], [u0].[UpdatedBy], [u0].[UserId], [t1].[Id] AS [Id0], [t1].[CreatedAt] AS [CreatedAt0], [t1].[CreatedBy] AS [CreatedBy0], [t1].[Description], [t1].[IsDeleted] AS [IsDeleted0], [t1].[IsSystem], [t1].[Name], [t1].[UpdatedAt] AS [UpdatedAt0], [t1].[UpdatedBy] AS [UpdatedBy0]
    FROM [UserRoles] AS [u0]
    INNER JOIN (
        SELECT [r].[Id], [r].[CreatedAt], [r].[CreatedBy], [r].[Description], [r].[IsDeleted], [r].[IsSystem], [r].[Name], [r].[UpdatedAt], [r].[UpdatedBy]
        FROM [Roles] AS [r]
        WHERE [r].[IsDeleted] = CAST(0 AS bit)
    ) AS [t1] ON [u0].[RoleId] = [t1].[Id]
    WHERE [u0].[IsDeleted] = CAST(0 AS bit)
) AS [t0] ON [t].[Id] = [t0].[UserId]
ORDER BY [t].[Id], [t0].[Id]
2026-07-16 10:12:27.121 +07:00 [INF] Executed DbCommand (10ms) [Parameters=[@p0='?' (DbType = Guid), @p1='?' (DbType = DateTime2), @p2='?' (DbType = Guid), @p3='?' (Size = 4000), @p4='?' (DbType = DateTime2), @p5='?' (DbType = Boolean), @p6='?' (Size = 512), @p7='?' (DbType = DateTime2), @p8='?' (Size = 512), @p9='?' (DbType = DateTime2), @p10='?' (DbType = Guid), @p11='?' (DbType = Guid), @p29='?' (DbType = Guid), @p12='?' (Size = 500), @p13='?' (DbType = DateTime2), @p14='?' (DbType = Guid), @p15='?' (Size = 256), @p16='?' (Size = 128), @p17='?' (Size = 100), @p18='?' (Size = 128), @p19='?' (DbType = Boolean), @p20='?' (DbType = Boolean), @p21='?' (DbType = DateTime2), @p22='?' (Size = 100), @p23='?' (Size = 512), @p24='?' (Size = 20), @p25='?' (Size = 32), @p26='?' (DbType = Guid), @p27='?' (DbType = DateTime2), @p28='?' (DbType = Guid)], CommandType='"Text"', CommandTimeout='30']
SET NOCOUNT ON;
INSERT INTO [RefreshTokens] ([Id], [CreatedAt], [CreatedBy], [CreatedByIp], [ExpiresAt], [IsRevoked], [ReplacedByToken], [RevokedAt], [Token], [UpdatedAt], [UpdatedBy], [UserId])
OUTPUT INSERTED.[IsDeleted]
VALUES (@p0, @p1, @p2, @p3, @p4, @p5, @p6, @p7, @p8, @p9, @p10, @p11);
UPDATE [Users] SET [AvatarUrl] = @p12, [CreatedAt] = @p13, [CreatedBy] = @p14, [Email] = @p15, [FacebookId] = @p16, [FirstName] = @p17, [GoogleId] = @p18, [IsActive] = @p19, [IsDeleted] = @p20, [LastLoginAt] = @p21, [LastName] = @p22, [PasswordHash] = @p23, [Phone] = @p24, [ReferralCode] = @p25, [ReferredByUserId] = @p26, [UpdatedAt] = @p27, [UpdatedBy] = @p28
OUTPUT 1
WHERE [Id] = @p29;
2026-07-16 10:12:27.156 +07:00 [INF] Handled LoginCommand in 499ms
2026-07-16 10:12:27.189 +07:00 [INF] HTTP POST /api/auth/login responded 200 in 730.7933ms
2026-07-16 10:12:28.056 +07:00 [INF] HTTP GET /api/dashboard/stats started
2026-07-16 10:12:28.134 +07:00 [INF] Handling GetDashboardStatsQuery {"$type":"GetDashboardStatsQuery"}
2026-07-16 10:12:28.321 +07:00 [DBG] The Lucky Penny license key details: AutoMapper.Licensing.License
2026-07-16 10:12:28.323 +07:00 [INF] You have a valid license key for the Lucky Penny software "Bundle" "Community" edition. The license expires on "2027-06-18T00:00:00.0000000+00:00".
2026-07-16 10:12:28.362 +07:00 [INF] Executed DbCommand (5ms) [Parameters=[@__userId_0='?' (DbType = Guid)], CommandType='"Text"', CommandTimeout='30']
SELECT [p].[Id], [p].[ChannelAccountId], [p].[CreatedAt], [p].[CreatedBy], [p].[DayNumber], [p].[ExternalPostId], [p].[IsDeleted], [p].[ProjectId], [p].[PublishedAt], [p].[PublishedUrl], [p].[ScheduledAt], [p].[Status], [p].[TimelineId], [p].[Title], [p].[TrackingEnabled], [p].[UpdatedAt], [p].[UpdatedBy], [p].[VoiceSampleId], [t].[Id], [t].[CreatedAt], [t].[CreatedBy], [t].[Description], [t].[IsActive], [t].[IsDeleted], [t].[LogoUrl], [t].[Name], [t].[UpdatedAt], [t].[UpdatedBy], [t].[UserId]
FROM [Posts] AS [p]
INNER JOIN (
    SELECT [p0].[Id], [p0].[CreatedAt], [p0].[CreatedBy], [p0].[Description], [p0].[IsActive], [p0].[IsDeleted], [p0].[LogoUrl], [p0].[Name], [p0].[UpdatedAt], [p0].[UpdatedBy], [p0].[UserId]
    FROM [Projects] AS [p0]
    WHERE [p0].[IsDeleted] = CAST(0 AS bit)
) AS [t] ON [p].[ProjectId] = [t].[Id]
WHERE [p].[IsDeleted] = CAST(0 AS bit) AND [t].[UserId] = @__userId_0
ORDER BY [p].[CreatedAt] DESC
2026-07-16 10:12:28.407 +07:00 [INF] Executed DbCommand (4ms) [Parameters=[@__userId_0='?' (DbType = Guid), @__today_1='?' (DbType = DateTime2), @__tomorrow_2='?' (DbType = DateTime2)], CommandType='"Text"', CommandTimeout='30']
SELECT COUNT(*)
FROM [Posts] AS [p]
INNER JOIN (
    SELECT [p0].[Id], [p0].[UserId]
    FROM [Projects] AS [p0]
    WHERE [p0].[IsDeleted] = CAST(0 AS bit)
) AS [t] ON [p].[ProjectId] = [t].[Id]
WHERE [p].[IsDeleted] = CAST(0 AS bit) AND [t].[UserId] = @__userId_0 AND [p].[Status] = 3 AND [p].[PublishedAt] >= @__today_1 AND [p].[PublishedAt] < @__tomorrow_2
2026-07-16 10:12:28.420 +07:00 [INF] Executed DbCommand (2ms) [Parameters=[@__userId_0='?' (DbType = Guid)], CommandType='"Text"', CommandTimeout='30']
SELECT COUNT(*)
FROM [AiGeneratedContents] AS [a]
WHERE [a].[IsDeleted] = CAST(0 AS bit) AND [a].[UserId] = @__userId_0
2026-07-16 10:12:28.441 +07:00 [INF] Executed DbCommand (1ms) [Parameters=[@__userId_0='?' (DbType = Guid)], CommandType='"Text"', CommandTimeout='30']
SELECT [t].[Id], [t].[Balance], [t].[CreatedAt], [t].[CreatedBy], [t].[IsDeleted], [t].[TotalEarned], [t].[TotalUsed], [t].[UpdatedAt], [t].[UpdatedBy], [t].[UserId], [t0].[Id], [t0].[Amount], [t0].[BalanceAfter], [t0].[CreatedAt], [t0].[CreatedBy], [t0].[CreditId], [t0].[Description], [t0].[IsDeleted], [t0].[ReferenceId], [t0].[ReferenceType], [t0].[Type], [t0].[UpdatedAt], [t0].[UpdatedBy], [t0].[UserId]
FROM (
    SELECT TOP(1) [c].[Id], [c].[Balance], [c].[CreatedAt], [c].[CreatedBy], [c].[IsDeleted], [c].[TotalEarned], [c].[TotalUsed], [c].[UpdatedAt], [c].[UpdatedBy], [c].[UserId]
    FROM [Credits] AS [c]
    WHERE [c].[IsDeleted] = CAST(0 AS bit) AND [c].[UserId] = @__userId_0
) AS [t]
LEFT JOIN (
    SELECT [c0].[Id], [c0].[Amount], [c0].[BalanceAfter], [c0].[CreatedAt], [c0].[CreatedBy], [c0].[CreditId], [c0].[Description], [c0].[IsDeleted], [c0].[ReferenceId], [c0].[ReferenceType], [c0].[Type], [c0].[UpdatedAt], [c0].[UpdatedBy], [c0].[UserId]
    FROM [CreditTransactions] AS [c0]
    WHERE [c0].[IsDeleted] = CAST(0 AS bit)
) AS [t0] ON [t].[Id] = [t0].[CreditId]
ORDER BY [t].[Id]
2026-07-16 10:12:28.467 +07:00 [INF] Executed DbCommand (3ms) [Parameters=[@__userId_0='?' (DbType = Guid)], CommandType='"Text"', CommandTimeout='30']
SELECT COUNT(*)
FROM [Projects] AS [p]
WHERE [p].[IsDeleted] = CAST(0 AS bit) AND [p].[UserId] = @__userId_0
2026-07-16 10:12:28.503 +07:00 [INF] Executed DbCommand (5ms) [Parameters=[@__p_1='?' (DbType = Int32), @__userId_0='?' (DbType = Guid)], CommandType='"Text"', CommandTimeout='30']
SELECT TOP(@__p_1) [p].[Id], [p].[CreatedAt], [p].[CreatedBy], [p].[ExecutedAt], [p].[FailureReason], [p].[IsDeleted], [p].[PostChannelAccountId], [p].[PostId], [p].[RetryCount], [p].[ScheduledAt], [p].[Status], [p].[UpdatedAt], [p].[UpdatedBy], [t].[Id], [t].[ChannelAccountId], [t].[CreatedAt], [t].[CreatedBy], [t].[DayNumber], [t].[ExternalPostId], [t].[IsDeleted], [t].[ProjectId], [t].[PublishedAt], [t].[PublishedUrl], [t].[ScheduledAt], [t].[Status], [t].[TimelineId], [t].[Title], [t].[TrackingEnabled], [t].[UpdatedAt], [t].[UpdatedBy], [t].[VoiceSampleId], [t0].[Id], [t0].[CreatedAt], [t0].[CreatedBy], [t0].[Description], [t0].[IsActive], [t0].[IsDeleted], [t0].[LogoUrl], [t0].[Name], [t0].[UpdatedAt], [t0].[UpdatedBy], [t0].[UserId]
FROM [PostSchedules] AS [p]
INNER JOIN (
    SELECT [p0].[Id], [p0].[ChannelAccountId], [p0].[CreatedAt], [p0].[CreatedBy], [p0].[DayNumber], [p0].[ExternalPostId], [p0].[IsDeleted], [p0].[ProjectId], [p0].[PublishedAt], [p0].[PublishedUrl], [p0].[ScheduledAt], [p0].[Status], [p0].[TimelineId], [p0].[Title], [p0].[TrackingEnabled], [p0].[UpdatedAt], [p0].[UpdatedBy], [p0].[VoiceSampleId]
    FROM [Posts] AS [p0]
    WHERE [p0].[IsDeleted] = CAST(0 AS bit)
) AS [t] ON [p].[PostId] = [t].[Id]
INNER JOIN (
    SELECT [p1].[Id], [p1].[CreatedAt], [p1].[CreatedBy], [p1].[Description], [p1].[IsActive], [p1].[IsDeleted], [p1].[LogoUrl], [p1].[Name], [p1].[UpdatedAt], [p1].[UpdatedBy], [p1].[UserId]
    FROM [Projects] AS [p1]
    WHERE [p1].[IsDeleted] = CAST(0 AS bit)
) AS [t0] ON [t].[ProjectId] = [t0].[Id]
WHERE [p].[IsDeleted] = CAST(0 AS bit) AND [t0].[UserId] = @__userId_0 AND [p].[Status] = 0 AND [p].[ScheduledAt] >= GETUTCDATE()
ORDER BY [p].[ScheduledAt]
2026-07-16 10:12:28.520 +07:00 [INF] Executed DbCommand (3ms) [Parameters=[@__p_1='?' (DbType = Int32), @__userId_0='?' (DbType = Guid)], CommandType='"Text"', CommandTimeout='30']
SELECT TOP(@__p_1) [a].[Id], [a].[Action], [a].[CreatedAt], [a].[CreatedBy], [a].[EntityId], [a].[EntityType], [a].[IpAddress], [a].[IsDeleted], [a].[NewValues], [a].[OldValues], [a].[UpdatedAt], [a].[UpdatedBy], [a].[UserAgent], [a].[UserId]
FROM [AuditLogs] AS [a]
WHERE [a].[IsDeleted] = CAST(0 AS bit) AND [a].[UserId] = @__userId_0
ORDER BY [a].[CreatedAt] DESC
2026-07-16 10:12:28.539 +07:00 [INF] Handled GetDashboardStatsQuery in 402ms
2026-07-16 10:12:28.549 +07:00 [INF] HTTP GET /api/dashboard/stats responded 200 in 492.885ms
2026-07-16 10:12:57.023 +07:00 [INF] HTTP GET /api/workspace/projects started
2026-07-16 10:12:57.039 +07:00 [INF] Handling GetProjectsQuery {"$type":"GetProjectsQuery"}
2026-07-16 10:12:57.062 +07:00 [INF] Executed DbCommand (3ms) [Parameters=[@__userId_0='?' (DbType = Guid)], CommandType='"Text"', CommandTimeout='30']
SELECT [p].[Id], [p].[CreatedAt], [p].[CreatedBy], [p].[Description], [p].[IsActive], [p].[IsDeleted], [p].[LogoUrl], [p].[Name], [p].[UpdatedAt], [p].[UpdatedBy], [p].[UserId]
FROM [Projects] AS [p]
WHERE [p].[IsDeleted] = CAST(0 AS bit) AND [p].[UserId] = @__userId_0
2026-07-16 10:12:57.079 +07:00 [INF] Executed DbCommand (3ms) [Parameters=[@__userId_0='?' (DbType = Guid)], CommandType='"Text"', CommandTimeout='30']
SELECT [p].[Id], [p].[CreatedAt], [p].[CreatedBy], [p].[InvitedAt], [p].[IsDeleted], [p].[JoinedAt], [p].[ProjectId], [p].[Role], [p].[UpdatedAt], [p].[UpdatedBy], [p].[UserId]
FROM [ProjectMembers] AS [p]
WHERE [p].[IsDeleted] = CAST(0 AS bit) AND [p].[UserId] = @__userId_0
2026-07-16 10:12:57.133 +07:00 [INF] Executed DbCommand (5ms) [Parameters=[@__allProjectIds_0='?' (Size = 4000)], CommandType='"Text"', CommandTimeout='30']
SELECT [p].[Id], [p].[CreatedAt], [p].[CreatedBy], [p].[InvitedAt], [p].[IsDeleted], [p].[JoinedAt], [p].[ProjectId], [p].[Role], [p].[UpdatedAt], [p].[UpdatedBy], [p].[UserId]
FROM [ProjectMembers] AS [p]
WHERE [p].[IsDeleted] = CAST(0 AS bit) AND [p].[ProjectId] IN (
    SELECT [a].[value]
    FROM OPENJSON(@__allProjectIds_0) WITH ([value] uniqueidentifier '$') AS [a]
)
2026-07-16 10:12:57.139 +07:00 [INF] Handled GetProjectsQuery in 97ms
2026-07-16 10:12:57.143 +07:00 [INF] HTTP GET /api/workspace/projects responded 200 in 120.186ms
2026-07-16 10:12:58.396 +07:00 [INF] HTTP GET /api/workspace/projects started
2026-07-16 10:12:58.404 +07:00 [INF] Handling GetProjectsQuery {"$type":"GetProjectsQuery"}
2026-07-16 10:12:58.412 +07:00 [INF] Executed DbCommand (2ms) [Parameters=[@__userId_0='?' (DbType = Guid)], CommandType='"Text"', CommandTimeout='30']
SELECT [p].[Id], [p].[CreatedAt], [p].[CreatedBy], [p].[Description], [p].[IsActive], [p].[IsDeleted], [p].[LogoUrl], [p].[Name], [p].[UpdatedAt], [p].[UpdatedBy], [p].[UserId]
FROM [Projects] AS [p]
WHERE [p].[IsDeleted] = CAST(0 AS bit) AND [p].[UserId] = @__userId_0
2026-07-16 10:12:58.420 +07:00 [INF] Executed DbCommand (1ms) [Parameters=[@__userId_0='?' (DbType = Guid)], CommandType='"Text"', CommandTimeout='30']
SELECT [p].[Id], [p].[CreatedAt], [p].[CreatedBy], [p].[InvitedAt], [p].[IsDeleted], [p].[JoinedAt], [p].[ProjectId], [p].[Role], [p].[UpdatedAt], [p].[UpdatedBy], [p].[UserId]
FROM [ProjectMembers] AS [p]
WHERE [p].[IsDeleted] = CAST(0 AS bit) AND [p].[UserId] = @__userId_0
2026-07-16 10:12:58.425 +07:00 [INF] Executed DbCommand (1ms) [Parameters=[@__allProjectIds_0='?' (Size = 4000)], CommandType='"Text"', CommandTimeout='30']
SELECT [p].[Id], [p].[CreatedAt], [p].[CreatedBy], [p].[InvitedAt], [p].[IsDeleted], [p].[JoinedAt], [p].[ProjectId], [p].[Role], [p].[UpdatedAt], [p].[UpdatedBy], [p].[UserId]
FROM [ProjectMembers] AS [p]
WHERE [p].[IsDeleted] = CAST(0 AS bit) AND [p].[ProjectId] IN (
    SELECT [a].[value]
    FROM OPENJSON(@__allProjectIds_0) WITH ([value] uniqueidentifier '$') AS [a]
)
2026-07-16 10:12:58.429 +07:00 [INF] Handled GetProjectsQuery in 22ms
2026-07-16 10:12:58.432 +07:00 [INF] HTTP GET /api/workspace/projects responded 200 in 35.796ms
2026-07-16 10:12:59.612 +07:00 [INF] HTTP GET /api/workspace/projects started
2026-07-16 10:12:59.616 +07:00 [INF] Handling GetProjectsQuery {"$type":"GetProjectsQuery"}
2026-07-16 10:12:59.624 +07:00 [INF] Executed DbCommand (2ms) [Parameters=[@__userId_0='?' (DbType = Guid)], CommandType='"Text"', CommandTimeout='30']
SELECT [p].[Id], [p].[CreatedAt], [p].[CreatedBy], [p].[Description], [p].[IsActive], [p].[IsDeleted], [p].[LogoUrl], [p].[Name], [p].[UpdatedAt], [p].[UpdatedBy], [p].[UserId]
FROM [Projects] AS [p]
WHERE [p].[IsDeleted] = CAST(0 AS bit) AND [p].[UserId] = @__userId_0
2026-07-16 10:12:59.633 +07:00 [INF] Executed DbCommand (1ms) [Parameters=[@__userId_0='?' (DbType = Guid)], CommandType='"Text"', CommandTimeout='30']
SELECT [p].[Id], [p].[CreatedAt], [p].[CreatedBy], [p].[InvitedAt], [p].[IsDeleted], [p].[JoinedAt], [p].[ProjectId], [p].[Role], [p].[UpdatedAt], [p].[UpdatedBy], [p].[UserId]
FROM [ProjectMembers] AS [p]
WHERE [p].[IsDeleted] = CAST(0 AS bit) AND [p].[UserId] = @__userId_0
2026-07-16 10:12:59.639 +07:00 [INF] Executed DbCommand (2ms) [Parameters=[@__allProjectIds_0='?' (Size = 4000)], CommandType='"Text"', CommandTimeout='30']
SELECT [p].[Id], [p].[CreatedAt], [p].[CreatedBy], [p].[InvitedAt], [p].[IsDeleted], [p].[JoinedAt], [p].[ProjectId], [p].[Role], [p].[UpdatedAt], [p].[UpdatedBy], [p].[UserId]
FROM [ProjectMembers] AS [p]
WHERE [p].[IsDeleted] = CAST(0 AS bit) AND [p].[ProjectId] IN (
    SELECT [a].[value]
    FROM OPENJSON(@__allProjectIds_0) WITH ([value] uniqueidentifier '$') AS [a]
)
2026-07-16 10:12:59.642 +07:00 [INF] Handled GetProjectsQuery in 23ms
2026-07-16 10:12:59.645 +07:00 [INF] HTTP GET /api/workspace/projects responded 200 in 32.5876ms
2026-07-16 10:13:00.707 +07:00 [INF] HTTP GET /api/Ai/prompts started
2026-07-16 10:13:00.730 +07:00 [INF] Executed DbCommand (4ms) [Parameters=[@__userId_0='?' (DbType = Guid)], CommandType='"Text"', CommandTimeout='30']
SELECT [a].[Id], [a].[Category], [a].[CreatedAt], [a].[CreatedBy], [a].[IsDeleted], [a].[IsSystem], [a].[Name], [a].[ProjectId], [a].[Template], [a].[UpdatedAt], [a].[UpdatedBy], [a].[UserId]
FROM [AiPrompts] AS [a]
WHERE [a].[IsDeleted] = CAST(0 AS bit) AND ([a].[UserId] = @__userId_0 OR [a].[IsSystem] = CAST(1 AS bit))
ORDER BY [a].[Name]
2026-07-16 10:13:00.744 +07:00 [INF] HTTP GET /api/Ai/prompts responded 200 in 37.481ms
2026-07-16 10:13:00.767 +07:00 [INF] HTTP GET /api/Ai/history started
2026-07-16 10:13:00.788 +07:00 [INF] Handling GetAiHistoryQuery {"PageNumber":1,"PageSize":10,"$type":"GetAiHistoryQuery"}
2026-07-16 10:13:00.818 +07:00 [INF] Executed DbCommand (5ms) [Parameters=[@__userId_0='?' (DbType = Guid), @__p_1='?' (DbType = Int32), @__p_2='?' (DbType = Int32)], CommandType='"Text"', CommandTimeout='30']
SELECT [t].[Id], [t].[AiPromptId], [t].[CreatedAt], [t].[CreatedBy], [t].[ErrorMessage], [t].[Input], [t].[IsDeleted], [t].[Output], [t].[ProjectId], [t].[Status], [t].[TokensUsed], [t].[UpdatedAt], [t].[UpdatedBy], [t].[UserId], [t0].[Id], [t0].[Category], [t0].[CreatedAt], [t0].[CreatedBy], [t0].[IsDeleted], [t0].[IsSystem], [t0].[Name], [t0].[ProjectId], [t0].[Template], [t0].[UpdatedAt], [t0].[UpdatedBy], [t0].[UserId]
FROM (
    SELECT [a].[Id], [a].[AiPromptId], [a].[CreatedAt], [a].[CreatedBy], [a].[ErrorMessage], [a].[Input], [a].[IsDeleted], [a].[Output], [a].[ProjectId], [a].[Status], [a].[TokensUsed], [a].[UpdatedAt], [a].[UpdatedBy], [a].[UserId]
    FROM [AiGeneratedContents] AS [a]
    WHERE [a].[IsDeleted] = CAST(0 AS bit) AND [a].[UserId] = @__userId_0
    ORDER BY [a].[CreatedAt] DESC
    OFFSET @__p_1 ROWS FETCH NEXT @__p_2 ROWS ONLY
) AS [t]
INNER JOIN (
    SELECT [a0].[Id], [a0].[Category], [a0].[CreatedAt], [a0].[CreatedBy], [a0].[IsDeleted], [a0].[IsSystem], [a0].[Name], [a0].[ProjectId], [a0].[Template], [a0].[UpdatedAt], [a0].[UpdatedBy], [a0].[UserId]
    FROM [AiPrompts] AS [a0]
    WHERE [a0].[IsDeleted] = CAST(0 AS bit)
) AS [t0] ON [t].[AiPromptId] = [t0].[Id]
ORDER BY [t].[CreatedAt] DESC
2026-07-16 10:13:00.828 +07:00 [INF] Executed DbCommand (2ms) [Parameters=[@__userId_0='?' (DbType = Guid)], CommandType='"Text"', CommandTimeout='30']
SELECT COUNT(*)
FROM [AiGeneratedContents] AS [a]
WHERE [a].[IsDeleted] = CAST(0 AS bit) AND [a].[UserId] = @__userId_0
2026-07-16 10:13:00.839 +07:00 [INF] Handled GetAiHistoryQuery in 47ms
2026-07-16 10:13:00.848 +07:00 [INF] HTTP GET /api/Ai/history responded 200 in 80.639ms
2026-07-16 10:13:02.073 +07:00 [INF] HTTP GET /api/workspace/projects started
2026-07-16 10:13:02.080 +07:00 [INF] Handling GetProjectsQuery {"$type":"GetProjectsQuery"}
2026-07-16 10:13:02.090 +07:00 [INF] Executed DbCommand (3ms) [Parameters=[@__userId_0='?' (DbType = Guid)], CommandType='"Text"', CommandTimeout='30']
SELECT [p].[Id], [p].[CreatedAt], [p].[CreatedBy], [p].[Description], [p].[IsActive], [p].[IsDeleted], [p].[LogoUrl], [p].[Name], [p].[UpdatedAt], [p].[UpdatedBy], [p].[UserId]
FROM [Projects] AS [p]
WHERE [p].[IsDeleted] = CAST(0 AS bit) AND [p].[UserId] = @__userId_0
2026-07-16 10:13:02.099 +07:00 [INF] Executed DbCommand (1ms) [Parameters=[@__userId_0='?' (DbType = Guid)], CommandType='"Text"', CommandTimeout='30']
SELECT [p].[Id], [p].[CreatedAt], [p].[CreatedBy], [p].[InvitedAt], [p].[IsDeleted], [p].[JoinedAt], [p].[ProjectId], [p].[Role], [p].[UpdatedAt], [p].[UpdatedBy], [p].[UserId]
FROM [ProjectMembers] AS [p]
WHERE [p].[IsDeleted] = CAST(0 AS bit) AND [p].[UserId] = @__userId_0
2026-07-16 10:13:02.105 +07:00 [INF] Executed DbCommand (2ms) [Parameters=[@__allProjectIds_0='?' (Size = 4000)], CommandType='"Text"', CommandTimeout='30']
SELECT [p].[Id], [p].[CreatedAt], [p].[CreatedBy], [p].[InvitedAt], [p].[IsDeleted], [p].[JoinedAt], [p].[ProjectId], [p].[Role], [p].[UpdatedAt], [p].[UpdatedBy], [p].[UserId]
FROM [ProjectMembers] AS [p]
WHERE [p].[IsDeleted] = CAST(0 AS bit) AND [p].[ProjectId] IN (
    SELECT [a].[value]
    FROM OPENJSON(@__allProjectIds_0) WITH ([value] uniqueidentifier '$') AS [a]
)
2026-07-16 10:13:02.108 +07:00 [INF] Handled GetProjectsQuery in 23ms
2026-07-16 10:13:02.111 +07:00 [INF] HTTP GET /api/workspace/projects responded 200 in 37.1942ms
2026-07-16 10:13:08.359 +07:00 [INF] Executed DbCommand (1ms) [Parameters=[@__before_0='?' (DbType = DateTime2)], CommandType='"Text"', CommandTimeout='30']
SELECT [p].[Id], [p].[CreatedAt], [p].[CreatedBy], [p].[ExecutedAt], [p].[FailureReason], [p].[IsDeleted], [p].[PostChannelAccountId], [p].[PostId], [p].[RetryCount], [p].[ScheduledAt], [p].[Status], [p].[UpdatedAt], [p].[UpdatedBy], [t].[Id], [t].[ChannelAccountId], [t].[CreatedAt], [t].[CreatedBy], [t].[DayNumber], [t].[ExternalPostId], [t].[IsDeleted], [t].[ProjectId], [t].[PublishedAt], [t].[PublishedUrl], [t].[ScheduledAt], [t].[Status], [t].[TimelineId], [t].[Title], [t].[TrackingEnabled], [t].[UpdatedAt], [t].[UpdatedBy], [t].[VoiceSampleId], [t0].[Id], [t0].[Content], [t0].[ContentType], [t0].[CreatedAt], [t0].[CreatedBy], [t0].[IsDeleted], [t0].[MediaFileId], [t0].[PostId], [t0].[SortOrder], [t0].[UpdatedAt], [t0].[UpdatedBy]
FROM [PostSchedules] AS [p]
INNER JOIN (
    SELECT [p0].[Id], [p0].[ChannelAccountId], [p0].[CreatedAt], [p0].[CreatedBy], [p0].[DayNumber], [p0].[ExternalPostId], [p0].[IsDeleted], [p0].[ProjectId], [p0].[PublishedAt], [p0].[PublishedUrl], [p0].[ScheduledAt], [p0].[Status], [p0].[TimelineId], [p0].[Title], [p0].[TrackingEnabled], [p0].[UpdatedAt], [p0].[UpdatedBy], [p0].[VoiceSampleId]
    FROM [Posts] AS [p0]
    WHERE [p0].[IsDeleted] = CAST(0 AS bit)
) AS [t] ON [p].[PostId] = [t].[Id]
LEFT JOIN (
    SELECT [p1].[Id], [p1].[Content], [p1].[ContentType], [p1].[CreatedAt], [p1].[CreatedBy], [p1].[IsDeleted], [p1].[MediaFileId], [p1].[PostId], [p1].[SortOrder], [p1].[UpdatedAt], [p1].[UpdatedBy]
    FROM [PostContents] AS [p1]
    WHERE [p1].[IsDeleted] = CAST(0 AS bit)
) AS [t0] ON [t].[Id] = [t0].[PostId]
WHERE [p].[IsDeleted] = CAST(0 AS bit) AND [p].[Status] = 0 AND [p].[ScheduledAt] <= @__before_0
ORDER BY [p].[ScheduledAt], [p].[Id], [t].[Id]
2026-07-16 10:13:15.453 +07:00 [INF] HTTP GET /api/dashboard/stats started
2026-07-16 10:13:15.458 +07:00 [INF] Handling GetDashboardStatsQuery {"$type":"GetDashboardStatsQuery"}
2026-07-16 10:13:15.466 +07:00 [INF] Executed DbCommand (2ms) [Parameters=[@__userId_0='?' (DbType = Guid)], CommandType='"Text"', CommandTimeout='30']
SELECT [p].[Id], [p].[ChannelAccountId], [p].[CreatedAt], [p].[CreatedBy], [p].[DayNumber], [p].[ExternalPostId], [p].[IsDeleted], [p].[ProjectId], [p].[PublishedAt], [p].[PublishedUrl], [p].[ScheduledAt], [p].[Status], [p].[TimelineId], [p].[Title], [p].[TrackingEnabled], [p].[UpdatedAt], [p].[UpdatedBy], [p].[VoiceSampleId], [t].[Id], [t].[CreatedAt], [t].[CreatedBy], [t].[Description], [t].[IsActive], [t].[IsDeleted], [t].[LogoUrl], [t].[Name], [t].[UpdatedAt], [t].[UpdatedBy], [t].[UserId]
FROM [Posts] AS [p]
INNER JOIN (
    SELECT [p0].[Id], [p0].[CreatedAt], [p0].[CreatedBy], [p0].[Description], [p0].[IsActive], [p0].[IsDeleted], [p0].[LogoUrl], [p0].[Name], [p0].[UpdatedAt], [p0].[UpdatedBy], [p0].[UserId]
    FROM [Projects] AS [p0]
    WHERE [p0].[IsDeleted] = CAST(0 AS bit)
) AS [t] ON [p].[ProjectId] = [t].[Id]
WHERE [p].[IsDeleted] = CAST(0 AS bit) AND [t].[UserId] = @__userId_0
ORDER BY [p].[CreatedAt] DESC
2026-07-16 10:13:15.474 +07:00 [INF] Executed DbCommand (1ms) [Parameters=[@__userId_0='?' (DbType = Guid), @__today_1='?' (DbType = DateTime2), @__tomorrow_2='?' (DbType = DateTime2)], CommandType='"Text"', CommandTimeout='30']
SELECT COUNT(*)
FROM [Posts] AS [p]
INNER JOIN (
    SELECT [p0].[Id], [p0].[UserId]
    FROM [Projects] AS [p0]
    WHERE [p0].[IsDeleted] = CAST(0 AS bit)
) AS [t] ON [p].[ProjectId] = [t].[Id]
WHERE [p].[IsDeleted] = CAST(0 AS bit) AND [t].[UserId] = @__userId_0 AND [p].[Status] = 3 AND [p].[PublishedAt] >= @__today_1 AND [p].[PublishedAt] < @__tomorrow_2
2026-07-16 10:13:15.479 +07:00 [INF] Executed DbCommand (2ms) [Parameters=[@__userId_0='?' (DbType = Guid)], CommandType='"Text"', CommandTimeout='30']
SELECT COUNT(*)
FROM [AiGeneratedContents] AS [a]
WHERE [a].[IsDeleted] = CAST(0 AS bit) AND [a].[UserId] = @__userId_0
2026-07-16 10:13:15.485 +07:00 [INF] Executed DbCommand (3ms) [Parameters=[@__userId_0='?' (DbType = Guid)], CommandType='"Text"', CommandTimeout='30']
SELECT [t].[Id], [t].[Balance], [t].[CreatedAt], [t].[CreatedBy], [t].[IsDeleted], [t].[TotalEarned], [t].[TotalUsed], [t].[UpdatedAt], [t].[UpdatedBy], [t].[UserId], [t0].[Id], [t0].[Amount], [t0].[BalanceAfter], [t0].[CreatedAt], [t0].[CreatedBy], [t0].[CreditId], [t0].[Description], [t0].[IsDeleted], [t0].[ReferenceId], [t0].[ReferenceType], [t0].[Type], [t0].[UpdatedAt], [t0].[UpdatedBy], [t0].[UserId]
FROM (
    SELECT TOP(1) [c].[Id], [c].[Balance], [c].[CreatedAt], [c].[CreatedBy], [c].[IsDeleted], [c].[TotalEarned], [c].[TotalUsed], [c].[UpdatedAt], [c].[UpdatedBy], [c].[UserId]
    FROM [Credits] AS [c]
    WHERE [c].[IsDeleted] = CAST(0 AS bit) AND [c].[UserId] = @__userId_0
) AS [t]
LEFT JOIN (
    SELECT [c0].[Id], [c0].[Amount], [c0].[BalanceAfter], [c0].[CreatedAt], [c0].[CreatedBy], [c0].[CreditId], [c0].[Description], [c0].[IsDeleted], [c0].[ReferenceId], [c0].[ReferenceType], [c0].[Type], [c0].[UpdatedAt], [c0].[UpdatedBy], [c0].[UserId]
    FROM [CreditTransactions] AS [c0]
    WHERE [c0].[IsDeleted] = CAST(0 AS bit)
) AS [t0] ON [t].[Id] = [t0].[CreditId]
ORDER BY [t].[Id]
2026-07-16 10:13:15.492 +07:00 [INF] Executed DbCommand (3ms) [Parameters=[@__userId_0='?' (DbType = Guid)], CommandType='"Text"', CommandTimeout='30']
SELECT COUNT(*)
FROM [Projects] AS [p]
WHERE [p].[IsDeleted] = CAST(0 AS bit) AND [p].[UserId] = @__userId_0
2026-07-16 10:13:15.499 +07:00 [INF] Executed DbCommand (3ms) [Parameters=[@__p_1='?' (DbType = Int32), @__userId_0='?' (DbType = Guid)], CommandType='"Text"', CommandTimeout='30']
SELECT TOP(@__p_1) [p].[Id], [p].[CreatedAt], [p].[CreatedBy], [p].[ExecutedAt], [p].[FailureReason], [p].[IsDeleted], [p].[PostChannelAccountId], [p].[PostId], [p].[RetryCount], [p].[ScheduledAt], [p].[Status], [p].[UpdatedAt], [p].[UpdatedBy], [t].[Id], [t].[ChannelAccountId], [t].[CreatedAt], [t].[CreatedBy], [t].[DayNumber], [t].[ExternalPostId], [t].[IsDeleted], [t].[ProjectId], [t].[PublishedAt], [t].[PublishedUrl], [t].[ScheduledAt], [t].[Status], [t].[TimelineId], [t].[Title], [t].[TrackingEnabled], [t].[UpdatedAt], [t].[UpdatedBy], [t].[VoiceSampleId], [t0].[Id], [t0].[CreatedAt], [t0].[CreatedBy], [t0].[Description], [t0].[IsActive], [t0].[IsDeleted], [t0].[LogoUrl], [t0].[Name], [t0].[UpdatedAt], [t0].[UpdatedBy], [t0].[UserId]
FROM [PostSchedules] AS [p]
INNER JOIN (
    SELECT [p0].[Id], [p0].[ChannelAccountId], [p0].[CreatedAt], [p0].[CreatedBy], [p0].[DayNumber], [p0].[ExternalPostId], [p0].[IsDeleted], [p0].[ProjectId], [p0].[PublishedAt], [p0].[PublishedUrl], [p0].[ScheduledAt], [p0].[Status], [p0].[TimelineId], [p0].[Title], [p0].[TrackingEnabled], [p0].[UpdatedAt], [p0].[UpdatedBy], [p0].[VoiceSampleId]
    FROM [Posts] AS [p0]
    WHERE [p0].[IsDeleted] = CAST(0 AS bit)
) AS [t] ON [p].[PostId] = [t].[Id]
INNER JOIN (
    SELECT [p1].[Id], [p1].[CreatedAt], [p1].[CreatedBy], [p1].[Description], [p1].[IsActive], [p1].[IsDeleted], [p1].[LogoUrl], [p1].[Name], [p1].[UpdatedAt], [p1].[UpdatedBy], [p1].[UserId]
    FROM [Projects] AS [p1]
    WHERE [p1].[IsDeleted] = CAST(0 AS bit)
) AS [t0] ON [t].[ProjectId] = [t0].[Id]
WHERE [p].[IsDeleted] = CAST(0 AS bit) AND [t0].[UserId] = @__userId_0 AND [p].[Status] = 0 AND [p].[ScheduledAt] >= GETUTCDATE()
ORDER BY [p].[ScheduledAt]
2026-07-16 10:13:15.507 +07:00 [INF] Executed DbCommand (3ms) [Parameters=[@__p_1='?' (DbType = Int32), @__userId_0='?' (DbType = Guid)], CommandType='"Text"', CommandTimeout='30']
SELECT TOP(@__p_1) [a].[Id], [a].[Action], [a].[CreatedAt], [a].[CreatedBy], [a].[EntityId], [a].[EntityType], [a].[IpAddress], [a].[IsDeleted], [a].[NewValues], [a].[OldValues], [a].[UpdatedAt], [a].[UpdatedBy], [a].[UserAgent], [a].[UserId]
FROM [AuditLogs] AS [a]
WHERE [a].[IsDeleted] = CAST(0 AS bit) AND [a].[UserId] = @__userId_0
ORDER BY [a].[CreatedAt] DESC
2026-07-16 10:13:15.512 +07:00 [INF] Handled GetDashboardStatsQuery in 51ms
2026-07-16 10:13:15.514 +07:00 [INF] HTTP GET /api/dashboard/stats responded 200 in 61.2039ms
2026-07-16 10:13:52.713 +07:00 [INF] 1 servers were removed due to timeout
2026-07-16 10:14:08.450 +07:00 [INF] Executed DbCommand (2ms) [Parameters=[@__before_0='?' (DbType = DateTime2)], CommandType='"Text"', CommandTimeout='30']
SELECT [p].[Id], [p].[CreatedAt], [p].[CreatedBy], [p].[ExecutedAt], [p].[FailureReason], [p].[IsDeleted], [p].[PostChannelAccountId], [p].[PostId], [p].[RetryCount], [p].[ScheduledAt], [p].[Status], [p].[UpdatedAt], [p].[UpdatedBy], [t].[Id], [t].[ChannelAccountId], [t].[CreatedAt], [t].[CreatedBy], [t].[DayNumber], [t].[ExternalPostId], [t].[IsDeleted], [t].[ProjectId], [t].[PublishedAt], [t].[PublishedUrl], [t].[ScheduledAt], [t].[Status], [t].[TimelineId], [t].[Title], [t].[TrackingEnabled], [t].[UpdatedAt], [t].[UpdatedBy], [t].[VoiceSampleId], [t0].[Id], [t0].[Content], [t0].[ContentType], [t0].[CreatedAt], [t0].[CreatedBy], [t0].[IsDeleted], [t0].[MediaFileId], [t0].[PostId], [t0].[SortOrder], [t0].[UpdatedAt], [t0].[UpdatedBy]
FROM [PostSchedules] AS [p]
INNER JOIN (
    SELECT [p0].[Id], [p0].[ChannelAccountId], [p0].[CreatedAt], [p0].[CreatedBy], [p0].[DayNumber], [p0].[ExternalPostId], [p0].[IsDeleted], [p0].[ProjectId], [p0].[PublishedAt], [p0].[PublishedUrl], [p0].[ScheduledAt], [p0].[Status], [p0].[TimelineId], [p0].[Title], [p0].[TrackingEnabled], [p0].[UpdatedAt], [p0].[UpdatedBy], [p0].[VoiceSampleId]
    FROM [Posts] AS [p0]
    WHERE [p0].[IsDeleted] = CAST(0 AS bit)
) AS [t] ON [p].[PostId] = [t].[Id]
LEFT JOIN (
    SELECT [p1].[Id], [p1].[Content], [p1].[ContentType], [p1].[CreatedAt], [p1].[CreatedBy], [p1].[IsDeleted], [p1].[MediaFileId], [p1].[PostId], [p1].[SortOrder], [p1].[UpdatedAt], [p1].[UpdatedBy]
    FROM [PostContents] AS [p1]
    WHERE [p1].[IsDeleted] = CAST(0 AS bit)
) AS [t0] ON [t].[Id] = [t0].[PostId]
WHERE [p].[IsDeleted] = CAST(0 AS bit) AND [p].[Status] = 0 AND [p].[ScheduledAt] <= @__before_0
ORDER BY [p].[ScheduledAt], [p].[Id], [t].[Id]
2026-07-16 10:15:08.510 +07:00 [INF] Executed DbCommand (2ms) [Parameters=[@__before_0='?' (DbType = DateTime2)], CommandType='"Text"', CommandTimeout='30']
SELECT [p].[Id], [p].[CreatedAt], [p].[CreatedBy], [p].[ExecutedAt], [p].[FailureReason], [p].[IsDeleted], [p].[PostChannelAccountId], [p].[PostId], [p].[RetryCount], [p].[ScheduledAt], [p].[Status], [p].[UpdatedAt], [p].[UpdatedBy], [t].[Id], [t].[ChannelAccountId], [t].[CreatedAt], [t].[CreatedBy], [t].[DayNumber], [t].[ExternalPostId], [t].[IsDeleted], [t].[ProjectId], [t].[PublishedAt], [t].[PublishedUrl], [t].[ScheduledAt], [t].[Status], [t].[TimelineId], [t].[Title], [t].[TrackingEnabled], [t].[UpdatedAt], [t].[UpdatedBy], [t].[VoiceSampleId], [t0].[Id], [t0].[Content], [t0].[ContentType], [t0].[CreatedAt], [t0].[CreatedBy], [t0].[IsDeleted], [t0].[MediaFileId], [t0].[PostId], [t0].[SortOrder], [t0].[UpdatedAt], [t0].[UpdatedBy]
FROM [PostSchedules] AS [p]
INNER JOIN (
    SELECT [p0].[Id], [p0].[ChannelAccountId], [p0].[CreatedAt], [p0].[CreatedBy], [p0].[DayNumber], [p0].[ExternalPostId], [p0].[IsDeleted], [p0].[ProjectId], [p0].[PublishedAt], [p0].[PublishedUrl], [p0].[ScheduledAt], [p0].[Status], [p0].[TimelineId], [p0].[Title], [p0].[TrackingEnabled], [p0].[UpdatedAt], [p0].[UpdatedBy], [p0].[VoiceSampleId]
    FROM [Posts] AS [p0]
    WHERE [p0].[IsDeleted] = CAST(0 AS bit)
) AS [t] ON [p].[PostId] = [t].[Id]
LEFT JOIN (
    SELECT [p1].[Id], [p1].[Content], [p1].[ContentType], [p1].[CreatedAt], [p1].[CreatedBy], [p1].[IsDeleted], [p1].[MediaFileId], [p1].[PostId], [p1].[SortOrder], [p1].[UpdatedAt], [p1].[UpdatedBy]
    FROM [PostContents] AS [p1]
    WHERE [p1].[IsDeleted] = CAST(0 AS bit)
) AS [t0] ON [t].[Id] = [t0].[PostId]
WHERE [p].[IsDeleted] = CAST(0 AS bit) AND [p].[Status] = 0 AND [p].[ScheduledAt] <= @__before_0
ORDER BY [p].[ScheduledAt], [p].[Id], [t].[Id]
2026-07-16 10:16:08.636 +07:00 [INF] Executed DbCommand (3ms) [Parameters=[@__before_0='?' (DbType = DateTime2)], CommandType='"Text"', CommandTimeout='30']
SELECT [p].[Id], [p].[CreatedAt], [p].[CreatedBy], [p].[ExecutedAt], [p].[FailureReason], [p].[IsDeleted], [p].[PostChannelAccountId], [p].[PostId], [p].[RetryCount], [p].[ScheduledAt], [p].[Status], [p].[UpdatedAt], [p].[UpdatedBy], [t].[Id], [t].[ChannelAccountId], [t].[CreatedAt], [t].[CreatedBy], [t].[DayNumber], [t].[ExternalPostId], [t].[IsDeleted], [t].[ProjectId], [t].[PublishedAt], [t].[PublishedUrl], [t].[ScheduledAt], [t].[Status], [t].[TimelineId], [t].[Title], [t].[TrackingEnabled], [t].[UpdatedAt], [t].[UpdatedBy], [t].[VoiceSampleId], [t0].[Id], [t0].[Content], [t0].[ContentType], [t0].[CreatedAt], [t0].[CreatedBy], [t0].[IsDeleted], [t0].[MediaFileId], [t0].[PostId], [t0].[SortOrder], [t0].[UpdatedAt], [t0].[UpdatedBy]
FROM [PostSchedules] AS [p]
INNER JOIN (
    SELECT [p0].[Id], [p0].[ChannelAccountId], [p0].[CreatedAt], [p0].[CreatedBy], [p0].[DayNumber], [p0].[ExternalPostId], [p0].[IsDeleted], [p0].[ProjectId], [p0].[PublishedAt], [p0].[PublishedUrl], [p0].[ScheduledAt], [p0].[Status], [p0].[TimelineId], [p0].[Title], [p0].[TrackingEnabled], [p0].[UpdatedAt], [p0].[UpdatedBy], [p0].[VoiceSampleId]
    FROM [Posts] AS [p0]
    WHERE [p0].[IsDeleted] = CAST(0 AS bit)
) AS [t] ON [p].[PostId] = [t].[Id]
LEFT JOIN (
    SELECT [p1].[Id], [p1].[Content], [p1].[ContentType], [p1].[CreatedAt], [p1].[CreatedBy], [p1].[IsDeleted], [p1].[MediaFileId], [p1].[PostId], [p1].[SortOrder], [p1].[UpdatedAt], [p1].[UpdatedBy]
    FROM [PostContents] AS [p1]
    WHERE [p1].[IsDeleted] = CAST(0 AS bit)
) AS [t0] ON [t].[Id] = [t0].[PostId]
WHERE [p].[IsDeleted] = CAST(0 AS bit) AND [p].[Status] = 0 AND [p].[ScheduledAt] <= @__before_0
ORDER BY [p].[ScheduledAt], [p].[Id], [t].[Id]
2026-07-16 10:17:08.747 +07:00 [INF] Executed DbCommand (3ms) [Parameters=[@__before_0='?' (DbType = DateTime2)], CommandType='"Text"', CommandTimeout='30']
SELECT [p].[Id], [p].[CreatedAt], [p].[CreatedBy], [p].[ExecutedAt], [p].[FailureReason], [p].[IsDeleted], [p].[PostChannelAccountId], [p].[PostId], [p].[RetryCount], [p].[ScheduledAt], [p].[Status], [p].[UpdatedAt], [p].[UpdatedBy], [t].[Id], [t].[ChannelAccountId], [t].[CreatedAt], [t].[CreatedBy], [t].[DayNumber], [t].[ExternalPostId], [t].[IsDeleted], [t].[ProjectId], [t].[PublishedAt], [t].[PublishedUrl], [t].[ScheduledAt], [t].[Status], [t].[TimelineId], [t].[Title], [t].[TrackingEnabled], [t].[UpdatedAt], [t].[UpdatedBy], [t].[VoiceSampleId], [t0].[Id], [t0].[Content], [t0].[ContentType], [t0].[CreatedAt], [t0].[CreatedBy], [t0].[IsDeleted], [t0].[MediaFileId], [t0].[PostId], [t0].[SortOrder], [t0].[UpdatedAt], [t0].[UpdatedBy]
FROM [PostSchedules] AS [p]
INNER JOIN (
    SELECT [p0].[Id], [p0].[ChannelAccountId], [p0].[CreatedAt], [p0].[CreatedBy], [p0].[DayNumber], [p0].[ExternalPostId], [p0].[IsDeleted], [p0].[ProjectId], [p0].[PublishedAt], [p0].[PublishedUrl], [p0].[ScheduledAt], [p0].[Status], [p0].[TimelineId], [p0].[Title], [p0].[TrackingEnabled], [p0].[UpdatedAt], [p0].[UpdatedBy], [p0].[VoiceSampleId]
    FROM [Posts] AS [p0]
    WHERE [p0].[IsDeleted] = CAST(0 AS bit)
) AS [t] ON [p].[PostId] = [t].[Id]
LEFT JOIN (
    SELECT [p1].[Id], [p1].[Content], [p1].[ContentType], [p1].[CreatedAt], [p1].[CreatedBy], [p1].[IsDeleted], [p1].[MediaFileId], [p1].[PostId], [p1].[SortOrder], [p1].[UpdatedAt], [p1].[UpdatedBy]
    FROM [PostContents] AS [p1]
    WHERE [p1].[IsDeleted] = CAST(0 AS bit)
) AS [t0] ON [t].[Id] = [t0].[PostId]
WHERE [p].[IsDeleted] = CAST(0 AS bit) AND [p].[Status] = 0 AND [p].[ScheduledAt] <= @__before_0
ORDER BY [p].[ScheduledAt], [p].[Id], [t].[Id]
2026-07-16 10:18:08.824 +07:00 [INF] Executed DbCommand (2ms) [Parameters=[@__before_0='?' (DbType = DateTime2)], CommandType='"Text"', CommandTimeout='30']
SELECT [p].[Id], [p].[CreatedAt], [p].[CreatedBy], [p].[ExecutedAt], [p].[FailureReason], [p].[IsDeleted], [p].[PostChannelAccountId], [p].[PostId], [p].[RetryCount], [p].[ScheduledAt], [p].[Status], [p].[UpdatedAt], [p].[UpdatedBy], [t].[Id], [t].[ChannelAccountId], [t].[CreatedAt], [t].[CreatedBy], [t].[DayNumber], [t].[ExternalPostId], [t].[IsDeleted], [t].[ProjectId], [t].[PublishedAt], [t].[PublishedUrl], [t].[ScheduledAt], [t].[Status], [t].[TimelineId], [t].[Title], [t].[TrackingEnabled], [t].[UpdatedAt], [t].[UpdatedBy], [t].[VoiceSampleId], [t0].[Id], [t0].[Content], [t0].[ContentType], [t0].[CreatedAt], [t0].[CreatedBy], [t0].[IsDeleted], [t0].[MediaFileId], [t0].[PostId], [t0].[SortOrder], [t0].[UpdatedAt], [t0].[UpdatedBy]
FROM [PostSchedules] AS [p]
INNER JOIN (
    SELECT [p0].[Id], [p0].[ChannelAccountId], [p0].[CreatedAt], [p0].[CreatedBy], [p0].[DayNumber], [p0].[ExternalPostId], [p0].[IsDeleted], [p0].[ProjectId], [p0].[PublishedAt], [p0].[PublishedUrl], [p0].[ScheduledAt], [p0].[Status], [p0].[TimelineId], [p0].[Title], [p0].[TrackingEnabled], [p0].[UpdatedAt], [p0].[UpdatedBy], [p0].[VoiceSampleId]
    FROM [Posts] AS [p0]
    WHERE [p0].[IsDeleted] = CAST(0 AS bit)
) AS [t] ON [p].[PostId] = [t].[Id]
LEFT JOIN (
    SELECT [p1].[Id], [p1].[Content], [p1].[ContentType], [p1].[CreatedAt], [p1].[CreatedBy], [p1].[IsDeleted], [p1].[MediaFileId], [p1].[PostId], [p1].[SortOrder], [p1].[UpdatedAt], [p1].[UpdatedBy]
    FROM [PostContents] AS [p1]
    WHERE [p1].[IsDeleted] = CAST(0 AS bit)
) AS [t0] ON [t].[Id] = [t0].[PostId]
WHERE [p].[IsDeleted] = CAST(0 AS bit) AND [p].[Status] = 0 AND [p].[ScheduledAt] <= @__before_0
ORDER BY [p].[ScheduledAt], [p].[Id], [t].[Id]
2026-07-16 10:19:08.932 +07:00 [INF] Executed DbCommand (11ms) [Parameters=[@__before_0='?' (DbType = DateTime2)], CommandType='"Text"', CommandTimeout='30']
SELECT [p].[Id], [p].[CreatedAt], [p].[CreatedBy], [p].[ExecutedAt], [p].[FailureReason], [p].[IsDeleted], [p].[PostChannelAccountId], [p].[PostId], [p].[RetryCount], [p].[ScheduledAt], [p].[Status], [p].[UpdatedAt], [p].[UpdatedBy], [t].[Id], [t].[ChannelAccountId], [t].[CreatedAt], [t].[CreatedBy], [t].[DayNumber], [t].[ExternalPostId], [t].[IsDeleted], [t].[ProjectId], [t].[PublishedAt], [t].[PublishedUrl], [t].[ScheduledAt], [t].[Status], [t].[TimelineId], [t].[Title], [t].[TrackingEnabled], [t].[UpdatedAt], [t].[UpdatedBy], [t].[VoiceSampleId], [t0].[Id], [t0].[Content], [t0].[ContentType], [t0].[CreatedAt], [t0].[CreatedBy], [t0].[IsDeleted], [t0].[MediaFileId], [t0].[PostId], [t0].[SortOrder], [t0].[UpdatedAt], [t0].[UpdatedBy]
FROM [PostSchedules] AS [p]
INNER JOIN (
    SELECT [p0].[Id], [p0].[ChannelAccountId], [p0].[CreatedAt], [p0].[CreatedBy], [p0].[DayNumber], [p0].[ExternalPostId], [p0].[IsDeleted], [p0].[ProjectId], [p0].[PublishedAt], [p0].[PublishedUrl], [p0].[ScheduledAt], [p0].[Status], [p0].[TimelineId], [p0].[Title], [p0].[TrackingEnabled], [p0].[UpdatedAt], [p0].[UpdatedBy], [p0].[VoiceSampleId]
    FROM [Posts] AS [p0]
    WHERE [p0].[IsDeleted] = CAST(0 AS bit)
) AS [t] ON [p].[PostId] = [t].[Id]
LEFT JOIN (
    SELECT [p1].[Id], [p1].[Content], [p1].[ContentType], [p1].[CreatedAt], [p1].[CreatedBy], [p1].[IsDeleted], [p1].[MediaFileId], [p1].[PostId], [p1].[SortOrder], [p1].[UpdatedAt], [p1].[UpdatedBy]
    FROM [PostContents] AS [p1]
    WHERE [p1].[IsDeleted] = CAST(0 AS bit)
) AS [t0] ON [t].[Id] = [t0].[PostId]
WHERE [p].[IsDeleted] = CAST(0 AS bit) AND [p].[Status] = 0 AND [p].[ScheduledAt] <= @__before_0
ORDER BY [p].[ScheduledAt], [p].[Id], [t].[Id]
2026-07-16 10:20:09.026 +07:00 [INF] Executed DbCommand (9ms) [Parameters=[@__before_0='?' (DbType = DateTime2)], CommandType='"Text"', CommandTimeout='30']
SELECT [p].[Id], [p].[CreatedAt], [p].[CreatedBy], [p].[ExecutedAt], [p].[FailureReason], [p].[IsDeleted], [p].[PostChannelAccountId], [p].[PostId], [p].[RetryCount], [p].[ScheduledAt], [p].[Status], [p].[UpdatedAt], [p].[UpdatedBy], [t].[Id], [t].[ChannelAccountId], [t].[CreatedAt], [t].[CreatedBy], [t].[DayNumber], [t].[ExternalPostId], [t].[IsDeleted], [t].[ProjectId], [t].[PublishedAt], [t].[PublishedUrl], [t].[ScheduledAt], [t].[Status], [t].[TimelineId], [t].[Title], [t].[TrackingEnabled], [t].[UpdatedAt], [t].[UpdatedBy], [t].[VoiceSampleId], [t0].[Id], [t0].[Content], [t0].[ContentType], [t0].[CreatedAt], [t0].[CreatedBy], [t0].[IsDeleted], [t0].[MediaFileId], [t0].[PostId], [t0].[SortOrder], [t0].[UpdatedAt], [t0].[UpdatedBy]
FROM [PostSchedules] AS [p]
INNER JOIN (
    SELECT [p0].[Id], [p0].[ChannelAccountId], [p0].[CreatedAt], [p0].[CreatedBy], [p0].[DayNumber], [p0].[ExternalPostId], [p0].[IsDeleted], [p0].[ProjectId], [p0].[PublishedAt], [p0].[PublishedUrl], [p0].[ScheduledAt], [p0].[Status], [p0].[TimelineId], [p0].[Title], [p0].[TrackingEnabled], [p0].[UpdatedAt], [p0].[UpdatedBy], [p0].[VoiceSampleId]
    FROM [Posts] AS [p0]
    WHERE [p0].[IsDeleted] = CAST(0 AS bit)
) AS [t] ON [p].[PostId] = [t].[Id]
LEFT JOIN (
    SELECT [p1].[Id], [p1].[Content], [p1].[ContentType], [p1].[CreatedAt], [p1].[CreatedBy], [p1].[IsDeleted], [p1].[MediaFileId], [p1].[PostId], [p1].[SortOrder], [p1].[UpdatedAt], [p1].[UpdatedBy]
    FROM [PostContents] AS [p1]
    WHERE [p1].[IsDeleted] = CAST(0 AS bit)
) AS [t0] ON [t].[Id] = [t0].[PostId]
WHERE [p].[IsDeleted] = CAST(0 AS bit) AND [p].[Status] = 0 AND [p].[ScheduledAt] <= @__before_0
ORDER BY [p].[ScheduledAt], [p].[Id], [t].[Id]
2026-07-16 10:21:09.114 +07:00 [INF] Executed DbCommand (8ms) [Parameters=[@__before_0='?' (DbType = DateTime2)], CommandType='"Text"', CommandTimeout='30']
SELECT [p].[Id], [p].[CreatedAt], [p].[CreatedBy], [p].[ExecutedAt], [p].[FailureReason], [p].[IsDeleted], [p].[PostChannelAccountId], [p].[PostId], [p].[RetryCount], [p].[ScheduledAt], [p].[Status], [p].[UpdatedAt], [p].[UpdatedBy], [t].[Id], [t].[ChannelAccountId], [t].[CreatedAt], [t].[CreatedBy], [t].[DayNumber], [t].[ExternalPostId], [t].[IsDeleted], [t].[ProjectId], [t].[PublishedAt], [t].[PublishedUrl], [t].[ScheduledAt], [t].[Status], [t].[TimelineId], [t].[Title], [t].[TrackingEnabled], [t].[UpdatedAt], [t].[UpdatedBy], [t].[VoiceSampleId], [t0].[Id], [t0].[Content], [t0].[ContentType], [t0].[CreatedAt], [t0].[CreatedBy], [t0].[IsDeleted], [t0].[MediaFileId], [t0].[PostId], [t0].[SortOrder], [t0].[UpdatedAt], [t0].[UpdatedBy]
FROM [PostSchedules] AS [p]
INNER JOIN (
    SELECT [p0].[Id], [p0].[ChannelAccountId], [p0].[CreatedAt], [p0].[CreatedBy], [p0].[DayNumber], [p0].[ExternalPostId], [p0].[IsDeleted], [p0].[ProjectId], [p0].[PublishedAt], [p0].[PublishedUrl], [p0].[ScheduledAt], [p0].[Status], [p0].[TimelineId], [p0].[Title], [p0].[TrackingEnabled], [p0].[UpdatedAt], [p0].[UpdatedBy], [p0].[VoiceSampleId]
    FROM [Posts] AS [p0]
    WHERE [p0].[IsDeleted] = CAST(0 AS bit)
) AS [t] ON [p].[PostId] = [t].[Id]
LEFT JOIN (
    SELECT [p1].[Id], [p1].[Content], [p1].[ContentType], [p1].[CreatedAt], [p1].[CreatedBy], [p1].[IsDeleted], [p1].[MediaFileId], [p1].[PostId], [p1].[SortOrder], [p1].[UpdatedAt], [p1].[UpdatedBy]
    FROM [PostContents] AS [p1]
    WHERE [p1].[IsDeleted] = CAST(0 AS bit)
) AS [t0] ON [t].[Id] = [t0].[PostId]
WHERE [p].[IsDeleted] = CAST(0 AS bit) AND [p].[Status] = 0 AND [p].[ScheduledAt] <= @__before_0
ORDER BY [p].[ScheduledAt], [p].[Id], [t].[Id]
2026-07-16 10:22:09.210 +07:00 [INF] Executed DbCommand (9ms) [Parameters=[@__before_0='?' (DbType = DateTime2)], CommandType='"Text"', CommandTimeout='30']
SELECT [p].[Id], [p].[CreatedAt], [p].[CreatedBy], [p].[ExecutedAt], [p].[FailureReason], [p].[IsDeleted], [p].[PostChannelAccountId], [p].[PostId], [p].[RetryCount], [p].[ScheduledAt], [p].[Status], [p].[UpdatedAt], [p].[UpdatedBy], [t].[Id], [t].[ChannelAccountId], [t].[CreatedAt], [t].[CreatedBy], [t].[DayNumber], [t].[ExternalPostId], [t].[IsDeleted], [t].[ProjectId], [t].[PublishedAt], [t].[PublishedUrl], [t].[ScheduledAt], [t].[Status], [t].[TimelineId], [t].[Title], [t].[TrackingEnabled], [t].[UpdatedAt], [t].[UpdatedBy], [t].[VoiceSampleId], [t0].[Id], [t0].[Content], [t0].[ContentType], [t0].[CreatedAt], [t0].[CreatedBy], [t0].[IsDeleted], [t0].[MediaFileId], [t0].[PostId], [t0].[SortOrder], [t0].[UpdatedAt], [t0].[UpdatedBy]
FROM [PostSchedules] AS [p]
INNER JOIN (
    SELECT [p0].[Id], [p0].[ChannelAccountId], [p0].[CreatedAt], [p0].[CreatedBy], [p0].[DayNumber], [p0].[ExternalPostId], [p0].[IsDeleted], [p0].[ProjectId], [p0].[PublishedAt], [p0].[PublishedUrl], [p0].[ScheduledAt], [p0].[Status], [p0].[TimelineId], [p0].[Title], [p0].[TrackingEnabled], [p0].[UpdatedAt], [p0].[UpdatedBy], [p0].[VoiceSampleId]
    FROM [Posts] AS [p0]
    WHERE [p0].[IsDeleted] = CAST(0 AS bit)
) AS [t] ON [p].[PostId] = [t].[Id]
LEFT JOIN (
    SELECT [p1].[Id], [p1].[Content], [p1].[ContentType], [p1].[CreatedAt], [p1].[CreatedBy], [p1].[IsDeleted], [p1].[MediaFileId], [p1].[PostId], [p1].[SortOrder], [p1].[UpdatedAt], [p1].[UpdatedBy]
    FROM [PostContents] AS [p1]
    WHERE [p1].[IsDeleted] = CAST(0 AS bit)
) AS [t0] ON [t].[Id] = [t0].[PostId]
WHERE [p].[IsDeleted] = CAST(0 AS bit) AND [p].[Status] = 0 AND [p].[ScheduledAt] <= @__before_0
ORDER BY [p].[ScheduledAt], [p].[Id], [t].[Id]
2026-07-16 10:33:39.584 +07:00 [INF] Executed DbCommand (52ms) [Parameters=[@__before_0='?' (DbType = DateTime2)], CommandType='"Text"', CommandTimeout='30']
SELECT [p].[Id], [p].[CreatedAt], [p].[CreatedBy], [p].[ExecutedAt], [p].[FailureReason], [p].[IsDeleted], [p].[PostChannelAccountId], [p].[PostId], [p].[RetryCount], [p].[ScheduledAt], [p].[Status], [p].[UpdatedAt], [p].[UpdatedBy], [t].[Id], [t].[ChannelAccountId], [t].[CreatedAt], [t].[CreatedBy], [t].[DayNumber], [t].[ExternalPostId], [t].[IsDeleted], [t].[ProjectId], [t].[PublishedAt], [t].[PublishedUrl], [t].[ScheduledAt], [t].[Status], [t].[TimelineId], [t].[Title], [t].[TrackingEnabled], [t].[UpdatedAt], [t].[UpdatedBy], [t].[VoiceSampleId], [t0].[Id], [t0].[Content], [t0].[ContentType], [t0].[CreatedAt], [t0].[CreatedBy], [t0].[IsDeleted], [t0].[MediaFileId], [t0].[PostId], [t0].[SortOrder], [t0].[UpdatedAt], [t0].[UpdatedBy]
FROM [PostSchedules] AS [p]
INNER JOIN (
    SELECT [p0].[Id], [p0].[ChannelAccountId], [p0].[CreatedAt], [p0].[CreatedBy], [p0].[DayNumber], [p0].[ExternalPostId], [p0].[IsDeleted], [p0].[ProjectId], [p0].[PublishedAt], [p0].[PublishedUrl], [p0].[ScheduledAt], [p0].[Status], [p0].[TimelineId], [p0].[Title], [p0].[TrackingEnabled], [p0].[UpdatedAt], [p0].[UpdatedBy], [p0].[VoiceSampleId]
    FROM [Posts] AS [p0]
    WHERE [p0].[IsDeleted] = CAST(0 AS bit)
) AS [t] ON [p].[PostId] = [t].[Id]
LEFT JOIN (
    SELECT [p1].[Id], [p1].[Content], [p1].[ContentType], [p1].[CreatedAt], [p1].[CreatedBy], [p1].[IsDeleted], [p1].[MediaFileId], [p1].[PostId], [p1].[SortOrder], [p1].[UpdatedAt], [p1].[UpdatedBy]
    FROM [PostContents] AS [p1]
    WHERE [p1].[IsDeleted] = CAST(0 AS bit)
) AS [t0] ON [t].[Id] = [t0].[PostId]
WHERE [p].[IsDeleted] = CAST(0 AS bit) AND [p].[Status] = 0 AND [p].[ScheduledAt] <= @__before_0
ORDER BY [p].[ScheduledAt], [p].[Id], [t].[Id]
2026-07-16 10:34:09.426 +07:00 [INF] Executed DbCommand (3ms) [Parameters=[@__before_0='?' (DbType = DateTime2)], CommandType='"Text"', CommandTimeout='30']
SELECT [p].[Id], [p].[CreatedAt], [p].[CreatedBy], [p].[ExecutedAt], [p].[FailureReason], [p].[IsDeleted], [p].[PostChannelAccountId], [p].[PostId], [p].[RetryCount], [p].[ScheduledAt], [p].[Status], [p].[UpdatedAt], [p].[UpdatedBy], [t].[Id], [t].[ChannelAccountId], [t].[CreatedAt], [t].[CreatedBy], [t].[DayNumber], [t].[ExternalPostId], [t].[IsDeleted], [t].[ProjectId], [t].[PublishedAt], [t].[PublishedUrl], [t].[ScheduledAt], [t].[Status], [t].[TimelineId], [t].[Title], [t].[TrackingEnabled], [t].[UpdatedAt], [t].[UpdatedBy], [t].[VoiceSampleId], [t0].[Id], [t0].[Content], [t0].[ContentType], [t0].[CreatedAt], [t0].[CreatedBy], [t0].[IsDeleted], [t0].[MediaFileId], [t0].[PostId], [t0].[SortOrder], [t0].[UpdatedAt], [t0].[UpdatedBy]
FROM [PostSchedules] AS [p]
INNER JOIN (
    SELECT [p0].[Id], [p0].[ChannelAccountId], [p0].[CreatedAt], [p0].[CreatedBy], [p0].[DayNumber], [p0].[ExternalPostId], [p0].[IsDeleted], [p0].[ProjectId], [p0].[PublishedAt], [p0].[PublishedUrl], [p0].[ScheduledAt], [p0].[Status], [p0].[TimelineId], [p0].[Title], [p0].[TrackingEnabled], [p0].[UpdatedAt], [p0].[UpdatedBy], [p0].[VoiceSampleId]
    FROM [Posts] AS [p0]
    WHERE [p0].[IsDeleted] = CAST(0 AS bit)
) AS [t] ON [p].[PostId] = [t].[Id]
LEFT JOIN (
    SELECT [p1].[Id], [p1].[Content], [p1].[ContentType], [p1].[CreatedAt], [p1].[CreatedBy], [p1].[IsDeleted], [p1].[MediaFileId], [p1].[PostId], [p1].[SortOrder], [p1].[UpdatedAt], [p1].[UpdatedBy]
    FROM [PostContents] AS [p1]
    WHERE [p1].[IsDeleted] = CAST(0 AS bit)
) AS [t0] ON [t].[Id] = [t0].[PostId]
WHERE [p].[IsDeleted] = CAST(0 AS bit) AND [p].[Status] = 0 AND [p].[ScheduledAt] <= @__before_0
ORDER BY [p].[ScheduledAt], [p].[Id], [t].[Id]
2026-07-16 10:35:09.527 +07:00 [INF] Executed DbCommand (7ms) [Parameters=[@__before_0='?' (DbType = DateTime2)], CommandType='"Text"', CommandTimeout='30']
SELECT [p].[Id], [p].[CreatedAt], [p].[CreatedBy], [p].[ExecutedAt], [p].[FailureReason], [p].[IsDeleted], [p].[PostChannelAccountId], [p].[PostId], [p].[RetryCount], [p].[ScheduledAt], [p].[Status], [p].[UpdatedAt], [p].[UpdatedBy], [t].[Id], [t].[ChannelAccountId], [t].[CreatedAt], [t].[CreatedBy], [t].[DayNumber], [t].[ExternalPostId], [t].[IsDeleted], [t].[ProjectId], [t].[PublishedAt], [t].[PublishedUrl], [t].[ScheduledAt], [t].[Status], [t].[TimelineId], [t].[Title], [t].[TrackingEnabled], [t].[UpdatedAt], [t].[UpdatedBy], [t].[VoiceSampleId], [t0].[Id], [t0].[Content], [t0].[ContentType], [t0].[CreatedAt], [t0].[CreatedBy], [t0].[IsDeleted], [t0].[MediaFileId], [t0].[PostId], [t0].[SortOrder], [t0].[UpdatedAt], [t0].[UpdatedBy]
FROM [PostSchedules] AS [p]
INNER JOIN (
    SELECT [p0].[Id], [p0].[ChannelAccountId], [p0].[CreatedAt], [p0].[CreatedBy], [p0].[DayNumber], [p0].[ExternalPostId], [p0].[IsDeleted], [p0].[ProjectId], [p0].[PublishedAt], [p0].[PublishedUrl], [p0].[ScheduledAt], [p0].[Status], [p0].[TimelineId], [p0].[Title], [p0].[TrackingEnabled], [p0].[UpdatedAt], [p0].[UpdatedBy], [p0].[VoiceSampleId]
    FROM [Posts] AS [p0]
    WHERE [p0].[IsDeleted] = CAST(0 AS bit)
) AS [t] ON [p].[PostId] = [t].[Id]
LEFT JOIN (
    SELECT [p1].[Id], [p1].[Content], [p1].[ContentType], [p1].[CreatedAt], [p1].[CreatedBy], [p1].[IsDeleted], [p1].[MediaFileId], [p1].[PostId], [p1].[SortOrder], [p1].[UpdatedAt], [p1].[UpdatedBy]
    FROM [PostContents] AS [p1]
    WHERE [p1].[IsDeleted] = CAST(0 AS bit)
) AS [t0] ON [t].[Id] = [t0].[PostId]
WHERE [p].[IsDeleted] = CAST(0 AS bit) AND [p].[Status] = 0 AND [p].[ScheduledAt] <= @__before_0
ORDER BY [p].[ScheduledAt], [p].[Id], [t].[Id]
2026-07-16 10:36:09.625 +07:00 [INF] Executed DbCommand (8ms) [Parameters=[@__before_0='?' (DbType = DateTime2)], CommandType='"Text"', CommandTimeout='30']
SELECT [p].[Id], [p].[CreatedAt], [p].[CreatedBy], [p].[ExecutedAt], [p].[FailureReason], [p].[IsDeleted], [p].[PostChannelAccountId], [p].[PostId], [p].[RetryCount], [p].[ScheduledAt], [p].[Status], [p].[UpdatedAt], [p].[UpdatedBy], [t].[Id], [t].[ChannelAccountId], [t].[CreatedAt], [t].[CreatedBy], [t].[DayNumber], [t].[ExternalPostId], [t].[IsDeleted], [t].[ProjectId], [t].[PublishedAt], [t].[PublishedUrl], [t].[ScheduledAt], [t].[Status], [t].[TimelineId], [t].[Title], [t].[TrackingEnabled], [t].[UpdatedAt], [t].[UpdatedBy], [t].[VoiceSampleId], [t0].[Id], [t0].[Content], [t0].[ContentType], [t0].[CreatedAt], [t0].[CreatedBy], [t0].[IsDeleted], [t0].[MediaFileId], [t0].[PostId], [t0].[SortOrder], [t0].[UpdatedAt], [t0].[UpdatedBy]
FROM [PostSchedules] AS [p]
INNER JOIN (
    SELECT [p0].[Id], [p0].[ChannelAccountId], [p0].[CreatedAt], [p0].[CreatedBy], [p0].[DayNumber], [p0].[ExternalPostId], [p0].[IsDeleted], [p0].[ProjectId], [p0].[PublishedAt], [p0].[PublishedUrl], [p0].[ScheduledAt], [p0].[Status], [p0].[TimelineId], [p0].[Title], [p0].[TrackingEnabled], [p0].[UpdatedAt], [p0].[UpdatedBy], [p0].[VoiceSampleId]
    FROM [Posts] AS [p0]
    WHERE [p0].[IsDeleted] = CAST(0 AS bit)
) AS [t] ON [p].[PostId] = [t].[Id]
LEFT JOIN (
    SELECT [p1].[Id], [p1].[Content], [p1].[ContentType], [p1].[CreatedAt], [p1].[CreatedBy], [p1].[IsDeleted], [p1].[MediaFileId], [p1].[PostId], [p1].[SortOrder], [p1].[UpdatedAt], [p1].[UpdatedBy]
    FROM [PostContents] AS [p1]
    WHERE [p1].[IsDeleted] = CAST(0 AS bit)
) AS [t0] ON [t].[Id] = [t0].[PostId]
WHERE [p].[IsDeleted] = CAST(0 AS bit) AND [p].[Status] = 0 AND [p].[ScheduledAt] <= @__before_0
ORDER BY [p].[ScheduledAt], [p].[Id], [t].[Id]
2026-07-16 10:37:09.713 +07:00 [INF] Executed DbCommand (7ms) [Parameters=[@__before_0='?' (DbType = DateTime2)], CommandType='"Text"', CommandTimeout='30']
SELECT [p].[Id], [p].[CreatedAt], [p].[CreatedBy], [p].[ExecutedAt], [p].[FailureReason], [p].[IsDeleted], [p].[PostChannelAccountId], [p].[PostId], [p].[RetryCount], [p].[ScheduledAt], [p].[Status], [p].[UpdatedAt], [p].[UpdatedBy], [t].[Id], [t].[ChannelAccountId], [t].[CreatedAt], [t].[CreatedBy], [t].[DayNumber], [t].[ExternalPostId], [t].[IsDeleted], [t].[ProjectId], [t].[PublishedAt], [t].[PublishedUrl], [t].[ScheduledAt], [t].[Status], [t].[TimelineId], [t].[Title], [t].[TrackingEnabled], [t].[UpdatedAt], [t].[UpdatedBy], [t].[VoiceSampleId], [t0].[Id], [t0].[Content], [t0].[ContentType], [t0].[CreatedAt], [t0].[CreatedBy], [t0].[IsDeleted], [t0].[MediaFileId], [t0].[PostId], [t0].[SortOrder], [t0].[UpdatedAt], [t0].[UpdatedBy]
FROM [PostSchedules] AS [p]
INNER JOIN (
    SELECT [p0].[Id], [p0].[ChannelAccountId], [p0].[CreatedAt], [p0].[CreatedBy], [p0].[DayNumber], [p0].[ExternalPostId], [p0].[IsDeleted], [p0].[ProjectId], [p0].[PublishedAt], [p0].[PublishedUrl], [p0].[ScheduledAt], [p0].[Status], [p0].[TimelineId], [p0].[Title], [p0].[TrackingEnabled], [p0].[UpdatedAt], [p0].[UpdatedBy], [p0].[VoiceSampleId]
    FROM [Posts] AS [p0]
    WHERE [p0].[IsDeleted] = CAST(0 AS bit)
) AS [t] ON [p].[PostId] = [t].[Id]
LEFT JOIN (
    SELECT [p1].[Id], [p1].[Content], [p1].[ContentType], [p1].[CreatedAt], [p1].[CreatedBy], [p1].[IsDeleted], [p1].[MediaFileId], [p1].[PostId], [p1].[SortOrder], [p1].[UpdatedAt], [p1].[UpdatedBy]
    FROM [PostContents] AS [p1]
    WHERE [p1].[IsDeleted] = CAST(0 AS bit)
) AS [t0] ON [t].[Id] = [t0].[PostId]
WHERE [p].[IsDeleted] = CAST(0 AS bit) AND [p].[Status] = 0 AND [p].[ScheduledAt] <= @__before_0
ORDER BY [p].[ScheduledAt], [p].[Id], [t].[Id]
2026-07-16 10:38:09.837 +07:00 [INF] Executed DbCommand (9ms) [Parameters=[@__before_0='?' (DbType = DateTime2)], CommandType='"Text"', CommandTimeout='30']
SELECT [p].[Id], [p].[CreatedAt], [p].[CreatedBy], [p].[ExecutedAt], [p].[FailureReason], [p].[IsDeleted], [p].[PostChannelAccountId], [p].[PostId], [p].[RetryCount], [p].[ScheduledAt], [p].[Status], [p].[UpdatedAt], [p].[UpdatedBy], [t].[Id], [t].[ChannelAccountId], [t].[CreatedAt], [t].[CreatedBy], [t].[DayNumber], [t].[ExternalPostId], [t].[IsDeleted], [t].[ProjectId], [t].[PublishedAt], [t].[PublishedUrl], [t].[ScheduledAt], [t].[Status], [t].[TimelineId], [t].[Title], [t].[TrackingEnabled], [t].[UpdatedAt], [t].[UpdatedBy], [t].[VoiceSampleId], [t0].[Id], [t0].[Content], [t0].[ContentType], [t0].[CreatedAt], [t0].[CreatedBy], [t0].[IsDeleted], [t0].[MediaFileId], [t0].[PostId], [t0].[SortOrder], [t0].[UpdatedAt], [t0].[UpdatedBy]
FROM [PostSchedules] AS [p]
INNER JOIN (
    SELECT [p0].[Id], [p0].[ChannelAccountId], [p0].[CreatedAt], [p0].[CreatedBy], [p0].[DayNumber], [p0].[ExternalPostId], [p0].[IsDeleted], [p0].[ProjectId], [p0].[PublishedAt], [p0].[PublishedUrl], [p0].[ScheduledAt], [p0].[Status], [p0].[TimelineId], [p0].[Title], [p0].[TrackingEnabled], [p0].[UpdatedAt], [p0].[UpdatedBy], [p0].[VoiceSampleId]
    FROM [Posts] AS [p0]
    WHERE [p0].[IsDeleted] = CAST(0 AS bit)
) AS [t] ON [p].[PostId] = [t].[Id]
LEFT JOIN (
    SELECT [p1].[Id], [p1].[Content], [p1].[ContentType], [p1].[CreatedAt], [p1].[CreatedBy], [p1].[IsDeleted], [p1].[MediaFileId], [p1].[PostId], [p1].[SortOrder], [p1].[UpdatedAt], [p1].[UpdatedBy]
    FROM [PostContents] AS [p1]
    WHERE [p1].[IsDeleted] = CAST(0 AS bit)
) AS [t0] ON [t].[Id] = [t0].[PostId]
WHERE [p].[IsDeleted] = CAST(0 AS bit) AND [p].[Status] = 0 AND [p].[ScheduledAt] <= @__before_0
ORDER BY [p].[ScheduledAt], [p].[Id], [t].[Id]
2026-07-16 10:44:33.116 +07:00 [INF] Executed DbCommand (14ms) [Parameters=[@__before_0='?' (DbType = DateTime2)], CommandType='"Text"', CommandTimeout='30']
SELECT [p].[Id], [p].[CreatedAt], [p].[CreatedBy], [p].[ExecutedAt], [p].[FailureReason], [p].[IsDeleted], [p].[PostChannelAccountId], [p].[PostId], [p].[RetryCount], [p].[ScheduledAt], [p].[Status], [p].[UpdatedAt], [p].[UpdatedBy], [t].[Id], [t].[ChannelAccountId], [t].[CreatedAt], [t].[CreatedBy], [t].[DayNumber], [t].[ExternalPostId], [t].[IsDeleted], [t].[ProjectId], [t].[PublishedAt], [t].[PublishedUrl], [t].[ScheduledAt], [t].[Status], [t].[TimelineId], [t].[Title], [t].[TrackingEnabled], [t].[UpdatedAt], [t].[UpdatedBy], [t].[VoiceSampleId], [t0].[Id], [t0].[Content], [t0].[ContentType], [t0].[CreatedAt], [t0].[CreatedBy], [t0].[IsDeleted], [t0].[MediaFileId], [t0].[PostId], [t0].[SortOrder], [t0].[UpdatedAt], [t0].[UpdatedBy]
FROM [PostSchedules] AS [p]
INNER JOIN (
    SELECT [p0].[Id], [p0].[ChannelAccountId], [p0].[CreatedAt], [p0].[CreatedBy], [p0].[DayNumber], [p0].[ExternalPostId], [p0].[IsDeleted], [p0].[ProjectId], [p0].[PublishedAt], [p0].[PublishedUrl], [p0].[ScheduledAt], [p0].[Status], [p0].[TimelineId], [p0].[Title], [p0].[TrackingEnabled], [p0].[UpdatedAt], [p0].[UpdatedBy], [p0].[VoiceSampleId]
    FROM [Posts] AS [p0]
    WHERE [p0].[IsDeleted] = CAST(0 AS bit)
) AS [t] ON [p].[PostId] = [t].[Id]
LEFT JOIN (
    SELECT [p1].[Id], [p1].[Content], [p1].[ContentType], [p1].[CreatedAt], [p1].[CreatedBy], [p1].[IsDeleted], [p1].[MediaFileId], [p1].[PostId], [p1].[SortOrder], [p1].[UpdatedAt], [p1].[UpdatedBy]
    FROM [PostContents] AS [p1]
    WHERE [p1].[IsDeleted] = CAST(0 AS bit)
) AS [t0] ON [t].[Id] = [t0].[PostId]
WHERE [p].[IsDeleted] = CAST(0 AS bit) AND [p].[Status] = 0 AND [p].[ScheduledAt] <= @__before_0
ORDER BY [p].[ScheduledAt], [p].[Id], [t].[Id]
2026-07-16 10:45:03.131 +07:00 [INF] Executed DbCommand (2ms) [Parameters=[@__before_0='?' (DbType = DateTime2)], CommandType='"Text"', CommandTimeout='30']
SELECT [p].[Id], [p].[CreatedAt], [p].[CreatedBy], [p].[ExecutedAt], [p].[FailureReason], [p].[IsDeleted], [p].[PostChannelAccountId], [p].[PostId], [p].[RetryCount], [p].[ScheduledAt], [p].[Status], [p].[UpdatedAt], [p].[UpdatedBy], [t].[Id], [t].[ChannelAccountId], [t].[CreatedAt], [t].[CreatedBy], [t].[DayNumber], [t].[ExternalPostId], [t].[IsDeleted], [t].[ProjectId], [t].[PublishedAt], [t].[PublishedUrl], [t].[ScheduledAt], [t].[Status], [t].[TimelineId], [t].[Title], [t].[TrackingEnabled], [t].[UpdatedAt], [t].[UpdatedBy], [t].[VoiceSampleId], [t0].[Id], [t0].[Content], [t0].[ContentType], [t0].[CreatedAt], [t0].[CreatedBy], [t0].[IsDeleted], [t0].[MediaFileId], [t0].[PostId], [t0].[SortOrder], [t0].[UpdatedAt], [t0].[UpdatedBy]
FROM [PostSchedules] AS [p]
INNER JOIN (
    SELECT [p0].[Id], [p0].[ChannelAccountId], [p0].[CreatedAt], [p0].[CreatedBy], [p0].[DayNumber], [p0].[ExternalPostId], [p0].[IsDeleted], [p0].[ProjectId], [p0].[PublishedAt], [p0].[PublishedUrl], [p0].[ScheduledAt], [p0].[Status], [p0].[TimelineId], [p0].[Title], [p0].[TrackingEnabled], [p0].[UpdatedAt], [p0].[UpdatedBy], [p0].[VoiceSampleId]
    FROM [Posts] AS [p0]
    WHERE [p0].[IsDeleted] = CAST(0 AS bit)
) AS [t] ON [p].[PostId] = [t].[Id]
LEFT JOIN (
    SELECT [p1].[Id], [p1].[Content], [p1].[ContentType], [p1].[CreatedAt], [p1].[CreatedBy], [p1].[IsDeleted], [p1].[MediaFileId], [p1].[PostId], [p1].[SortOrder], [p1].[UpdatedAt], [p1].[UpdatedBy]
    FROM [PostContents] AS [p1]
    WHERE [p1].[IsDeleted] = CAST(0 AS bit)
) AS [t0] ON [t].[Id] = [t0].[PostId]
WHERE [p].[IsDeleted] = CAST(0 AS bit) AND [p].[Status] = 0 AND [p].[ScheduledAt] <= @__before_0
ORDER BY [p].[ScheduledAt], [p].[Id], [t].[Id]
2026-07-16 10:45:21.382 +07:00 [INF] HTTP POST /api/auth/login started
2026-07-16 10:45:21.388 +07:00 [INF] Handling LoginCommand {"Request":{"Email":"nguyenhoangviet531@gmail.com","Password":"Qwe12345","$type":"LoginRequest"},"$type":"LoginCommand"}
2026-07-16 10:45:21.399 +07:00 [INF] Executed DbCommand (4ms) [Parameters=[@__email_0='?' (Size = 256)], CommandType='"Text"', CommandTimeout='30']
SELECT TOP(1) [u].[Id], [u].[AvatarUrl], [u].[CreatedAt], [u].[CreatedBy], [u].[Email], [u].[FacebookId], [u].[FirstName], [u].[GoogleId], [u].[IsActive], [u].[IsDeleted], [u].[LastLoginAt], [u].[LastName], [u].[PasswordHash], [u].[Phone], [u].[ReferralCode], [u].[ReferredByUserId], [u].[UpdatedAt], [u].[UpdatedBy]
FROM [Users] AS [u]
WHERE [u].[IsDeleted] = CAST(0 AS bit) AND [u].[Email] = @__email_0
2026-07-16 10:45:21.420 +07:00 [INF] Executed DbCommand (7ms) [Parameters=[@__id_0='?' (DbType = Guid)], CommandType='"Text"', CommandTimeout='30']
SELECT [t].[Id], [t].[AvatarUrl], [t].[CreatedAt], [t].[CreatedBy], [t].[Email], [t].[FacebookId], [t].[FirstName], [t].[GoogleId], [t].[IsActive], [t].[IsDeleted], [t].[LastLoginAt], [t].[LastName], [t].[PasswordHash], [t].[Phone], [t].[ReferralCode], [t].[ReferredByUserId], [t].[UpdatedAt], [t].[UpdatedBy], [t0].[Id], [t0].[CreatedAt], [t0].[CreatedBy], [t0].[IsDeleted], [t0].[RoleId], [t0].[UpdatedAt], [t0].[UpdatedBy], [t0].[UserId], [t0].[Id0], [t0].[CreatedAt0], [t0].[CreatedBy0], [t0].[Description], [t0].[IsDeleted0], [t0].[IsSystem], [t0].[Name], [t0].[UpdatedAt0], [t0].[UpdatedBy0]
FROM (
    SELECT TOP(1) [u].[Id], [u].[AvatarUrl], [u].[CreatedAt], [u].[CreatedBy], [u].[Email], [u].[FacebookId], [u].[FirstName], [u].[GoogleId], [u].[IsActive], [u].[IsDeleted], [u].[LastLoginAt], [u].[LastName], [u].[PasswordHash], [u].[Phone], [u].[ReferralCode], [u].[ReferredByUserId], [u].[UpdatedAt], [u].[UpdatedBy]
    FROM [Users] AS [u]
    WHERE [u].[IsDeleted] = CAST(0 AS bit) AND [u].[Id] = @__id_0
) AS [t]
LEFT JOIN (
    SELECT [u0].[Id], [u0].[CreatedAt], [u0].[CreatedBy], [u0].[IsDeleted], [u0].[RoleId], [u0].[UpdatedAt], [u0].[UpdatedBy], [u0].[UserId], [t1].[Id] AS [Id0], [t1].[CreatedAt] AS [CreatedAt0], [t1].[CreatedBy] AS [CreatedBy0], [t1].[Description], [t1].[IsDeleted] AS [IsDeleted0], [t1].[IsSystem], [t1].[Name], [t1].[UpdatedAt] AS [UpdatedAt0], [t1].[UpdatedBy] AS [UpdatedBy0]
    FROM [UserRoles] AS [u0]
    INNER JOIN (
        SELECT [r].[Id], [r].[CreatedAt], [r].[CreatedBy], [r].[Description], [r].[IsDeleted], [r].[IsSystem], [r].[Name], [r].[UpdatedAt], [r].[UpdatedBy]
        FROM [Roles] AS [r]
        WHERE [r].[IsDeleted] = CAST(0 AS bit)
    ) AS [t1] ON [u0].[RoleId] = [t1].[Id]
    WHERE [u0].[IsDeleted] = CAST(0 AS bit)
) AS [t0] ON [t].[Id] = [t0].[UserId]
ORDER BY [t].[Id], [t0].[Id]
2026-07-16 10:45:21.436 +07:00 [INF] Executed DbCommand (9ms) [Parameters=[@p0='?' (DbType = Guid), @p1='?' (DbType = DateTime2), @p2='?' (DbType = Guid), @p3='?' (Size = 4000), @p4='?' (DbType = DateTime2), @p5='?' (DbType = Boolean), @p6='?' (Size = 512), @p7='?' (DbType = DateTime2), @p8='?' (Size = 512), @p9='?' (DbType = DateTime2), @p10='?' (DbType = Guid), @p11='?' (DbType = Guid), @p29='?' (DbType = Guid), @p12='?' (Size = 500), @p13='?' (DbType = DateTime2), @p14='?' (DbType = Guid), @p15='?' (Size = 256), @p16='?' (Size = 128), @p17='?' (Size = 100), @p18='?' (Size = 128), @p19='?' (DbType = Boolean), @p20='?' (DbType = Boolean), @p21='?' (DbType = DateTime2), @p22='?' (Size = 100), @p23='?' (Size = 512), @p24='?' (Size = 20), @p25='?' (Size = 32), @p26='?' (DbType = Guid), @p27='?' (DbType = DateTime2), @p28='?' (DbType = Guid)], CommandType='"Text"', CommandTimeout='30']
SET NOCOUNT ON;
INSERT INTO [RefreshTokens] ([Id], [CreatedAt], [CreatedBy], [CreatedByIp], [ExpiresAt], [IsRevoked], [ReplacedByToken], [RevokedAt], [Token], [UpdatedAt], [UpdatedBy], [UserId])
OUTPUT INSERTED.[IsDeleted]
VALUES (@p0, @p1, @p2, @p3, @p4, @p5, @p6, @p7, @p8, @p9, @p10, @p11);
UPDATE [Users] SET [AvatarUrl] = @p12, [CreatedAt] = @p13, [CreatedBy] = @p14, [Email] = @p15, [FacebookId] = @p16, [FirstName] = @p17, [GoogleId] = @p18, [IsActive] = @p19, [IsDeleted] = @p20, [LastLoginAt] = @p21, [LastName] = @p22, [PasswordHash] = @p23, [Phone] = @p24, [ReferralCode] = @p25, [ReferredByUserId] = @p26, [UpdatedAt] = @p27, [UpdatedBy] = @p28
OUTPUT 1
WHERE [Id] = @p29;
2026-07-16 10:45:21.440 +07:00 [INF] Handled LoginCommand in 48ms
2026-07-16 10:45:21.442 +07:00 [INF] HTTP POST /api/auth/login responded 200 in 60.4698ms
2026-07-16 10:45:22.241 +07:00 [INF] HTTP GET /api/dashboard/stats started
2026-07-16 10:45:22.245 +07:00 [INF] Handling GetDashboardStatsQuery {"$type":"GetDashboardStatsQuery"}
2026-07-16 10:45:22.257 +07:00 [INF] Executed DbCommand (7ms) [Parameters=[@__userId_0='?' (DbType = Guid)], CommandType='"Text"', CommandTimeout='30']
SELECT [p].[Id], [p].[ChannelAccountId], [p].[CreatedAt], [p].[CreatedBy], [p].[DayNumber], [p].[ExternalPostId], [p].[IsDeleted], [p].[ProjectId], [p].[PublishedAt], [p].[PublishedUrl], [p].[ScheduledAt], [p].[Status], [p].[TimelineId], [p].[Title], [p].[TrackingEnabled], [p].[UpdatedAt], [p].[UpdatedBy], [p].[VoiceSampleId], [t].[Id], [t].[CreatedAt], [t].[CreatedBy], [t].[Description], [t].[IsActive], [t].[IsDeleted], [t].[LogoUrl], [t].[Name], [t].[UpdatedAt], [t].[UpdatedBy], [t].[UserId]
FROM [Posts] AS [p]
INNER JOIN (
    SELECT [p0].[Id], [p0].[CreatedAt], [p0].[CreatedBy], [p0].[Description], [p0].[IsActive], [p0].[IsDeleted], [p0].[LogoUrl], [p0].[Name], [p0].[UpdatedAt], [p0].[UpdatedBy], [p0].[UserId]
    FROM [Projects] AS [p0]
    WHERE [p0].[IsDeleted] = CAST(0 AS bit)
) AS [t] ON [p].[ProjectId] = [t].[Id]
WHERE [p].[IsDeleted] = CAST(0 AS bit) AND [t].[UserId] = @__userId_0
ORDER BY [p].[CreatedAt] DESC
2026-07-16 10:45:22.265 +07:00 [INF] Executed DbCommand (4ms) [Parameters=[@__userId_0='?' (DbType = Guid), @__today_1='?' (DbType = DateTime2), @__tomorrow_2='?' (DbType = DateTime2)], CommandType='"Text"', CommandTimeout='30']
SELECT COUNT(*)
FROM [Posts] AS [p]
INNER JOIN (
    SELECT [p0].[Id], [p0].[UserId]
    FROM [Projects] AS [p0]
    WHERE [p0].[IsDeleted] = CAST(0 AS bit)
) AS [t] ON [p].[ProjectId] = [t].[Id]
WHERE [p].[IsDeleted] = CAST(0 AS bit) AND [t].[UserId] = @__userId_0 AND [p].[Status] = 3 AND [p].[PublishedAt] >= @__today_1 AND [p].[PublishedAt] < @__tomorrow_2
2026-07-16 10:45:22.272 +07:00 [INF] Executed DbCommand (4ms) [Parameters=[@__userId_0='?' (DbType = Guid)], CommandType='"Text"', CommandTimeout='30']
SELECT COUNT(*)
FROM [AiGeneratedContents] AS [a]
WHERE [a].[IsDeleted] = CAST(0 AS bit) AND [a].[UserId] = @__userId_0
2026-07-16 10:45:22.281 +07:00 [INF] Executed DbCommand (2ms) [Parameters=[@__userId_0='?' (DbType = Guid)], CommandType='"Text"', CommandTimeout='30']
SELECT [t].[Id], [t].[Balance], [t].[CreatedAt], [t].[CreatedBy], [t].[IsDeleted], [t].[TotalEarned], [t].[TotalUsed], [t].[UpdatedAt], [t].[UpdatedBy], [t].[UserId], [t0].[Id], [t0].[Amount], [t0].[BalanceAfter], [t0].[CreatedAt], [t0].[CreatedBy], [t0].[CreditId], [t0].[Description], [t0].[IsDeleted], [t0].[ReferenceId], [t0].[ReferenceType], [t0].[Type], [t0].[UpdatedAt], [t0].[UpdatedBy], [t0].[UserId]
FROM (
    SELECT TOP(1) [c].[Id], [c].[Balance], [c].[CreatedAt], [c].[CreatedBy], [c].[IsDeleted], [c].[TotalEarned], [c].[TotalUsed], [c].[UpdatedAt], [c].[UpdatedBy], [c].[UserId]
    FROM [Credits] AS [c]
    WHERE [c].[IsDeleted] = CAST(0 AS bit) AND [c].[UserId] = @__userId_0
) AS [t]
LEFT JOIN (
    SELECT [c0].[Id], [c0].[Amount], [c0].[BalanceAfter], [c0].[CreatedAt], [c0].[CreatedBy], [c0].[CreditId], [c0].[Description], [c0].[IsDeleted], [c0].[ReferenceId], [c0].[ReferenceType], [c0].[Type], [c0].[UpdatedAt], [c0].[UpdatedBy], [c0].[UserId]
    FROM [CreditTransactions] AS [c0]
    WHERE [c0].[IsDeleted] = CAST(0 AS bit)
) AS [t0] ON [t].[Id] = [t0].[CreditId]
ORDER BY [t].[Id]
2026-07-16 10:45:22.288 +07:00 [INF] Executed DbCommand (2ms) [Parameters=[@__userId_0='?' (DbType = Guid)], CommandType='"Text"', CommandTimeout='30']
SELECT COUNT(*)
FROM [Projects] AS [p]
WHERE [p].[IsDeleted] = CAST(0 AS bit) AND [p].[UserId] = @__userId_0
2026-07-16 10:45:22.302 +07:00 [INF] Executed DbCommand (9ms) [Parameters=[@__p_1='?' (DbType = Int32), @__userId_0='?' (DbType = Guid)], CommandType='"Text"', CommandTimeout='30']
SELECT TOP(@__p_1) [p].[Id], [p].[CreatedAt], [p].[CreatedBy], [p].[ExecutedAt], [p].[FailureReason], [p].[IsDeleted], [p].[PostChannelAccountId], [p].[PostId], [p].[RetryCount], [p].[ScheduledAt], [p].[Status], [p].[UpdatedAt], [p].[UpdatedBy], [t].[Id], [t].[ChannelAccountId], [t].[CreatedAt], [t].[CreatedBy], [t].[DayNumber], [t].[ExternalPostId], [t].[IsDeleted], [t].[ProjectId], [t].[PublishedAt], [t].[PublishedUrl], [t].[ScheduledAt], [t].[Status], [t].[TimelineId], [t].[Title], [t].[TrackingEnabled], [t].[UpdatedAt], [t].[UpdatedBy], [t].[VoiceSampleId], [t0].[Id], [t0].[CreatedAt], [t0].[CreatedBy], [t0].[Description], [t0].[IsActive], [t0].[IsDeleted], [t0].[LogoUrl], [t0].[Name], [t0].[UpdatedAt], [t0].[UpdatedBy], [t0].[UserId]
FROM [PostSchedules] AS [p]
INNER JOIN (
    SELECT [p0].[Id], [p0].[ChannelAccountId], [p0].[CreatedAt], [p0].[CreatedBy], [p0].[DayNumber], [p0].[ExternalPostId], [p0].[IsDeleted], [p0].[ProjectId], [p0].[PublishedAt], [p0].[PublishedUrl], [p0].[ScheduledAt], [p0].[Status], [p0].[TimelineId], [p0].[Title], [p0].[TrackingEnabled], [p0].[UpdatedAt], [p0].[UpdatedBy], [p0].[VoiceSampleId]
    FROM [Posts] AS [p0]
    WHERE [p0].[IsDeleted] = CAST(0 AS bit)
) AS [t] ON [p].[PostId] = [t].[Id]
INNER JOIN (
    SELECT [p1].[Id], [p1].[CreatedAt], [p1].[CreatedBy], [p1].[Description], [p1].[IsActive], [p1].[IsDeleted], [p1].[LogoUrl], [p1].[Name], [p1].[UpdatedAt], [p1].[UpdatedBy], [p1].[UserId]
    FROM [Projects] AS [p1]
    WHERE [p1].[IsDeleted] = CAST(0 AS bit)
) AS [t0] ON [t].[ProjectId] = [t0].[Id]
WHERE [p].[IsDeleted] = CAST(0 AS bit) AND [t0].[UserId] = @__userId_0 AND [p].[Status] = 0 AND [p].[ScheduledAt] >= GETUTCDATE()
ORDER BY [p].[ScheduledAt]
2026-07-16 10:45:22.314 +07:00 [INF] Executed DbCommand (4ms) [Parameters=[@__p_1='?' (DbType = Int32), @__userId_0='?' (DbType = Guid)], CommandType='"Text"', CommandTimeout='30']
SELECT TOP(@__p_1) [a].[Id], [a].[Action], [a].[CreatedAt], [a].[CreatedBy], [a].[EntityId], [a].[EntityType], [a].[IpAddress], [a].[IsDeleted], [a].[NewValues], [a].[OldValues], [a].[UpdatedAt], [a].[UpdatedBy], [a].[UserAgent], [a].[UserId]
FROM [AuditLogs] AS [a]
WHERE [a].[IsDeleted] = CAST(0 AS bit) AND [a].[UserId] = @__userId_0
ORDER BY [a].[CreatedAt] DESC
2026-07-16 10:45:22.317 +07:00 [INF] Handled GetDashboardStatsQuery in 68ms
2026-07-16 10:45:22.318 +07:00 [INF] HTTP GET /api/dashboard/stats responded 200 in 76.8803ms
2026-07-16 10:45:47.595 +07:00 [INF] HTTP GET /api/workspace/projects started
2026-07-16 10:45:47.600 +07:00 [INF] Handling GetProjectsQuery {"$type":"GetProjectsQuery"}
2026-07-16 10:45:47.607 +07:00 [INF] Executed DbCommand (5ms) [Parameters=[@__userId_0='?' (DbType = Guid)], CommandType='"Text"', CommandTimeout='30']
SELECT [p].[Id], [p].[CreatedAt], [p].[CreatedBy], [p].[Description], [p].[IsActive], [p].[IsDeleted], [p].[LogoUrl], [p].[Name], [p].[UpdatedAt], [p].[UpdatedBy], [p].[UserId]
FROM [Projects] AS [p]
WHERE [p].[IsDeleted] = CAST(0 AS bit) AND [p].[UserId] = @__userId_0
2026-07-16 10:45:47.618 +07:00 [INF] Executed DbCommand (4ms) [Parameters=[@__userId_0='?' (DbType = Guid)], CommandType='"Text"', CommandTimeout='30']
SELECT [p].[Id], [p].[CreatedAt], [p].[CreatedBy], [p].[InvitedAt], [p].[IsDeleted], [p].[JoinedAt], [p].[ProjectId], [p].[Role], [p].[UpdatedAt], [p].[UpdatedBy], [p].[UserId]
FROM [ProjectMembers] AS [p]
WHERE [p].[IsDeleted] = CAST(0 AS bit) AND [p].[UserId] = @__userId_0
2026-07-16 10:45:47.627 +07:00 [INF] Executed DbCommand (5ms) [Parameters=[@__allProjectIds_0='?' (Size = 4000)], CommandType='"Text"', CommandTimeout='30']
SELECT [p].[Id], [p].[CreatedAt], [p].[CreatedBy], [p].[InvitedAt], [p].[IsDeleted], [p].[JoinedAt], [p].[ProjectId], [p].[Role], [p].[UpdatedAt], [p].[UpdatedBy], [p].[UserId]
FROM [ProjectMembers] AS [p]
WHERE [p].[IsDeleted] = CAST(0 AS bit) AND [p].[ProjectId] IN (
    SELECT [a].[value]
    FROM OPENJSON(@__allProjectIds_0) WITH ([value] uniqueidentifier '$') AS [a]
)
2026-07-16 10:45:47.629 +07:00 [INF] Handled GetProjectsQuery in 27ms
2026-07-16 10:45:47.631 +07:00 [INF] HTTP GET /api/workspace/projects responded 200 in 35.3273ms
2026-07-16 10:45:52.495 +07:00 [INF] HTTP GET /api/workspace/projects started
2026-07-16 10:45:52.498 +07:00 [INF] Handling GetProjectsQuery {"$type":"GetProjectsQuery"}
2026-07-16 10:45:52.504 +07:00 [INF] Executed DbCommand (2ms) [Parameters=[@__userId_0='?' (DbType = Guid)], CommandType='"Text"', CommandTimeout='30']
SELECT [p].[Id], [p].[CreatedAt], [p].[CreatedBy], [p].[Description], [p].[IsActive], [p].[IsDeleted], [p].[LogoUrl], [p].[Name], [p].[UpdatedAt], [p].[UpdatedBy], [p].[UserId]
FROM [Projects] AS [p]
WHERE [p].[IsDeleted] = CAST(0 AS bit) AND [p].[UserId] = @__userId_0
2026-07-16 10:45:52.510 +07:00 [INF] Executed DbCommand (1ms) [Parameters=[@__userId_0='?' (DbType = Guid)], CommandType='"Text"', CommandTimeout='30']
SELECT [p].[Id], [p].[CreatedAt], [p].[CreatedBy], [p].[InvitedAt], [p].[IsDeleted], [p].[JoinedAt], [p].[ProjectId], [p].[Role], [p].[UpdatedAt], [p].[UpdatedBy], [p].[UserId]
FROM [ProjectMembers] AS [p]
WHERE [p].[IsDeleted] = CAST(0 AS bit) AND [p].[UserId] = @__userId_0
2026-07-16 10:45:52.514 +07:00 [INF] Executed DbCommand (1ms) [Parameters=[@__allProjectIds_0='?' (Size = 4000)], CommandType='"Text"', CommandTimeout='30']
SELECT [p].[Id], [p].[CreatedAt], [p].[CreatedBy], [p].[InvitedAt], [p].[IsDeleted], [p].[JoinedAt], [p].[ProjectId], [p].[Role], [p].[UpdatedAt], [p].[UpdatedBy], [p].[UserId]
FROM [ProjectMembers] AS [p]
WHERE [p].[IsDeleted] = CAST(0 AS bit) AND [p].[ProjectId] IN (
    SELECT [a].[value]
    FROM OPENJSON(@__allProjectIds_0) WITH ([value] uniqueidentifier '$') AS [a]
)
2026-07-16 10:45:52.517 +07:00 [INF] Handled GetProjectsQuery in 16ms
2026-07-16 10:45:52.518 +07:00 [INF] HTTP GET /api/workspace/projects responded 200 in 23.4452ms
2026-07-16 10:46:03.240 +07:00 [INF] Executed DbCommand (7ms) [Parameters=[@__before_0='?' (DbType = DateTime2)], CommandType='"Text"', CommandTimeout='30']
SELECT [p].[Id], [p].[CreatedAt], [p].[CreatedBy], [p].[ExecutedAt], [p].[FailureReason], [p].[IsDeleted], [p].[PostChannelAccountId], [p].[PostId], [p].[RetryCount], [p].[ScheduledAt], [p].[Status], [p].[UpdatedAt], [p].[UpdatedBy], [t].[Id], [t].[ChannelAccountId], [t].[CreatedAt], [t].[CreatedBy], [t].[DayNumber], [t].[ExternalPostId], [t].[IsDeleted], [t].[ProjectId], [t].[PublishedAt], [t].[PublishedUrl], [t].[ScheduledAt], [t].[Status], [t].[TimelineId], [t].[Title], [t].[TrackingEnabled], [t].[UpdatedAt], [t].[UpdatedBy], [t].[VoiceSampleId], [t0].[Id], [t0].[Content], [t0].[ContentType], [t0].[CreatedAt], [t0].[CreatedBy], [t0].[IsDeleted], [t0].[MediaFileId], [t0].[PostId], [t0].[SortOrder], [t0].[UpdatedAt], [t0].[UpdatedBy]
FROM [PostSchedules] AS [p]
INNER JOIN (
    SELECT [p0].[Id], [p0].[ChannelAccountId], [p0].[CreatedAt], [p0].[CreatedBy], [p0].[DayNumber], [p0].[ExternalPostId], [p0].[IsDeleted], [p0].[ProjectId], [p0].[PublishedAt], [p0].[PublishedUrl], [p0].[ScheduledAt], [p0].[Status], [p0].[TimelineId], [p0].[Title], [p0].[TrackingEnabled], [p0].[UpdatedAt], [p0].[UpdatedBy], [p0].[VoiceSampleId]
    FROM [Posts] AS [p0]
    WHERE [p0].[IsDeleted] = CAST(0 AS bit)
) AS [t] ON [p].[PostId] = [t].[Id]
LEFT JOIN (
    SELECT [p1].[Id], [p1].[Content], [p1].[ContentType], [p1].[CreatedAt], [p1].[CreatedBy], [p1].[IsDeleted], [p1].[MediaFileId], [p1].[PostId], [p1].[SortOrder], [p1].[UpdatedAt], [p1].[UpdatedBy]
    FROM [PostContents] AS [p1]
    WHERE [p1].[IsDeleted] = CAST(0 AS bit)
) AS [t0] ON [t].[Id] = [t0].[PostId]
WHERE [p].[IsDeleted] = CAST(0 AS bit) AND [p].[Status] = 0 AND [p].[ScheduledAt] <= @__before_0
ORDER BY [p].[ScheduledAt], [p].[Id], [t].[Id]
2026-07-16 10:47:03.363 +07:00 [INF] Executed DbCommand (10ms) [Parameters=[@__before_0='?' (DbType = DateTime2)], CommandType='"Text"', CommandTimeout='30']
SELECT [p].[Id], [p].[CreatedAt], [p].[CreatedBy], [p].[ExecutedAt], [p].[FailureReason], [p].[IsDeleted], [p].[PostChannelAccountId], [p].[PostId], [p].[RetryCount], [p].[ScheduledAt], [p].[Status], [p].[UpdatedAt], [p].[UpdatedBy], [t].[Id], [t].[ChannelAccountId], [t].[CreatedAt], [t].[CreatedBy], [t].[DayNumber], [t].[ExternalPostId], [t].[IsDeleted], [t].[ProjectId], [t].[PublishedAt], [t].[PublishedUrl], [t].[ScheduledAt], [t].[Status], [t].[TimelineId], [t].[Title], [t].[TrackingEnabled], [t].[UpdatedAt], [t].[UpdatedBy], [t].[VoiceSampleId], [t0].[Id], [t0].[Content], [t0].[ContentType], [t0].[CreatedAt], [t0].[CreatedBy], [t0].[IsDeleted], [t0].[MediaFileId], [t0].[PostId], [t0].[SortOrder], [t0].[UpdatedAt], [t0].[UpdatedBy]
FROM [PostSchedules] AS [p]
INNER JOIN (
    SELECT [p0].[Id], [p0].[ChannelAccountId], [p0].[CreatedAt], [p0].[CreatedBy], [p0].[DayNumber], [p0].[ExternalPostId], [p0].[IsDeleted], [p0].[ProjectId], [p0].[PublishedAt], [p0].[PublishedUrl], [p0].[ScheduledAt], [p0].[Status], [p0].[TimelineId], [p0].[Title], [p0].[TrackingEnabled], [p0].[UpdatedAt], [p0].[UpdatedBy], [p0].[VoiceSampleId]
    FROM [Posts] AS [p0]
    WHERE [p0].[IsDeleted] = CAST(0 AS bit)
) AS [t] ON [p].[PostId] = [t].[Id]
LEFT JOIN (
    SELECT [p1].[Id], [p1].[Content], [p1].[ContentType], [p1].[CreatedAt], [p1].[CreatedBy], [p1].[IsDeleted], [p1].[MediaFileId], [p1].[PostId], [p1].[SortOrder], [p1].[UpdatedAt], [p1].[UpdatedBy]
    FROM [PostContents] AS [p1]
    WHERE [p1].[IsDeleted] = CAST(0 AS bit)
) AS [t0] ON [t].[Id] = [t0].[PostId]
WHERE [p].[IsDeleted] = CAST(0 AS bit) AND [p].[Status] = 0 AND [p].[ScheduledAt] <= @__before_0
ORDER BY [p].[ScheduledAt], [p].[Id], [t].[Id]
2026-07-16 10:48:03.461 +07:00 [INF] Executed DbCommand (7ms) [Parameters=[@__before_0='?' (DbType = DateTime2)], CommandType='"Text"', CommandTimeout='30']
SELECT [p].[Id], [p].[CreatedAt], [p].[CreatedBy], [p].[ExecutedAt], [p].[FailureReason], [p].[IsDeleted], [p].[PostChannelAccountId], [p].[PostId], [p].[RetryCount], [p].[ScheduledAt], [p].[Status], [p].[UpdatedAt], [p].[UpdatedBy], [t].[Id], [t].[ChannelAccountId], [t].[CreatedAt], [t].[CreatedBy], [t].[DayNumber], [t].[ExternalPostId], [t].[IsDeleted], [t].[ProjectId], [t].[PublishedAt], [t].[PublishedUrl], [t].[ScheduledAt], [t].[Status], [t].[TimelineId], [t].[Title], [t].[TrackingEnabled], [t].[UpdatedAt], [t].[UpdatedBy], [t].[VoiceSampleId], [t0].[Id], [t0].[Content], [t0].[ContentType], [t0].[CreatedAt], [t0].[CreatedBy], [t0].[IsDeleted], [t0].[MediaFileId], [t0].[PostId], [t0].[SortOrder], [t0].[UpdatedAt], [t0].[UpdatedBy]
FROM [PostSchedules] AS [p]
INNER JOIN (
    SELECT [p0].[Id], [p0].[ChannelAccountId], [p0].[CreatedAt], [p0].[CreatedBy], [p0].[DayNumber], [p0].[ExternalPostId], [p0].[IsDeleted], [p0].[ProjectId], [p0].[PublishedAt], [p0].[PublishedUrl], [p0].[ScheduledAt], [p0].[Status], [p0].[TimelineId], [p0].[Title], [p0].[TrackingEnabled], [p0].[UpdatedAt], [p0].[UpdatedBy], [p0].[VoiceSampleId]
    FROM [Posts] AS [p0]
    WHERE [p0].[IsDeleted] = CAST(0 AS bit)
) AS [t] ON [p].[PostId] = [t].[Id]
LEFT JOIN (
    SELECT [p1].[Id], [p1].[Content], [p1].[ContentType], [p1].[CreatedAt], [p1].[CreatedBy], [p1].[IsDeleted], [p1].[MediaFileId], [p1].[PostId], [p1].[SortOrder], [p1].[UpdatedAt], [p1].[UpdatedBy]
    FROM [PostContents] AS [p1]
    WHERE [p1].[IsDeleted] = CAST(0 AS bit)
) AS [t0] ON [t].[Id] = [t0].[PostId]
WHERE [p].[IsDeleted] = CAST(0 AS bit) AND [p].[Status] = 0 AND [p].[ScheduledAt] <= @__before_0
ORDER BY [p].[ScheduledAt], [p].[Id], [t].[Id]
2026-07-16 10:49:03.516 +07:00 [INF] Executed DbCommand (7ms) [Parameters=[@__before_0='?' (DbType = DateTime2)], CommandType='"Text"', CommandTimeout='30']
SELECT [p].[Id], [p].[CreatedAt], [p].[CreatedBy], [p].[ExecutedAt], [p].[FailureReason], [p].[IsDeleted], [p].[PostChannelAccountId], [p].[PostId], [p].[RetryCount], [p].[ScheduledAt], [p].[Status], [p].[UpdatedAt], [p].[UpdatedBy], [t].[Id], [t].[ChannelAccountId], [t].[CreatedAt], [t].[CreatedBy], [t].[DayNumber], [t].[ExternalPostId], [t].[IsDeleted], [t].[ProjectId], [t].[PublishedAt], [t].[PublishedUrl], [t].[ScheduledAt], [t].[Status], [t].[TimelineId], [t].[Title], [t].[TrackingEnabled], [t].[UpdatedAt], [t].[UpdatedBy], [t].[VoiceSampleId], [t0].[Id], [t0].[Content], [t0].[ContentType], [t0].[CreatedAt], [t0].[CreatedBy], [t0].[IsDeleted], [t0].[MediaFileId], [t0].[PostId], [t0].[SortOrder], [t0].[UpdatedAt], [t0].[UpdatedBy]
FROM [PostSchedules] AS [p]
INNER JOIN (
    SELECT [p0].[Id], [p0].[ChannelAccountId], [p0].[CreatedAt], [p0].[CreatedBy], [p0].[DayNumber], [p0].[ExternalPostId], [p0].[IsDeleted], [p0].[ProjectId], [p0].[PublishedAt], [p0].[PublishedUrl], [p0].[ScheduledAt], [p0].[Status], [p0].[TimelineId], [p0].[Title], [p0].[TrackingEnabled], [p0].[UpdatedAt], [p0].[UpdatedBy], [p0].[VoiceSampleId]
    FROM [Posts] AS [p0]
    WHERE [p0].[IsDeleted] = CAST(0 AS bit)
) AS [t] ON [p].[PostId] = [t].[Id]
LEFT JOIN (
    SELECT [p1].[Id], [p1].[Content], [p1].[ContentType], [p1].[CreatedAt], [p1].[CreatedBy], [p1].[IsDeleted], [p1].[MediaFileId], [p1].[PostId], [p1].[SortOrder], [p1].[UpdatedAt], [p1].[UpdatedBy]
    FROM [PostContents] AS [p1]
    WHERE [p1].[IsDeleted] = CAST(0 AS bit)
) AS [t0] ON [t].[Id] = [t0].[PostId]
WHERE [p].[IsDeleted] = CAST(0 AS bit) AND [p].[Status] = 0 AND [p].[ScheduledAt] <= @__before_0
ORDER BY [p].[ScheduledAt], [p].[Id], [t].[Id]
2026-07-16 10:50:03.601 +07:00 [INF] Executed DbCommand (7ms) [Parameters=[@__before_0='?' (DbType = DateTime2)], CommandType='"Text"', CommandTimeout='30']
SELECT [p].[Id], [p].[CreatedAt], [p].[CreatedBy], [p].[ExecutedAt], [p].[FailureReason], [p].[IsDeleted], [p].[PostChannelAccountId], [p].[PostId], [p].[RetryCount], [p].[ScheduledAt], [p].[Status], [p].[UpdatedAt], [p].[UpdatedBy], [t].[Id], [t].[ChannelAccountId], [t].[CreatedAt], [t].[CreatedBy], [t].[DayNumber], [t].[ExternalPostId], [t].[IsDeleted], [t].[ProjectId], [t].[PublishedAt], [t].[PublishedUrl], [t].[ScheduledAt], [t].[Status], [t].[TimelineId], [t].[Title], [t].[TrackingEnabled], [t].[UpdatedAt], [t].[UpdatedBy], [t].[VoiceSampleId], [t0].[Id], [t0].[Content], [t0].[ContentType], [t0].[CreatedAt], [t0].[CreatedBy], [t0].[IsDeleted], [t0].[MediaFileId], [t0].[PostId], [t0].[SortOrder], [t0].[UpdatedAt], [t0].[UpdatedBy]
FROM [PostSchedules] AS [p]
INNER JOIN (
    SELECT [p0].[Id], [p0].[ChannelAccountId], [p0].[CreatedAt], [p0].[CreatedBy], [p0].[DayNumber], [p0].[ExternalPostId], [p0].[IsDeleted], [p0].[ProjectId], [p0].[PublishedAt], [p0].[PublishedUrl], [p0].[ScheduledAt], [p0].[Status], [p0].[TimelineId], [p0].[Title], [p0].[TrackingEnabled], [p0].[UpdatedAt], [p0].[UpdatedBy], [p0].[VoiceSampleId]
    FROM [Posts] AS [p0]
    WHERE [p0].[IsDeleted] = CAST(0 AS bit)
) AS [t] ON [p].[PostId] = [t].[Id]
LEFT JOIN (
    SELECT [p1].[Id], [p1].[Content], [p1].[ContentType], [p1].[CreatedAt], [p1].[CreatedBy], [p1].[IsDeleted], [p1].[MediaFileId], [p1].[PostId], [p1].[SortOrder], [p1].[UpdatedAt], [p1].[UpdatedBy]
    FROM [PostContents] AS [p1]
    WHERE [p1].[IsDeleted] = CAST(0 AS bit)
) AS [t0] ON [t].[Id] = [t0].[PostId]
WHERE [p].[IsDeleted] = CAST(0 AS bit) AND [p].[Status] = 0 AND [p].[ScheduledAt] <= @__before_0
ORDER BY [p].[ScheduledAt], [p].[Id], [t].[Id]
2026-07-16 10:51:03.738 +07:00 [INF] Executed DbCommand (10ms) [Parameters=[@__before_0='?' (DbType = DateTime2)], CommandType='"Text"', CommandTimeout='30']
SELECT [p].[Id], [p].[CreatedAt], [p].[CreatedBy], [p].[ExecutedAt], [p].[FailureReason], [p].[IsDeleted], [p].[PostChannelAccountId], [p].[PostId], [p].[RetryCount], [p].[ScheduledAt], [p].[Status], [p].[UpdatedAt], [p].[UpdatedBy], [t].[Id], [t].[ChannelAccountId], [t].[CreatedAt], [t].[CreatedBy], [t].[DayNumber], [t].[ExternalPostId], [t].[IsDeleted], [t].[ProjectId], [t].[PublishedAt], [t].[PublishedUrl], [t].[ScheduledAt], [t].[Status], [t].[TimelineId], [t].[Title], [t].[TrackingEnabled], [t].[UpdatedAt], [t].[UpdatedBy], [t].[VoiceSampleId], [t0].[Id], [t0].[Content], [t0].[ContentType], [t0].[CreatedAt], [t0].[CreatedBy], [t0].[IsDeleted], [t0].[MediaFileId], [t0].[PostId], [t0].[SortOrder], [t0].[UpdatedAt], [t0].[UpdatedBy]
FROM [PostSchedules] AS [p]
INNER JOIN (
    SELECT [p0].[Id], [p0].[ChannelAccountId], [p0].[CreatedAt], [p0].[CreatedBy], [p0].[DayNumber], [p0].[ExternalPostId], [p0].[IsDeleted], [p0].[ProjectId], [p0].[PublishedAt], [p0].[PublishedUrl], [p0].[ScheduledAt], [p0].[Status], [p0].[TimelineId], [p0].[Title], [p0].[TrackingEnabled], [p0].[UpdatedAt], [p0].[UpdatedBy], [p0].[VoiceSampleId]
    FROM [Posts] AS [p0]
    WHERE [p0].[IsDeleted] = CAST(0 AS bit)
) AS [t] ON [p].[PostId] = [t].[Id]
LEFT JOIN (
    SELECT [p1].[Id], [p1].[Content], [p1].[ContentType], [p1].[CreatedAt], [p1].[CreatedBy], [p1].[IsDeleted], [p1].[MediaFileId], [p1].[PostId], [p1].[SortOrder], [p1].[UpdatedAt], [p1].[UpdatedBy]
    FROM [PostContents] AS [p1]
    WHERE [p1].[IsDeleted] = CAST(0 AS bit)
) AS [t0] ON [t].[Id] = [t0].[PostId]
WHERE [p].[IsDeleted] = CAST(0 AS bit) AND [p].[Status] = 0 AND [p].[ScheduledAt] <= @__before_0
ORDER BY [p].[ScheduledAt], [p].[Id], [t].[Id]
2026-07-16 10:55:21.456 +07:00 [INF] Executed DbCommand (3ms) [Parameters=[@__before_0='?' (DbType = DateTime2)], CommandType='"Text"', CommandTimeout='30']
SELECT [p].[Id], [p].[CreatedAt], [p].[CreatedBy], [p].[ExecutedAt], [p].[FailureReason], [p].[IsDeleted], [p].[PostChannelAccountId], [p].[PostId], [p].[RetryCount], [p].[ScheduledAt], [p].[Status], [p].[UpdatedAt], [p].[UpdatedBy], [t].[Id], [t].[ChannelAccountId], [t].[CreatedAt], [t].[CreatedBy], [t].[DayNumber], [t].[ExternalPostId], [t].[IsDeleted], [t].[ProjectId], [t].[PublishedAt], [t].[PublishedUrl], [t].[ScheduledAt], [t].[Status], [t].[TimelineId], [t].[Title], [t].[TrackingEnabled], [t].[UpdatedAt], [t].[UpdatedBy], [t].[VoiceSampleId], [t0].[Id], [t0].[Content], [t0].[ContentType], [t0].[CreatedAt], [t0].[CreatedBy], [t0].[IsDeleted], [t0].[MediaFileId], [t0].[PostId], [t0].[SortOrder], [t0].[UpdatedAt], [t0].[UpdatedBy]
FROM [PostSchedules] AS [p]
INNER JOIN (
    SELECT [p0].[Id], [p0].[ChannelAccountId], [p0].[CreatedAt], [p0].[CreatedBy], [p0].[DayNumber], [p0].[ExternalPostId], [p0].[IsDeleted], [p0].[ProjectId], [p0].[PublishedAt], [p0].[PublishedUrl], [p0].[ScheduledAt], [p0].[Status], [p0].[TimelineId], [p0].[Title], [p0].[TrackingEnabled], [p0].[UpdatedAt], [p0].[UpdatedBy], [p0].[VoiceSampleId]
    FROM [Posts] AS [p0]
    WHERE [p0].[IsDeleted] = CAST(0 AS bit)
) AS [t] ON [p].[PostId] = [t].[Id]
LEFT JOIN (
    SELECT [p1].[Id], [p1].[Content], [p1].[ContentType], [p1].[CreatedAt], [p1].[CreatedBy], [p1].[IsDeleted], [p1].[MediaFileId], [p1].[PostId], [p1].[SortOrder], [p1].[UpdatedAt], [p1].[UpdatedBy]
    FROM [PostContents] AS [p1]
    WHERE [p1].[IsDeleted] = CAST(0 AS bit)
) AS [t0] ON [t].[Id] = [t0].[PostId]
WHERE [p].[IsDeleted] = CAST(0 AS bit) AND [p].[Status] = 0 AND [p].[ScheduledAt] <= @__before_0
ORDER BY [p].[ScheduledAt], [p].[Id], [t].[Id]
2026-07-16 10:55:48.970 +07:00 [WRN] Stopping the server due to DomainUnload or ProcessExit event...
2026-07-16 10:55:48.972 +07:00 [INF] Server laptop-g044c7b0:3676:3edc9ed2 caught stopping signal...
2026-07-16 10:55:49.129 +07:00 [INF] Server laptop-g044c7b0:3676:3edc9ed2 caught stopped signal...
2026-07-16 10:55:49.208 +07:00 [WRN] Server laptop-g044c7b0:3676:3edc9ed2 caught shutdown signal...
2026-07-16 10:55:49.226 +07:00 [INF] Server laptop-g044c7b0:3676:3edc9ed2 All dispatchers stopped
2026-07-16 10:55:49.288 +07:00 [INF] Server laptop-g044c7b0:3676:3edc9ed2 successfully reported itself as stopped in 13.2892 ms
2026-07-16 10:55:49.289 +07:00 [INF] Server laptop-g044c7b0:3676:3edc9ed2 has been stopped in total 170.7638 ms
