2026-07-14 17:49:35.646 +07:00 [WRN] No store type was specified for the decimal property 'TotalEarnings' on entity type 'Affiliate'. This will cause values to be silently truncated if they do not fit in the default precision and scale. Explicitly specify the SQL server column type that can accommodate all the values in 'OnModelCreating' using 'HasColumnType', specify precision and scale using 'HasPrecision', or configure a value converter using 'HasConversion'.
2026-07-14 17:49:36.164 +07:00 [INF] Detected FlowMate/SQL schema without EF history — applying compat layer and skipping MigrateAsync.
2026-07-14 17:49:36.205 +07:00 [INF] Executed DbCommand (14ms) [Parameters=[], CommandType='"Text"', CommandTimeout='30']
IF COL_LENGTH('dbo.Posts', 'ChannelAccountId') IS NULL
    ALTER TABLE dbo.Posts ADD ChannelAccountId UNIQUEIDENTIFIER NULL;
2026-07-14 17:49:36.214 +07:00 [INF] Executed DbCommand (2ms) [Parameters=[], CommandType='"Text"', CommandTimeout='30']
IF COL_LENGTH('dbo.Posts', 'ExternalPostId') IS NULL
    ALTER TABLE dbo.Posts ADD ExternalPostId NVARCHAR(128) NULL;
2026-07-14 17:49:36.215 +07:00 [INF] Executed DbCommand (1ms) [Parameters=[], CommandType='"Text"', CommandTimeout='30']
IF COL_LENGTH('dbo.Posts', 'PublishedUrl') IS NULL
    ALTER TABLE dbo.Posts ADD PublishedUrl NVARCHAR(1000) NULL;
2026-07-14 17:49:36.217 +07:00 [INF] Executed DbCommand (1ms) [Parameters=[], CommandType='"Text"', CommandTimeout='30']
IF COL_LENGTH('dbo.Posts', 'PublishedAt') IS NULL
    ALTER TABLE dbo.Posts ADD PublishedAt DATETIME2 NULL;
2026-07-14 17:49:36.217 +07:00 [INF] FlowMate EF compatibility layer applied.
2026-07-14 17:49:36.436 +07:00 [INF] Executed DbCommand (5ms) [Parameters=[], CommandType='"Text"', CommandTimeout='30']
SELECT CASE
    WHEN EXISTS (
        SELECT 1
        FROM [Roles] AS [r]
        WHERE [r].[IsDeleted] = CAST(0 AS bit)) THEN CAST(1 AS bit)
    ELSE CAST(0 AS bit)
END
2026-07-14 17:49:36.538 +07:00 [INF] Executed DbCommand (4ms) [Parameters=[], CommandType='"Text"', CommandTimeout='30']
SELECT CASE
    WHEN EXISTS (
        SELECT 1
        FROM [Permissions] AS [p]
        WHERE [p].[IsDeleted] = CAST(0 AS bit)) THEN CAST(1 AS bit)
    ELSE CAST(0 AS bit)
END
2026-07-14 17:49:36.671 +07:00 [INF] Executed DbCommand (29ms) [Parameters=[@p0='?' (DbType = Guid), @p1='?' (Size = 100), @p2='?' (DbType = DateTime2), @p3='?' (DbType = Guid), @p4='?' (Size = 500), @p5='?' (Size = 100), @p6='?' (Size = 200), @p7='?' (DbType = DateTime2), @p8='?' (DbType = Guid), @p9='?' (DbType = Guid), @p10='?' (Size = 100), @p11='?' (DbType = DateTime2), @p12='?' (DbType = Guid), @p13='?' (Size = 500), @p14='?' (Size = 100), @p15='?' (Size = 200), @p16='?' (DbType = DateTime2), @p17='?' (DbType = Guid), @p18='?' (DbType = Guid), @p19='?' (Size = 100), @p20='?' (DbType = DateTime2), @p21='?' (DbType = Guid), @p22='?' (Size = 500), @p23='?' (Size = 100), @p24='?' (Size = 200), @p25='?' (DbType = DateTime2), @p26='?' (DbType = Guid), @p27='?' (DbType = Guid), @p28='?' (Size = 100), @p29='?' (DbType = DateTime2), @p30='?' (DbType = Guid), @p31='?' (Size = 500), @p32='?' (Size = 100), @p33='?' (Size = 200), @p34='?' (DbType = DateTime2), @p35='?' (DbType = Guid), @p36='?' (DbType = Guid), @p37='?' (Size = 100), @p38='?' (DbType = DateTime2), @p39='?' (DbType = Guid), @p40='?' (Size = 500), @p41='?' (Size = 100), @p42='?' (Size = 200), @p43='?' (DbType = DateTime2), @p44='?' (DbType = Guid), @p45='?' (DbType = Guid), @p46='?' (Size = 100), @p47='?' (DbType = DateTime2), @p48='?' (DbType = Guid), @p49='?' (Size = 500), @p50='?' (Size = 100), @p51='?' (Size = 200), @p52='?' (DbType = DateTime2), @p53='?' (DbType = Guid), @p54='?' (DbType = Guid), @p55='?' (Size = 100), @p56='?' (DbType = DateTime2), @p57='?' (DbType = Guid), @p58='?' (Size = 500), @p59='?' (Size = 100), @p60='?' (Size = 200), @p61='?' (DbType = DateTime2), @p62='?' (DbType = Guid), @p63='?' (DbType = Guid), @p64='?' (Size = 100), @p65='?' (DbType = DateTime2), @p66='?' (DbType = Guid), @p67='?' (Size = 500), @p68='?' (Size = 100), @p69='?' (Size = 200), @p70='?' (DbType = DateTime2), @p71='?' (DbType = Guid), @p72='?' (DbType = Guid), @p73='?' (Size = 100), @p74='?' (DbType = DateTime2), @p75='?' (DbType = Guid), @p76='?' (Size = 500), @p77='?' (Size = 100), @p78='?' (Size = 200), @p79='?' (DbType = DateTime2), @p80='?' (DbType = Guid), @p81='?' (DbType = Guid), @p82='?' (Size = 100), @p83='?' (DbType = DateTime2), @p84='?' (DbType = Guid), @p85='?' (Size = 500), @p86='?' (Size = 100), @p87='?' (Size = 200), @p88='?' (DbType = DateTime2), @p89='?' (DbType = Guid), @p90='?' (DbType = Guid), @p91='?' (Size = 100), @p92='?' (DbType = DateTime2), @p93='?' (DbType = Guid), @p94='?' (Size = 500), @p95='?' (Size = 100), @p96='?' (Size = 200), @p97='?' (DbType = DateTime2), @p98='?' (DbType = Guid), @p99='?' (DbType = Guid), @p100='?' (Size = 100), @p101='?' (DbType = DateTime2), @p102='?' (DbType = Guid), @p103='?' (Size = 500), @p104='?' (Size = 100), @p105='?' (Size = 200), @p106='?' (DbType = DateTime2), @p107='?' (DbType = Guid), @p108='?' (DbType = Guid), @p109='?' (Size = 100), @p110='?' (DbType = DateTime2), @p111='?' (DbType = Guid), @p112='?' (Size = 500), @p113='?' (Size = 100), @p114='?' (Size = 200), @p115='?' (DbType = DateTime2), @p116='?' (DbType = Guid), @p117='?' (DbType = Guid), @p118='?' (Size = 100), @p119='?' (DbType = DateTime2), @p120='?' (DbType = Guid), @p121='?' (Size = 500), @p122='?' (Size = 100), @p123='?' (Size = 200), @p124='?' (DbType = DateTime2), @p125='?' (DbType = Guid), @p126='?' (DbType = Guid), @p127='?' (Size = 100), @p128='?' (DbType = DateTime2), @p129='?' (DbType = Guid), @p130='?' (Size = 500), @p131='?' (Size = 100), @p132='?' (Size = 200), @p133='?' (DbType = DateTime2), @p134='?' (DbType = Guid), @p135='?' (DbType = Guid), @p136='?' (Size = 100), @p137='?' (DbType = DateTime2), @p138='?' (DbType = Guid), @p139='?' (Size = 500), @p140='?' (Size = 100), @p141='?' (Size = 200), @p142='?' (DbType = DateTime2), @p143='?' (DbType = Guid), @p144='?' (DbType = Guid), @p145='?' (Size = 100), @p146='?' (DbType = DateTime2), @p147='?' (DbType = Guid), @p148='?' (Size = 500), @p149='?' (Size = 100), @p150='?' (Size = 200), @p151='?' (DbType = DateTime2), @p152='?' (DbType = Guid), @p153='?' (DbType = Guid), @p154='?' (Size = 100), @p155='?' (DbType = DateTime2), @p156='?' (DbType = Guid), @p157='?' (Size = 500), @p158='?' (Size = 100), @p159='?' (Size = 200), @p160='?' (DbType = DateTime2), @p161='?' (DbType = Guid), @p162='?' (DbType = Guid), @p163='?' (Size = 100), @p164='?' (DbType = DateTime2), @p165='?' (DbType = Guid), @p166='?' (Size = 500), @p167='?' (Size = 100), @p168='?' (Size = 200), @p169='?' (DbType = DateTime2), @p170='?' (DbType = Guid), @p171='?' (DbType = Guid), @p172='?' (Size = 100), @p173='?' (DbType = DateTime2), @p174='?' (DbType = Guid), @p175='?' (Size = 500), @p176='?' (Size = 100), @p177='?' (Size = 200), @p178='?' (DbType = DateTime2), @p179='?' (DbType = Guid), @p180='?' (DbType = Guid), @p181='?' (Size = 100), @p182='?' (DbType = DateTime2), @p183='?' (DbType = Guid), @p184='?' (Size = 500), @p185='?' (Size = 100), @p186='?' (Size = 200), @p187='?' (DbType = DateTime2), @p188='?' (DbType = Guid), @p189='?' (DbType = Guid), @p190='?' (Size = 100), @p191='?' (DbType = DateTime2), @p192='?' (DbType = Guid), @p193='?' (Size = 500), @p194='?' (Size = 100), @p195='?' (Size = 200), @p196='?' (DbType = DateTime2), @p197='?' (DbType = Guid), @p198='?' (DbType = Guid), @p199='?' (Size = 100), @p200='?' (DbType = DateTime2), @p201='?' (DbType = Guid), @p202='?' (Size = 500), @p203='?' (Size = 100), @p204='?' (Size = 200), @p205='?' (DbType = DateTime2), @p206='?' (DbType = Guid), @p207='?' (DbType = Guid), @p208='?' (Size = 100), @p209='?' (DbType = DateTime2), @p210='?' (DbType = Guid), @p211='?' (Size = 500), @p212='?' (Size = 100), @p213='?' (Size = 200), @p214='?' (DbType = DateTime2), @p215='?' (DbType = Guid), @p216='?' (DbType = Guid), @p217='?' (Size = 100), @p218='?' (DbType = DateTime2), @p219='?' (DbType = Guid), @p220='?' (Size = 500), @p221='?' (Size = 100), @p222='?' (Size = 200), @p223='?' (DbType = DateTime2), @p224='?' (DbType = Guid), @p225='?' (DbType = Guid), @p226='?' (Size = 100), @p227='?' (DbType = DateTime2), @p228='?' (DbType = Guid), @p229='?' (Size = 500), @p230='?' (Size = 100), @p231='?' (Size = 200), @p232='?' (DbType = DateTime2), @p233='?' (DbType = Guid), @p234='?' (DbType = Guid), @p235='?' (Size = 100), @p236='?' (DbType = DateTime2), @p237='?' (DbType = Guid), @p238='?' (Size = 500), @p239='?' (Size = 100), @p240='?' (Size = 200), @p241='?' (DbType = DateTime2), @p242='?' (DbType = Guid), @p243='?' (DbType = Guid), @p244='?' (Size = 100), @p245='?' (DbType = DateTime2), @p246='?' (DbType = Guid), @p247='?' (Size = 500), @p248='?' (Size = 100), @p249='?' (Size = 200), @p250='?' (DbType = DateTime2), @p251='?' (DbType = Guid), @p252='?' (DbType = Guid), @p253='?' (Size = 100), @p254='?' (DbType = DateTime2), @p255='?' (DbType = Guid), @p256='?' (Size = 500), @p257='?' (Size = 100), @p258='?' (Size = 200), @p259='?' (DbType = DateTime2), @p260='?' (DbType = Guid), @p261='?' (DbType = Guid), @p262='?' (Size = 100), @p263='?' (DbType = DateTime2), @p264='?' (DbType = Guid), @p265='?' (Size = 500), @p266='?' (Size = 100), @p267='?' (Size = 200), @p268='?' (DbType = DateTime2), @p269='?' (DbType = Guid), @p270='?' (DbType = Guid), @p271='?' (Size = 100), @p272='?' (DbType = DateTime2), @p273='?' (DbType = Guid), @p274='?' (Size = 500), @p275='?' (Size = 100), @p276='?' (Size = 200), @p277='?' (DbType = DateTime2), @p278='?' (DbType = Guid), @p279='?' (DbType = Guid), @p280='?' (DbType = DateTime2), @p281='?' (DbType = Guid), @p282='?' (Size = 500), @p283='?' (DbType = Boolean), @p284='?' (Size = 100), @p285='?' (DbType = DateTime2), @p286='?' (DbType = Guid), @p287='?' (DbType = Guid), @p288='?' (DbType = DateTime2), @p289='?' (DbType = Guid), @p290='?' (Size = 500), @p291='?' (DbType = Boolean), @p292='?' (Size = 100), @p293='?' (DbType = DateTime2), @p294='?' (DbType = Guid), @p295='?' (DbType = Guid), @p296='?' (DbType = DateTime2), @p297='?' (DbType = Guid), @p298='?' (Size = 500), @p299='?' (DbType = Boolean), @p300='?' (Size = 100), @p301='?' (DbType = DateTime2), @p302='?' (DbType = Guid)], CommandType='"Text"', CommandTimeout='30']
SET NOCOUNT ON;
MERGE [Permissions] USING (
VALUES (@p0, @p1, @p2, @p3, @p4, @p5, @p6, @p7, @p8, 0),
(@p9, @p10, @p11, @p12, @p13, @p14, @p15, @p16, @p17, 1),
(@p18, @p19, @p20, @p21, @p22, @p23, @p24, @p25, @p26, 2),
(@p27, @p28, @p29, @p30, @p31, @p32, @p33, @p34, @p35, 3),
(@p36, @p37, @p38, @p39, @p40, @p41, @p42, @p43, @p44, 4),
(@p45, @p46, @p47, @p48, @p49, @p50, @p51, @p52, @p53, 5),
(@p54, @p55, @p56, @p57, @p58, @p59, @p60, @p61, @p62, 6),
(@p63, @p64, @p65, @p66, @p67, @p68, @p69, @p70, @p71, 7),
(@p72, @p73, @p74, @p75, @p76, @p77, @p78, @p79, @p80, 8),
(@p81, @p82, @p83, @p84, @p85, @p86, @p87, @p88, @p89, 9),
(@p90, @p91, @p92, @p93, @p94, @p95, @p96, @p97, @p98, 10),
(@p99, @p100, @p101, @p102, @p103, @p104, @p105, @p106, @p107, 11),
(@p108, @p109, @p110, @p111, @p112, @p113, @p114, @p115, @p116, 12),
(@p117, @p118, @p119, @p120, @p121, @p122, @p123, @p124, @p125, 13),
(@p126, @p127, @p128, @p129, @p130, @p131, @p132, @p133, @p134, 14),
(@p135, @p136, @p137, @p138, @p139, @p140, @p141, @p142, @p143, 15),
(@p144, @p145, @p146, @p147, @p148, @p149, @p150, @p151, @p152, 16),
(@p153, @p154, @p155, @p156, @p157, @p158, @p159, @p160, @p161, 17),
(@p162, @p163, @p164, @p165, @p166, @p167, @p168, @p169, @p170, 18),
(@p171, @p172, @p173, @p174, @p175, @p176, @p177, @p178, @p179, 19),
(@p180, @p181, @p182, @p183, @p184, @p185, @p186, @p187, @p188, 20),
(@p189, @p190, @p191, @p192, @p193, @p194, @p195, @p196, @p197, 21),
(@p198, @p199, @p200, @p201, @p202, @p203, @p204, @p205, @p206, 22),
(@p207, @p208, @p209, @p210, @p211, @p212, @p213, @p214, @p215, 23),
(@p216, @p217, @p218, @p219, @p220, @p221, @p222, @p223, @p224, 24),
(@p225, @p226, @p227, @p228, @p229, @p230, @p231, @p232, @p233, 25),
(@p234, @p235, @p236, @p237, @p238, @p239, @p240, @p241, @p242, 26),
(@p243, @p244, @p245, @p246, @p247, @p248, @p249, @p250, @p251, 27),
(@p252, @p253, @p254, @p255, @p256, @p257, @p258, @p259, @p260, 28),
(@p261, @p262, @p263, @p264, @p265, @p266, @p267, @p268, @p269, 29),
(@p270, @p271, @p272, @p273, @p274, @p275, @p276, @p277, @p278, 30)) AS i ([Id], [Code], [CreatedAt], [CreatedBy], [Description], [Module], [Name], [UpdatedAt], [UpdatedBy], _Position) ON 1=0
WHEN NOT MATCHED THEN
INSERT ([Id], [Code], [CreatedAt], [CreatedBy], [Description], [Module], [Name], [UpdatedAt], [UpdatedBy])
VALUES (i.[Id], i.[Code], i.[CreatedAt], i.[CreatedBy], i.[Description], i.[Module], i.[Name], i.[UpdatedAt], i.[UpdatedBy])
OUTPUT INSERTED.[IsDeleted], i._Position;
MERGE [Roles] USING (
VALUES (@p279, @p280, @p281, @p282, @p283, @p284, @p285, @p286, 0),
(@p287, @p288, @p289, @p290, @p291, @p292, @p293, @p294, 1),
(@p295, @p296, @p297, @p298, @p299, @p300, @p301, @p302, 2)) AS i ([Id], [CreatedAt], [CreatedBy], [Description], [IsSystem], [Name], [UpdatedAt], [UpdatedBy], _Position) ON 1=0
WHEN NOT MATCHED THEN
INSERT ([Id], [CreatedAt], [CreatedBy], [Description], [IsSystem], [Name], [UpdatedAt], [UpdatedBy])
VALUES (i.[Id], i.[CreatedAt], i.[CreatedBy], i.[Description], i.[IsSystem], i.[Name], i.[UpdatedAt], i.[UpdatedBy])
OUTPUT INSERTED.[IsDeleted], i._Position;
2026-07-14 17:49:36.733 +07:00 [INF] Executed DbCommand (8ms) [Parameters=[], CommandType='"Text"', CommandTimeout='30']
SELECT [p].[Id], [p].[Code], [p].[CreatedAt], [p].[CreatedBy], [p].[Description], [p].[IsDeleted], [p].[Module], [p].[Name], [p].[UpdatedAt], [p].[UpdatedBy]
FROM [Permissions] AS [p]
WHERE [p].[IsDeleted] = CAST(0 AS bit)
2026-07-14 17:49:36.781 +07:00 [INF] Executed DbCommand (3ms) [Parameters=[], CommandType='"Text"', CommandTimeout='30']
SELECT CASE
    WHEN EXISTS (
        SELECT 1
        FROM [RolePermissions] AS [r]
        WHERE [r].[IsDeleted] = CAST(0 AS bit) AND [r].[RoleId] = '33333333-3333-3333-3333-333333333333') THEN CAST(1 AS bit)
    ELSE CAST(0 AS bit)
END
2026-07-14 17:49:36.783 +07:00 [INF] Executed DbCommand (1ms) [Parameters=[], CommandType='"Text"', CommandTimeout='30']
SELECT [p].[Id], [p].[Code], [p].[CreatedAt], [p].[CreatedBy], [p].[Description], [p].[IsDeleted], [p].[Module], [p].[Name], [p].[UpdatedAt], [p].[UpdatedBy]
FROM [Permissions] AS [p]
WHERE [p].[IsDeleted] = CAST(0 AS bit)
2026-07-14 17:49:36.793 +07:00 [INF] Executed DbCommand (5ms) [Parameters=[], CommandType='"Text"', CommandTimeout='30']
SELECT CASE
    WHEN EXISTS (
        SELECT 1
        FROM [Plans] AS [p]
        WHERE [p].[IsDeleted] = CAST(0 AS bit)) THEN CAST(1 AS bit)
    ELSE CAST(0 AS bit)
END
2026-07-14 17:49:36.842 +07:00 [INF] Executed DbCommand (4ms) [Parameters=[], CommandType='"Text"', CommandTimeout='30']
SELECT CASE
    WHEN EXISTS (
        SELECT 1
        FROM [Channels] AS [c]
        WHERE [c].[IsDeleted] = CAST(0 AS bit)) THEN CAST(1 AS bit)
    ELSE CAST(0 AS bit)
END
2026-07-14 17:49:36.868 +07:00 [INF] Executed DbCommand (2ms) [Parameters=[], CommandType='"Text"', CommandTimeout='30']
SELECT CASE
    WHEN EXISTS (
        SELECT 1
        FROM [Settings] AS [s]
        WHERE [s].[IsDeleted] = CAST(0 AS bit)) THEN CAST(1 AS bit)
    ELSE CAST(0 AS bit)
END
2026-07-14 17:49:36.894 +07:00 [INF] Executed DbCommand (4ms) [Parameters=[], CommandType='"Text"', CommandTimeout='30']
SELECT CASE
    WHEN EXISTS (
        SELECT 1
        FROM [AiPrompts] AS [a]
        WHERE [a].[IsDeleted] = CAST(0 AS bit)) THEN CAST(1 AS bit)
    ELSE CAST(0 AS bit)
END
2026-07-14 17:49:36.931 +07:00 [INF] Executed DbCommand (3ms) [Parameters=[], CommandType='"Text"', CommandTimeout='30']
SELECT CASE
    WHEN EXISTS (
        SELECT 1
        FROM [AiPrompts] AS [a]
        WHERE [a].[IsDeleted] = CAST(0 AS bit) AND [a].[Name] = N'Facebook Fanpage Bán Hàng') THEN CAST(1 AS bit)
    ELSE CAST(0 AS bit)
END
2026-07-14 17:49:36.944 +07:00 [INF] Executed DbCommand (8ms) [Parameters=[], CommandType='"Text"', CommandTimeout='30']
SELECT CASE
    WHEN EXISTS (
        SELECT 1
        FROM [Users] AS [u]
        WHERE [u].[IsDeleted] = CAST(0 AS bit) AND [u].[Email] = N'admin@autowork.com') THEN CAST(1 AS bit)
    ELSE CAST(0 AS bit)
END
2026-07-14 17:49:37.228 +07:00 [INF] Executed DbCommand (3ms) [Parameters=[], CommandType='"Text"', CommandTimeout='30']
SELECT CASE
    WHEN EXISTS (
        SELECT 1
        FROM [Users] AS [u]
        WHERE [u].[IsDeleted] = CAST(0 AS bit) AND [u].[Email] = N'demo@autowork.com') THEN CAST(1 AS bit)
    ELSE CAST(0 AS bit)
END
2026-07-14 17:49:37.320 +07:00 [INF] Executed DbCommand (4ms) [Parameters=[], CommandType='"Text"', CommandTimeout='30']
SELECT CASE
    WHEN EXISTS (
        SELECT 1
        FROM [Projects] AS [p]
        WHERE [p].[IsDeleted] = CAST(0 AS bit) AND [p].[Id] = '13131313-1313-1313-1313-131313131313') THEN CAST(1 AS bit)
    ELSE CAST(0 AS bit)
END
2026-07-14 17:49:37.403 +07:00 [INF] Executed DbCommand (3ms) [Parameters=[], CommandType='"Text"', CommandTimeout='30']
SELECT CASE
    WHEN EXISTS (
        SELECT 1
        FROM [Posts] AS [p]
        WHERE [p].[IsDeleted] = CAST(0 AS bit) AND [p].[ProjectId] = '13131313-1313-1313-1313-131313131313') THEN CAST(1 AS bit)
    ELSE CAST(0 AS bit)
END
2026-07-14 17:49:37.669 +07:00 [INF] Executed DbCommand (43ms) [Parameters=[@p0='?' (DbType = Guid), @p1='?' (Size = 100), @p2='?' (DbType = DateTime2), @p3='?' (DbType = Guid), @p4='?' (DbType = Boolean), @p5='?' (Size = 200), @p6='?' (DbType = Guid), @p7='?' (Size = 4000), @p8='?' (DbType = DateTime2), @p9='?' (DbType = Guid), @p10='?' (DbType = Guid), @p11='?' (DbType = Guid), @p12='?' (Size = 100), @p13='?' (DbType = DateTime2), @p14='?' (DbType = Guid), @p15='?' (DbType = Boolean), @p16='?' (Size = 200), @p17='?' (DbType = Guid), @p18='?' (Size = 4000), @p19='?' (DbType = DateTime2), @p20='?' (DbType = Guid), @p21='?' (DbType = Guid), @p22='?' (DbType = Guid), @p23='?' (Size = 100), @p24='?' (DbType = DateTime2), @p25='?' (DbType = Guid), @p26='?' (DbType = Boolean), @p27='?' (Size = 200), @p28='?' (DbType = Guid), @p29='?' (Size = 4000), @p30='?' (DbType = DateTime2), @p31='?' (DbType = Guid), @p32='?' (DbType = Guid), @p33='?' (DbType = Guid), @p34='?' (Size = 100), @p35='?' (DbType = DateTime2), @p36='?' (DbType = Guid), @p37='?' (DbType = Boolean), @p38='?' (Size = 200), @p39='?' (DbType = Guid), @p40='?' (Size = 4000), @p41='?' (DbType = DateTime2), @p42='?' (DbType = Guid), @p43='?' (DbType = Guid), @p44='?' (DbType = Guid), @p45='?' (Size = 100), @p46='?' (DbType = DateTime2), @p47='?' (DbType = Guid), @p48='?' (DbType = Boolean), @p49='?' (Size = 200), @p50='?' (DbType = Guid), @p51='?' (Size = 4000), @p52='?' (DbType = DateTime2), @p53='?' (DbType = Guid), @p54='?' (DbType = Guid), @p55='?' (DbType = Guid), @p56='?' (Size = 100), @p57='?' (DbType = DateTime2), @p58='?' (DbType = Guid), @p59='?' (DbType = Boolean), @p60='?' (Size = 200), @p61='?' (DbType = Guid), @p62='?' (Size = 4000), @p63='?' (DbType = DateTime2), @p64='?' (DbType = Guid), @p65='?' (DbType = Guid), @p66='?' (DbType = Guid), @p67='?' (Size = 100), @p68='?' (DbType = DateTime2), @p69='?' (DbType = Guid), @p70='?' (DbType = Boolean), @p71='?' (Size = 200), @p72='?' (DbType = Guid), @p73='?' (Size = 4000), @p74='?' (DbType = DateTime2), @p75='?' (DbType = Guid), @p76='?' (DbType = Guid), @p77='?' (DbType = Guid), @p78='?' (Size = 100), @p79='?' (DbType = DateTime2), @p80='?' (DbType = Guid), @p81='?' (DbType = Boolean), @p82='?' (Size = 200), @p83='?' (DbType = Guid), @p84='?' (Size = 4000), @p85='?' (DbType = DateTime2), @p86='?' (DbType = Guid), @p87='?' (DbType = Guid), @p88='?' (DbType = Guid), @p89='?' (Size = 50), @p90='?' (DbType = DateTime2), @p91='?' (DbType = Guid), @p92='?' (Size = 500), @p93='?' (Size = 500), @p94='?' (DbType = Boolean), @p95='?' (Size = 100), @p96='?' (DbType = Int32), @p97='?' (DbType = DateTime2), @p98='?' (DbType = Guid), @p99='?' (DbType = Guid), @p100='?' (Size = 50), @p101='?' (DbType = DateTime2), @p102='?' (DbType = Guid), @p103='?' (Size = 500), @p104='?' (Size = 500), @p105='?' (DbType = Boolean), @p106='?' (Size = 100), @p107='?' (DbType = Int32), @p108='?' (DbType = DateTime2), @p109='?' (DbType = Guid), @p110='?' (DbType = Guid), @p111='?' (Size = 50), @p112='?' (DbType = DateTime2), @p113='?' (DbType = Guid), @p114='?' (Size = 500), @p115='?' (Size = 500), @p116='?' (DbType = Boolean), @p117='?' (Size = 100), @p118='?' (DbType = Int32), @p119='?' (DbType = DateTime2), @p120='?' (DbType = Guid), @p121='?' (DbType = Guid), @p122='?' (DbType = Int32), @p123='?' (Size = 50), @p124='?' (DbType = DateTime2), @p125='?' (DbType = Guid), @p126='?' (DbType = Int32), @p127='?' (Size = 1000), @p128='?' (DbType = Boolean), @p129='?' (DbType = Int32), @p130='?' (DbType = Int32), @p131='?' (DbType = Int32), @p132='?' (Size = 100), @p133='?' (Precision = 18) (Scale = 2) (DbType = Decimal), @p134='?' (DbType = Int32), @p135='?' (DbType = DateTime2), @p136='?' (DbType = Guid), @p137='?' (DbType = Guid), @p138='?' (DbType = Int32), @p139='?' (Size = 50), @p140='?' (DbType = DateTime2), @p141='?' (DbType = Guid), @p142='?' (DbType = Int32), @p143='?' (Size = 1000), @p144='?' (DbType = Boolean), @p145='?' (DbType = Int32), @p146='?' (DbType = Int32), @p147='?' (DbType = Int32), @p148='?' (Size = 100), @p149='?' (Precision = 18) (Scale = 2) (DbType = Decimal), @p150='?' (DbType = Int32), @p151='?' (DbType = DateTime2), @p152='?' (DbType = Guid), @p153='?' (DbType = Guid), @p154='?' (DbType = Int32), @p155='?' (Size = 50), @p156='?' (DbType = DateTime2), @p157='?' (DbType = Guid), @p158='?' (DbType = Int32), @p159='?' (Size = 1000), @p160='?' (DbType = Boolean), @p161='?' (DbType = Int32), @p162='?' (DbType = Int32), @p163='?' (DbType = Int32), @p164='?' (Size = 100), @p165='?' (Precision = 18) (Scale = 2) (DbType = Decimal), @p166='?' (DbType = Int32), @p167='?' (DbType = DateTime2), @p168='?' (DbType = Guid), @p169='?' (DbType = Guid), @p170='?' (DbType = Int32), @p171='?' (Size = 50), @p172='?' (DbType = DateTime2), @p173='?' (DbType = Guid), @p174='?' (DbType = Int32), @p175='?' (Size = 1000), @p176='?' (DbType = Boolean), @p177='?' (DbType = Int32), @p178='?' (DbType = Int32), @p179='?' (DbType = Int32), @p180='?' (Size = 100), @p181='?' (Precision = 18) (Scale = 2) (DbType = Decimal), @p182='?' (DbType = Int32), @p183='?' (DbType = DateTime2), @p184='?' (DbType = Guid), @p185='?' (DbType = Guid), @p186='?' (DbType = DateTime2), @p187='?' (DbType = Guid), @p188='?' (DbType = Guid), @p189='?' (DbType = Guid), @p190='?' (DbType = DateTime2), @p191='?' (DbType = Guid), @p192='?' (DbType = Guid), @p193='?' (DbType = DateTime2), @p194='?' (DbType = Guid), @p195='?' (DbType = Guid), @p196='?' (DbType = Guid), @p197='?' (DbType = DateTime2), @p198='?' (DbType = Guid), @p199='?' (DbType = Guid), @p200='?' (DbType = DateTime2), @p201='?' (DbType = Guid), @p202='?' (DbType = Guid), @p203='?' (DbType = Guid), @p204='?' (DbType = DateTime2), @p205='?' (DbType = Guid), @p206='?' (DbType = Guid), @p207='?' (DbType = DateTime2), @p208='?' (DbType = Guid), @p209='?' (DbType = Guid), @p210='?' (DbType = Guid), @p211='?' (DbType = DateTime2), @p212='?' (DbType = Guid), @p213='?' (DbType = Guid), @p214='?' (DbType = DateTime2), @p215='?' (DbType = Guid), @p216='?' (DbType = Guid), @p217='?' (DbType = Guid), @p218='?' (DbType = DateTime2), @p219='?' (DbType = Guid), @p220='?' (DbType = Guid), @p221='?' (DbType = DateTime2), @p222='?' (DbType = Guid), @p223='?' (DbType = Guid), @p224='?' (DbType = Guid), @p225='?' (DbType = DateTime2), @p226='?' (DbType = Guid), @p227='?' (DbType = Guid), @p228='?' (DbType = DateTime2), @p229='?' (DbType = Guid), @p230='?' (DbType = Guid), @p231='?' (DbType = Guid), @p232='?' (DbType = DateTime2), @p233='?' (DbType = Guid), @p234='?' (DbType = Guid), @p235='?' (DbType = DateTime2), @p236='?' (DbType = Guid), @p237='?' (DbType = Guid), @p238='?' (DbType = Guid), @p239='?' (DbType = DateTime2), @p240='?' (DbType = Guid), @p241='?' (DbType = Guid), @p242='?' (DbType = DateTime2), @p243='?' (DbType = Guid), @p244='?' (DbType = Guid), @p245='?' (DbType = Guid), @p246='?' (DbType = DateTime2), @p247='?' (DbType = Guid), @p248='?' (DbType = Guid), @p249='?' (DbType = DateTime2), @p250='?' (DbType = Guid), @p251='?' (DbType = Guid), @p252='?' (DbType = Guid), @p253='?' (DbType = DateTime2), @p254='?' (DbType = Guid), @p255='?' (DbType = Guid), @p256='?' (DbType = DateTime2), @p257='?' (DbType = Guid), @p258='?' (DbType = Guid), @p259='?' (DbType = Guid), @p260='?' (DbType = DateTime2), @p261='?' (DbType = Guid), @p262='?' (DbType = Guid), @p263='?' (DbType = DateTime2), @p264='?' (DbType = Guid), @p265='?' (DbType = Guid), @p266='?' (DbType = Guid), @p267='?' (DbType = DateTime2), @p268='?' (DbType = Guid), @p269='?' (DbType = Guid), @p270='?' (DbType = DateTime2), @p271='?' (DbType = Guid), @p272='?' (DbType = Guid), @p273='?' (DbType = Guid), @p274='?' (DbType = DateTime2), @p275='?' (DbType = Guid), @p276='?' (DbType = Guid), @p277='?' (DbType = DateTime2), @p278='?' (DbType = Guid), @p279='?' (DbType = Guid), @p280='?' (DbType = Guid), @p281='?' (DbType = DateTime2), @p282='?' (DbType = Guid), @p283='?' (DbType = Guid), @p284='?' (DbType = DateTime2), @p285='?' (DbType = Guid), @p286='?' (DbType = Guid), @p287='?' (DbType = Guid), @p288='?' (DbType = DateTime2), @p289='?' (DbType = Guid), @p290='?' (DbType = Guid), @p291='?' (DbType = DateTime2), @p292='?' (DbType = Guid), @p293='?' (DbType = Guid), @p294='?' (DbType = Guid), @p295='?' (DbType = DateTime2), @p296='?' (DbType = Guid), @p297='?' (DbType = Guid), @p298='?' (DbType = DateTime2), @p299='?' (DbType = Guid), @p300='?' (DbType = Guid), @p301='?' (DbType = Guid), @p302='?' (DbType = DateTime2), @p303='?' (DbType = Guid), @p304='?' (DbType = Guid), @p305='?' (DbType = DateTime2), @p306='?' (DbType = Guid), @p307='?' (DbType = Guid), @p308='?' (DbType = Guid), @p309='?' (DbType = DateTime2), @p310='?' (DbType = Guid), @p311='?' (DbType = Guid), @p312='?' (DbType = DateTime2), @p313='?' (DbType = Guid), @p314='?' (DbType = Guid), @p315='?' (DbType = Guid), @p316='?' (DbType = DateTime2), @p317='?' (DbType = Guid), @p318='?' (DbType = Guid), @p319='?' (DbType = DateTime2), @p320='?' (DbType = Guid), @p321='?' (DbType = Guid), @p322='?' (DbType = Guid), @p323='?' (DbType = DateTime2), @p324='?' (DbType = Guid), @p325='?' (DbType = Guid), @p326='?' (DbType = DateTime2), @p327='?' (DbType = Guid), @p328='?' (DbType = Guid), @p329='?' (DbType = Guid), @p330='?' (DbType = DateTime2), @p331='?' (DbType = Guid), @p332='?' (DbType = Guid), @p333='?' (DbType = DateTime2), @p334='?' (DbType = Guid), @p335='?' (DbType = Guid), @p336='?' (DbType = Guid), @p337='?' (DbType = DateTime2), @p338='?' (DbType = Guid), @p339='?' (DbType = Guid), @p340='?' (DbType = DateTime2), @p341='?' (DbType = Guid), @p342='?' (DbType = Guid), @p343='?' (DbType = Guid), @p344='?' (DbType = DateTime2), @p345='?' (DbType = Guid), @p346='?' (DbType = Guid), @p347='?' (DbType = DateTime2), @p348='?' (DbType = Guid), @p349='?' (DbType = Guid), @p350='?' (DbType = Guid), @p351='?' (DbType = DateTime2), @p352='?' (DbType = Guid), @p353='?' (DbType = Guid), @p354='?' (DbType = DateTime2), @p355='?' (DbType = Guid), @p356='?' (DbType = Guid), @p357='?' (DbType = Guid), @p358='?' (DbType = DateTime2), @p359='?' (DbType = Guid), @p360='?' (DbType = Guid), @p361='?' (DbType = DateTime2), @p362='?' (DbType = Guid), @p363='?' (DbType = Guid), @p364='?' (DbType = Guid), @p365='?' (DbType = DateTime2), @p366='?' (DbType = Guid), @p367='?' (DbType = Guid), @p368='?' (DbType = DateTime2), @p369='?' (DbType = Guid), @p370='?' (DbType = Guid), @p371='?' (DbType = Guid), @p372='?' (DbType = DateTime2), @p373='?' (DbType = Guid)], CommandType='"Text"', CommandTimeout='30']
SET NOCOUNT ON;
MERGE [AiPrompts] USING (
VALUES (@p0, @p1, @p2, @p3, @p4, @p5, @p6, @p7, @p8, @p9, @p10, 0),
(@p11, @p12, @p13, @p14, @p15, @p16, @p17, @p18, @p19, @p20, @p21, 1),
(@p22, @p23, @p24, @p25, @p26, @p27, @p28, @p29, @p30, @p31, @p32, 2),
(@p33, @p34, @p35, @p36, @p37, @p38, @p39, @p40, @p41, @p42, @p43, 3),
(@p44, @p45, @p46, @p47, @p48, @p49, @p50, @p51, @p52, @p53, @p54, 4),
(@p55, @p56, @p57, @p58, @p59, @p60, @p61, @p62, @p63, @p64, @p65, 5),
(@p66, @p67, @p68, @p69, @p70, @p71, @p72, @p73, @p74, @p75, @p76, 6),
(@p77, @p78, @p79, @p80, @p81, @p82, @p83, @p84, @p85, @p86, @p87, 7)) AS i ([Id], [Category], [CreatedAt], [CreatedBy], [IsSystem], [Name], [ProjectId], [Template], [UpdatedAt], [UpdatedBy], [UserId], _Position) ON 1=0
WHEN NOT MATCHED THEN
INSERT ([Id], [Category], [CreatedAt], [CreatedBy], [IsSystem], [Name], [ProjectId], [Template], [UpdatedAt], [UpdatedBy], [UserId])
VALUES (i.[Id], i.[Category], i.[CreatedAt], i.[CreatedBy], i.[IsSystem], i.[Name], i.[ProjectId], i.[Template], i.[UpdatedAt], i.[UpdatedBy], i.[UserId])
OUTPUT INSERTED.[IsDeleted], i._Position;
MERGE [Channels] USING (
VALUES (@p88, @p89, @p90, @p91, @p92, @p93, @p94, @p95, @p96, @p97, @p98, 0),
(@p99, @p100, @p101, @p102, @p103, @p104, @p105, @p106, @p107, @p108, @p109, 1),
(@p110, @p111, @p112, @p113, @p114, @p115, @p116, @p117, @p118, @p119, @p120, 2)) AS i ([Id], [Code], [CreatedAt], [CreatedBy], [Description], [IconUrl], [IsActive], [Name], [SortOrder], [UpdatedAt], [UpdatedBy], _Position) ON 1=0
WHEN NOT MATCHED THEN
INSERT ([Id], [Code], [CreatedAt], [CreatedBy], [Description], [IconUrl], [IsActive], [Name], [SortOrder], [UpdatedAt], [UpdatedBy])
VALUES (i.[Id], i.[Code], i.[CreatedAt], i.[CreatedBy], i.[Description], i.[IconUrl], i.[IsActive], i.[Name], i.[SortOrder], i.[UpdatedAt], i.[UpdatedBy])
OUTPUT INSERTED.[IsDeleted], i._Position;
MERGE [Plans] USING (
VALUES (@p121, @p122, @p123, @p124, @p125, @p126, @p127, @p128, @p129, @p130, @p131, @p132, @p133, @p134, @p135, @p136, 0),
(@p137, @p138, @p139, @p140, @p141, @p142, @p143, @p144, @p145, @p146, @p147, @p148, @p149, @p150, @p151, @p152, 1),
(@p153, @p154, @p155, @p156, @p157, @p158, @p159, @p160, @p161, @p162, @p163, @p164, @p165, @p166, @p167, @p168, 2),
(@p169, @p170, @p171, @p172, @p173, @p174, @p175, @p176, @p177, @p178, @p179, @p180, @p181, @p182, @p183, @p184, 3)) AS i ([Id], [BillingPeriod], [Code], [CreatedAt], [CreatedBy], [CreditsIncluded], [Description], [IsActive], [MaxChannels], [MaxPostsPerMonth], [MaxProjects], [Name], [Price], [SortOrder], [UpdatedAt], [UpdatedBy], _Position) ON 1=0
WHEN NOT MATCHED THEN
INSERT ([Id], [BillingPeriod], [Code], [CreatedAt], [CreatedBy], [CreditsIncluded], [Description], [IsActive], [MaxChannels], [MaxPostsPerMonth], [MaxProjects], [Name], [Price], [SortOrder], [UpdatedAt], [UpdatedBy])
VALUES (i.[Id], i.[BillingPeriod], i.[Code], i.[CreatedAt], i.[CreatedBy], i.[CreditsIncluded], i.[Description], i.[IsActive], i.[MaxChannels], i.[MaxPostsPerMonth], i.[MaxProjects], i.[Name], i.[Price], i.[SortOrder], i.[UpdatedAt], i.[UpdatedBy])
OUTPUT INSERTED.[IsDeleted], i._Position;
MERGE [RolePermissions] USING (
VALUES (@p185, @p186, @p187, @p188, @p189, @p190, @p191, 0),
(@p192, @p193, @p194, @p195, @p196, @p197, @p198, 1),
(@p199, @p200, @p201, @p202, @p203, @p204, @p205, 2),
(@p206, @p207, @p208, @p209, @p210, @p211, @p212, 3),
(@p213, @p214, @p215, @p216, @p217, @p218, @p219, 4),
(@p220, @p221, @p222, @p223, @p224, @p225, @p226, 5),
(@p227, @p228, @p229, @p230, @p231, @p232, @p233, 6),
(@p234, @p235, @p236, @p237, @p238, @p239, @p240, 7),
(@p241, @p242, @p243, @p244, @p245, @p246, @p247, 8),
(@p248, @p249, @p250, @p251, @p252, @p253, @p254, 9),
(@p255, @p256, @p257, @p258, @p259, @p260, @p261, 10),
(@p262, @p263, @p264, @p265, @p266, @p267, @p268, 11),
(@p269, @p270, @p271, @p272, @p273, @p274, @p275, 12),
(@p276, @p277, @p278, @p279, @p280, @p281, @p282, 13),
(@p283, @p284, @p285, @p286, @p287, @p288, @p289, 14),
(@p290, @p291, @p292, @p293, @p294, @p295, @p296, 15),
(@p297, @p298, @p299, @p300, @p301, @p302, @p303, 16),
(@p304, @p305, @p306, @p307, @p308, @p309, @p310, 17),
(@p311, @p312, @p313, @p314, @p315, @p316, @p317, 18),
(@p318, @p319, @p320, @p321, @p322, @p323, @p324, 19),
(@p325, @p326, @p327, @p328, @p329, @p330, @p331, 20),
(@p332, @p333, @p334, @p335, @p336, @p337, @p338, 21),
(@p339, @p340, @p341, @p342, @p343, @p344, @p345, 22),
(@p346, @p347, @p348, @p349, @p350, @p351, @p352, 23),
(@p353, @p354, @p355, @p356, @p357, @p358, @p359, 24),
(@p360, @p361, @p362, @p363, @p364, @p365, @p366, 25),
(@p367, @p368, @p369, @p370, @p371, @p372, @p373, 26)) AS i ([Id], [CreatedAt], [CreatedBy], [PermissionId], [RoleId], [UpdatedAt], [UpdatedBy], _Position) ON 1=0
WHEN NOT MATCHED THEN
INSERT ([Id], [CreatedAt], [CreatedBy], [PermissionId], [RoleId], [UpdatedAt], [UpdatedBy])
VALUES (i.[Id], i.[CreatedAt], i.[CreatedBy], i.[PermissionId], i.[RoleId], i.[UpdatedAt], i.[UpdatedBy])
OUTPUT INSERTED.[IsDeleted], i._Position;
2026-07-14 17:49:37.695 +07:00 [INF] Executed DbCommand (22ms) [Parameters=[@p0='?' (DbType = Guid), @p1='?' (DbType = DateTime2), @p2='?' (DbType = Guid), @p3='?' (DbType = Guid), @p4='?' (DbType = Guid), @p5='?' (DbType = DateTime2), @p6='?' (DbType = Guid), @p7='?' (DbType = Guid), @p8='?' (DbType = DateTime2), @p9='?' (DbType = Guid), @p10='?' (DbType = Guid), @p11='?' (DbType = Guid), @p12='?' (DbType = DateTime2), @p13='?' (DbType = Guid), @p14='?' (DbType = Guid), @p15='?' (DbType = DateTime2), @p16='?' (DbType = Guid), @p17='?' (DbType = Guid), @p18='?' (DbType = Guid), @p19='?' (DbType = DateTime2), @p20='?' (DbType = Guid), @p21='?' (DbType = Guid), @p22='?' (DbType = DateTime2), @p23='?' (DbType = Guid), @p24='?' (DbType = Guid), @p25='?' (DbType = Guid), @p26='?' (DbType = DateTime2), @p27='?' (DbType = Guid), @p28='?' (DbType = Guid), @p29='?' (DbType = DateTime2), @p30='?' (DbType = Guid), @p31='?' (DbType = Guid), @p32='?' (DbType = Guid), @p33='?' (DbType = DateTime2), @p34='?' (DbType = Guid), @p35='?' (DbType = Guid), @p36='?' (DbType = DateTime2), @p37='?' (DbType = Guid), @p38='?' (DbType = Guid), @p39='?' (DbType = Guid), @p40='?' (DbType = DateTime2), @p41='?' (DbType = Guid), @p42='?' (DbType = Guid), @p43='?' (DbType = DateTime2), @p44='?' (DbType = Guid), @p45='?' (DbType = Guid), @p46='?' (DbType = Guid), @p47='?' (DbType = DateTime2), @p48='?' (DbType = Guid), @p49='?' (DbType = Guid), @p50='?' (DbType = DateTime2), @p51='?' (DbType = Guid), @p52='?' (DbType = Guid), @p53='?' (DbType = Guid), @p54='?' (DbType = DateTime2), @p55='?' (DbType = Guid), @p56='?' (DbType = Guid), @p57='?' (DbType = DateTime2), @p58='?' (DbType = Guid), @p59='?' (DbType = Guid), @p60='?' (DbType = Guid), @p61='?' (DbType = DateTime2), @p62='?' (DbType = Guid), @p63='?' (DbType = Guid), @p64='?' (DbType = DateTime2), @p65='?' (DbType = Guid), @p66='?' (DbType = Guid), @p67='?' (DbType = Guid), @p68='?' (DbType = DateTime2), @p69='?' (DbType = Guid), @p70='?' (DbType = Guid), @p71='?' (DbType = DateTime2), @p72='?' (DbType = Guid), @p73='?' (DbType = Guid), @p74='?' (DbType = Guid), @p75='?' (DbType = DateTime2), @p76='?' (DbType = Guid), @p77='?' (DbType = Guid), @p78='?' (DbType = DateTime2), @p79='?' (DbType = Guid), @p80='?' (DbType = Guid), @p81='?' (DbType = Guid), @p82='?' (DbType = DateTime2), @p83='?' (DbType = Guid), @p84='?' (DbType = Guid), @p85='?' (DbType = DateTime2), @p86='?' (DbType = Guid), @p87='?' (DbType = Guid), @p88='?' (DbType = Guid), @p89='?' (DbType = DateTime2), @p90='?' (DbType = Guid), @p91='?' (DbType = Guid), @p92='?' (DbType = DateTime2), @p93='?' (DbType = Guid), @p94='?' (DbType = Guid), @p95='?' (DbType = Guid), @p96='?' (DbType = DateTime2), @p97='?' (DbType = Guid), @p98='?' (DbType = Guid), @p99='?' (DbType = DateTime2), @p100='?' (DbType = Guid), @p101='?' (DbType = Guid), @p102='?' (DbType = Guid), @p103='?' (DbType = DateTime2), @p104='?' (DbType = Guid), @p105='?' (DbType = Guid), @p106='?' (DbType = DateTime2), @p107='?' (DbType = Guid), @p108='?' (DbType = Guid), @p109='?' (DbType = Guid), @p110='?' (DbType = DateTime2), @p111='?' (DbType = Guid), @p112='?' (DbType = Guid), @p113='?' (DbType = DateTime2), @p114='?' (DbType = Guid), @p115='?' (DbType = Guid), @p116='?' (DbType = Guid), @p117='?' (DbType = DateTime2), @p118='?' (DbType = Guid), @p119='?' (DbType = Guid), @p120='?' (DbType = DateTime2), @p121='?' (DbType = Guid), @p122='?' (DbType = Guid), @p123='?' (DbType = Guid), @p124='?' (DbType = DateTime2), @p125='?' (DbType = Guid), @p126='?' (DbType = Guid), @p127='?' (DbType = DateTime2), @p128='?' (DbType = Guid), @p129='?' (DbType = Guid), @p130='?' (DbType = Guid), @p131='?' (DbType = DateTime2), @p132='?' (DbType = Guid), @p133='?' (DbType = Guid), @p134='?' (DbType = DateTime2), @p135='?' (DbType = Guid), @p136='?' (DbType = Guid), @p137='?' (DbType = Guid), @p138='?' (DbType = DateTime2), @p139='?' (DbType = Guid), @p140='?' (DbType = Guid), @p141='?' (DbType = DateTime2), @p142='?' (DbType = Guid), @p143='?' (DbType = Guid), @p144='?' (DbType = Guid), @p145='?' (DbType = DateTime2), @p146='?' (DbType = Guid), @p147='?' (DbType = Guid), @p148='?' (DbType = DateTime2), @p149='?' (DbType = Guid), @p150='?' (DbType = Guid), @p151='?' (DbType = Guid), @p152='?' (DbType = DateTime2), @p153='?' (DbType = Guid), @p154='?' (DbType = Guid), @p155='?' (DbType = DateTime2), @p156='?' (DbType = Guid), @p157='?' (DbType = Guid), @p158='?' (DbType = Guid), @p159='?' (DbType = DateTime2), @p160='?' (DbType = Guid), @p161='?' (DbType = Guid), @p162='?' (DbType = DateTime2), @p163='?' (DbType = Guid), @p164='?' (DbType = Guid), @p165='?' (DbType = Guid), @p166='?' (DbType = DateTime2), @p167='?' (DbType = Guid), @p168='?' (DbType = Guid), @p169='?' (DbType = DateTime2), @p170='?' (DbType = Guid), @p171='?' (DbType = Guid), @p172='?' (DbType = Guid), @p173='?' (DbType = DateTime2), @p174='?' (DbType = Guid), @p175='?' (DbType = Guid), @p176='?' (DbType = DateTime2), @p177='?' (DbType = Guid), @p178='?' (DbType = Guid), @p179='?' (DbType = Guid), @p180='?' (DbType = DateTime2), @p181='?' (DbType = Guid), @p182='?' (DbType = Guid), @p183='?' (DbType = DateTime2), @p184='?' (DbType = Guid), @p185='?' (DbType = Guid), @p186='?' (DbType = Guid), @p187='?' (DbType = DateTime2), @p188='?' (DbType = Guid), @p189='?' (DbType = Guid), @p190='?' (DbType = DateTime2), @p191='?' (DbType = Guid), @p192='?' (DbType = Guid), @p193='?' (DbType = Guid), @p194='?' (DbType = DateTime2), @p195='?' (DbType = Guid), @p196='?' (DbType = Guid), @p197='?' (DbType = DateTime2), @p198='?' (DbType = Guid), @p199='?' (DbType = Guid), @p200='?' (DbType = Guid), @p201='?' (DbType = DateTime2), @p202='?' (DbType = Guid), @p203='?' (DbType = Guid), @p204='?' (DbType = DateTime2), @p205='?' (DbType = Guid), @p206='?' (DbType = Guid), @p207='?' (DbType = Guid), @p208='?' (DbType = DateTime2), @p209='?' (DbType = Guid), @p210='?' (DbType = Guid), @p211='?' (DbType = DateTime2), @p212='?' (DbType = Guid), @p213='?' (DbType = Guid), @p214='?' (DbType = Guid), @p215='?' (DbType = DateTime2), @p216='?' (DbType = Guid), @p217='?' (DbType = Guid), @p218='?' (DbType = DateTime2), @p219='?' (DbType = Guid), @p220='?' (DbType = Guid), @p221='?' (DbType = Guid), @p222='?' (DbType = DateTime2), @p223='?' (DbType = Guid), @p224='?' (DbType = Guid), @p225='?' (DbType = DateTime2), @p226='?' (DbType = Guid), @p227='?' (DbType = Guid), @p228='?' (DbType = Guid), @p229='?' (DbType = DateTime2), @p230='?' (DbType = Guid), @p231='?' (DbType = Guid), @p232='?' (DbType = DateTime2), @p233='?' (DbType = Guid), @p234='?' (DbType = Guid), @p235='?' (DbType = Guid), @p236='?' (DbType = DateTime2), @p237='?' (DbType = Guid), @p238='?' (DbType = Guid), @p239='?' (DbType = DateTime2), @p240='?' (DbType = Guid), @p241='?' (DbType = Guid), @p242='?' (DbType = Guid), @p243='?' (DbType = DateTime2), @p244='?' (DbType = Guid), @p245='?' (DbType = Guid), @p246='?' (DbType = DateTime2), @p247='?' (DbType = Guid), @p248='?' (DbType = Guid), @p249='?' (DbType = Guid), @p250='?' (DbType = DateTime2), @p251='?' (DbType = Guid), @p252='?' (DbType = Guid), @p253='?' (DbType = DateTime2), @p254='?' (DbType = Guid), @p255='?' (DbType = Guid), @p256='?' (DbType = Guid), @p257='?' (DbType = DateTime2), @p258='?' (DbType = Guid), @p259='?' (DbType = Guid), @p260='?' (DbType = DateTime2), @p261='?' (DbType = Guid), @p262='?' (DbType = Guid), @p263='?' (DbType = Guid), @p264='?' (DbType = DateTime2), @p265='?' (DbType = Guid), @p266='?' (DbType = Guid), @p267='?' (DbType = DateTime2), @p268='?' (DbType = Guid), @p269='?' (DbType = Guid), @p270='?' (DbType = Guid), @p271='?' (DbType = DateTime2), @p272='?' (DbType = Guid), @p273='?' (DbType = Guid), @p274='?' (DbType = DateTime2), @p275='?' (DbType = Guid), @p276='?' (DbType = Guid), @p277='?' (DbType = Guid), @p278='?' (DbType = DateTime2), @p279='?' (DbType = Guid), @p280='?' (DbType = Guid), @p281='?' (Size = 100), @p282='?' (DbType = DateTime2), @p283='?' (DbType = Guid), @p284='?' (Size = 500), @p285='?' (DbType = Boolean), @p286='?' (Size = 200), @p287='?' (DbType = DateTime2), @p288='?' (DbType = Guid), @p289='?' (Size = 4000), @p290='?' (DbType = Guid), @p291='?' (Size = 100), @p292='?' (DbType = DateTime2), @p293='?' (DbType = Guid), @p294='?' (Size = 500), @p295='?' (DbType = Boolean), @p296='?' (Size = 200), @p297='?' (DbType = DateTime2), @p298='?' (DbType = Guid), @p299='?' (Size = 4000)], CommandType='"Text"', CommandTimeout='30']
SET NOCOUNT ON;
MERGE [RolePermissions] USING (
VALUES (@p0, @p1, @p2, @p3, @p4, @p5, @p6, 0),
(@p7, @p8, @p9, @p10, @p11, @p12, @p13, 1),
(@p14, @p15, @p16, @p17, @p18, @p19, @p20, 2),
(@p21, @p22, @p23, @p24, @p25, @p26, @p27, 3),
(@p28, @p29, @p30, @p31, @p32, @p33, @p34, 4),
(@p35, @p36, @p37, @p38, @p39, @p40, @p41, 5),
(@p42, @p43, @p44, @p45, @p46, @p47, @p48, 6),
(@p49, @p50, @p51, @p52, @p53, @p54, @p55, 7),
(@p56, @p57, @p58, @p59, @p60, @p61, @p62, 8),
(@p63, @p64, @p65, @p66, @p67, @p68, @p69, 9),
(@p70, @p71, @p72, @p73, @p74, @p75, @p76, 10),
(@p77, @p78, @p79, @p80, @p81, @p82, @p83, 11),
(@p84, @p85, @p86, @p87, @p88, @p89, @p90, 12),
(@p91, @p92, @p93, @p94, @p95, @p96, @p97, 13),
(@p98, @p99, @p100, @p101, @p102, @p103, @p104, 14),
(@p105, @p106, @p107, @p108, @p109, @p110, @p111, 15),
(@p112, @p113, @p114, @p115, @p116, @p117, @p118, 16),
(@p119, @p120, @p121, @p122, @p123, @p124, @p125, 17),
(@p126, @p127, @p128, @p129, @p130, @p131, @p132, 18),
(@p133, @p134, @p135, @p136, @p137, @p138, @p139, 19),
(@p140, @p141, @p142, @p143, @p144, @p145, @p146, 20),
(@p147, @p148, @p149, @p150, @p151, @p152, @p153, 21),
(@p154, @p155, @p156, @p157, @p158, @p159, @p160, 22),
(@p161, @p162, @p163, @p164, @p165, @p166, @p167, 23),
(@p168, @p169, @p170, @p171, @p172, @p173, @p174, 24),
(@p175, @p176, @p177, @p178, @p179, @p180, @p181, 25),
(@p182, @p183, @p184, @p185, @p186, @p187, @p188, 26),
(@p189, @p190, @p191, @p192, @p193, @p194, @p195, 27),
(@p196, @p197, @p198, @p199, @p200, @p201, @p202, 28),
(@p203, @p204, @p205, @p206, @p207, @p208, @p209, 29),
(@p210, @p211, @p212, @p213, @p214, @p215, @p216, 30),
(@p217, @p218, @p219, @p220, @p221, @p222, @p223, 31),
(@p224, @p225, @p226, @p227, @p228, @p229, @p230, 32),
(@p231, @p232, @p233, @p234, @p235, @p236, @p237, 33),
(@p238, @p239, @p240, @p241, @p242, @p243, @p244, 34),
(@p245, @p246, @p247, @p248, @p249, @p250, @p251, 35),
(@p252, @p253, @p254, @p255, @p256, @p257, @p258, 36),
(@p259, @p260, @p261, @p262, @p263, @p264, @p265, 37),
(@p266, @p267, @p268, @p269, @p270, @p271, @p272, 38),
(@p273, @p274, @p275, @p276, @p277, @p278, @p279, 39)) AS i ([Id], [CreatedAt], [CreatedBy], [PermissionId], [RoleId], [UpdatedAt], [UpdatedBy], _Position) ON 1=0
WHEN NOT MATCHED THEN
INSERT ([Id], [CreatedAt], [CreatedBy], [PermissionId], [RoleId], [UpdatedAt], [UpdatedBy])
VALUES (i.[Id], i.[CreatedAt], i.[CreatedBy], i.[PermissionId], i.[RoleId], i.[UpdatedAt], i.[UpdatedBy])
OUTPUT INSERTED.[IsDeleted], i._Position;
MERGE [Settings] USING (
VALUES (@p280, @p281, @p282, @p283, @p284, @p285, @p286, @p287, @p288, @p289, 0),
(@p290, @p291, @p292, @p293, @p294, @p295, @p296, @p297, @p298, @p299, 1)) AS i ([Id], [Category], [CreatedAt], [CreatedBy], [Description], [IsPublic], [Key], [UpdatedAt], [UpdatedBy], [Value], _Position) ON 1=0
WHEN NOT MATCHED THEN
INSERT ([Id], [Category], [CreatedAt], [CreatedBy], [Description], [IsPublic], [Key], [UpdatedAt], [UpdatedBy], [Value])
VALUES (i.[Id], i.[Category], i.[CreatedAt], i.[CreatedBy], i.[Description], i.[IsPublic], i.[Key], i.[UpdatedAt], i.[UpdatedBy], i.[Value])
OUTPUT INSERTED.[IsDeleted], i._Position;
2026-07-14 17:49:37.776 +07:00 [ERR] Failed executing DbCommand (75ms) [Parameters=[@p0='?' (DbType = Guid), @p1='?' (Size = 100), @p2='?' (DbType = DateTime2), @p3='?' (DbType = Guid), @p4='?' (Size = 500), @p5='?' (DbType = Boolean), @p6='?' (Size = 200), @p7='?' (DbType = DateTime2), @p8='?' (DbType = Guid), @p9='?' (Size = 4000), @p10='?' (DbType = Guid), @p11='?' (Size = 100), @p12='?' (DbType = DateTime2), @p13='?' (DbType = Guid), @p14='?' (Size = 500), @p15='?' (DbType = Boolean), @p16='?' (Size = 200), @p17='?' (DbType = DateTime2), @p18='?' (DbType = Guid), @p19='?' (Size = 4000), @p20='?' (DbType = Guid), @p21='?' (Size = 100), @p22='?' (DbType = DateTime2), @p23='?' (DbType = Guid), @p24='?' (Size = 500), @p25='?' (DbType = Boolean), @p26='?' (Size = 200), @p27='?' (DbType = DateTime2), @p28='?' (DbType = Guid), @p29='?' (Size = 4000), @p30='?' (DbType = Guid), @p31='?' (Size = 100), @p32='?' (DbType = DateTime2), @p33='?' (DbType = Guid), @p34='?' (Size = 500), @p35='?' (DbType = Boolean), @p36='?' (Size = 200), @p37='?' (DbType = DateTime2), @p38='?' (DbType = Guid), @p39='?' (Size = 4000), @p40='?' (DbType = Guid), @p41='?' (Size = 100), @p42='?' (DbType = DateTime2), @p43='?' (DbType = Guid), @p44='?' (Size = 500), @p45='?' (DbType = Boolean), @p46='?' (Size = 200), @p47='?' (DbType = DateTime2), @p48='?' (DbType = Guid), @p49='?' (Size = 4000), @p50='?' (DbType = Guid), @p51='?' (Size = 100), @p52='?' (DbType = DateTime2), @p53='?' (DbType = Guid), @p54='?' (Size = 500), @p55='?' (DbType = Boolean), @p56='?' (Size = 200), @p57='?' (DbType = DateTime2), @p58='?' (DbType = Guid), @p59='?' (Size = 4000), @p60='?' (DbType = Guid), @p61='?' (Size = 100), @p62='?' (DbType = DateTime2), @p63='?' (DbType = Guid), @p64='?' (Size = 500), @p65='?' (DbType = Boolean), @p66='?' (Size = 200), @p67='?' (DbType = DateTime2), @p68='?' (DbType = Guid), @p69='?' (Size = 4000), @p70='?' (DbType = Guid), @p71='?' (Size = 100), @p72='?' (DbType = DateTime2), @p73='?' (DbType = Guid), @p74='?' (Size = 500), @p75='?' (DbType = Boolean), @p76='?' (Size = 200), @p77='?' (DbType = DateTime2), @p78='?' (DbType = Guid), @p79='?' (Size = 4000), @p80='?' (DbType = Guid), @p81='?' (Size = 100), @p82='?' (DbType = DateTime2), @p83='?' (DbType = Guid), @p84='?' (Size = 500), @p85='?' (DbType = Boolean), @p86='?' (Size = 200), @p87='?' (DbType = DateTime2), @p88='?' (DbType = Guid), @p89='?' (Size = 4000), @p90='?' (DbType = Guid), @p91='?' (Size = 100), @p92='?' (DbType = DateTime2), @p93='?' (DbType = Guid), @p94='?' (Size = 500), @p95='?' (DbType = Boolean), @p96='?' (Size = 200), @p97='?' (DbType = DateTime2), @p98='?' (DbType = Guid), @p99='?' (Size = 4000), @p100='?' (DbType = Guid), @p101='?' (Size = 100), @p102='?' (DbType = DateTime2), @p103='?' (DbType = Guid), @p104='?' (Size = 500), @p105='?' (DbType = Boolean), @p106='?' (Size = 200), @p107='?' (DbType = DateTime2), @p108='?' (DbType = Guid), @p109='?' (Size = 4000), @p110='?' (DbType = Guid), @p111='?' (Size = 100), @p112='?' (DbType = DateTime2), @p113='?' (DbType = Guid), @p114='?' (Size = 500), @p115='?' (DbType = Boolean), @p116='?' (Size = 200), @p117='?' (DbType = DateTime2), @p118='?' (DbType = Guid), @p119='?' (Size = 4000), @p120='?' (DbType = Guid), @p121='?' (Size = 500), @p122='?' (DbType = DateTime2), @p123='?' (DbType = Guid), @p124='?' (Size = 256), @p125='?' (Size = 128), @p126='?' (Size = 100), @p127='?' (Size = 128), @p128='?' (DbType = Boolean), @p129='?' (DbType = DateTime2), @p130='?' (Size = 100), @p131='?' (Size = 512), @p132='?' (Size = 20), @p133='?' (Size = 32), @p134='?' (DbType = Guid), @p135='?' (DbType = DateTime2), @p136='?' (DbType = Guid), @p137='?' (DbType = Guid), @p138='?' (Size = 500), @p139='?' (DbType = DateTime2), @p140='?' (DbType = Guid), @p141='?' (Size = 256), @p142='?' (Size = 128), @p143='?' (Size = 100), @p144='?' (Size = 128), @p145='?' (DbType = Boolean), @p146='?' (DbType = DateTime2), @p147='?' (Size = 100), @p148='?' (Size = 512), @p149='?' (Size = 20), @p150='?' (Size = 32), @p151='?' (DbType = Guid), @p152='?' (DbType = DateTime2), @p153='?' (DbType = Guid), @p154='?' (DbType = Guid), @p155='?' (Size = 32), @p156='?' (Precision = 5) (Scale = 4) (DbType = Decimal), @p157='?' (DbType = DateTime2), @p158='?' (DbType = Guid), @p159='?' (DbType = Boolean), @p160='?' (Precision = 18) (Scale = 2) (DbType = Decimal), @p161='?' (DbType = DateTime2), @p162='?' (DbType = Guid), @p163='?' (DbType = Guid), @p164='?' (DbType = Guid), @p165='?' (DbType = Int32), @p166='?' (DbType = DateTime2), @p167='?' (DbType = Guid), @p168='?' (DbType = Int32), @p169='?' (DbType = Int32), @p170='?' (DbType = DateTime2), @p171='?' (DbType = Guid), @p172='?' (DbType = Guid), @p173='?' (DbType = Guid), @p174='?' (DbType = Int32), @p175='?' (DbType = DateTime2), @p176='?' (DbType = Guid), @p177='?' (DbType = Int32), @p178='?' (DbType = Int32), @p179='?' (DbType = DateTime2), @p180='?' (DbType = Guid), @p181='?' (DbType = Guid), @p182='?' (DbType = Guid), @p183='?' (DbType = DateTime2), @p184='?' (DbType = Guid), @p185='?' (Size = 2000), @p186='?' (DbType = Boolean), @p187='?' (Size = 500), @p188='?' (Size = 200), @p189='?' (DbType = DateTime2), @p190='?' (DbType = Guid), @p191='?' (DbType = Guid), @p192='?' (DbType = Guid), @p193='?' (DbType = Boolean), @p194='?' (DbType = DateTime2), @p195='?' (DbType = DateTime2), @p196='?' (DbType = Guid), @p197='?' (DbType = DateTime2), @p198='?' (DbType = Guid), @p199='?' (DbType = DateTime2), @p200='?' (DbType = Int32), @p201='?' (DbType = DateTime2), @p202='?' (DbType = Guid), @p203='?' (DbType = Guid), @p204='?' (DbType = Guid), @p205='?' (DbType = DateTime2), @p206='?' (DbType = Guid), @p207='?' (DbType = Guid), @p208='?' (DbType = DateTime2), @p209='?' (DbType = Guid), @p210='?' (DbType = Guid), @p211='?' (DbType = Guid), @p212='?' (DbType = DateTime2), @p213='?' (DbType = Guid), @p214='?' (DbType = Guid), @p215='?' (DbType = DateTime2), @p216='?' (DbType = Guid), @p217='?' (DbType = Guid), @p218='?' (DbType = Guid), @p219='?' (Size = 500), @p220='?' (DbType = Guid), @p221='?' (DbType = DateTime2), @p222='?' (DbType = Guid), @p223='?' (Size = 128), @p224='?' (DbType = Boolean), @p225='?' (DbType = DateTime2), @p226='?' (Size = 200), @p227='?' (Size = 500), @p228='?' (DbType = Guid), @p229='?' (DbType = DateTime2), @p230='?' (DbType = Guid), @p231='?' (DbType = Guid), @p232='?' (DbType = Guid), @p233='?' (Size = 500), @p234='?' (DbType = Guid), @p235='?' (DbType = DateTime2), @p236='?' (DbType = Guid), @p237='?' (Size = 128), @p238='?' (DbType = Boolean), @p239='?' (DbType = DateTime2), @p240='?' (Size = 200), @p241='?' (Size = 500), @p242='?' (DbType = Guid), @p243='?' (DbType = DateTime2), @p244='?' (DbType = Guid), @p245='?' (DbType = Guid), @p246='?' (DbType = Guid), @p247='?' (Size = 500), @p248='?' (DbType = Guid), @p249='?' (DbType = DateTime2), @p250='?' (DbType = Guid), @p251='?' (Size = 128), @p252='?' (DbType = Boolean), @p253='?' (DbType = DateTime2), @p254='?' (Size = 200), @p255='?' (Size = 500), @p256='?' (DbType = Guid), @p257='?' (DbType = DateTime2), @p258='?' (DbType = Guid), @p259='?' (DbType = Guid), @p260='?' (DbType = Guid), @p261='?' (DbType = Guid), @p262='?' (DbType = DateTime2), @p263='?' (DbType = Guid), @p264='?' (Size = 128), @p265='?' (DbType = Guid), @p266='?' (DbType = DateTime2), @p267='?' (Size = 1000), @p268='?' (DbType = DateTime2), @p269='?' (DbType = Int32), @p270='?' (DbType = Guid), @p271='?' (Size = 500), @p272='?' (DbType = DateTime2), @p273='?' (DbType = Guid), @p274='?' (DbType = Guid), @p275='?' (DbType = Guid), @p276='?' (DbType = DateTime2), @p277='?' (DbType = Guid), @p278='?' (Size = 128), @p279='?' (DbType = Guid), @p280='?' (DbType = DateTime2), @p281='?' (Size = 1000), @p282='?' (DbType = DateTime2), @p283='?' (DbType = Int32), @p284='?' (DbType = Guid), @p285='?' (Size = 500), @p286='?' (DbType = DateTime2), @p287='?' (DbType = Guid), @p288='?' (DbType = Guid), @p289='?' (DbType = Guid), @p290='?' (DbType = DateTime2), @p291='?' (DbType = Guid), @p292='?' (Size = 128), @p293='?' (DbType = Guid), @p294='?' (DbType = DateTime2), @p295='?' (Size = 1000), @p296='?' (DbType = DateTime2), @p297='?' (DbType = Int32), @p298='?' (DbType = Guid), @p299='?' (Size = 500), @p300='?' (DbType = DateTime2), @p301='?' (DbType = Guid), @p302='?' (DbType = Guid), @p303='?' (Size = 4000), @p304='?' (DbType = Int32), @p305='?' (DbType = DateTime2), @p306='?' (DbType = Guid), @p307='?' (DbType = Guid), @p308='?' (DbType = Guid), @p309='?' (DbType = Int32), @p310='?' (DbType = DateTime2), @p311='?' (DbType = Guid), @p312='?' (DbType = Guid), @p313='?' (Size = 4000), @p314='?' (DbType = Int32), @p315='?' (DbType = DateTime2), @p316='?' (DbType = Guid), @p317='?' (DbType = Guid), @p318='?' (DbType = Guid), @p319='?' (DbType = Int32), @p320='?' (DbType = DateTime2), @p321='?' (DbType = Guid), @p322='?' (DbType = Guid), @p323='?' (Size = 4000), @p324='?' (DbType = Int32), @p325='?' (DbType = DateTime2), @p326='?' (DbType = Guid), @p327='?' (DbType = Guid), @p328='?' (DbType = Guid), @p329='?' (DbType = Int32), @p330='?' (DbType = DateTime2), @p331='?' (DbType = Guid), @p332='?' (DbType = Guid), @p333='?' (DbType = DateTime2), @p334='?' (DbType = Guid), @p335='?' (DbType = DateTime2), @p336='?' (Size = 1000), @p337='?' (DbType = Guid), @p338='?' (DbType = Int32), @p339='?' (DbType = DateTime2), @p340='?' (DbType = Int32), @p341='?' (DbType = DateTime2), @p342='?' (DbType = Guid)], CommandType='"Text"', CommandTimeout='30']
SET NOCOUNT ON;
MERGE [Settings] USING (
VALUES (@p0, @p1, @p2, @p3, @p4, @p5, @p6, @p7, @p8, @p9, 0),
(@p10, @p11, @p12, @p13, @p14, @p15, @p16, @p17, @p18, @p19, 1),
(@p20, @p21, @p22, @p23, @p24, @p25, @p26, @p27, @p28, @p29, 2),
(@p30, @p31, @p32, @p33, @p34, @p35, @p36, @p37, @p38, @p39, 3),
(@p40, @p41, @p42, @p43, @p44, @p45, @p46, @p47, @p48, @p49, 4),
(@p50, @p51, @p52, @p53, @p54, @p55, @p56, @p57, @p58, @p59, 5),
(@p60, @p61, @p62, @p63, @p64, @p65, @p66, @p67, @p68, @p69, 6),
(@p70, @p71, @p72, @p73, @p74, @p75, @p76, @p77, @p78, @p79, 7),
(@p80, @p81, @p82, @p83, @p84, @p85, @p86, @p87, @p88, @p89, 8),
(@p90, @p91, @p92, @p93, @p94, @p95, @p96, @p97, @p98, @p99, 9),
(@p100, @p101, @p102, @p103, @p104, @p105, @p106, @p107, @p108, @p109, 10),
(@p110, @p111, @p112, @p113, @p114, @p115, @p116, @p117, @p118, @p119, 11)) AS i ([Id], [Category], [CreatedAt], [CreatedBy], [Description], [IsPublic], [Key], [UpdatedAt], [UpdatedBy], [Value], _Position) ON 1=0
WHEN NOT MATCHED THEN
INSERT ([Id], [Category], [CreatedAt], [CreatedBy], [Description], [IsPublic], [Key], [UpdatedAt], [UpdatedBy], [Value])
VALUES (i.[Id], i.[Category], i.[CreatedAt], i.[CreatedBy], i.[Description], i.[IsPublic], i.[Key], i.[UpdatedAt], i.[UpdatedBy], i.[Value])
OUTPUT INSERTED.[IsDeleted], i._Position;
MERGE [Users] USING (
VALUES (@p120, @p121, @p122, @p123, @p124, @p125, @p126, @p127, @p128, @p129, @p130, @p131, @p132, @p133, @p134, @p135, @p136, 0),
(@p137, @p138, @p139, @p140, @p141, @p142, @p143, @p144, @p145, @p146, @p147, @p148, @p149, @p150, @p151, @p152, @p153, 1)) AS i ([Id], [AvatarUrl], [CreatedAt], [CreatedBy], [Email], [FacebookId], [FirstName], [GoogleId], [IsActive], [LastLoginAt], [LastName], [PasswordHash], [Phone], [ReferralCode], [ReferredByUserId], [UpdatedAt], [UpdatedBy], _Position) ON 1=0
WHEN NOT MATCHED THEN
INSERT ([Id], [AvatarUrl], [CreatedAt], [CreatedBy], [Email], [FacebookId], [FirstName], [GoogleId], [IsActive], [LastLoginAt], [LastName], [PasswordHash], [Phone], [ReferralCode], [ReferredByUserId], [UpdatedAt], [UpdatedBy])
VALUES (i.[Id], i.[AvatarUrl], i.[CreatedAt], i.[CreatedBy], i.[Email], i.[FacebookId], i.[FirstName], i.[GoogleId], i.[IsActive], i.[LastLoginAt], i.[LastName], i.[PasswordHash], i.[Phone], i.[ReferralCode], i.[ReferredByUserId], i.[UpdatedAt], i.[UpdatedBy])
OUTPUT INSERTED.[IsDeleted], i._Position;
INSERT INTO [Affiliates] ([Id], [Code], [CommissionRate], [CreatedAt], [CreatedBy], [IsActive], [TotalEarnings], [UpdatedAt], [UpdatedBy], [UserId])
OUTPUT INSERTED.[IsDeleted]
VALUES (@p154, @p155, @p156, @p157, @p158, @p159, @p160, @p161, @p162, @p163);
MERGE [Credits] USING (
VALUES (@p164, @p165, @p166, @p167, @p168, @p169, @p170, @p171, @p172, 0),
(@p173, @p174, @p175, @p176, @p177, @p178, @p179, @p180, @p181, 1)) AS i ([Id], [Balance], [CreatedAt], [CreatedBy], [TotalEarned], [TotalUsed], [UpdatedAt], [UpdatedBy], [UserId], _Position) ON 1=0
WHEN NOT MATCHED THEN
INSERT ([Id], [Balance], [CreatedAt], [CreatedBy], [TotalEarned], [TotalUsed], [UpdatedAt], [UpdatedBy], [UserId])
VALUES (i.[Id], i.[Balance], i.[CreatedAt], i.[CreatedBy], i.[TotalEarned], i.[TotalUsed], i.[UpdatedAt], i.[UpdatedBy], i.[UserId])
OUTPUT INSERTED.[IsDeleted], i._Position;
INSERT INTO [Projects] ([Id], [CreatedAt], [CreatedBy], [Description], [IsActive], [LogoUrl], [Name], [UpdatedAt], [UpdatedBy], [UserId])
OUTPUT INSERTED.[IsDeleted]
VALUES (@p182, @p183, @p184, @p185, @p186, @p187, @p188, @p189, @p190, @p191);
INSERT INTO [Subscriptions] ([Id], [AutoRenew], [CancelledAt], [CreatedAt], [CreatedBy], [EndDate], [PlanId], [StartDate], [Status], [UpdatedAt], [UpdatedBy], [UserId])
OUTPUT INSERTED.[IsDeleted]
VALUES (@p192, @p193, @p194, @p195, @p196, @p197, @p198, @p199, @p200, @p201, @p202, @p203);
MERGE [UserRoles] USING (
VALUES (@p204, @p205, @p206, @p207, @p208, @p209, @p210, 0),
(@p211, @p212, @p213, @p214, @p215, @p216, @p217, 1)) AS i ([Id], [CreatedAt], [CreatedBy], [RoleId], [UpdatedAt], [UpdatedBy], [UserId], _Position) ON 1=0
WHEN NOT MATCHED THEN
INSERT ([Id], [CreatedAt], [CreatedBy], [RoleId], [UpdatedAt], [UpdatedBy], [UserId])
VALUES (i.[Id], i.[CreatedAt], i.[CreatedBy], i.[RoleId], i.[UpdatedAt], i.[UpdatedBy], i.[UserId])
OUTPUT INSERTED.[IsDeleted], i._Position;
MERGE [ChannelAccounts] USING (
VALUES (@p218, @p219, @p220, @p221, @p222, @p223, @p224, @p225, @p226, @p227, @p228, @p229, @p230, @p231, 0),
(@p232, @p233, @p234, @p235, @p236, @p237, @p238, @p239, @p240, @p241, @p242, @p243, @p244, @p245, 1),
(@p246, @p247, @p248, @p249, @p250, @p251, @p252, @p253, @p254, @p255, @p256, @p257, @p258, @p259, 2)) AS i ([Id], [AvatarUrl], [ChannelId], [CreatedAt], [CreatedBy], [ExternalId], [IsActive], [LastSyncedAt], [Name], [ProfileUrl], [ProjectId], [UpdatedAt], [UpdatedBy], [UserId], _Position) ON 1=0
WHEN NOT MATCHED THEN
INSERT ([Id], [AvatarUrl], [ChannelId], [CreatedAt], [CreatedBy], [ExternalId], [IsActive], [LastSyncedAt], [Name], [ProfileUrl], [ProjectId], [UpdatedAt], [UpdatedBy], [UserId])
VALUES (i.[Id], i.[AvatarUrl], i.[ChannelId], i.[CreatedAt], i.[CreatedBy], i.[ExternalId], i.[IsActive], i.[LastSyncedAt], i.[Name], i.[ProfileUrl], i.[ProjectId], i.[UpdatedAt], i.[UpdatedBy], i.[UserId])
OUTPUT INSERTED.[IsDeleted], i._Position;
MERGE [Posts] USING (
VALUES (@p260, @p261, @p262, @p263, @p264, @p265, @p266, @p267, @p268, @p269, @p270, @p271, @p272, @p273, 0),
(@p274, @p275, @p276, @p277, @p278, @p279, @p280, @p281, @p282, @p283, @p284, @p285, @p286, @p287, 1),
(@p288, @p289, @p290, @p291, @p292, @p293, @p294, @p295, @p296, @p297, @p298, @p299, @p300, @p301, 2)) AS i ([Id], [ChannelAccountId], [CreatedAt], [CreatedBy], [ExternalPostId], [ProjectId], [PublishedAt], [PublishedUrl], [ScheduledAt], [Status], [TimelineId], [Title], [UpdatedAt], [UpdatedBy], _Position) ON 1=0
WHEN NOT MATCHED THEN
INSERT ([Id], [ChannelAccountId], [CreatedAt], [CreatedBy], [ExternalPostId], [ProjectId], [PublishedAt], [PublishedUrl], [ScheduledAt], [Status], [TimelineId], [Title], [UpdatedAt], [UpdatedBy])
VALUES (i.[Id], i.[ChannelAccountId], i.[CreatedAt], i.[CreatedBy], i.[ExternalPostId], i.[ProjectId], i.[PublishedAt], i.[PublishedUrl], i.[ScheduledAt], i.[Status], i.[TimelineId], i.[Title], i.[UpdatedAt], i.[UpdatedBy])
OUTPUT INSERTED.[IsDeleted], i._Position;
MERGE [PostContents] USING (
VALUES (@p302, @p303, @p304, @p305, @p306, @p307, @p308, @p309, @p310, @p311, 0),
(@p312, @p313, @p314, @p315, @p316, @p317, @p318, @p319, @p320, @p321, 1),
(@p322, @p323, @p324, @p325, @p326, @p327, @p328, @p329, @p330, @p331, 2)) AS i ([Id], [Content], [ContentType], [CreatedAt], [CreatedBy], [MediaFileId], [PostId], [SortOrder], [UpdatedAt], [UpdatedBy], _Position) ON 1=0
WHEN NOT MATCHED THEN
INSERT ([Id], [Content], [ContentType], [CreatedAt], [CreatedBy], [MediaFileId], [PostId], [SortOrder], [UpdatedAt], [UpdatedBy])
VALUES (i.[Id], i.[Content], i.[ContentType], i.[CreatedAt], i.[CreatedBy], i.[MediaFileId], i.[PostId], i.[SortOrder], i.[UpdatedAt], i.[UpdatedBy])
OUTPUT INSERTED.[IsDeleted], i._Position;
INSERT INTO [PostSchedules] ([Id], [CreatedAt], [CreatedBy], [ExecutedAt], [FailureReason], [PostId], [RetryCount], [ScheduledAt], [Status], [UpdatedAt], [UpdatedBy])
OUTPUT INSERTED.[IsDeleted]
VALUES (@p332, @p333, @p334, @p335, @p336, @p337, @p338, @p339, @p340, @p341, @p342);
2026-07-14 17:49:37.801 +07:00 [ERR] An exception occurred in the database while saving changes for context type 'AutoWork.Persistence.Context.ApplicationDbContext'.
Microsoft.EntityFrameworkCore.DbUpdateException: An error occurred while saving the entity changes. See the inner exception for details.
 ---> Microsoft.Data.SqlClient.SqlException (0x80131904): Invalid column name 'PostId'.
   at Microsoft.Data.SqlClient.SqlCommand.<>c.<ExecuteDbDataReaderAsync>b__211_0(Task`1 result)
   at System.Threading.Tasks.ContinuationResultTaskFromResultTask`2.InnerInvoke()
   at System.Threading.ExecutionContext.RunInternal(ExecutionContext executionContext, ContextCallback callback, Object state)
--- End of stack trace from previous location ---
   at System.Threading.ExecutionContext.RunInternal(ExecutionContext executionContext, ContextCallback callback, Object state)
   at System.Threading.Tasks.Task.ExecuteWithThreadLocal(Task& currentTaskSlot, Thread threadPoolThread)
--- End of stack trace from previous location ---
   at Microsoft.EntityFrameworkCore.Storage.RelationalCommand.ExecuteReaderAsync(RelationalCommandParameterObject parameterObject, CancellationToken cancellationToken)
   at Microsoft.EntityFrameworkCore.Storage.RelationalCommand.ExecuteReaderAsync(RelationalCommandParameterObject parameterObject, CancellationToken cancellationToken)
   at Microsoft.EntityFrameworkCore.Update.ReaderModificationCommandBatch.ExecuteAsync(IRelationalConnection connection, CancellationToken cancellationToken)
ClientConnectionId:c12e9948-cfc8-4396-849e-cb494a78ce07
Error Number:207,State:1,Class:16
   --- End of inner exception stack trace ---
   at Microsoft.EntityFrameworkCore.Update.ReaderModificationCommandBatch.ExecuteAsync(IRelationalConnection connection, CancellationToken cancellationToken)
   at Microsoft.EntityFrameworkCore.SqlServer.Update.Internal.SqlServerModificationCommandBatch.ExecuteAsync(IRelationalConnection connection, CancellationToken cancellationToken)
   at Microsoft.EntityFrameworkCore.Update.Internal.BatchExecutor.ExecuteAsync(IEnumerable`1 commandBatches, IRelationalConnection connection, CancellationToken cancellationToken)
   at Microsoft.EntityFrameworkCore.Update.Internal.BatchExecutor.ExecuteAsync(IEnumerable`1 commandBatches, IRelationalConnection connection, CancellationToken cancellationToken)
   at Microsoft.EntityFrameworkCore.Update.Internal.BatchExecutor.ExecuteAsync(IEnumerable`1 commandBatches, IRelationalConnection connection, CancellationToken cancellationToken)
   at Microsoft.EntityFrameworkCore.ChangeTracking.Internal.StateManager.SaveChangesAsync(IList`1 entriesToSave, CancellationToken cancellationToken)
   at Microsoft.EntityFrameworkCore.ChangeTracking.Internal.StateManager.SaveChangesAsync(StateManager stateManager, Boolean acceptAllChangesOnSuccess, CancellationToken cancellationToken)
   at Microsoft.EntityFrameworkCore.Storage.ExecutionStrategy.<>c__DisplayClass30_0`2.<<ExecuteAsync>b__0>d.MoveNext()
--- End of stack trace from previous location ---
   at Microsoft.EntityFrameworkCore.Storage.ExecutionStrategy.ExecuteImplementationAsync[TState,TResult](Func`4 operation, Func`4 verifySucceeded, TState state, CancellationToken cancellationToken)
   at Microsoft.EntityFrameworkCore.Storage.ExecutionStrategy.ExecuteImplementationAsync[TState,TResult](Func`4 operation, Func`4 verifySucceeded, TState state, CancellationToken cancellationToken)
   at Microsoft.EntityFrameworkCore.Storage.ExecutionStrategy.ExecuteAsync[TState,TResult](TState state, Func`4 operation, Func`4 verifySucceeded, CancellationToken cancellationToken)
   at Microsoft.EntityFrameworkCore.DbContext.SaveChangesAsync(Boolean acceptAllChangesOnSuccess, CancellationToken cancellationToken)
Microsoft.EntityFrameworkCore.DbUpdateException: An error occurred while saving the entity changes. See the inner exception for details.
 ---> Microsoft.Data.SqlClient.SqlException (0x80131904): Invalid column name 'PostId'.
   at Microsoft.Data.SqlClient.SqlCommand.<>c.<ExecuteDbDataReaderAsync>b__211_0(Task`1 result)
   at System.Threading.Tasks.ContinuationResultTaskFromResultTask`2.InnerInvoke()
   at System.Threading.ExecutionContext.RunInternal(ExecutionContext executionContext, ContextCallback callback, Object state)
--- End of stack trace from previous location ---
   at System.Threading.ExecutionContext.RunInternal(ExecutionContext executionContext, ContextCallback callback, Object state)
   at System.Threading.Tasks.Task.ExecuteWithThreadLocal(Task& currentTaskSlot, Thread threadPoolThread)
--- End of stack trace from previous location ---
   at Microsoft.EntityFrameworkCore.Storage.RelationalCommand.ExecuteReaderAsync(RelationalCommandParameterObject parameterObject, CancellationToken cancellationToken)
   at Microsoft.EntityFrameworkCore.Storage.RelationalCommand.ExecuteReaderAsync(RelationalCommandParameterObject parameterObject, CancellationToken cancellationToken)
   at Microsoft.EntityFrameworkCore.Update.ReaderModificationCommandBatch.ExecuteAsync(IRelationalConnection connection, CancellationToken cancellationToken)
ClientConnectionId:c12e9948-cfc8-4396-849e-cb494a78ce07
Error Number:207,State:1,Class:16
   --- End of inner exception stack trace ---
   at Microsoft.EntityFrameworkCore.Update.ReaderModificationCommandBatch.ExecuteAsync(IRelationalConnection connection, CancellationToken cancellationToken)
   at Microsoft.EntityFrameworkCore.SqlServer.Update.Internal.SqlServerModificationCommandBatch.ExecuteAsync(IRelationalConnection connection, CancellationToken cancellationToken)
   at Microsoft.EntityFrameworkCore.Update.Internal.BatchExecutor.ExecuteAsync(IEnumerable`1 commandBatches, IRelationalConnection connection, CancellationToken cancellationToken)
   at Microsoft.EntityFrameworkCore.Update.Internal.BatchExecutor.ExecuteAsync(IEnumerable`1 commandBatches, IRelationalConnection connection, CancellationToken cancellationToken)
   at Microsoft.EntityFrameworkCore.Update.Internal.BatchExecutor.ExecuteAsync(IEnumerable`1 commandBatches, IRelationalConnection connection, CancellationToken cancellationToken)
   at Microsoft.EntityFrameworkCore.ChangeTracking.Internal.StateManager.SaveChangesAsync(IList`1 entriesToSave, CancellationToken cancellationToken)
   at Microsoft.EntityFrameworkCore.ChangeTracking.Internal.StateManager.SaveChangesAsync(StateManager stateManager, Boolean acceptAllChangesOnSuccess, CancellationToken cancellationToken)
   at Microsoft.EntityFrameworkCore.Storage.ExecutionStrategy.<>c__DisplayClass30_0`2.<<ExecuteAsync>b__0>d.MoveNext()
--- End of stack trace from previous location ---
   at Microsoft.EntityFrameworkCore.Storage.ExecutionStrategy.ExecuteImplementationAsync[TState,TResult](Func`4 operation, Func`4 verifySucceeded, TState state, CancellationToken cancellationToken)
   at Microsoft.EntityFrameworkCore.Storage.ExecutionStrategy.ExecuteImplementationAsync[TState,TResult](Func`4 operation, Func`4 verifySucceeded, TState state, CancellationToken cancellationToken)
   at Microsoft.EntityFrameworkCore.Storage.ExecutionStrategy.ExecuteAsync[TState,TResult](TState state, Func`4 operation, Func`4 verifySucceeded, CancellationToken cancellationToken)
   at Microsoft.EntityFrameworkCore.DbContext.SaveChangesAsync(Boolean acceptAllChangesOnSuccess, CancellationToken cancellationToken)
2026-07-14 17:50:41.769 +07:00 [WRN] No store type was specified for the decimal property 'TotalEarnings' on entity type 'Affiliate'. This will cause values to be silently truncated if they do not fit in the default precision and scale. Explicitly specify the SQL server column type that can accommodate all the values in 'OnModelCreating' using 'HasColumnType', specify precision and scale using 'HasPrecision', or configure a value converter using 'HasConversion'.
2026-07-14 17:50:42.164 +07:00 [INF] Detected FlowMate/SQL schema without EF history — applying compat layer and skipping MigrateAsync.
2026-07-14 17:50:42.187 +07:00 [INF] Executed DbCommand (8ms) [Parameters=[], CommandType='"Text"', CommandTimeout='30']
IF COL_LENGTH('dbo.Posts', 'ChannelAccountId') IS NULL
    ALTER TABLE dbo.Posts ADD ChannelAccountId UNIQUEIDENTIFIER NULL;
2026-07-14 17:50:42.191 +07:00 [INF] Executed DbCommand (1ms) [Parameters=[], CommandType='"Text"', CommandTimeout='30']
IF COL_LENGTH('dbo.Posts', 'ExternalPostId') IS NULL
    ALTER TABLE dbo.Posts ADD ExternalPostId NVARCHAR(128) NULL;
2026-07-14 17:50:42.192 +07:00 [INF] Executed DbCommand (1ms) [Parameters=[], CommandType='"Text"', CommandTimeout='30']
IF COL_LENGTH('dbo.Posts', 'PublishedUrl') IS NULL
    ALTER TABLE dbo.Posts ADD PublishedUrl NVARCHAR(1000) NULL;
2026-07-14 17:50:42.192 +07:00 [INF] Executed DbCommand (1ms) [Parameters=[], CommandType='"Text"', CommandTimeout='30']
IF COL_LENGTH('dbo.Posts', 'PublishedAt') IS NULL
    ALTER TABLE dbo.Posts ADD PublishedAt DATETIME2 NULL;
2026-07-14 17:50:42.197 +07:00 [INF] Executed DbCommand (5ms) [Parameters=[], CommandType='"Text"', CommandTimeout='30']
IF COL_LENGTH('dbo.PostSchedules', 'PostId') IS NULL
    ALTER TABLE dbo.PostSchedules ADD PostId UNIQUEIDENTIFIER NULL;
2026-07-14 17:50:42.202 +07:00 [INF] Executed DbCommand (4ms) [Parameters=[], CommandType='"Text"', CommandTimeout='30']
IF COL_LENGTH('dbo.PostSchedules', 'PostChannelAccountId') IS NOT NULL
   AND COLUMNPROPERTY(OBJECT_ID('dbo.PostSchedules'), 'PostChannelAccountId', 'AllowsNull') = 0
BEGIN
    ALTER TABLE dbo.PostSchedules ALTER COLUMN PostChannelAccountId UNIQUEIDENTIFIER NULL;
END
2026-07-14 17:50:42.202 +07:00 [INF] FlowMate EF compatibility layer applied.
2026-07-14 17:50:42.406 +07:00 [INF] Executed DbCommand (9ms) [Parameters=[], CommandType='"Text"', CommandTimeout='30']
SELECT CASE
    WHEN EXISTS (
        SELECT 1
        FROM [Roles] AS [r]
        WHERE [r].[IsDeleted] = CAST(0 AS bit)) THEN CAST(1 AS bit)
    ELSE CAST(0 AS bit)
END
2026-07-14 17:50:42.427 +07:00 [INF] Executed DbCommand (2ms) [Parameters=[], CommandType='"Text"', CommandTimeout='30']
SELECT CASE
    WHEN EXISTS (
        SELECT 1
        FROM [Permissions] AS [p]
        WHERE [p].[IsDeleted] = CAST(0 AS bit)) THEN CAST(1 AS bit)
    ELSE CAST(0 AS bit)
END
2026-07-14 17:50:42.437 +07:00 [INF] Executed DbCommand (2ms) [Parameters=[], CommandType='"Text"', CommandTimeout='30']
SELECT CASE
    WHEN EXISTS (
        SELECT 1
        FROM [RolePermissions] AS [r]
        WHERE [r].[IsDeleted] = CAST(0 AS bit) AND [r].[RoleId] = '33333333-3333-3333-3333-333333333333') THEN CAST(1 AS bit)
    ELSE CAST(0 AS bit)
END
2026-07-14 17:50:42.480 +07:00 [INF] Executed DbCommand (3ms) [Parameters=[], CommandType='"Text"', CommandTimeout='30']
SELECT [p].[Id], [p].[Code], [p].[CreatedAt], [p].[CreatedBy], [p].[Description], [p].[IsDeleted], [p].[Module], [p].[Name], [p].[UpdatedAt], [p].[UpdatedBy]
FROM [Permissions] AS [p]
WHERE [p].[IsDeleted] = CAST(0 AS bit)
2026-07-14 17:50:42.579 +07:00 [INF] Executed DbCommand (2ms) [Parameters=[], CommandType='"Text"', CommandTimeout='30']
SELECT CASE
    WHEN EXISTS (
        SELECT 1
        FROM [Plans] AS [p]
        WHERE [p].[IsDeleted] = CAST(0 AS bit)) THEN CAST(1 AS bit)
    ELSE CAST(0 AS bit)
END
2026-07-14 17:50:42.625 +07:00 [INF] Executed DbCommand (2ms) [Parameters=[], CommandType='"Text"', CommandTimeout='30']
SELECT CASE
    WHEN EXISTS (
        SELECT 1
        FROM [Channels] AS [c]
        WHERE [c].[IsDeleted] = CAST(0 AS bit)) THEN CAST(1 AS bit)
    ELSE CAST(0 AS bit)
END
2026-07-14 17:50:42.731 +07:00 [INF] Executed DbCommand (6ms) [Parameters=[], CommandType='"Text"', CommandTimeout='30']
SELECT CASE
    WHEN EXISTS (
        SELECT 1
        FROM [Settings] AS [s]
        WHERE [s].[IsDeleted] = CAST(0 AS bit)) THEN CAST(1 AS bit)
    ELSE CAST(0 AS bit)
END
2026-07-14 17:50:42.762 +07:00 [INF] Executed DbCommand (3ms) [Parameters=[], CommandType='"Text"', CommandTimeout='30']
SELECT CASE
    WHEN EXISTS (
        SELECT 1
        FROM [AiPrompts] AS [a]
        WHERE [a].[IsDeleted] = CAST(0 AS bit)) THEN CAST(1 AS bit)
    ELSE CAST(0 AS bit)
END
2026-07-14 17:50:42.804 +07:00 [INF] Executed DbCommand (5ms) [Parameters=[], CommandType='"Text"', CommandTimeout='30']
SELECT CASE
    WHEN EXISTS (
        SELECT 1
        FROM [AiPrompts] AS [a]
        WHERE [a].[IsDeleted] = CAST(0 AS bit) AND [a].[Name] = N'Facebook Fanpage Bán Hàng') THEN CAST(1 AS bit)
    ELSE CAST(0 AS bit)
END
2026-07-14 17:50:42.817 +07:00 [INF] Executed DbCommand (3ms) [Parameters=[], CommandType='"Text"', CommandTimeout='30']
SELECT CASE
    WHEN EXISTS (
        SELECT 1
        FROM [Users] AS [u]
        WHERE [u].[IsDeleted] = CAST(0 AS bit) AND [u].[Email] = N'admin@autowork.com') THEN CAST(1 AS bit)
    ELSE CAST(0 AS bit)
END
2026-07-14 17:50:42.973 +07:00 [INF] Executed DbCommand (2ms) [Parameters=[], CommandType='"Text"', CommandTimeout='30']
SELECT CASE
    WHEN EXISTS (
        SELECT 1
        FROM [Users] AS [u]
        WHERE [u].[IsDeleted] = CAST(0 AS bit) AND [u].[Email] = N'demo@autowork.com') THEN CAST(1 AS bit)
    ELSE CAST(0 AS bit)
END
2026-07-14 17:50:43.060 +07:00 [INF] Executed DbCommand (2ms) [Parameters=[], CommandType='"Text"', CommandTimeout='30']
SELECT CASE
    WHEN EXISTS (
        SELECT 1
        FROM [Projects] AS [p]
        WHERE [p].[IsDeleted] = CAST(0 AS bit) AND [p].[Id] = '13131313-1313-1313-1313-131313131313') THEN CAST(1 AS bit)
    ELSE CAST(0 AS bit)
END
2026-07-14 17:50:43.123 +07:00 [INF] Executed DbCommand (2ms) [Parameters=[], CommandType='"Text"', CommandTimeout='30']
SELECT CASE
    WHEN EXISTS (
        SELECT 1
        FROM [Posts] AS [p]
        WHERE [p].[IsDeleted] = CAST(0 AS bit) AND [p].[ProjectId] = '13131313-1313-1313-1313-131313131313') THEN CAST(1 AS bit)
    ELSE CAST(0 AS bit)
END
2026-07-14 17:50:43.426 +07:00 [INF] Executed DbCommand (37ms) [Parameters=[@p0='?' (DbType = Guid), @p1='?' (Size = 100), @p2='?' (DbType = DateTime2), @p3='?' (DbType = Guid), @p4='?' (DbType = Boolean), @p5='?' (Size = 200), @p6='?' (DbType = Guid), @p7='?' (Size = 4000), @p8='?' (DbType = DateTime2), @p9='?' (DbType = Guid), @p10='?' (DbType = Guid), @p11='?' (DbType = Guid), @p12='?' (Size = 100), @p13='?' (DbType = DateTime2), @p14='?' (DbType = Guid), @p15='?' (DbType = Boolean), @p16='?' (Size = 200), @p17='?' (DbType = Guid), @p18='?' (Size = 4000), @p19='?' (DbType = DateTime2), @p20='?' (DbType = Guid), @p21='?' (DbType = Guid), @p22='?' (DbType = Guid), @p23='?' (Size = 100), @p24='?' (DbType = DateTime2), @p25='?' (DbType = Guid), @p26='?' (DbType = Boolean), @p27='?' (Size = 200), @p28='?' (DbType = Guid), @p29='?' (Size = 4000), @p30='?' (DbType = DateTime2), @p31='?' (DbType = Guid), @p32='?' (DbType = Guid), @p33='?' (DbType = Guid), @p34='?' (Size = 100), @p35='?' (DbType = DateTime2), @p36='?' (DbType = Guid), @p37='?' (DbType = Boolean), @p38='?' (Size = 200), @p39='?' (DbType = Guid), @p40='?' (Size = 4000), @p41='?' (DbType = DateTime2), @p42='?' (DbType = Guid), @p43='?' (DbType = Guid), @p44='?' (DbType = Guid), @p45='?' (Size = 100), @p46='?' (DbType = DateTime2), @p47='?' (DbType = Guid), @p48='?' (DbType = Boolean), @p49='?' (Size = 200), @p50='?' (DbType = Guid), @p51='?' (Size = 4000), @p52='?' (DbType = DateTime2), @p53='?' (DbType = Guid), @p54='?' (DbType = Guid), @p55='?' (DbType = Guid), @p56='?' (Size = 100), @p57='?' (DbType = DateTime2), @p58='?' (DbType = Guid), @p59='?' (DbType = Boolean), @p60='?' (Size = 200), @p61='?' (DbType = Guid), @p62='?' (Size = 4000), @p63='?' (DbType = DateTime2), @p64='?' (DbType = Guid), @p65='?' (DbType = Guid), @p66='?' (DbType = Guid), @p67='?' (Size = 100), @p68='?' (DbType = DateTime2), @p69='?' (DbType = Guid), @p70='?' (DbType = Boolean), @p71='?' (Size = 200), @p72='?' (DbType = Guid), @p73='?' (Size = 4000), @p74='?' (DbType = DateTime2), @p75='?' (DbType = Guid), @p76='?' (DbType = Guid), @p77='?' (DbType = Guid), @p78='?' (Size = 100), @p79='?' (DbType = DateTime2), @p80='?' (DbType = Guid), @p81='?' (DbType = Boolean), @p82='?' (Size = 200), @p83='?' (DbType = Guid), @p84='?' (Size = 4000), @p85='?' (DbType = DateTime2), @p86='?' (DbType = Guid), @p87='?' (DbType = Guid), @p88='?' (DbType = Guid), @p89='?' (Size = 50), @p90='?' (DbType = DateTime2), @p91='?' (DbType = Guid), @p92='?' (Size = 500), @p93='?' (Size = 500), @p94='?' (DbType = Boolean), @p95='?' (Size = 100), @p96='?' (DbType = Int32), @p97='?' (DbType = DateTime2), @p98='?' (DbType = Guid), @p99='?' (DbType = Guid), @p100='?' (Size = 50), @p101='?' (DbType = DateTime2), @p102='?' (DbType = Guid), @p103='?' (Size = 500), @p104='?' (Size = 500), @p105='?' (DbType = Boolean), @p106='?' (Size = 100), @p107='?' (DbType = Int32), @p108='?' (DbType = DateTime2), @p109='?' (DbType = Guid), @p110='?' (DbType = Guid), @p111='?' (Size = 50), @p112='?' (DbType = DateTime2), @p113='?' (DbType = Guid), @p114='?' (Size = 500), @p115='?' (Size = 500), @p116='?' (DbType = Boolean), @p117='?' (Size = 100), @p118='?' (DbType = Int32), @p119='?' (DbType = DateTime2), @p120='?' (DbType = Guid), @p121='?' (DbType = Guid), @p122='?' (DbType = Int32), @p123='?' (Size = 50), @p124='?' (DbType = DateTime2), @p125='?' (DbType = Guid), @p126='?' (DbType = Int32), @p127='?' (Size = 1000), @p128='?' (DbType = Boolean), @p129='?' (DbType = Int32), @p130='?' (DbType = Int32), @p131='?' (DbType = Int32), @p132='?' (Size = 100), @p133='?' (Precision = 18) (Scale = 2) (DbType = Decimal), @p134='?' (DbType = Int32), @p135='?' (DbType = DateTime2), @p136='?' (DbType = Guid), @p137='?' (DbType = Guid), @p138='?' (DbType = Int32), @p139='?' (Size = 50), @p140='?' (DbType = DateTime2), @p141='?' (DbType = Guid), @p142='?' (DbType = Int32), @p143='?' (Size = 1000), @p144='?' (DbType = Boolean), @p145='?' (DbType = Int32), @p146='?' (DbType = Int32), @p147='?' (DbType = Int32), @p148='?' (Size = 100), @p149='?' (Precision = 18) (Scale = 2) (DbType = Decimal), @p150='?' (DbType = Int32), @p151='?' (DbType = DateTime2), @p152='?' (DbType = Guid), @p153='?' (DbType = Guid), @p154='?' (DbType = Int32), @p155='?' (Size = 50), @p156='?' (DbType = DateTime2), @p157='?' (DbType = Guid), @p158='?' (DbType = Int32), @p159='?' (Size = 1000), @p160='?' (DbType = Boolean), @p161='?' (DbType = Int32), @p162='?' (DbType = Int32), @p163='?' (DbType = Int32), @p164='?' (Size = 100), @p165='?' (Precision = 18) (Scale = 2) (DbType = Decimal), @p166='?' (DbType = Int32), @p167='?' (DbType = DateTime2), @p168='?' (DbType = Guid), @p169='?' (DbType = Guid), @p170='?' (DbType = Int32), @p171='?' (Size = 50), @p172='?' (DbType = DateTime2), @p173='?' (DbType = Guid), @p174='?' (DbType = Int32), @p175='?' (Size = 1000), @p176='?' (DbType = Boolean), @p177='?' (DbType = Int32), @p178='?' (DbType = Int32), @p179='?' (DbType = Int32), @p180='?' (Size = 100), @p181='?' (Precision = 18) (Scale = 2) (DbType = Decimal), @p182='?' (DbType = Int32), @p183='?' (DbType = DateTime2), @p184='?' (DbType = Guid), @p185='?' (DbType = Guid), @p186='?' (DbType = DateTime2), @p187='?' (DbType = Guid), @p188='?' (DbType = Guid), @p189='?' (DbType = Guid), @p190='?' (DbType = DateTime2), @p191='?' (DbType = Guid), @p192='?' (DbType = Guid), @p193='?' (DbType = DateTime2), @p194='?' (DbType = Guid), @p195='?' (DbType = Guid), @p196='?' (DbType = Guid), @p197='?' (DbType = DateTime2), @p198='?' (DbType = Guid), @p199='?' (DbType = Guid), @p200='?' (DbType = DateTime2), @p201='?' (DbType = Guid), @p202='?' (DbType = Guid), @p203='?' (DbType = Guid), @p204='?' (DbType = DateTime2), @p205='?' (DbType = Guid), @p206='?' (DbType = Guid), @p207='?' (DbType = DateTime2), @p208='?' (DbType = Guid), @p209='?' (DbType = Guid), @p210='?' (DbType = Guid), @p211='?' (DbType = DateTime2), @p212='?' (DbType = Guid), @p213='?' (DbType = Guid), @p214='?' (DbType = DateTime2), @p215='?' (DbType = Guid), @p216='?' (DbType = Guid), @p217='?' (DbType = Guid), @p218='?' (DbType = DateTime2), @p219='?' (DbType = Guid), @p220='?' (DbType = Guid), @p221='?' (DbType = DateTime2), @p222='?' (DbType = Guid), @p223='?' (DbType = Guid), @p224='?' (DbType = Guid), @p225='?' (DbType = DateTime2), @p226='?' (DbType = Guid), @p227='?' (DbType = Guid), @p228='?' (DbType = DateTime2), @p229='?' (DbType = Guid), @p230='?' (DbType = Guid), @p231='?' (DbType = Guid), @p232='?' (DbType = DateTime2), @p233='?' (DbType = Guid), @p234='?' (DbType = Guid), @p235='?' (DbType = DateTime2), @p236='?' (DbType = Guid), @p237='?' (DbType = Guid), @p238='?' (DbType = Guid), @p239='?' (DbType = DateTime2), @p240='?' (DbType = Guid), @p241='?' (DbType = Guid), @p242='?' (DbType = DateTime2), @p243='?' (DbType = Guid), @p244='?' (DbType = Guid), @p245='?' (DbType = Guid), @p246='?' (DbType = DateTime2), @p247='?' (DbType = Guid), @p248='?' (DbType = Guid), @p249='?' (DbType = DateTime2), @p250='?' (DbType = Guid), @p251='?' (DbType = Guid), @p252='?' (DbType = Guid), @p253='?' (DbType = DateTime2), @p254='?' (DbType = Guid), @p255='?' (DbType = Guid), @p256='?' (DbType = DateTime2), @p257='?' (DbType = Guid), @p258='?' (DbType = Guid), @p259='?' (DbType = Guid), @p260='?' (DbType = DateTime2), @p261='?' (DbType = Guid), @p262='?' (DbType = Guid), @p263='?' (DbType = DateTime2), @p264='?' (DbType = Guid), @p265='?' (DbType = Guid), @p266='?' (DbType = Guid), @p267='?' (DbType = DateTime2), @p268='?' (DbType = Guid), @p269='?' (DbType = Guid), @p270='?' (DbType = DateTime2), @p271='?' (DbType = Guid), @p272='?' (DbType = Guid), @p273='?' (DbType = Guid), @p274='?' (DbType = DateTime2), @p275='?' (DbType = Guid), @p276='?' (DbType = Guid), @p277='?' (DbType = DateTime2), @p278='?' (DbType = Guid), @p279='?' (DbType = Guid), @p280='?' (DbType = Guid), @p281='?' (DbType = DateTime2), @p282='?' (DbType = Guid), @p283='?' (DbType = Guid), @p284='?' (DbType = DateTime2), @p285='?' (DbType = Guid), @p286='?' (DbType = Guid), @p287='?' (DbType = Guid), @p288='?' (DbType = DateTime2), @p289='?' (DbType = Guid), @p290='?' (DbType = Guid), @p291='?' (DbType = DateTime2), @p292='?' (DbType = Guid), @p293='?' (DbType = Guid), @p294='?' (DbType = Guid), @p295='?' (DbType = DateTime2), @p296='?' (DbType = Guid), @p297='?' (DbType = Guid), @p298='?' (DbType = DateTime2), @p299='?' (DbType = Guid), @p300='?' (DbType = Guid), @p301='?' (DbType = Guid), @p302='?' (DbType = DateTime2), @p303='?' (DbType = Guid), @p304='?' (DbType = Guid), @p305='?' (DbType = DateTime2), @p306='?' (DbType = Guid), @p307='?' (DbType = Guid), @p308='?' (DbType = Guid), @p309='?' (DbType = DateTime2), @p310='?' (DbType = Guid), @p311='?' (DbType = Guid), @p312='?' (DbType = DateTime2), @p313='?' (DbType = Guid), @p314='?' (DbType = Guid), @p315='?' (DbType = Guid), @p316='?' (DbType = DateTime2), @p317='?' (DbType = Guid), @p318='?' (DbType = Guid), @p319='?' (DbType = DateTime2), @p320='?' (DbType = Guid), @p321='?' (DbType = Guid), @p322='?' (DbType = Guid), @p323='?' (DbType = DateTime2), @p324='?' (DbType = Guid), @p325='?' (DbType = Guid), @p326='?' (DbType = DateTime2), @p327='?' (DbType = Guid), @p328='?' (DbType = Guid), @p329='?' (DbType = Guid), @p330='?' (DbType = DateTime2), @p331='?' (DbType = Guid), @p332='?' (DbType = Guid), @p333='?' (DbType = DateTime2), @p334='?' (DbType = Guid), @p335='?' (DbType = Guid), @p336='?' (DbType = Guid), @p337='?' (DbType = DateTime2), @p338='?' (DbType = Guid), @p339='?' (DbType = Guid), @p340='?' (DbType = DateTime2), @p341='?' (DbType = Guid), @p342='?' (DbType = Guid), @p343='?' (DbType = Guid), @p344='?' (DbType = DateTime2), @p345='?' (DbType = Guid), @p346='?' (DbType = Guid), @p347='?' (DbType = DateTime2), @p348='?' (DbType = Guid), @p349='?' (DbType = Guid), @p350='?' (DbType = Guid), @p351='?' (DbType = DateTime2), @p352='?' (DbType = Guid), @p353='?' (DbType = Guid), @p354='?' (DbType = DateTime2), @p355='?' (DbType = Guid), @p356='?' (DbType = Guid), @p357='?' (DbType = Guid), @p358='?' (DbType = DateTime2), @p359='?' (DbType = Guid), @p360='?' (DbType = Guid), @p361='?' (DbType = DateTime2), @p362='?' (DbType = Guid), @p363='?' (DbType = Guid), @p364='?' (DbType = Guid), @p365='?' (DbType = DateTime2), @p366='?' (DbType = Guid), @p367='?' (DbType = Guid), @p368='?' (DbType = DateTime2), @p369='?' (DbType = Guid), @p370='?' (DbType = Guid), @p371='?' (DbType = Guid), @p372='?' (DbType = DateTime2), @p373='?' (DbType = Guid)], CommandType='"Text"', CommandTimeout='30']
SET NOCOUNT ON;
MERGE [AiPrompts] USING (
VALUES (@p0, @p1, @p2, @p3, @p4, @p5, @p6, @p7, @p8, @p9, @p10, 0),
(@p11, @p12, @p13, @p14, @p15, @p16, @p17, @p18, @p19, @p20, @p21, 1),
(@p22, @p23, @p24, @p25, @p26, @p27, @p28, @p29, @p30, @p31, @p32, 2),
(@p33, @p34, @p35, @p36, @p37, @p38, @p39, @p40, @p41, @p42, @p43, 3),
(@p44, @p45, @p46, @p47, @p48, @p49, @p50, @p51, @p52, @p53, @p54, 4),
(@p55, @p56, @p57, @p58, @p59, @p60, @p61, @p62, @p63, @p64, @p65, 5),
(@p66, @p67, @p68, @p69, @p70, @p71, @p72, @p73, @p74, @p75, @p76, 6),
(@p77, @p78, @p79, @p80, @p81, @p82, @p83, @p84, @p85, @p86, @p87, 7)) AS i ([Id], [Category], [CreatedAt], [CreatedBy], [IsSystem], [Name], [ProjectId], [Template], [UpdatedAt], [UpdatedBy], [UserId], _Position) ON 1=0
WHEN NOT MATCHED THEN
INSERT ([Id], [Category], [CreatedAt], [CreatedBy], [IsSystem], [Name], [ProjectId], [Template], [UpdatedAt], [UpdatedBy], [UserId])
VALUES (i.[Id], i.[Category], i.[CreatedAt], i.[CreatedBy], i.[IsSystem], i.[Name], i.[ProjectId], i.[Template], i.[UpdatedAt], i.[UpdatedBy], i.[UserId])
OUTPUT INSERTED.[IsDeleted], i._Position;
MERGE [Channels] USING (
VALUES (@p88, @p89, @p90, @p91, @p92, @p93, @p94, @p95, @p96, @p97, @p98, 0),
(@p99, @p100, @p101, @p102, @p103, @p104, @p105, @p106, @p107, @p108, @p109, 1),
(@p110, @p111, @p112, @p113, @p114, @p115, @p116, @p117, @p118, @p119, @p120, 2)) AS i ([Id], [Code], [CreatedAt], [CreatedBy], [Description], [IconUrl], [IsActive], [Name], [SortOrder], [UpdatedAt], [UpdatedBy], _Position) ON 1=0
WHEN NOT MATCHED THEN
INSERT ([Id], [Code], [CreatedAt], [CreatedBy], [Description], [IconUrl], [IsActive], [Name], [SortOrder], [UpdatedAt], [UpdatedBy])
VALUES (i.[Id], i.[Code], i.[CreatedAt], i.[CreatedBy], i.[Description], i.[IconUrl], i.[IsActive], i.[Name], i.[SortOrder], i.[UpdatedAt], i.[UpdatedBy])
OUTPUT INSERTED.[IsDeleted], i._Position;
MERGE [Plans] USING (
VALUES (@p121, @p122, @p123, @p124, @p125, @p126, @p127, @p128, @p129, @p130, @p131, @p132, @p133, @p134, @p135, @p136, 0),
(@p137, @p138, @p139, @p140, @p141, @p142, @p143, @p144, @p145, @p146, @p147, @p148, @p149, @p150, @p151, @p152, 1),
(@p153, @p154, @p155, @p156, @p157, @p158, @p159, @p160, @p161, @p162, @p163, @p164, @p165, @p166, @p167, @p168, 2),
(@p169, @p170, @p171, @p172, @p173, @p174, @p175, @p176, @p177, @p178, @p179, @p180, @p181, @p182, @p183, @p184, 3)) AS i ([Id], [BillingPeriod], [Code], [CreatedAt], [CreatedBy], [CreditsIncluded], [Description], [IsActive], [MaxChannels], [MaxPostsPerMonth], [MaxProjects], [Name], [Price], [SortOrder], [UpdatedAt], [UpdatedBy], _Position) ON 1=0
WHEN NOT MATCHED THEN
INSERT ([Id], [BillingPeriod], [Code], [CreatedAt], [CreatedBy], [CreditsIncluded], [Description], [IsActive], [MaxChannels], [MaxPostsPerMonth], [MaxProjects], [Name], [Price], [SortOrder], [UpdatedAt], [UpdatedBy])
VALUES (i.[Id], i.[BillingPeriod], i.[Code], i.[CreatedAt], i.[CreatedBy], i.[CreditsIncluded], i.[Description], i.[IsActive], i.[MaxChannels], i.[MaxPostsPerMonth], i.[MaxProjects], i.[Name], i.[Price], i.[SortOrder], i.[UpdatedAt], i.[UpdatedBy])
OUTPUT INSERTED.[IsDeleted], i._Position;
MERGE [RolePermissions] USING (
VALUES (@p185, @p186, @p187, @p188, @p189, @p190, @p191, 0),
(@p192, @p193, @p194, @p195, @p196, @p197, @p198, 1),
(@p199, @p200, @p201, @p202, @p203, @p204, @p205, 2),
(@p206, @p207, @p208, @p209, @p210, @p211, @p212, 3),
(@p213, @p214, @p215, @p216, @p217, @p218, @p219, 4),
(@p220, @p221, @p222, @p223, @p224, @p225, @p226, 5),
(@p227, @p228, @p229, @p230, @p231, @p232, @p233, 6),
(@p234, @p235, @p236, @p237, @p238, @p239, @p240, 7),
(@p241, @p242, @p243, @p244, @p245, @p246, @p247, 8),
(@p248, @p249, @p250, @p251, @p252, @p253, @p254, 9),
(@p255, @p256, @p257, @p258, @p259, @p260, @p261, 10),
(@p262, @p263, @p264, @p265, @p266, @p267, @p268, 11),
(@p269, @p270, @p271, @p272, @p273, @p274, @p275, 12),
(@p276, @p277, @p278, @p279, @p280, @p281, @p282, 13),
(@p283, @p284, @p285, @p286, @p287, @p288, @p289, 14),
(@p290, @p291, @p292, @p293, @p294, @p295, @p296, 15),
(@p297, @p298, @p299, @p300, @p301, @p302, @p303, 16),
(@p304, @p305, @p306, @p307, @p308, @p309, @p310, 17),
(@p311, @p312, @p313, @p314, @p315, @p316, @p317, 18),
(@p318, @p319, @p320, @p321, @p322, @p323, @p324, 19),
(@p325, @p326, @p327, @p328, @p329, @p330, @p331, 20),
(@p332, @p333, @p334, @p335, @p336, @p337, @p338, 21),
(@p339, @p340, @p341, @p342, @p343, @p344, @p345, 22),
(@p346, @p347, @p348, @p349, @p350, @p351, @p352, 23),
(@p353, @p354, @p355, @p356, @p357, @p358, @p359, 24),
(@p360, @p361, @p362, @p363, @p364, @p365, @p366, 25),
(@p367, @p368, @p369, @p370, @p371, @p372, @p373, 26)) AS i ([Id], [CreatedAt], [CreatedBy], [PermissionId], [RoleId], [UpdatedAt], [UpdatedBy], _Position) ON 1=0
WHEN NOT MATCHED THEN
INSERT ([Id], [CreatedAt], [CreatedBy], [PermissionId], [RoleId], [UpdatedAt], [UpdatedBy])
VALUES (i.[Id], i.[CreatedAt], i.[CreatedBy], i.[PermissionId], i.[RoleId], i.[UpdatedAt], i.[UpdatedBy])
OUTPUT INSERTED.[IsDeleted], i._Position;
2026-07-14 17:50:43.526 +07:00 [INF] Executed DbCommand (84ms) [Parameters=[@p0='?' (DbType = Guid), @p1='?' (DbType = DateTime2), @p2='?' (DbType = Guid), @p3='?' (DbType = Guid), @p4='?' (DbType = Guid), @p5='?' (DbType = DateTime2), @p6='?' (DbType = Guid), @p7='?' (DbType = Guid), @p8='?' (DbType = DateTime2), @p9='?' (DbType = Guid), @p10='?' (DbType = Guid), @p11='?' (DbType = Guid), @p12='?' (DbType = DateTime2), @p13='?' (DbType = Guid), @p14='?' (DbType = Guid), @p15='?' (DbType = DateTime2), @p16='?' (DbType = Guid), @p17='?' (DbType = Guid), @p18='?' (DbType = Guid), @p19='?' (DbType = DateTime2), @p20='?' (DbType = Guid), @p21='?' (DbType = Guid), @p22='?' (DbType = DateTime2), @p23='?' (DbType = Guid), @p24='?' (DbType = Guid), @p25='?' (DbType = Guid), @p26='?' (DbType = DateTime2), @p27='?' (DbType = Guid), @p28='?' (DbType = Guid), @p29='?' (DbType = DateTime2), @p30='?' (DbType = Guid), @p31='?' (DbType = Guid), @p32='?' (DbType = Guid), @p33='?' (DbType = DateTime2), @p34='?' (DbType = Guid), @p35='?' (DbType = Guid), @p36='?' (DbType = DateTime2), @p37='?' (DbType = Guid), @p38='?' (DbType = Guid), @p39='?' (DbType = Guid), @p40='?' (DbType = DateTime2), @p41='?' (DbType = Guid), @p42='?' (DbType = Guid), @p43='?' (DbType = DateTime2), @p44='?' (DbType = Guid), @p45='?' (DbType = Guid), @p46='?' (DbType = Guid), @p47='?' (DbType = DateTime2), @p48='?' (DbType = Guid), @p49='?' (DbType = Guid), @p50='?' (DbType = DateTime2), @p51='?' (DbType = Guid), @p52='?' (DbType = Guid), @p53='?' (DbType = Guid), @p54='?' (DbType = DateTime2), @p55='?' (DbType = Guid), @p56='?' (DbType = Guid), @p57='?' (DbType = DateTime2), @p58='?' (DbType = Guid), @p59='?' (DbType = Guid), @p60='?' (DbType = Guid), @p61='?' (DbType = DateTime2), @p62='?' (DbType = Guid), @p63='?' (DbType = Guid), @p64='?' (Size = 100), @p65='?' (DbType = DateTime2), @p66='?' (DbType = Guid), @p67='?' (Size = 500), @p68='?' (DbType = Boolean), @p69='?' (Size = 200), @p70='?' (DbType = DateTime2), @p71='?' (DbType = Guid), @p72='?' (Size = 4000), @p73='?' (DbType = Guid), @p74='?' (Size = 100), @p75='?' (DbType = DateTime2), @p76='?' (DbType = Guid), @p77='?' (Size = 500), @p78='?' (DbType = Boolean), @p79='?' (Size = 200), @p80='?' (DbType = DateTime2), @p81='?' (DbType = Guid), @p82='?' (Size = 4000), @p83='?' (DbType = Guid), @p84='?' (Size = 100), @p85='?' (DbType = DateTime2), @p86='?' (DbType = Guid), @p87='?' (Size = 500), @p88='?' (DbType = Boolean), @p89='?' (Size = 200), @p90='?' (DbType = DateTime2), @p91='?' (DbType = Guid), @p92='?' (Size = 4000), @p93='?' (DbType = Guid), @p94='?' (Size = 100), @p95='?' (DbType = DateTime2), @p96='?' (DbType = Guid), @p97='?' (Size = 500), @p98='?' (DbType = Boolean), @p99='?' (Size = 200), @p100='?' (DbType = DateTime2), @p101='?' (DbType = Guid), @p102='?' (Size = 4000), @p103='?' (DbType = Guid), @p104='?' (Size = 100), @p105='?' (DbType = DateTime2), @p106='?' (DbType = Guid), @p107='?' (Size = 500), @p108='?' (DbType = Boolean), @p109='?' (Size = 200), @p110='?' (DbType = DateTime2), @p111='?' (DbType = Guid), @p112='?' (Size = 4000), @p113='?' (DbType = Guid), @p114='?' (Size = 100), @p115='?' (DbType = DateTime2), @p116='?' (DbType = Guid), @p117='?' (Size = 500), @p118='?' (DbType = Boolean), @p119='?' (Size = 200), @p120='?' (DbType = DateTime2), @p121='?' (DbType = Guid), @p122='?' (Size = 4000), @p123='?' (DbType = Guid), @p124='?' (Size = 100), @p125='?' (DbType = DateTime2), @p126='?' (DbType = Guid), @p127='?' (Size = 500), @p128='?' (DbType = Boolean), @p129='?' (Size = 200), @p130='?' (DbType = DateTime2), @p131='?' (DbType = Guid), @p132='?' (Size = 4000), @p133='?' (DbType = Guid), @p134='?' (Size = 100), @p135='?' (DbType = DateTime2), @p136='?' (DbType = Guid), @p137='?' (Size = 500), @p138='?' (DbType = Boolean), @p139='?' (Size = 200), @p140='?' (DbType = DateTime2), @p141='?' (DbType = Guid), @p142='?' (Size = 4000), @p143='?' (DbType = Guid), @p144='?' (Size = 100), @p145='?' (DbType = DateTime2), @p146='?' (DbType = Guid), @p147='?' (Size = 500), @p148='?' (DbType = Boolean), @p149='?' (Size = 200), @p150='?' (DbType = DateTime2), @p151='?' (DbType = Guid), @p152='?' (Size = 4000), @p153='?' (DbType = Guid), @p154='?' (Size = 100), @p155='?' (DbType = DateTime2), @p156='?' (DbType = Guid), @p157='?' (Size = 500), @p158='?' (DbType = Boolean), @p159='?' (Size = 200), @p160='?' (DbType = DateTime2), @p161='?' (DbType = Guid), @p162='?' (Size = 4000), @p163='?' (DbType = Guid), @p164='?' (Size = 100), @p165='?' (DbType = DateTime2), @p166='?' (DbType = Guid), @p167='?' (Size = 500), @p168='?' (DbType = Boolean), @p169='?' (Size = 200), @p170='?' (DbType = DateTime2), @p171='?' (DbType = Guid), @p172='?' (Size = 4000), @p173='?' (DbType = Guid), @p174='?' (Size = 100), @p175='?' (DbType = DateTime2), @p176='?' (DbType = Guid), @p177='?' (Size = 500), @p178='?' (DbType = Boolean), @p179='?' (Size = 200), @p180='?' (DbType = DateTime2), @p181='?' (DbType = Guid), @p182='?' (Size = 4000), @p183='?' (DbType = Guid), @p184='?' (Size = 100), @p185='?' (DbType = DateTime2), @p186='?' (DbType = Guid), @p187='?' (Size = 500), @p188='?' (DbType = Boolean), @p189='?' (Size = 200), @p190='?' (DbType = DateTime2), @p191='?' (DbType = Guid), @p192='?' (Size = 4000), @p193='?' (DbType = Guid), @p194='?' (Size = 100), @p195='?' (DbType = DateTime2), @p196='?' (DbType = Guid), @p197='?' (Size = 500), @p198='?' (DbType = Boolean), @p199='?' (Size = 200), @p200='?' (DbType = DateTime2), @p201='?' (DbType = Guid), @p202='?' (Size = 4000), @p203='?' (DbType = Guid), @p204='?' (Size = 500), @p205='?' (DbType = DateTime2), @p206='?' (DbType = Guid), @p207='?' (Size = 256), @p208='?' (Size = 128), @p209='?' (Size = 100), @p210='?' (Size = 128), @p211='?' (DbType = Boolean), @p212='?' (DbType = DateTime2), @p213='?' (Size = 100), @p214='?' (Size = 512), @p215='?' (Size = 20), @p216='?' (Size = 32), @p217='?' (DbType = Guid), @p218='?' (DbType = DateTime2), @p219='?' (DbType = Guid), @p220='?' (DbType = Guid), @p221='?' (Size = 500), @p222='?' (DbType = DateTime2), @p223='?' (DbType = Guid), @p224='?' (Size = 256), @p225='?' (Size = 128), @p226='?' (Size = 100), @p227='?' (Size = 128), @p228='?' (DbType = Boolean), @p229='?' (DbType = DateTime2), @p230='?' (Size = 100), @p231='?' (Size = 512), @p232='?' (Size = 20), @p233='?' (Size = 32), @p234='?' (DbType = Guid), @p235='?' (DbType = DateTime2), @p236='?' (DbType = Guid), @p237='?' (DbType = Guid), @p238='?' (Size = 32), @p239='?' (Precision = 5) (Scale = 4) (DbType = Decimal), @p240='?' (DbType = DateTime2), @p241='?' (DbType = Guid), @p242='?' (DbType = Boolean), @p243='?' (Precision = 18) (Scale = 2) (DbType = Decimal), @p244='?' (DbType = DateTime2), @p245='?' (DbType = Guid), @p246='?' (DbType = Guid), @p247='?' (DbType = Guid), @p248='?' (DbType = Int32), @p249='?' (DbType = DateTime2), @p250='?' (DbType = Guid), @p251='?' (DbType = Int32), @p252='?' (DbType = Int32), @p253='?' (DbType = DateTime2), @p254='?' (DbType = Guid), @p255='?' (DbType = Guid), @p256='?' (DbType = Guid), @p257='?' (DbType = Int32), @p258='?' (DbType = DateTime2), @p259='?' (DbType = Guid), @p260='?' (DbType = Int32), @p261='?' (DbType = Int32), @p262='?' (DbType = DateTime2), @p263='?' (DbType = Guid), @p264='?' (DbType = Guid), @p265='?' (DbType = Guid), @p266='?' (DbType = DateTime2), @p267='?' (DbType = Guid), @p268='?' (Size = 2000), @p269='?' (DbType = Boolean), @p270='?' (Size = 500), @p271='?' (Size = 200), @p272='?' (DbType = DateTime2), @p273='?' (DbType = Guid), @p274='?' (DbType = Guid), @p275='?' (DbType = Guid), @p276='?' (DbType = Boolean), @p277='?' (DbType = DateTime2), @p278='?' (DbType = DateTime2), @p279='?' (DbType = Guid), @p280='?' (DbType = DateTime2), @p281='?' (DbType = Guid), @p282='?' (DbType = DateTime2), @p283='?' (DbType = Int32), @p284='?' (DbType = DateTime2), @p285='?' (DbType = Guid), @p286='?' (DbType = Guid), @p287='?' (DbType = Guid), @p288='?' (DbType = DateTime2), @p289='?' (DbType = Guid), @p290='?' (DbType = Guid), @p291='?' (DbType = DateTime2), @p292='?' (DbType = Guid), @p293='?' (DbType = Guid), @p294='?' (DbType = Guid), @p295='?' (DbType = DateTime2), @p296='?' (DbType = Guid), @p297='?' (DbType = Guid), @p298='?' (DbType = DateTime2), @p299='?' (DbType = Guid), @p300='?' (DbType = Guid), @p301='?' (DbType = Guid), @p302='?' (Size = 500), @p303='?' (DbType = Guid), @p304='?' (DbType = DateTime2), @p305='?' (DbType = Guid), @p306='?' (Size = 128), @p307='?' (DbType = Boolean), @p308='?' (DbType = DateTime2), @p309='?' (Size = 200), @p310='?' (Size = 500), @p311='?' (DbType = Guid), @p312='?' (DbType = DateTime2), @p313='?' (DbType = Guid), @p314='?' (DbType = Guid), @p315='?' (DbType = Guid), @p316='?' (Size = 500), @p317='?' (DbType = Guid), @p318='?' (DbType = DateTime2), @p319='?' (DbType = Guid), @p320='?' (Size = 128), @p321='?' (DbType = Boolean), @p322='?' (DbType = DateTime2), @p323='?' (Size = 200), @p324='?' (Size = 500), @p325='?' (DbType = Guid), @p326='?' (DbType = DateTime2), @p327='?' (DbType = Guid), @p328='?' (DbType = Guid), @p329='?' (DbType = Guid), @p330='?' (Size = 500), @p331='?' (DbType = Guid), @p332='?' (DbType = DateTime2), @p333='?' (DbType = Guid), @p334='?' (Size = 128), @p335='?' (DbType = Boolean), @p336='?' (DbType = DateTime2), @p337='?' (Size = 200), @p338='?' (Size = 500), @p339='?' (DbType = Guid), @p340='?' (DbType = DateTime2), @p341='?' (DbType = Guid), @p342='?' (DbType = Guid), @p343='?' (DbType = Guid), @p344='?' (DbType = Guid), @p345='?' (DbType = DateTime2), @p346='?' (DbType = Guid), @p347='?' (Size = 128), @p348='?' (DbType = Guid), @p349='?' (DbType = DateTime2), @p350='?' (Size = 1000), @p351='?' (DbType = DateTime2), @p352='?' (DbType = Int32), @p353='?' (DbType = Guid), @p354='?' (Size = 500), @p355='?' (DbType = DateTime2), @p356='?' (DbType = Guid), @p357='?' (DbType = Guid), @p358='?' (DbType = Guid), @p359='?' (DbType = DateTime2), @p360='?' (DbType = Guid), @p361='?' (Size = 128), @p362='?' (DbType = Guid), @p363='?' (DbType = DateTime2), @p364='?' (Size = 1000), @p365='?' (DbType = DateTime2), @p366='?' (DbType = Int32), @p367='?' (DbType = Guid), @p368='?' (Size = 500), @p369='?' (DbType = DateTime2), @p370='?' (DbType = Guid), @p371='?' (DbType = Guid), @p372='?' (DbType = Guid), @p373='?' (DbType = DateTime2), @p374='?' (DbType = Guid), @p375='?' (Size = 128), @p376='?' (DbType = Guid), @p377='?' (DbType = DateTime2), @p378='?' (Size = 1000), @p379='?' (DbType = DateTime2), @p380='?' (DbType = Int32), @p381='?' (DbType = Guid), @p382='?' (Size = 500), @p383='?' (DbType = DateTime2), @p384='?' (DbType = Guid), @p385='?' (DbType = Guid), @p386='?' (Size = 4000), @p387='?' (DbType = Int32), @p388='?' (DbType = DateTime2), @p389='?' (DbType = Guid), @p390='?' (DbType = Guid), @p391='?' (DbType = Guid), @p392='?' (DbType = Int32), @p393='?' (DbType = DateTime2), @p394='?' (DbType = Guid), @p395='?' (DbType = Guid), @p396='?' (Size = 4000), @p397='?' (DbType = Int32), @p398='?' (DbType = DateTime2), @p399='?' (DbType = Guid), @p400='?' (DbType = Guid), @p401='?' (DbType = Guid), @p402='?' (DbType = Int32), @p403='?' (DbType = DateTime2), @p404='?' (DbType = Guid), @p405='?' (DbType = Guid), @p406='?' (Size = 4000), @p407='?' (DbType = Int32), @p408='?' (DbType = DateTime2), @p409='?' (DbType = Guid), @p410='?' (DbType = Guid), @p411='?' (DbType = Guid), @p412='?' (DbType = Int32), @p413='?' (DbType = DateTime2), @p414='?' (DbType = Guid), @p415='?' (DbType = Guid), @p416='?' (DbType = DateTime2), @p417='?' (DbType = Guid), @p418='?' (DbType = DateTime2), @p419='?' (Size = 1000), @p420='?' (DbType = Guid), @p421='?' (DbType = Guid), @p422='?' (DbType = Int32), @p423='?' (DbType = DateTime2), @p424='?' (DbType = Int32), @p425='?' (DbType = DateTime2), @p426='?' (DbType = Guid)], CommandType='"Text"', CommandTimeout='30']
SET NOCOUNT ON;
MERGE [RolePermissions] USING (
VALUES (@p0, @p1, @p2, @p3, @p4, @p5, @p6, 0),
(@p7, @p8, @p9, @p10, @p11, @p12, @p13, 1),
(@p14, @p15, @p16, @p17, @p18, @p19, @p20, 2),
(@p21, @p22, @p23, @p24, @p25, @p26, @p27, 3),
(@p28, @p29, @p30, @p31, @p32, @p33, @p34, 4),
(@p35, @p36, @p37, @p38, @p39, @p40, @p41, 5),
(@p42, @p43, @p44, @p45, @p46, @p47, @p48, 6),
(@p49, @p50, @p51, @p52, @p53, @p54, @p55, 7),
(@p56, @p57, @p58, @p59, @p60, @p61, @p62, 8)) AS i ([Id], [CreatedAt], [CreatedBy], [PermissionId], [RoleId], [UpdatedAt], [UpdatedBy], _Position) ON 1=0
WHEN NOT MATCHED THEN
INSERT ([Id], [CreatedAt], [CreatedBy], [PermissionId], [RoleId], [UpdatedAt], [UpdatedBy])
VALUES (i.[Id], i.[CreatedAt], i.[CreatedBy], i.[PermissionId], i.[RoleId], i.[UpdatedAt], i.[UpdatedBy])
OUTPUT INSERTED.[IsDeleted], i._Position;
MERGE [Settings] USING (
VALUES (@p63, @p64, @p65, @p66, @p67, @p68, @p69, @p70, @p71, @p72, 0),
(@p73, @p74, @p75, @p76, @p77, @p78, @p79, @p80, @p81, @p82, 1),
(@p83, @p84, @p85, @p86, @p87, @p88, @p89, @p90, @p91, @p92, 2),
(@p93, @p94, @p95, @p96, @p97, @p98, @p99, @p100, @p101, @p102, 3),
(@p103, @p104, @p105, @p106, @p107, @p108, @p109, @p110, @p111, @p112, 4),
(@p113, @p114, @p115, @p116, @p117, @p118, @p119, @p120, @p121, @p122, 5),
(@p123, @p124, @p125, @p126, @p127, @p128, @p129, @p130, @p131, @p132, 6),
(@p133, @p134, @p135, @p136, @p137, @p138, @p139, @p140, @p141, @p142, 7),
(@p143, @p144, @p145, @p146, @p147, @p148, @p149, @p150, @p151, @p152, 8),
(@p153, @p154, @p155, @p156, @p157, @p158, @p159, @p160, @p161, @p162, 9),
(@p163, @p164, @p165, @p166, @p167, @p168, @p169, @p170, @p171, @p172, 10),
(@p173, @p174, @p175, @p176, @p177, @p178, @p179, @p180, @p181, @p182, 11),
(@p183, @p184, @p185, @p186, @p187, @p188, @p189, @p190, @p191, @p192, 12),
(@p193, @p194, @p195, @p196, @p197, @p198, @p199, @p200, @p201, @p202, 13)) AS i ([Id], [Category], [CreatedAt], [CreatedBy], [Description], [IsPublic], [Key], [UpdatedAt], [UpdatedBy], [Value], _Position) ON 1=0
WHEN NOT MATCHED THEN
INSERT ([Id], [Category], [CreatedAt], [CreatedBy], [Description], [IsPublic], [Key], [UpdatedAt], [UpdatedBy], [Value])
VALUES (i.[Id], i.[Category], i.[CreatedAt], i.[CreatedBy], i.[Description], i.[IsPublic], i.[Key], i.[UpdatedAt], i.[UpdatedBy], i.[Value])
OUTPUT INSERTED.[IsDeleted], i._Position;
MERGE [Users] USING (
VALUES (@p203, @p204, @p205, @p206, @p207, @p208, @p209, @p210, @p211, @p212, @p213, @p214, @p215, @p216, @p217, @p218, @p219, 0),
(@p220, @p221, @p222, @p223, @p224, @p225, @p226, @p227, @p228, @p229, @p230, @p231, @p232, @p233, @p234, @p235, @p236, 1)) AS i ([Id], [AvatarUrl], [CreatedAt], [CreatedBy], [Email], [FacebookId], [FirstName], [GoogleId], [IsActive], [LastLoginAt], [LastName], [PasswordHash], [Phone], [ReferralCode], [ReferredByUserId], [UpdatedAt], [UpdatedBy], _Position) ON 1=0
WHEN NOT MATCHED THEN
INSERT ([Id], [AvatarUrl], [CreatedAt], [CreatedBy], [Email], [FacebookId], [FirstName], [GoogleId], [IsActive], [LastLoginAt], [LastName], [PasswordHash], [Phone], [ReferralCode], [ReferredByUserId], [UpdatedAt], [UpdatedBy])
VALUES (i.[Id], i.[AvatarUrl], i.[CreatedAt], i.[CreatedBy], i.[Email], i.[FacebookId], i.[FirstName], i.[GoogleId], i.[IsActive], i.[LastLoginAt], i.[LastName], i.[PasswordHash], i.[Phone], i.[ReferralCode], i.[ReferredByUserId], i.[UpdatedAt], i.[UpdatedBy])
OUTPUT INSERTED.[IsDeleted], i._Position;
INSERT INTO [Affiliates] ([Id], [Code], [CommissionRate], [CreatedAt], [CreatedBy], [IsActive], [TotalEarnings], [UpdatedAt], [UpdatedBy], [UserId])
OUTPUT INSERTED.[IsDeleted]
VALUES (@p237, @p238, @p239, @p240, @p241, @p242, @p243, @p244, @p245, @p246);
MERGE [Credits] USING (
VALUES (@p247, @p248, @p249, @p250, @p251, @p252, @p253, @p254, @p255, 0),
(@p256, @p257, @p258, @p259, @p260, @p261, @p262, @p263, @p264, 1)) AS i ([Id], [Balance], [CreatedAt], [CreatedBy], [TotalEarned], [TotalUsed], [UpdatedAt], [UpdatedBy], [UserId], _Position) ON 1=0
WHEN NOT MATCHED THEN
INSERT ([Id], [Balance], [CreatedAt], [CreatedBy], [TotalEarned], [TotalUsed], [UpdatedAt], [UpdatedBy], [UserId])
VALUES (i.[Id], i.[Balance], i.[CreatedAt], i.[CreatedBy], i.[TotalEarned], i.[TotalUsed], i.[UpdatedAt], i.[UpdatedBy], i.[UserId])
OUTPUT INSERTED.[IsDeleted], i._Position;
INSERT INTO [Projects] ([Id], [CreatedAt], [CreatedBy], [Description], [IsActive], [LogoUrl], [Name], [UpdatedAt], [UpdatedBy], [UserId])
OUTPUT INSERTED.[IsDeleted]
VALUES (@p265, @p266, @p267, @p268, @p269, @p270, @p271, @p272, @p273, @p274);
INSERT INTO [Subscriptions] ([Id], [AutoRenew], [CancelledAt], [CreatedAt], [CreatedBy], [EndDate], [PlanId], [StartDate], [Status], [UpdatedAt], [UpdatedBy], [UserId])
OUTPUT INSERTED.[IsDeleted]
VALUES (@p275, @p276, @p277, @p278, @p279, @p280, @p281, @p282, @p283, @p284, @p285, @p286);
MERGE [UserRoles] USING (
VALUES (@p287, @p288, @p289, @p290, @p291, @p292, @p293, 0),
(@p294, @p295, @p296, @p297, @p298, @p299, @p300, 1)) AS i ([Id], [CreatedAt], [CreatedBy], [RoleId], [UpdatedAt], [UpdatedBy], [UserId], _Position) ON 1=0
WHEN NOT MATCHED THEN
INSERT ([Id], [CreatedAt], [CreatedBy], [RoleId], [UpdatedAt], [UpdatedBy], [UserId])
VALUES (i.[Id], i.[CreatedAt], i.[CreatedBy], i.[RoleId], i.[UpdatedAt], i.[UpdatedBy], i.[UserId])
OUTPUT INSERTED.[IsDeleted], i._Position;
MERGE [ChannelAccounts] USING (
VALUES (@p301, @p302, @p303, @p304, @p305, @p306, @p307, @p308, @p309, @p310, @p311, @p312, @p313, @p314, 0),
(@p315, @p316, @p317, @p318, @p319, @p320, @p321, @p322, @p323, @p324, @p325, @p326, @p327, @p328, 1),
(@p329, @p330, @p331, @p332, @p333, @p334, @p335, @p336, @p337, @p338, @p339, @p340, @p341, @p342, 2)) AS i ([Id], [AvatarUrl], [ChannelId], [CreatedAt], [CreatedBy], [ExternalId], [IsActive], [LastSyncedAt], [Name], [ProfileUrl], [ProjectId], [UpdatedAt], [UpdatedBy], [UserId], _Position) ON 1=0
WHEN NOT MATCHED THEN
INSERT ([Id], [AvatarUrl], [ChannelId], [CreatedAt], [CreatedBy], [ExternalId], [IsActive], [LastSyncedAt], [Name], [ProfileUrl], [ProjectId], [UpdatedAt], [UpdatedBy], [UserId])
VALUES (i.[Id], i.[AvatarUrl], i.[ChannelId], i.[CreatedAt], i.[CreatedBy], i.[ExternalId], i.[IsActive], i.[LastSyncedAt], i.[Name], i.[ProfileUrl], i.[ProjectId], i.[UpdatedAt], i.[UpdatedBy], i.[UserId])
OUTPUT INSERTED.[IsDeleted], i._Position;
MERGE [Posts] USING (
VALUES (@p343, @p344, @p345, @p346, @p347, @p348, @p349, @p350, @p351, @p352, @p353, @p354, @p355, @p356, 0),
(@p357, @p358, @p359, @p360, @p361, @p362, @p363, @p364, @p365, @p366, @p367, @p368, @p369, @p370, 1),
(@p371, @p372, @p373, @p374, @p375, @p376, @p377, @p378, @p379, @p380, @p381, @p382, @p383, @p384, 2)) AS i ([Id], [ChannelAccountId], [CreatedAt], [CreatedBy], [ExternalPostId], [ProjectId], [PublishedAt], [PublishedUrl], [ScheduledAt], [Status], [TimelineId], [Title], [UpdatedAt], [UpdatedBy], _Position) ON 1=0
WHEN NOT MATCHED THEN
INSERT ([Id], [ChannelAccountId], [CreatedAt], [CreatedBy], [ExternalPostId], [ProjectId], [PublishedAt], [PublishedUrl], [ScheduledAt], [Status], [TimelineId], [Title], [UpdatedAt], [UpdatedBy])
VALUES (i.[Id], i.[ChannelAccountId], i.[CreatedAt], i.[CreatedBy], i.[ExternalPostId], i.[ProjectId], i.[PublishedAt], i.[PublishedUrl], i.[ScheduledAt], i.[Status], i.[TimelineId], i.[Title], i.[UpdatedAt], i.[UpdatedBy])
OUTPUT INSERTED.[IsDeleted], i._Position;
MERGE [PostContents] USING (
VALUES (@p385, @p386, @p387, @p388, @p389, @p390, @p391, @p392, @p393, @p394, 0),
(@p395, @p396, @p397, @p398, @p399, @p400, @p401, @p402, @p403, @p404, 1),
(@p405, @p406, @p407, @p408, @p409, @p410, @p411, @p412, @p413, @p414, 2)) AS i ([Id], [Content], [ContentType], [CreatedAt], [CreatedBy], [MediaFileId], [PostId], [SortOrder], [UpdatedAt], [UpdatedBy], _Position) ON 1=0
WHEN NOT MATCHED THEN
INSERT ([Id], [Content], [ContentType], [CreatedAt], [CreatedBy], [MediaFileId], [PostId], [SortOrder], [UpdatedAt], [UpdatedBy])
VALUES (i.[Id], i.[Content], i.[ContentType], i.[CreatedAt], i.[CreatedBy], i.[MediaFileId], i.[PostId], i.[SortOrder], i.[UpdatedAt], i.[UpdatedBy])
OUTPUT INSERTED.[IsDeleted], i._Position;
INSERT INTO [PostSchedules] ([Id], [CreatedAt], [CreatedBy], [ExecutedAt], [FailureReason], [PostChannelAccountId], [PostId], [RetryCount], [ScheduledAt], [Status], [UpdatedAt], [UpdatedBy])
OUTPUT INSERTED.[IsDeleted]
VALUES (@p415, @p416, @p417, @p418, @p419, @p420, @p421, @p422, @p423, @p424, @p425, @p426);
2026-07-14 17:50:43.551 +07:00 [INF] Database seed completed successfully.
2026-07-14 17:50:43.700 +07:00 [INF] Start installing Hangfire SQL objects...
2026-07-14 17:50:44.088 +07:00 [INF] Hangfire SQL objects installed.
2026-07-14 17:50:44.431 +07:00 [WRN] The WebRootPath was not found: D:\EXE01\AIMarketingAssistant\src\AutoWork.API\wwwroot. Static files may be unavailable.
2026-07-14 17:50:44.519 +07:00 [INF] Now listening on: https://localhost:7165
2026-07-14 17:50:44.524 +07:00 [INF] Starting Hangfire Server using job storage: 'SQL Server: localhost@FlowMateDB'
2026-07-14 17:50:44.524 +07:00 [INF] Using the following options for SQL Server job storage: Queue poll interval: 00:00:15.
2026-07-14 17:50:44.524 +07:00 [INF] Using the following options for Hangfire Server:
    Worker count: 20
    Listening queues: 'default'
    Shutdown timeout: 00:00:15
    Schedule polling interval: 00:00:15
2026-07-14 17:50:44.532 +07:00 [INF] Application started. Press Ctrl+C to shut down.
2026-07-14 17:50:44.532 +07:00 [INF] Hosting environment: Development
2026-07-14 17:50:44.532 +07:00 [INF] Content root path: D:\EXE01\AIMarketingAssistant\src\AutoWork.API
2026-07-14 17:50:44.548 +07:00 [INF] Server laptop-g044c7b0:37420:6bcc493c successfully announced in 14.9375 ms
2026-07-14 17:50:44.550 +07:00 [INF] Server laptop-g044c7b0:37420:6bcc493c is starting the registered dispatchers: ServerWatchdog, ServerJobCancellationWatcher, ExpirationManager, CountersAggregator, SqlServerHeartbeatProcess, Worker, DelayedJobScheduler, RecurringJobScheduler...
2026-07-14 17:50:44.558 +07:00 [INF] Server laptop-g044c7b0:37420:6bcc493c all the dispatchers started
2026-07-14 17:51:15.006 +07:00 [INF] Executed DbCommand (27ms) [Parameters=[@__before_0='?' (DbType = DateTime2)], CommandType='"Text"', CommandTimeout='30']
SELECT [p].[Id], [p].[CreatedAt], [p].[CreatedBy], [p].[ExecutedAt], [p].[FailureReason], [p].[IsDeleted], [p].[PostChannelAccountId], [p].[PostId], [p].[RetryCount], [p].[ScheduledAt], [p].[Status], [p].[UpdatedAt], [p].[UpdatedBy], [t].[Id], [t].[ChannelAccountId], [t].[CreatedAt], [t].[CreatedBy], [t].[ExternalPostId], [t].[IsDeleted], [t].[ProjectId], [t].[PublishedAt], [t].[PublishedUrl], [t].[ScheduledAt], [t].[Status], [t].[TimelineId], [t].[Title], [t].[UpdatedAt], [t].[UpdatedBy], [t0].[Id], [t0].[Content], [t0].[ContentType], [t0].[CreatedAt], [t0].[CreatedBy], [t0].[IsDeleted], [t0].[MediaFileId], [t0].[PostId], [t0].[SortOrder], [t0].[UpdatedAt], [t0].[UpdatedBy]
FROM [PostSchedules] AS [p]
INNER JOIN (
    SELECT [p0].[Id], [p0].[ChannelAccountId], [p0].[CreatedAt], [p0].[CreatedBy], [p0].[ExternalPostId], [p0].[IsDeleted], [p0].[ProjectId], [p0].[PublishedAt], [p0].[PublishedUrl], [p0].[ScheduledAt], [p0].[Status], [p0].[TimelineId], [p0].[Title], [p0].[UpdatedAt], [p0].[UpdatedBy]
    FROM [Posts] AS [p0]
    WHERE [p0].[IsDeleted] = CAST(0 AS bit)
) AS [t] ON [p].[PostId] = [t].[Id]
LEFT JOIN (
    SELECT [p1].[Id], [p1].[Content], [p1].[ContentType], [p1].[CreatedAt], [p1].[CreatedBy], [p1].[IsDeleted], [p1].[MediaFileId], [p1].[PostId], [p1].[SortOrder], [p1].[UpdatedAt], [p1].[UpdatedBy]
    FROM [PostContents] AS [p1]
    WHERE [p1].[IsDeleted] = CAST(0 AS bit)
) AS [t0] ON [t].[Id] = [t0].[PostId]
WHERE [p].[IsDeleted] = CAST(0 AS bit) AND [p].[Status] = 0 AND [p].[ScheduledAt] <= @__before_0
ORDER BY [p].[ScheduledAt], [p].[Id], [t].[Id]
2026-07-14 17:51:16.740 +07:00 [INF] HTTP POST /api/auth/login started
2026-07-14 17:51:16.880 +07:00 [INF] Handling LoginCommand {"Request":{"Email":"demo@autowork.com","Password":"Demo@123!","$type":"LoginRequest"},"$type":"LoginCommand"}
2026-07-14 17:51:16.970 +07:00 [INF] Executed DbCommand (5ms) [Parameters=[@__email_0='?' (Size = 256)], CommandType='"Text"', CommandTimeout='30']
SELECT TOP(1) [u].[Id], [u].[AvatarUrl], [u].[CreatedAt], [u].[CreatedBy], [u].[Email], [u].[FacebookId], [u].[FirstName], [u].[GoogleId], [u].[IsActive], [u].[IsDeleted], [u].[LastLoginAt], [u].[LastName], [u].[PasswordHash], [u].[Phone], [u].[ReferralCode], [u].[ReferredByUserId], [u].[UpdatedAt], [u].[UpdatedBy]
FROM [Users] AS [u]
WHERE [u].[IsDeleted] = CAST(0 AS bit) AND [u].[Email] = @__email_0
2026-07-14 17:51:17.020 +07:00 [INF] Executed DbCommand (15ms) [Parameters=[@__id_0='?' (DbType = Guid)], CommandType='"Text"', CommandTimeout='30']
SELECT [t].[Id], [t].[AvatarUrl], [t].[CreatedAt], [t].[CreatedBy], [t].[Email], [t].[FacebookId], [t].[FirstName], [t].[GoogleId], [t].[IsActive], [t].[IsDeleted], [t].[LastLoginAt], [t].[LastName], [t].[PasswordHash], [t].[Phone], [t].[ReferralCode], [t].[ReferredByUserId], [t].[UpdatedAt], [t].[UpdatedBy], [t0].[Id], [t0].[CreatedAt], [t0].[CreatedBy], [t0].[IsDeleted], [t0].[RoleId], [t0].[UpdatedAt], [t0].[UpdatedBy], [t0].[UserId], [t0].[Id0], [t0].[CreatedAt0], [t0].[CreatedBy0], [t0].[Description], [t0].[IsDeleted0], [t0].[IsSystem], [t0].[Name], [t0].[UpdatedAt0], [t0].[UpdatedBy0]
FROM (
    SELECT TOP(1) [u].[Id], [u].[AvatarUrl], [u].[CreatedAt], [u].[CreatedBy], [u].[Email], [u].[FacebookId], [u].[FirstName], [u].[GoogleId], [u].[IsActive], [u].[IsDeleted], [u].[LastLoginAt], [u].[LastName], [u].[PasswordHash], [u].[Phone], [u].[ReferralCode], [u].[ReferredByUserId], [u].[UpdatedAt], [u].[UpdatedBy]
    FROM [Users] AS [u]
    WHERE [u].[IsDeleted] = CAST(0 AS bit) AND [u].[Id] = @__id_0
) AS [t]
LEFT JOIN (
    SELECT [u0].[Id], [u0].[CreatedAt], [u0].[CreatedBy], [u0].[IsDeleted], [u0].[RoleId], [u0].[UpdatedAt], [u0].[UpdatedBy], [u0].[UserId], [t1].[Id] AS [Id0], [t1].[CreatedAt] AS [CreatedAt0], [t1].[CreatedBy] AS [CreatedBy0], [t1].[Description], [t1].[IsDeleted] AS [IsDeleted0], [t1].[IsSystem], [t1].[Name], [t1].[UpdatedAt] AS [UpdatedAt0], [t1].[UpdatedBy] AS [UpdatedBy0]
    FROM [UserRoles] AS [u0]
    INNER JOIN (
        SELECT [r].[Id], [r].[CreatedAt], [r].[CreatedBy], [r].[Description], [r].[IsDeleted], [r].[IsSystem], [r].[Name], [r].[UpdatedAt], [r].[UpdatedBy]
        FROM [Roles] AS [r]
        WHERE [r].[IsDeleted] = CAST(0 AS bit)
    ) AS [t1] ON [u0].[RoleId] = [t1].[Id]
    WHERE [u0].[IsDeleted] = CAST(0 AS bit)
) AS [t0] ON [t].[Id] = [t0].[UserId]
ORDER BY [t].[Id], [t0].[Id]
2026-07-14 17:51:17.119 +07:00 [INF] Executed DbCommand (11ms) [Parameters=[@p0='?' (DbType = Guid), @p1='?' (DbType = DateTime2), @p2='?' (DbType = Guid), @p3='?' (Size = 4000), @p4='?' (DbType = DateTime2), @p5='?' (DbType = Boolean), @p6='?' (Size = 512), @p7='?' (DbType = DateTime2), @p8='?' (Size = 512), @p9='?' (DbType = DateTime2), @p10='?' (DbType = Guid), @p11='?' (DbType = Guid), @p29='?' (DbType = Guid), @p12='?' (Size = 500), @p13='?' (DbType = DateTime2), @p14='?' (DbType = Guid), @p15='?' (Size = 256), @p16='?' (Size = 128), @p17='?' (Size = 100), @p18='?' (Size = 128), @p19='?' (DbType = Boolean), @p20='?' (DbType = Boolean), @p21='?' (DbType = DateTime2), @p22='?' (Size = 100), @p23='?' (Size = 512), @p24='?' (Size = 20), @p25='?' (Size = 32), @p26='?' (DbType = Guid), @p27='?' (DbType = DateTime2), @p28='?' (DbType = Guid)], CommandType='"Text"', CommandTimeout='30']
SET NOCOUNT ON;
INSERT INTO [RefreshTokens] ([Id], [CreatedAt], [CreatedBy], [CreatedByIp], [ExpiresAt], [IsRevoked], [ReplacedByToken], [RevokedAt], [Token], [UpdatedAt], [UpdatedBy], [UserId])
OUTPUT INSERTED.[IsDeleted]
VALUES (@p0, @p1, @p2, @p3, @p4, @p5, @p6, @p7, @p8, @p9, @p10, @p11);
UPDATE [Users] SET [AvatarUrl] = @p12, [CreatedAt] = @p13, [CreatedBy] = @p14, [Email] = @p15, [FacebookId] = @p16, [FirstName] = @p17, [GoogleId] = @p18, [IsActive] = @p19, [IsDeleted] = @p20, [LastLoginAt] = @p21, [LastName] = @p22, [PasswordHash] = @p23, [Phone] = @p24, [ReferralCode] = @p25, [ReferredByUserId] = @p26, [UpdatedAt] = @p27, [UpdatedBy] = @p28
OUTPUT 1
WHERE [Id] = @p29;
2026-07-14 17:51:17.124 +07:00 [INF] Handled LoginCommand in 240ms
2026-07-14 17:51:17.151 +07:00 [INF] HTTP POST /api/auth/login responded 200 in 412.0498ms
2026-07-14 17:52:14.782 +07:00 [INF] Executed DbCommand (8ms) [Parameters=[@__before_0='?' (DbType = DateTime2)], CommandType='"Text"', CommandTimeout='30']
SELECT [p].[Id], [p].[CreatedAt], [p].[CreatedBy], [p].[ExecutedAt], [p].[FailureReason], [p].[IsDeleted], [p].[PostChannelAccountId], [p].[PostId], [p].[RetryCount], [p].[ScheduledAt], [p].[Status], [p].[UpdatedAt], [p].[UpdatedBy], [t].[Id], [t].[ChannelAccountId], [t].[CreatedAt], [t].[CreatedBy], [t].[ExternalPostId], [t].[IsDeleted], [t].[ProjectId], [t].[PublishedAt], [t].[PublishedUrl], [t].[ScheduledAt], [t].[Status], [t].[TimelineId], [t].[Title], [t].[UpdatedAt], [t].[UpdatedBy], [t0].[Id], [t0].[Content], [t0].[ContentType], [t0].[CreatedAt], [t0].[CreatedBy], [t0].[IsDeleted], [t0].[MediaFileId], [t0].[PostId], [t0].[SortOrder], [t0].[UpdatedAt], [t0].[UpdatedBy]
FROM [PostSchedules] AS [p]
INNER JOIN (
    SELECT [p0].[Id], [p0].[ChannelAccountId], [p0].[CreatedAt], [p0].[CreatedBy], [p0].[ExternalPostId], [p0].[IsDeleted], [p0].[ProjectId], [p0].[PublishedAt], [p0].[PublishedUrl], [p0].[ScheduledAt], [p0].[Status], [p0].[TimelineId], [p0].[Title], [p0].[UpdatedAt], [p0].[UpdatedBy]
    FROM [Posts] AS [p0]
    WHERE [p0].[IsDeleted] = CAST(0 AS bit)
) AS [t] ON [p].[PostId] = [t].[Id]
LEFT JOIN (
    SELECT [p1].[Id], [p1].[Content], [p1].[ContentType], [p1].[CreatedAt], [p1].[CreatedBy], [p1].[IsDeleted], [p1].[MediaFileId], [p1].[PostId], [p1].[SortOrder], [p1].[UpdatedAt], [p1].[UpdatedBy]
    FROM [PostContents] AS [p1]
    WHERE [p1].[IsDeleted] = CAST(0 AS bit)
) AS [t0] ON [t].[Id] = [t0].[PostId]
WHERE [p].[IsDeleted] = CAST(0 AS bit) AND [p].[Status] = 0 AND [p].[ScheduledAt] <= @__before_0
ORDER BY [p].[ScheduledAt], [p].[Id], [t].[Id]
2026-07-14 17:53:14.833 +07:00 [INF] Executed DbCommand (6ms) [Parameters=[@__before_0='?' (DbType = DateTime2)], CommandType='"Text"', CommandTimeout='30']
SELECT [p].[Id], [p].[CreatedAt], [p].[CreatedBy], [p].[ExecutedAt], [p].[FailureReason], [p].[IsDeleted], [p].[PostChannelAccountId], [p].[PostId], [p].[RetryCount], [p].[ScheduledAt], [p].[Status], [p].[UpdatedAt], [p].[UpdatedBy], [t].[Id], [t].[ChannelAccountId], [t].[CreatedAt], [t].[CreatedBy], [t].[ExternalPostId], [t].[IsDeleted], [t].[ProjectId], [t].[PublishedAt], [t].[PublishedUrl], [t].[ScheduledAt], [t].[Status], [t].[TimelineId], [t].[Title], [t].[UpdatedAt], [t].[UpdatedBy], [t0].[Id], [t0].[Content], [t0].[ContentType], [t0].[CreatedAt], [t0].[CreatedBy], [t0].[IsDeleted], [t0].[MediaFileId], [t0].[PostId], [t0].[SortOrder], [t0].[UpdatedAt], [t0].[UpdatedBy]
FROM [PostSchedules] AS [p]
INNER JOIN (
    SELECT [p0].[Id], [p0].[ChannelAccountId], [p0].[CreatedAt], [p0].[CreatedBy], [p0].[ExternalPostId], [p0].[IsDeleted], [p0].[ProjectId], [p0].[PublishedAt], [p0].[PublishedUrl], [p0].[ScheduledAt], [p0].[Status], [p0].[TimelineId], [p0].[Title], [p0].[UpdatedAt], [p0].[UpdatedBy]
    FROM [Posts] AS [p0]
    WHERE [p0].[IsDeleted] = CAST(0 AS bit)
) AS [t] ON [p].[PostId] = [t].[Id]
LEFT JOIN (
    SELECT [p1].[Id], [p1].[Content], [p1].[ContentType], [p1].[CreatedAt], [p1].[CreatedBy], [p1].[IsDeleted], [p1].[MediaFileId], [p1].[PostId], [p1].[SortOrder], [p1].[UpdatedAt], [p1].[UpdatedBy]
    FROM [PostContents] AS [p1]
    WHERE [p1].[IsDeleted] = CAST(0 AS bit)
) AS [t0] ON [t].[Id] = [t0].[PostId]
WHERE [p].[IsDeleted] = CAST(0 AS bit) AND [p].[Status] = 0 AND [p].[ScheduledAt] <= @__before_0
ORDER BY [p].[ScheduledAt], [p].[Id], [t].[Id]
2026-07-14 17:54:15.084 +07:00 [INF] Executed DbCommand (13ms) [Parameters=[@__before_0='?' (DbType = DateTime2)], CommandType='"Text"', CommandTimeout='30']
SELECT [p].[Id], [p].[CreatedAt], [p].[CreatedBy], [p].[ExecutedAt], [p].[FailureReason], [p].[IsDeleted], [p].[PostChannelAccountId], [p].[PostId], [p].[RetryCount], [p].[ScheduledAt], [p].[Status], [p].[UpdatedAt], [p].[UpdatedBy], [t].[Id], [t].[ChannelAccountId], [t].[CreatedAt], [t].[CreatedBy], [t].[ExternalPostId], [t].[IsDeleted], [t].[ProjectId], [t].[PublishedAt], [t].[PublishedUrl], [t].[ScheduledAt], [t].[Status], [t].[TimelineId], [t].[Title], [t].[UpdatedAt], [t].[UpdatedBy], [t0].[Id], [t0].[Content], [t0].[ContentType], [t0].[CreatedAt], [t0].[CreatedBy], [t0].[IsDeleted], [t0].[MediaFileId], [t0].[PostId], [t0].[SortOrder], [t0].[UpdatedAt], [t0].[UpdatedBy]
FROM [PostSchedules] AS [p]
INNER JOIN (
    SELECT [p0].[Id], [p0].[ChannelAccountId], [p0].[CreatedAt], [p0].[CreatedBy], [p0].[ExternalPostId], [p0].[IsDeleted], [p0].[ProjectId], [p0].[PublishedAt], [p0].[PublishedUrl], [p0].[ScheduledAt], [p0].[Status], [p0].[TimelineId], [p0].[Title], [p0].[UpdatedAt], [p0].[UpdatedBy]
    FROM [Posts] AS [p0]
    WHERE [p0].[IsDeleted] = CAST(0 AS bit)
) AS [t] ON [p].[PostId] = [t].[Id]
LEFT JOIN (
    SELECT [p1].[Id], [p1].[Content], [p1].[ContentType], [p1].[CreatedAt], [p1].[CreatedBy], [p1].[IsDeleted], [p1].[MediaFileId], [p1].[PostId], [p1].[SortOrder], [p1].[UpdatedAt], [p1].[UpdatedBy]
    FROM [PostContents] AS [p1]
    WHERE [p1].[IsDeleted] = CAST(0 AS bit)
) AS [t0] ON [t].[Id] = [t0].[PostId]
WHERE [p].[IsDeleted] = CAST(0 AS bit) AND [p].[Status] = 0 AND [p].[ScheduledAt] <= @__before_0
ORDER BY [p].[ScheduledAt], [p].[Id], [t].[Id]
2026-07-14 17:55:00.121 +07:00 [INF] Executed DbCommand (6ms) [Parameters=[@__before_0='?' (DbType = DateTime2)], CommandType='"Text"', CommandTimeout='30']
SELECT [p].[Id], [p].[CreatedAt], [p].[CreatedBy], [p].[ExecutedAt], [p].[FailureReason], [p].[IsDeleted], [p].[PostChannelAccountId], [p].[PostId], [p].[RetryCount], [p].[ScheduledAt], [p].[Status], [p].[UpdatedAt], [p].[UpdatedBy], [t].[Id], [t].[ChannelAccountId], [t].[CreatedAt], [t].[CreatedBy], [t].[ExternalPostId], [t].[IsDeleted], [t].[ProjectId], [t].[PublishedAt], [t].[PublishedUrl], [t].[ScheduledAt], [t].[Status], [t].[TimelineId], [t].[Title], [t].[UpdatedAt], [t].[UpdatedBy], [t0].[Id], [t0].[Content], [t0].[ContentType], [t0].[CreatedAt], [t0].[CreatedBy], [t0].[IsDeleted], [t0].[MediaFileId], [t0].[PostId], [t0].[SortOrder], [t0].[UpdatedAt], [t0].[UpdatedBy]
FROM [PostSchedules] AS [p]
INNER JOIN (
    SELECT [p0].[Id], [p0].[ChannelAccountId], [p0].[CreatedAt], [p0].[CreatedBy], [p0].[ExternalPostId], [p0].[IsDeleted], [p0].[ProjectId], [p0].[PublishedAt], [p0].[PublishedUrl], [p0].[ScheduledAt], [p0].[Status], [p0].[TimelineId], [p0].[Title], [p0].[UpdatedAt], [p0].[UpdatedBy]
    FROM [Posts] AS [p0]
    WHERE [p0].[IsDeleted] = CAST(0 AS bit)
) AS [t] ON [p].[PostId] = [t].[Id]
LEFT JOIN (
    SELECT [p1].[Id], [p1].[Content], [p1].[ContentType], [p1].[CreatedAt], [p1].[CreatedBy], [p1].[IsDeleted], [p1].[MediaFileId], [p1].[PostId], [p1].[SortOrder], [p1].[UpdatedAt], [p1].[UpdatedBy]
    FROM [PostContents] AS [p1]
    WHERE [p1].[IsDeleted] = CAST(0 AS bit)
) AS [t0] ON [t].[Id] = [t0].[PostId]
WHERE [p].[IsDeleted] = CAST(0 AS bit) AND [p].[Status] = 0 AND [p].[ScheduledAt] <= @__before_0
ORDER BY [p].[ScheduledAt], [p].[Id], [t].[Id]
2026-07-14 17:56:00.176 +07:00 [INF] Executed DbCommand (7ms) [Parameters=[@__before_0='?' (DbType = DateTime2)], CommandType='"Text"', CommandTimeout='30']
SELECT [p].[Id], [p].[CreatedAt], [p].[CreatedBy], [p].[ExecutedAt], [p].[FailureReason], [p].[IsDeleted], [p].[PostChannelAccountId], [p].[PostId], [p].[RetryCount], [p].[ScheduledAt], [p].[Status], [p].[UpdatedAt], [p].[UpdatedBy], [t].[Id], [t].[ChannelAccountId], [t].[CreatedAt], [t].[CreatedBy], [t].[ExternalPostId], [t].[IsDeleted], [t].[ProjectId], [t].[PublishedAt], [t].[PublishedUrl], [t].[ScheduledAt], [t].[Status], [t].[TimelineId], [t].[Title], [t].[UpdatedAt], [t].[UpdatedBy], [t0].[Id], [t0].[Content], [t0].[ContentType], [t0].[CreatedAt], [t0].[CreatedBy], [t0].[IsDeleted], [t0].[MediaFileId], [t0].[PostId], [t0].[SortOrder], [t0].[UpdatedAt], [t0].[UpdatedBy]
FROM [PostSchedules] AS [p]
INNER JOIN (
    SELECT [p0].[Id], [p0].[ChannelAccountId], [p0].[CreatedAt], [p0].[CreatedBy], [p0].[ExternalPostId], [p0].[IsDeleted], [p0].[ProjectId], [p0].[PublishedAt], [p0].[PublishedUrl], [p0].[ScheduledAt], [p0].[Status], [p0].[TimelineId], [p0].[Title], [p0].[UpdatedAt], [p0].[UpdatedBy]
    FROM [Posts] AS [p0]
    WHERE [p0].[IsDeleted] = CAST(0 AS bit)
) AS [t] ON [p].[PostId] = [t].[Id]
LEFT JOIN (
    SELECT [p1].[Id], [p1].[Content], [p1].[ContentType], [p1].[CreatedAt], [p1].[CreatedBy], [p1].[IsDeleted], [p1].[MediaFileId], [p1].[PostId], [p1].[SortOrder], [p1].[UpdatedAt], [p1].[UpdatedBy]
    FROM [PostContents] AS [p1]
    WHERE [p1].[IsDeleted] = CAST(0 AS bit)
) AS [t0] ON [t].[Id] = [t0].[PostId]
WHERE [p].[IsDeleted] = CAST(0 AS bit) AND [p].[Status] = 0 AND [p].[ScheduledAt] <= @__before_0
ORDER BY [p].[ScheduledAt], [p].[Id], [t].[Id]
2026-07-14 17:57:00.229 +07:00 [INF] Executed DbCommand (7ms) [Parameters=[@__before_0='?' (DbType = DateTime2)], CommandType='"Text"', CommandTimeout='30']
SELECT [p].[Id], [p].[CreatedAt], [p].[CreatedBy], [p].[ExecutedAt], [p].[FailureReason], [p].[IsDeleted], [p].[PostChannelAccountId], [p].[PostId], [p].[RetryCount], [p].[ScheduledAt], [p].[Status], [p].[UpdatedAt], [p].[UpdatedBy], [t].[Id], [t].[ChannelAccountId], [t].[CreatedAt], [t].[CreatedBy], [t].[ExternalPostId], [t].[IsDeleted], [t].[ProjectId], [t].[PublishedAt], [t].[PublishedUrl], [t].[ScheduledAt], [t].[Status], [t].[TimelineId], [t].[Title], [t].[UpdatedAt], [t].[UpdatedBy], [t0].[Id], [t0].[Content], [t0].[ContentType], [t0].[CreatedAt], [t0].[CreatedBy], [t0].[IsDeleted], [t0].[MediaFileId], [t0].[PostId], [t0].[SortOrder], [t0].[UpdatedAt], [t0].[UpdatedBy]
FROM [PostSchedules] AS [p]
INNER JOIN (
    SELECT [p0].[Id], [p0].[ChannelAccountId], [p0].[CreatedAt], [p0].[CreatedBy], [p0].[ExternalPostId], [p0].[IsDeleted], [p0].[ProjectId], [p0].[PublishedAt], [p0].[PublishedUrl], [p0].[ScheduledAt], [p0].[Status], [p0].[TimelineId], [p0].[Title], [p0].[UpdatedAt], [p0].[UpdatedBy]
    FROM [Posts] AS [p0]
    WHERE [p0].[IsDeleted] = CAST(0 AS bit)
) AS [t] ON [p].[PostId] = [t].[Id]
LEFT JOIN (
    SELECT [p1].[Id], [p1].[Content], [p1].[ContentType], [p1].[CreatedAt], [p1].[CreatedBy], [p1].[IsDeleted], [p1].[MediaFileId], [p1].[PostId], [p1].[SortOrder], [p1].[UpdatedAt], [p1].[UpdatedBy]
    FROM [PostContents] AS [p1]
    WHERE [p1].[IsDeleted] = CAST(0 AS bit)
) AS [t0] ON [t].[Id] = [t0].[PostId]
WHERE [p].[IsDeleted] = CAST(0 AS bit) AND [p].[Status] = 0 AND [p].[ScheduledAt] <= @__before_0
ORDER BY [p].[ScheduledAt], [p].[Id], [t].[Id]
