2026-07-22 19:29:25.296 +07:00 [WRN] No store type was specified for the decimal property 'TotalEarnings' on entity type 'Affiliate'. This will cause values to be silently truncated if they do not fit in the default precision and scale. Explicitly specify the SQL server column type that can accommodate all the values in 'OnModelCreating' using 'HasColumnType', specify precision and scale using 'HasPrecision', or configure a value converter using 'HasConversion'.
2026-07-22 19:29:44.856 +07:00 [ERR] An error occurred using the connection to database 'FlowMateDB' on server 'localhost'.
2026-07-22 19:30:52.410 +07:00 [WRN] No store type was specified for the decimal property 'TotalEarnings' on entity type 'Affiliate'. This will cause values to be silently truncated if they do not fit in the default precision and scale. Explicitly specify the SQL server column type that can accommodate all the values in 'OnModelCreating' using 'HasColumnType', specify precision and scale using 'HasPrecision', or configure a value converter using 'HasConversion'.
2026-07-22 19:30:53.360 +07:00 [INF] Detected FlowMate/SQL schema without EF history — applying compat layer and skipping MigrateAsync.
2026-07-22 19:30:53.405 +07:00 [INF] Executed DbCommand (15ms) [Parameters=[], CommandType='"Text"', CommandTimeout='30']
IF COL_LENGTH('dbo.Posts', 'ChannelAccountId') IS NULL
    ALTER TABLE dbo.Posts ADD ChannelAccountId UNIQUEIDENTIFIER NULL;
2026-07-22 19:30:53.415 +07:00 [INF] Executed DbCommand (1ms) [Parameters=[], CommandType='"Text"', CommandTimeout='30']
IF COL_LENGTH('dbo.Posts', 'ExternalPostId') IS NULL
    ALTER TABLE dbo.Posts ADD ExternalPostId NVARCHAR(128) NULL;
2026-07-22 19:30:53.419 +07:00 [INF] Executed DbCommand (1ms) [Parameters=[], CommandType='"Text"', CommandTimeout='30']
IF COL_LENGTH('dbo.Posts', 'PublishedUrl') IS NULL
    ALTER TABLE dbo.Posts ADD PublishedUrl NVARCHAR(1000) NULL;
2026-07-22 19:30:53.423 +07:00 [INF] Executed DbCommand (1ms) [Parameters=[], CommandType='"Text"', CommandTimeout='30']
IF COL_LENGTH('dbo.Posts', 'PublishedAt') IS NULL
    ALTER TABLE dbo.Posts ADD PublishedAt DATETIME2 NULL;
2026-07-22 19:30:53.428 +07:00 [INF] Executed DbCommand (2ms) [Parameters=[], CommandType='"Text"', CommandTimeout='30']
IF COL_LENGTH('dbo.PostSchedules', 'PostId') IS NULL
    ALTER TABLE dbo.PostSchedules ADD PostId UNIQUEIDENTIFIER NULL;
2026-07-22 19:30:53.432 +07:00 [INF] Executed DbCommand (2ms) [Parameters=[], CommandType='"Text"', CommandTimeout='30']
IF COL_LENGTH('dbo.PostSchedules', 'PostChannelAccountId') IS NOT NULL
   AND COLUMNPROPERTY(OBJECT_ID('dbo.PostSchedules'), 'PostChannelAccountId', 'AllowsNull') = 0
BEGIN
    ALTER TABLE dbo.PostSchedules ALTER COLUMN PostChannelAccountId UNIQUEIDENTIFIER NULL;
END
2026-07-22 19:30:53.437 +07:00 [INF] Executed DbCommand (1ms) [Parameters=[], CommandType='"Text"', CommandTimeout='30']
IF COL_LENGTH('dbo.ChannelAccounts', 'ParentChannelAccountId') IS NULL
    ALTER TABLE dbo.ChannelAccounts ADD ParentChannelAccountId UNIQUEIDENTIFIER NULL;
2026-07-22 19:30:53.441 +07:00 [INF] Executed DbCommand (1ms) [Parameters=[], CommandType='"Text"', CommandTimeout='30']
IF COL_LENGTH('dbo.ChannelAccounts', 'AccessToken') IS NULL
    ALTER TABLE dbo.ChannelAccounts ADD AccessToken NVARCHAR(MAX) NULL;
2026-07-22 19:30:53.444 +07:00 [INF] Executed DbCommand (1ms) [Parameters=[], CommandType='"Text"', CommandTimeout='30']
IF COL_LENGTH('dbo.ChannelAccounts', 'RefreshToken') IS NULL
    ALTER TABLE dbo.ChannelAccounts ADD RefreshToken NVARCHAR(MAX) NULL;
2026-07-22 19:30:53.449 +07:00 [INF] Executed DbCommand (1ms) [Parameters=[], CommandType='"Text"', CommandTimeout='30']
IF COL_LENGTH('dbo.ChannelAccounts', 'TokenExpiresAt') IS NULL
    ALTER TABLE dbo.ChannelAccounts ADD TokenExpiresAt DATETIME2 NULL;
2026-07-22 19:30:53.453 +07:00 [INF] Executed DbCommand (2ms) [Parameters=[], CommandType='"Text"', CommandTimeout='30']
IF COL_LENGTH('dbo.ChannelAccounts', 'Scope') IS NULL
    ALTER TABLE dbo.ChannelAccounts ADD Scope NVARCHAR(500) NULL;
2026-07-22 19:30:53.457 +07:00 [INF] Executed DbCommand (1ms) [Parameters=[], CommandType='"Text"', CommandTimeout='30']
IF COL_LENGTH('dbo.Posts', 'VoiceSampleId') IS NULL
    ALTER TABLE dbo.Posts ADD VoiceSampleId UNIQUEIDENTIFIER NULL;
2026-07-22 19:30:53.459 +07:00 [INF] Executed DbCommand (1ms) [Parameters=[], CommandType='"Text"', CommandTimeout='30']
IF COL_LENGTH('dbo.Posts', 'DayNumber') IS NULL
    ALTER TABLE dbo.Posts ADD DayNumber INT NULL;
2026-07-22 19:30:53.462 +07:00 [INF] Executed DbCommand (1ms) [Parameters=[], CommandType='"Text"', CommandTimeout='30']
IF COL_LENGTH('dbo.Posts', 'TrackingEnabled') IS NULL
    ALTER TABLE dbo.Posts ADD TrackingEnabled BIT NOT NULL DEFAULT CAST(1 AS BIT);
2026-07-22 19:30:53.466 +07:00 [INF] Executed DbCommand (2ms) [Parameters=[], CommandType='"Text"', CommandTimeout='30']
IF COL_LENGTH('dbo.MediaFiles', 'ProductId') IS NULL
    ALTER TABLE dbo.MediaFiles ADD ProductId UNIQUEIDENTIFIER NULL;
2026-07-22 19:30:53.470 +07:00 [INF] Executed DbCommand (1ms) [Parameters=[], CommandType='"Text"', CommandTimeout='30']
IF COL_LENGTH('dbo.MediaFiles', 'StoragePath') IS NULL
    ALTER TABLE dbo.MediaFiles ADD StoragePath NVARCHAR(1000) NOT NULL DEFAULT '';
2026-07-22 19:30:53.476 +07:00 [INF] Executed DbCommand (2ms) [Parameters=[], CommandType='"Text"', CommandTimeout='30']
IF COL_LENGTH('dbo.FacebookAccounts', 'ProjectId') IS NULL
    ALTER TABLE dbo.FacebookAccounts ADD ProjectId UNIQUEIDENTIFIER NOT NULL
        DEFAULT '00000000-0000-0000-0000-000000000000';
2026-07-22 19:30:53.481 +07:00 [INF] Executed DbCommand (2ms) [Parameters=[], CommandType='"Text"', CommandTimeout='30']
IF COL_LENGTH('dbo.Campaigns', 'ProductDescription') IS NULL
    ALTER TABLE dbo.Campaigns ADD ProductDescription NVARCHAR(MAX) NULL;
2026-07-22 19:30:53.485 +07:00 [INF] Executed DbCommand (1ms) [Parameters=[], CommandType='"Text"', CommandTimeout='30']
IF OBJECT_ID('dbo.ProjectMembers') IS NULL
CREATE TABLE dbo.ProjectMembers (
    Id UNIQUEIDENTIFIER NOT NULL PRIMARY KEY, ProjectId UNIQUEIDENTIFIER NOT NULL,
    UserId UNIQUEIDENTIFIER NOT NULL, Role NVARCHAR(20) NOT NULL DEFAULT 'Member',
    InvitedAt DATETIME2 NULL, JoinedAt DATETIME2 NULL,
    CreatedAt DATETIME2 NOT NULL, UpdatedAt DATETIME2 NULL,
    CreatedBy UNIQUEIDENTIFIER NULL, UpdatedBy UNIQUEIDENTIFIER NULL, IsDeleted BIT NOT NULL DEFAULT 0,
    CONSTRAINT FK_ProjectMembers_Projects FOREIGN KEY (ProjectId) REFERENCES dbo.Projects(Id),
    CONSTRAINT FK_ProjectMembers_Users FOREIGN KEY (UserId) REFERENCES dbo.Users(Id));
2026-07-22 19:30:53.505 +07:00 [INF] Executed DbCommand (16ms) [Parameters=[], CommandType='"Text"', CommandTimeout='30']
IF OBJECT_ID('dbo.ProjectMembers') IS NOT NULL AND NOT EXISTS (SELECT 1 FROM sys.indexes WHERE name = 'IX_ProjectMembers_ProjectId_UserId')
    CREATE UNIQUE INDEX IX_ProjectMembers_ProjectId_UserId ON dbo.ProjectMembers(ProjectId, UserId);
2026-07-22 19:30:53.509 +07:00 [INF] Executed DbCommand (2ms) [Parameters=[], CommandType='"Text"', CommandTimeout='30']
IF OBJECT_ID('dbo.VoiceSampleTemplates') IS NULL
CREATE TABLE dbo.VoiceSampleTemplates (
    Id UNIQUEIDENTIFIER NOT NULL PRIMARY KEY, SampleText NVARCHAR(500) NOT NULL,
    CreatedAt DATETIME2 NOT NULL, UpdatedAt DATETIME2 NULL,
    CreatedBy UNIQUEIDENTIFIER NULL, UpdatedBy UNIQUEIDENTIFIER NULL, IsDeleted BIT NOT NULL DEFAULT 0);
2026-07-22 19:30:53.514 +07:00 [INF] Executed DbCommand (1ms) [Parameters=[], CommandType='"Text"', CommandTimeout='30']
IF OBJECT_ID('dbo.BrandStyles') IS NULL
CREATE TABLE dbo.BrandStyles (
    Id UNIQUEIDENTIFIER NOT NULL PRIMARY KEY, StyleName NVARCHAR(50) NOT NULL,
    CreatedAt DATETIME2 NOT NULL, UpdatedAt DATETIME2 NULL,
    CreatedBy UNIQUEIDENTIFIER NULL, UpdatedBy UNIQUEIDENTIFIER NULL, IsDeleted BIT NOT NULL DEFAULT 0);
2026-07-22 19:30:53.523 +07:00 [INF] Executed DbCommand (7ms) [Parameters=[], CommandType='"Text"', CommandTimeout='30']
IF OBJECT_ID('dbo.BrandStyles') IS NOT NULL AND NOT EXISTS (SELECT 1 FROM sys.indexes WHERE name = 'IX_BrandStyles_StyleName')
    CREATE UNIQUE INDEX IX_BrandStyles_StyleName ON dbo.BrandStyles(StyleName);
2026-07-22 19:30:53.528 +07:00 [INF] Executed DbCommand (1ms) [Parameters=[], CommandType='"Text"', CommandTimeout='30']
IF OBJECT_ID('dbo.ToneKeywords') IS NULL
CREATE TABLE dbo.ToneKeywords (
    Id UNIQUEIDENTIFIER NOT NULL PRIMARY KEY, Keyword NVARCHAR(50) NOT NULL,
    CreatedAt DATETIME2 NOT NULL, UpdatedAt DATETIME2 NULL,
    CreatedBy UNIQUEIDENTIFIER NULL, UpdatedBy UNIQUEIDENTIFIER NULL, IsDeleted BIT NOT NULL DEFAULT 0);
2026-07-22 19:30:53.538 +07:00 [INF] Executed DbCommand (6ms) [Parameters=[], CommandType='"Text"', CommandTimeout='30']
IF OBJECT_ID('dbo.ToneKeywords') IS NOT NULL AND NOT EXISTS (SELECT 1 FROM sys.indexes WHERE name = 'IX_ToneKeywords_Keyword')
    CREATE UNIQUE INDEX IX_ToneKeywords_Keyword ON dbo.ToneKeywords(Keyword);
2026-07-22 19:30:53.542 +07:00 [INF] Executed DbCommand (1ms) [Parameters=[], CommandType='"Text"', CommandTimeout='30']
IF OBJECT_ID('dbo.CtaTemplates') IS NULL
CREATE TABLE dbo.CtaTemplates (
    Id UNIQUEIDENTIFIER NOT NULL PRIMARY KEY, CtaText NVARCHAR(100) NOT NULL,
    CreatedAt DATETIME2 NOT NULL, UpdatedAt DATETIME2 NULL,
    CreatedBy UNIQUEIDENTIFIER NULL, UpdatedBy UNIQUEIDENTIFIER NULL, IsDeleted BIT NOT NULL DEFAULT 0);
2026-07-22 19:30:53.555 +07:00 [INF] Executed DbCommand (9ms) [Parameters=[], CommandType='"Text"', CommandTimeout='30']
IF OBJECT_ID('dbo.CtaTemplates') IS NOT NULL AND NOT EXISTS (SELECT 1 FROM sys.indexes WHERE name = 'IX_CtaTemplates_CtaText')
    CREATE UNIQUE INDEX IX_CtaTemplates_CtaText ON dbo.CtaTemplates(CtaText);
2026-07-22 19:30:53.567 +07:00 [INF] Executed DbCommand (8ms) [Parameters=[], CommandType='"Text"', CommandTimeout='30']
IF OBJECT_ID('dbo.Hashtags') IS NULL
CREATE TABLE dbo.Hashtags (
    Id UNIQUEIDENTIFIER NOT NULL PRIMARY KEY, Tag NVARCHAR(50) NOT NULL,
    CreatedAt DATETIME2 NOT NULL, UpdatedAt DATETIME2 NULL,
    CreatedBy UNIQUEIDENTIFIER NULL, UpdatedBy UNIQUEIDENTIFIER NULL, IsDeleted BIT NOT NULL DEFAULT 0);
2026-07-22 19:30:53.580 +07:00 [INF] Executed DbCommand (10ms) [Parameters=[], CommandType='"Text"', CommandTimeout='30']
IF OBJECT_ID('dbo.Hashtags') IS NOT NULL AND NOT EXISTS (SELECT 1 FROM sys.indexes WHERE name = 'IX_Hashtags_Tag')
    CREATE UNIQUE INDEX IX_Hashtags_Tag ON dbo.Hashtags(Tag);
2026-07-22 19:30:53.586 +07:00 [INF] Executed DbCommand (2ms) [Parameters=[], CommandType='"Text"', CommandTimeout='30']
IF OBJECT_ID('dbo.BrandProfiles') IS NULL
CREATE TABLE dbo.BrandProfiles (
    Id UNIQUEIDENTIFIER NOT NULL PRIMARY KEY, ProjectId UNIQUEIDENTIFIER NOT NULL,
    LogoUrl NVARCHAR(500) NULL, BusinessName NVARCHAR(150) NOT NULL, BrandName NVARCHAR(150) NOT NULL,
    Industry NVARCHAR(100) NULL, FoundingYear SMALLINT NULL, ShortDescription NVARCHAR(1000) NULL,
    Address NVARCHAR(300) NULL, ContactPhone NVARCHAR(20) NULL, ContactEmail NVARCHAR(255) NULL,
    Website NVARCHAR(255) NULL, VoiceSampleId UNIQUEIDENTIFIER NULL,
    CreatedAt DATETIME2 NOT NULL, UpdatedAt DATETIME2 NULL,
    CreatedBy UNIQUEIDENTIFIER NULL, UpdatedBy UNIQUEIDENTIFIER NULL, IsDeleted BIT NOT NULL DEFAULT 0,
    CONSTRAINT FK_BrandProfiles_Projects FOREIGN KEY (ProjectId) REFERENCES dbo.Projects(Id),
    CONSTRAINT FK_BrandProfiles_VoiceSampleTemplates FOREIGN KEY (VoiceSampleId) REFERENCES dbo.VoiceSampleTemplates(Id));
2026-07-22 19:30:53.599 +07:00 [INF] Executed DbCommand (9ms) [Parameters=[], CommandType='"Text"', CommandTimeout='30']
IF OBJECT_ID('dbo.BrandProfiles') IS NOT NULL AND NOT EXISTS (SELECT 1 FROM sys.indexes WHERE name = 'IX_BrandProfiles_ProjectId')
    CREATE UNIQUE INDEX IX_BrandProfiles_ProjectId ON dbo.BrandProfiles(ProjectId);
2026-07-22 19:30:53.605 +07:00 [INF] Executed DbCommand (2ms) [Parameters=[], CommandType='"Text"', CommandTimeout='30']
IF OBJECT_ID('dbo.BrandProfileStyles') IS NULL
CREATE TABLE dbo.BrandProfileStyles (
    Id UNIQUEIDENTIFIER NOT NULL PRIMARY KEY, BrandProfileId UNIQUEIDENTIFIER NOT NULL, StyleId UNIQUEIDENTIFIER NOT NULL,
    CreatedAt DATETIME2 NOT NULL, UpdatedAt DATETIME2 NULL,
    CreatedBy UNIQUEIDENTIFIER NULL, UpdatedBy UNIQUEIDENTIFIER NULL, IsDeleted BIT NOT NULL DEFAULT 0,
    CONSTRAINT FK_BrandProfileStyles_BrandProfiles FOREIGN KEY (BrandProfileId) REFERENCES dbo.BrandProfiles(Id),
    CONSTRAINT FK_BrandProfileStyles_BrandStyles FOREIGN KEY (StyleId) REFERENCES dbo.BrandStyles(Id));
2026-07-22 19:30:53.617 +07:00 [INF] Executed DbCommand (8ms) [Parameters=[], CommandType='"Text"', CommandTimeout='30']
IF OBJECT_ID('dbo.BrandProfileStyles') IS NOT NULL AND NOT EXISTS (SELECT 1 FROM sys.indexes WHERE name = 'IX_BrandProfileStyles_BrandProfileId_StyleId')
    CREATE UNIQUE INDEX IX_BrandProfileStyles_BrandProfileId_StyleId ON dbo.BrandProfileStyles(BrandProfileId, StyleId);
2026-07-22 19:30:53.623 +07:00 [INF] Executed DbCommand (1ms) [Parameters=[], CommandType='"Text"', CommandTimeout='30']
IF OBJECT_ID('dbo.BrandProfileKeywords') IS NULL
CREATE TABLE dbo.BrandProfileKeywords (
    Id UNIQUEIDENTIFIER NOT NULL PRIMARY KEY, BrandProfileId UNIQUEIDENTIFIER NOT NULL, ToneKeywordId UNIQUEIDENTIFIER NOT NULL,
    CreatedAt DATETIME2 NOT NULL, UpdatedAt DATETIME2 NULL,
    CreatedBy UNIQUEIDENTIFIER NULL, UpdatedBy UNIQUEIDENTIFIER NULL, IsDeleted BIT NOT NULL DEFAULT 0,
    CONSTRAINT FK_BrandProfileKeywords_BrandProfiles FOREIGN KEY (BrandProfileId) REFERENCES dbo.BrandProfiles(Id),
    CONSTRAINT FK_BrandProfileKeywords_ToneKeywords FOREIGN KEY (ToneKeywordId) REFERENCES dbo.ToneKeywords(Id));
2026-07-22 19:30:53.636 +07:00 [INF] Executed DbCommand (10ms) [Parameters=[], CommandType='"Text"', CommandTimeout='30']
IF OBJECT_ID('dbo.BrandProfileKeywords') IS NOT NULL AND NOT EXISTS (SELECT 1 FROM sys.indexes WHERE name = 'IX_BrandProfileKeywords_BrandProfileId_ToneKeywordId')
    CREATE UNIQUE INDEX IX_BrandProfileKeywords_BrandProfileId_ToneKeywordId ON dbo.BrandProfileKeywords(BrandProfileId, ToneKeywordId);
2026-07-22 19:30:53.640 +07:00 [INF] Executed DbCommand (2ms) [Parameters=[], CommandType='"Text"', CommandTimeout='30']
IF OBJECT_ID('dbo.BrandCtas') IS NULL
CREATE TABLE dbo.BrandCtas (
    Id UNIQUEIDENTIFIER NOT NULL PRIMARY KEY, BrandProfileId UNIQUEIDENTIFIER NOT NULL, CtaId UNIQUEIDENTIFIER NOT NULL,
    CreatedAt DATETIME2 NOT NULL, UpdatedAt DATETIME2 NULL,
    CreatedBy UNIQUEIDENTIFIER NULL, UpdatedBy UNIQUEIDENTIFIER NULL, IsDeleted BIT NOT NULL DEFAULT 0,
    CONSTRAINT FK_BrandCtas_BrandProfiles FOREIGN KEY (BrandProfileId) REFERENCES dbo.BrandProfiles(Id),
    CONSTRAINT FK_BrandCtas_CtaTemplates FOREIGN KEY (CtaId) REFERENCES dbo.CtaTemplates(Id));
2026-07-22 19:30:53.653 +07:00 [INF] Executed DbCommand (9ms) [Parameters=[], CommandType='"Text"', CommandTimeout='30']
IF OBJECT_ID('dbo.BrandCtas') IS NOT NULL AND NOT EXISTS (SELECT 1 FROM sys.indexes WHERE name = 'IX_BrandCtas_BrandProfileId_CtaId')
    CREATE UNIQUE INDEX IX_BrandCtas_BrandProfileId_CtaId ON dbo.BrandCtas(BrandProfileId, CtaId);
2026-07-22 19:30:53.658 +07:00 [INF] Executed DbCommand (1ms) [Parameters=[], CommandType='"Text"', CommandTimeout='30']
IF OBJECT_ID('dbo.BrandHashtags') IS NULL
CREATE TABLE dbo.BrandHashtags (
    Id UNIQUEIDENTIFIER NOT NULL PRIMARY KEY, BrandProfileId UNIQUEIDENTIFIER NOT NULL, HashtagId UNIQUEIDENTIFIER NOT NULL,
    CreatedAt DATETIME2 NOT NULL, UpdatedAt DATETIME2 NULL,
    CreatedBy UNIQUEIDENTIFIER NULL, UpdatedBy UNIQUEIDENTIFIER NULL, IsDeleted BIT NOT NULL DEFAULT 0,
    CONSTRAINT FK_BrandHashtags_BrandProfiles FOREIGN KEY (BrandProfileId) REFERENCES dbo.BrandProfiles(Id),
    CONSTRAINT FK_BrandHashtags_Hashtags FOREIGN KEY (HashtagId) REFERENCES dbo.Hashtags(Id));
2026-07-22 19:30:53.671 +07:00 [INF] Executed DbCommand (10ms) [Parameters=[], CommandType='"Text"', CommandTimeout='30']
IF OBJECT_ID('dbo.BrandHashtags') IS NOT NULL AND NOT EXISTS (SELECT 1 FROM sys.indexes WHERE name = 'IX_BrandHashtags_BrandProfileId_HashtagId')
    CREATE UNIQUE INDEX IX_BrandHashtags_BrandProfileId_HashtagId ON dbo.BrandHashtags(BrandProfileId, HashtagId);
2026-07-22 19:30:53.677 +07:00 [INF] Executed DbCommand (2ms) [Parameters=[], CommandType='"Text"', CommandTimeout='30']
IF OBJECT_ID('dbo.BrandColors') IS NULL
CREATE TABLE dbo.BrandColors (
    Id UNIQUEIDENTIFIER NOT NULL PRIMARY KEY, BrandProfileId UNIQUEIDENTIFIER NOT NULL,
    ColorHex NVARCHAR(9) NOT NULL, ColorType NVARCHAR(20) NOT NULL DEFAULT 'Secondary', SortOrder INT NOT NULL DEFAULT 0,
    CreatedAt DATETIME2 NOT NULL, UpdatedAt DATETIME2 NULL,
    CreatedBy UNIQUEIDENTIFIER NULL, UpdatedBy UNIQUEIDENTIFIER NULL, IsDeleted BIT NOT NULL DEFAULT 0,
    CONSTRAINT FK_BrandColors_BrandProfiles FOREIGN KEY (BrandProfileId) REFERENCES dbo.BrandProfiles(Id));
2026-07-22 19:30:53.683 +07:00 [INF] Executed DbCommand (2ms) [Parameters=[], CommandType='"Text"', CommandTimeout='30']
IF OBJECT_ID('dbo.BrandFonts') IS NULL
CREATE TABLE dbo.BrandFonts (
    Id UNIQUEIDENTIFIER NOT NULL PRIMARY KEY, BrandProfileId UNIQUEIDENTIFIER NOT NULL,
    FontName NVARCHAR(100) NOT NULL, UsageType NVARCHAR(20) NOT NULL,
    CreatedAt DATETIME2 NOT NULL, UpdatedAt DATETIME2 NULL,
    CreatedBy UNIQUEIDENTIFIER NULL, UpdatedBy UNIQUEIDENTIFIER NULL, IsDeleted BIT NOT NULL DEFAULT 0,
    CONSTRAINT FK_BrandFonts_BrandProfiles FOREIGN KEY (BrandProfileId) REFERENCES dbo.BrandProfiles(Id));
2026-07-22 19:30:53.690 +07:00 [INF] Executed DbCommand (3ms) [Parameters=[], CommandType='"Text"', CommandTimeout='30']
IF OBJECT_ID('dbo.ProductCategories') IS NULL
CREATE TABLE dbo.ProductCategories (
    Id UNIQUEIDENTIFIER NOT NULL PRIMARY KEY, BrandProfileId UNIQUEIDENTIFIER NOT NULL, CategoryName NVARCHAR(100) NOT NULL,
    CreatedAt DATETIME2 NOT NULL, UpdatedAt DATETIME2 NULL,
    CreatedBy UNIQUEIDENTIFIER NULL, UpdatedBy UNIQUEIDENTIFIER NULL, IsDeleted BIT NOT NULL DEFAULT 0,
    CONSTRAINT FK_ProductCategories_BrandProfiles FOREIGN KEY (BrandProfileId) REFERENCES dbo.BrandProfiles(Id));
2026-07-22 19:30:53.704 +07:00 [INF] Executed DbCommand (10ms) [Parameters=[], CommandType='"Text"', CommandTimeout='30']
IF OBJECT_ID('dbo.ProductCategories') IS NOT NULL AND NOT EXISTS (SELECT 1 FROM sys.indexes WHERE name = 'IX_ProductCategories_BrandProfileId_CategoryName')
    CREATE UNIQUE INDEX IX_ProductCategories_BrandProfileId_CategoryName ON dbo.ProductCategories(BrandProfileId, CategoryName);
2026-07-22 19:30:53.709 +07:00 [INF] Executed DbCommand (2ms) [Parameters=[], CommandType='"Text"', CommandTimeout='30']
IF OBJECT_ID('dbo.Products') IS NULL
CREATE TABLE dbo.Products (
    Id UNIQUEIDENTIFIER NOT NULL PRIMARY KEY, BrandProfileId UNIQUEIDENTIFIER NOT NULL, ProductCategoryId UNIQUEIDENTIFIER NULL,
    ProductName NVARCHAR(200) NOT NULL, Price DECIMAL(18,2) NULL, AiGeneratedDescription NVARCHAR(MAX) NULL,
    CreatedAt DATETIME2 NOT NULL, UpdatedAt DATETIME2 NULL,
    CreatedBy UNIQUEIDENTIFIER NULL, UpdatedBy UNIQUEIDENTIFIER NULL, IsDeleted BIT NOT NULL DEFAULT 0,
    CONSTRAINT FK_Products_BrandProfiles FOREIGN KEY (BrandProfileId) REFERENCES dbo.BrandProfiles(Id),
    CONSTRAINT FK_Products_ProductCategories FOREIGN KEY (ProductCategoryId) REFERENCES dbo.ProductCategories(Id));
2026-07-22 19:30:53.723 +07:00 [INF] Executed DbCommand (10ms) [Parameters=[], CommandType='"Text"', CommandTimeout='30']
IF NOT EXISTS (SELECT 1 FROM sys.foreign_keys WHERE name = 'FK_MediaFiles_Products_ProductId') AND OBJECT_ID('dbo.Products') IS NOT NULL
    ALTER TABLE dbo.MediaFiles ADD CONSTRAINT FK_MediaFiles_Products_ProductId FOREIGN KEY (ProductId) REFERENCES dbo.Products(Id);
2026-07-22 19:30:53.728 +07:00 [INF] Executed DbCommand (2ms) [Parameters=[], CommandType='"Text"', CommandTimeout='30']
IF OBJECT_ID('dbo.CampaignGoals') IS NULL
CREATE TABLE dbo.CampaignGoals (
    Id UNIQUEIDENTIFIER NOT NULL PRIMARY KEY, GoalName NVARCHAR(100) NOT NULL,
    CreatedAt DATETIME2 NOT NULL, UpdatedAt DATETIME2 NULL,
    CreatedBy UNIQUEIDENTIFIER NULL, UpdatedBy UNIQUEIDENTIFIER NULL, IsDeleted BIT NOT NULL DEFAULT 0);
2026-07-22 19:30:53.744 +07:00 [INF] Executed DbCommand (11ms) [Parameters=[], CommandType='"Text"', CommandTimeout='30']
IF OBJECT_ID('dbo.CampaignGoals') IS NOT NULL AND NOT EXISTS (SELECT 1 FROM sys.indexes WHERE name = 'IX_CampaignGoals_GoalName')
    CREATE UNIQUE INDEX IX_CampaignGoals_GoalName ON dbo.CampaignGoals(GoalName);
2026-07-22 19:30:53.750 +07:00 [INF] Executed DbCommand (1ms) [Parameters=[], CommandType='"Text"', CommandTimeout='30']
IF OBJECT_ID('dbo.PromotionTypes') IS NULL
CREATE TABLE dbo.PromotionTypes (
    Id UNIQUEIDENTIFIER NOT NULL PRIMARY KEY, TypeName NVARCHAR(100) NOT NULL,
    CreatedAt DATETIME2 NOT NULL, UpdatedAt DATETIME2 NULL,
    CreatedBy UNIQUEIDENTIFIER NULL, UpdatedBy UNIQUEIDENTIFIER NULL, IsDeleted BIT NOT NULL DEFAULT 0);
2026-07-22 19:30:53.760 +07:00 [INF] Executed DbCommand (7ms) [Parameters=[], CommandType='"Text"', CommandTimeout='30']
IF OBJECT_ID('dbo.PromotionTypes') IS NOT NULL AND NOT EXISTS (SELECT 1 FROM sys.indexes WHERE name = 'IX_PromotionTypes_TypeName')
    CREATE UNIQUE INDEX IX_PromotionTypes_TypeName ON dbo.PromotionTypes(TypeName);
2026-07-22 19:30:53.765 +07:00 [INF] Executed DbCommand (2ms) [Parameters=[], CommandType='"Text"', CommandTimeout='30']
IF OBJECT_ID('dbo.TimelineTemplateTypes') IS NULL
CREATE TABLE dbo.TimelineTemplateTypes (
    Id UNIQUEIDENTIFIER NOT NULL PRIMARY KEY, TypeName NVARCHAR(50) NOT NULL, Description NVARCHAR(300) NULL,
    CreatedAt DATETIME2 NOT NULL, UpdatedAt DATETIME2 NULL,
    CreatedBy UNIQUEIDENTIFIER NULL, UpdatedBy UNIQUEIDENTIFIER NULL, IsDeleted BIT NOT NULL DEFAULT 0);
2026-07-22 19:30:53.778 +07:00 [INF] Executed DbCommand (9ms) [Parameters=[], CommandType='"Text"', CommandTimeout='30']
IF OBJECT_ID('dbo.TimelineTemplateTypes') IS NOT NULL AND NOT EXISTS (SELECT 1 FROM sys.indexes WHERE name = 'IX_TimelineTemplateTypes_TypeName')
    CREATE UNIQUE INDEX IX_TimelineTemplateTypes_TypeName ON dbo.TimelineTemplateTypes(TypeName);
2026-07-22 19:30:53.783 +07:00 [INF] Executed DbCommand (1ms) [Parameters=[], CommandType='"Text"', CommandTimeout='30']
IF OBJECT_ID('dbo.Campaigns') IS NULL
CREATE TABLE dbo.Campaigns (
    Id UNIQUEIDENTIFIER NOT NULL PRIMARY KEY, ProjectId UNIQUEIDENTIFIER NOT NULL, Name NVARCHAR(200) NOT NULL,
    GoalId UNIQUEIDENTIFIER NOT NULL, PromotionTypeId UNIQUEIDENTIFIER NOT NULL,
    DiscountPercent DECIMAL(5,2) NULL, DiscountAmount DECIMAL(18,2) NULL, MinOrderAmount DECIMAL(18,2) NULL,
    StartDate DATE NOT NULL, EndDate DATE NOT NULL, NumberOfPosts INT NOT NULL DEFAULT 1, Status INT NOT NULL,
    CreatedAt DATETIME2 NOT NULL, UpdatedAt DATETIME2 NULL,
    CreatedBy UNIQUEIDENTIFIER NULL, UpdatedBy UNIQUEIDENTIFIER NULL, IsDeleted BIT NOT NULL DEFAULT 0,
    CONSTRAINT FK_Campaigns_Projects FOREIGN KEY (ProjectId) REFERENCES dbo.Projects(Id),
    CONSTRAINT FK_Campaigns_CampaignGoals FOREIGN KEY (GoalId) REFERENCES dbo.CampaignGoals(Id),
    CONSTRAINT FK_Campaigns_PromotionTypes FOREIGN KEY (PromotionTypeId) REFERENCES dbo.PromotionTypes(Id),
    CONSTRAINT CK_Campaigns_Dates CHECK (EndDate >= StartDate),
    CONSTRAINT CK_Campaigns_NumberOfPosts CHECK (NumberOfPosts > 0));
2026-07-22 19:30:53.791 +07:00 [INF] Executed DbCommand (3ms) [Parameters=[], CommandType='"Text"', CommandTimeout='30']
IF OBJECT_ID('dbo.CampaignChannelAccounts') IS NULL
CREATE TABLE dbo.CampaignChannelAccounts (
    Id UNIQUEIDENTIFIER NOT NULL PRIMARY KEY, CampaignId UNIQUEIDENTIFIER NOT NULL, ChannelAccountId UNIQUEIDENTIFIER NOT NULL,
    CreatedAt DATETIME2 NOT NULL, UpdatedAt DATETIME2 NULL,
    CreatedBy UNIQUEIDENTIFIER NULL, UpdatedBy UNIQUEIDENTIFIER NULL, IsDeleted BIT NOT NULL DEFAULT 0,
    CONSTRAINT FK_CampaignChannelAccounts_Campaigns FOREIGN KEY (CampaignId) REFERENCES dbo.Campaigns(Id),
    CONSTRAINT FK_CampaignChannelAccounts_ChannelAccounts FOREIGN KEY (ChannelAccountId) REFERENCES dbo.ChannelAccounts(Id));
2026-07-22 19:30:53.807 +07:00 [INF] Executed DbCommand (11ms) [Parameters=[], CommandType='"Text"', CommandTimeout='30']
IF OBJECT_ID('dbo.CampaignChannelAccounts') IS NOT NULL AND NOT EXISTS (SELECT 1 FROM sys.indexes WHERE name = 'IX_CampaignChannelAccounts_CampaignId_ChannelAccountId')
    CREATE UNIQUE INDEX IX_CampaignChannelAccounts_CampaignId_ChannelAccountId ON dbo.CampaignChannelAccounts(CampaignId, ChannelAccountId);
2026-07-22 19:30:53.817 +07:00 [INF] Executed DbCommand (2ms) [Parameters=[], CommandType='"Text"', CommandTimeout='30']
IF OBJECT_ID('dbo.Timelines') IS NULL
CREATE TABLE dbo.Timelines (
    Id UNIQUEIDENTIFIER NOT NULL PRIMARY KEY, ProjectId UNIQUEIDENTIFIER NOT NULL, CampaignId UNIQUEIDENTIFIER NULL,
    Name NVARCHAR(200) NOT NULL, TemplateTypeId UNIQUEIDENTIFIER NOT NULL,
    StartDate DATE NOT NULL, EndDate DATE NOT NULL, Status INT NOT NULL,
    CreatedAt DATETIME2 NOT NULL, UpdatedAt DATETIME2 NULL,
    CreatedBy UNIQUEIDENTIFIER NULL, UpdatedBy UNIQUEIDENTIFIER NULL, IsDeleted BIT NOT NULL DEFAULT 0,
    CONSTRAINT FK_Timelines_Projects FOREIGN KEY (ProjectId) REFERENCES dbo.Projects(Id),
    CONSTRAINT FK_Timelines_Campaigns FOREIGN KEY (CampaignId) REFERENCES dbo.Campaigns(Id),
    CONSTRAINT FK_Timelines_TimelineTemplateTypes FOREIGN KEY (TemplateTypeId) REFERENCES dbo.TimelineTemplateTypes(Id),
    CONSTRAINT CK_Timelines_Dates CHECK (EndDate >= StartDate));
2026-07-22 19:30:53.833 +07:00 [INF] Executed DbCommand (10ms) [Parameters=[], CommandType='"Text"', CommandTimeout='30']
IF NOT EXISTS (SELECT 1 FROM sys.foreign_keys WHERE name = 'FK_Posts_Timelines_TimelineId') AND OBJECT_ID('dbo.Timelines') IS NOT NULL
    ALTER TABLE dbo.Posts ADD CONSTRAINT FK_Posts_Timelines_TimelineId FOREIGN KEY (TimelineId) REFERENCES dbo.Timelines(Id);
2026-07-22 19:30:53.850 +07:00 [INF] Executed DbCommand (13ms) [Parameters=[], CommandType='"Text"', CommandTimeout='30']
IF NOT EXISTS (SELECT 1 FROM sys.foreign_keys WHERE name = 'FK_Posts_VoiceSampleTemplates_VoiceSampleId') AND OBJECT_ID('dbo.VoiceSampleTemplates') IS NOT NULL
    ALTER TABLE dbo.Posts ADD CONSTRAINT FK_Posts_VoiceSampleTemplates_VoiceSampleId FOREIGN KEY (VoiceSampleId) REFERENCES dbo.VoiceSampleTemplates(Id);
2026-07-22 19:30:53.858 +07:00 [INF] Executed DbCommand (4ms) [Parameters=[], CommandType='"Text"', CommandTimeout='30']
IF OBJECT_ID('dbo.PostHashtags') IS NULL
CREATE TABLE dbo.PostHashtags (
    Id UNIQUEIDENTIFIER NOT NULL PRIMARY KEY, PostId UNIQUEIDENTIFIER NOT NULL, HashtagId UNIQUEIDENTIFIER NOT NULL,
    CreatedAt DATETIME2 NOT NULL, UpdatedAt DATETIME2 NULL,
    CreatedBy UNIQUEIDENTIFIER NULL, UpdatedBy UNIQUEIDENTIFIER NULL, IsDeleted BIT NOT NULL DEFAULT 0,
    CONSTRAINT FK_PostHashtags_Posts FOREIGN KEY (PostId) REFERENCES dbo.Posts(Id),
    CONSTRAINT FK_PostHashtags_Hashtags FOREIGN KEY (HashtagId) REFERENCES dbo.Hashtags(Id));
2026-07-22 19:30:53.871 +07:00 [INF] Executed DbCommand (4ms) [Parameters=[], CommandType='"Text"', CommandTimeout='30']
IF OBJECT_ID('dbo.PostChannelAccounts') IS NULL
CREATE TABLE dbo.PostChannelAccounts (
    Id UNIQUEIDENTIFIER NOT NULL PRIMARY KEY, PostId UNIQUEIDENTIFIER NOT NULL, ChannelAccountId UNIQUEIDENTIFIER NOT NULL,
    Status INT NOT NULL, ExternalPostId NVARCHAR(128) NULL, PublishedUrl NVARCHAR(1000) NULL, PublishedAt DATETIME2 NULL,
    CreatedAt DATETIME2 NOT NULL, UpdatedAt DATETIME2 NULL,
    CreatedBy UNIQUEIDENTIFIER NULL, UpdatedBy UNIQUEIDENTIFIER NULL, IsDeleted BIT NOT NULL DEFAULT 0,
    CONSTRAINT FK_PostChannelAccounts_Posts FOREIGN KEY (PostId) REFERENCES dbo.Posts(Id),
    CONSTRAINT FK_PostChannelAccounts_ChannelAccounts FOREIGN KEY (ChannelAccountId) REFERENCES dbo.ChannelAccounts(Id));
2026-07-22 19:30:53.888 +07:00 [INF] Executed DbCommand (12ms) [Parameters=[], CommandType='"Text"', CommandTimeout='30']
IF OBJECT_ID('dbo.PostChannelAccounts') IS NOT NULL AND NOT EXISTS (SELECT 1 FROM sys.indexes WHERE name = 'IX_PostChannelAccounts_PostId_ChannelAccountId')
    CREATE UNIQUE INDEX IX_PostChannelAccounts_PostId_ChannelAccountId ON dbo.PostChannelAccounts(PostId, ChannelAccountId);
2026-07-22 19:30:53.943 +07:00 [INF] Executed DbCommand (14ms) [Parameters=[], CommandType='"Text"', CommandTimeout='30']
IF NOT EXISTS (SELECT 1 FROM sys.foreign_keys WHERE name = 'FK_PostSchedules_PostChannelAccounts_PostChannelAccountId') AND OBJECT_ID('dbo.PostChannelAccounts') IS NOT NULL
    ALTER TABLE dbo.PostSchedules ADD CONSTRAINT FK_PostSchedules_PostChannelAccounts_PostChannelAccountId FOREIGN KEY (PostChannelAccountId) REFERENCES dbo.PostChannelAccounts(Id);
2026-07-22 19:30:53.956 +07:00 [INF] Executed DbCommand (4ms) [Parameters=[], CommandType='"Text"', CommandTimeout='30']
IF OBJECT_ID('dbo.PostAnalytics') IS NULL
CREATE TABLE dbo.PostAnalytics (
    Id UNIQUEIDENTIFIER NOT NULL PRIMARY KEY, PostChannelAccountId UNIQUEIDENTIFIER NOT NULL,
    Reach INT NOT NULL DEFAULT 0, Likes INT NOT NULL DEFAULT 0, Comments INT NOT NULL DEFAULT 0, Shares INT NOT NULL DEFAULT 0,
    RecordedAt DATETIME2 NOT NULL,
    CreatedAt DATETIME2 NOT NULL, UpdatedAt DATETIME2 NULL,
    CreatedBy UNIQUEIDENTIFIER NULL, UpdatedBy UNIQUEIDENTIFIER NULL, IsDeleted BIT NOT NULL DEFAULT 0,
    CONSTRAINT FK_PostAnalytics_PostChannelAccounts FOREIGN KEY (PostChannelAccountId) REFERENCES dbo.PostChannelAccounts(Id));
2026-07-22 19:30:53.994 +07:00 [INF] Executed DbCommand (18ms) [Parameters=[], CommandType='"Text"', CommandTimeout='30']
IF OBJECT_ID('dbo.PostAnalytics') IS NOT NULL AND NOT EXISTS (SELECT 1 FROM sys.indexes WHERE name = 'IX_PostAnalytics_PostChannelAccountId')
    CREATE UNIQUE INDEX IX_PostAnalytics_PostChannelAccountId ON dbo.PostAnalytics(PostChannelAccountId);
2026-07-22 19:30:54.000 +07:00 [INF] FlowMate EF compatibility layer applied.
2026-07-22 19:30:54.403 +07:00 [INF] Executed DbCommand (7ms) [Parameters=[], CommandType='"Text"', CommandTimeout='30']
SELECT CASE
    WHEN EXISTS (
        SELECT 1
        FROM [Roles] AS [r]
        WHERE [r].[IsDeleted] = CAST(0 AS bit)) THEN CAST(1 AS bit)
    ELSE CAST(0 AS bit)
END
2026-07-22 19:30:54.436 +07:00 [INF] Executed DbCommand (3ms) [Parameters=[], CommandType='"Text"', CommandTimeout='30']
SELECT CASE
    WHEN EXISTS (
        SELECT 1
        FROM [Permissions] AS [p]
        WHERE [p].[IsDeleted] = CAST(0 AS bit)) THEN CAST(1 AS bit)
    ELSE CAST(0 AS bit)
END
2026-07-22 19:30:54.453 +07:00 [INF] Executed DbCommand (3ms) [Parameters=[], CommandType='"Text"', CommandTimeout='30']
SELECT CASE
    WHEN EXISTS (
        SELECT 1
        FROM [RolePermissions] AS [r]
        WHERE [r].[IsDeleted] = CAST(0 AS bit) AND [r].[RoleId] = '33333333-3333-3333-3333-333333333333') THEN CAST(1 AS bit)
    ELSE CAST(0 AS bit)
END
2026-07-22 19:30:54.461 +07:00 [INF] Executed DbCommand (3ms) [Parameters=[], CommandType='"Text"', CommandTimeout='30']
SELECT CASE
    WHEN EXISTS (
        SELECT 1
        FROM [Plans] AS [p]
        WHERE [p].[IsDeleted] = CAST(0 AS bit)) THEN CAST(1 AS bit)
    ELSE CAST(0 AS bit)
END
2026-07-22 19:30:54.469 +07:00 [INF] Executed DbCommand (3ms) [Parameters=[], CommandType='"Text"', CommandTimeout='30']
SELECT CASE
    WHEN EXISTS (
        SELECT 1
        FROM [Channels] AS [c]
        WHERE [c].[IsDeleted] = CAST(0 AS bit)) THEN CAST(1 AS bit)
    ELSE CAST(0 AS bit)
END
2026-07-22 19:30:54.479 +07:00 [INF] Executed DbCommand (3ms) [Parameters=[], CommandType='"Text"', CommandTimeout='30']
SELECT CASE
    WHEN EXISTS (
        SELECT 1
        FROM [BrandStyles] AS [b]
        WHERE [b].[IsDeleted] = CAST(0 AS bit)) THEN CAST(1 AS bit)
    ELSE CAST(0 AS bit)
END
2026-07-22 19:30:54.490 +07:00 [INF] Executed DbCommand (4ms) [Parameters=[], CommandType='"Text"', CommandTimeout='30']
SELECT CASE
    WHEN EXISTS (
        SELECT 1
        FROM [ToneKeywords] AS [t]
        WHERE [t].[IsDeleted] = CAST(0 AS bit)) THEN CAST(1 AS bit)
    ELSE CAST(0 AS bit)
END
2026-07-22 19:30:54.501 +07:00 [INF] Executed DbCommand (3ms) [Parameters=[], CommandType='"Text"', CommandTimeout='30']
SELECT CASE
    WHEN EXISTS (
        SELECT 1
        FROM [VoiceSampleTemplates] AS [v]
        WHERE [v].[IsDeleted] = CAST(0 AS bit)) THEN CAST(1 AS bit)
    ELSE CAST(0 AS bit)
END
2026-07-22 19:30:54.510 +07:00 [INF] Executed DbCommand (4ms) [Parameters=[], CommandType='"Text"', CommandTimeout='30']
SELECT CASE
    WHEN EXISTS (
        SELECT 1
        FROM [CtaTemplates] AS [c]
        WHERE [c].[IsDeleted] = CAST(0 AS bit)) THEN CAST(1 AS bit)
    ELSE CAST(0 AS bit)
END
2026-07-22 19:30:54.520 +07:00 [INF] Executed DbCommand (3ms) [Parameters=[], CommandType='"Text"', CommandTimeout='30']
SELECT CASE
    WHEN EXISTS (
        SELECT 1
        FROM [CampaignGoals] AS [c]
        WHERE [c].[IsDeleted] = CAST(0 AS bit)) THEN CAST(1 AS bit)
    ELSE CAST(0 AS bit)
END
2026-07-22 19:30:54.532 +07:00 [INF] Executed DbCommand (5ms) [Parameters=[], CommandType='"Text"', CommandTimeout='30']
SELECT CASE
    WHEN EXISTS (
        SELECT 1
        FROM [PromotionTypes] AS [p]
        WHERE [p].[IsDeleted] = CAST(0 AS bit)) THEN CAST(1 AS bit)
    ELSE CAST(0 AS bit)
END
2026-07-22 19:30:54.543 +07:00 [INF] Executed DbCommand (3ms) [Parameters=[], CommandType='"Text"', CommandTimeout='30']
SELECT CASE
    WHEN EXISTS (
        SELECT 1
        FROM [TimelineTemplateTypes] AS [t]
        WHERE [t].[IsDeleted] = CAST(0 AS bit)) THEN CAST(1 AS bit)
    ELSE CAST(0 AS bit)
END
2026-07-22 19:30:54.555 +07:00 [INF] Executed DbCommand (4ms) [Parameters=[], CommandType='"Text"', CommandTimeout='30']
SELECT CASE
    WHEN EXISTS (
        SELECT 1
        FROM [Settings] AS [s]
        WHERE [s].[IsDeleted] = CAST(0 AS bit)) THEN CAST(1 AS bit)
    ELSE CAST(0 AS bit)
END
2026-07-22 19:30:54.566 +07:00 [INF] Executed DbCommand (4ms) [Parameters=[], CommandType='"Text"', CommandTimeout='30']
SELECT CASE
    WHEN EXISTS (
        SELECT 1
        FROM [AiPrompts] AS [a]
        WHERE [a].[IsDeleted] = CAST(0 AS bit)) THEN CAST(1 AS bit)
    ELSE CAST(0 AS bit)
END
2026-07-22 19:30:54.578 +07:00 [INF] Executed DbCommand (3ms) [Parameters=[], CommandType='"Text"', CommandTimeout='30']
SELECT CASE
    WHEN EXISTS (
        SELECT 1
        FROM [AiPrompts] AS [a]
        WHERE [a].[IsDeleted] = CAST(0 AS bit) AND [a].[Name] = N'Facebook Fanpage Bán Hàng') THEN CAST(1 AS bit)
    ELSE CAST(0 AS bit)
END
2026-07-22 19:30:54.590 +07:00 [INF] Executed DbCommand (4ms) [Parameters=[], CommandType='"Text"', CommandTimeout='30']
SELECT CASE
    WHEN EXISTS (
        SELECT 1
        FROM [Users] AS [u]
        WHERE [u].[IsDeleted] = CAST(0 AS bit) AND [u].[Email] = N'admin@autowork.com') THEN CAST(1 AS bit)
    ELSE CAST(0 AS bit)
END
2026-07-22 19:30:54.600 +07:00 [INF] Executed DbCommand (3ms) [Parameters=[], CommandType='"Text"', CommandTimeout='30']
SELECT CASE
    WHEN EXISTS (
        SELECT 1
        FROM [Users] AS [u]
        WHERE [u].[IsDeleted] = CAST(0 AS bit) AND [u].[Email] = N'demo@autowork.com') THEN CAST(1 AS bit)
    ELSE CAST(0 AS bit)
END
2026-07-22 19:30:54.610 +07:00 [INF] Executed DbCommand (3ms) [Parameters=[], CommandType='"Text"', CommandTimeout='30']
SELECT CASE
    WHEN EXISTS (
        SELECT 1
        FROM [Projects] AS [p]
        WHERE [p].[IsDeleted] = CAST(0 AS bit) AND [p].[Id] = '13131313-1313-1313-1313-131313131313') THEN CAST(1 AS bit)
    ELSE CAST(0 AS bit)
END
2026-07-22 19:30:54.624 +07:00 [INF] Executed DbCommand (4ms) [Parameters=[], CommandType='"Text"', CommandTimeout='30']
SELECT CASE
    WHEN EXISTS (
        SELECT 1
        FROM [Posts] AS [p]
        WHERE [p].[IsDeleted] = CAST(0 AS bit) AND [p].[ProjectId] = '13131313-1313-1313-1313-131313131313') THEN CAST(1 AS bit)
    ELSE CAST(0 AS bit)
END
2026-07-22 19:30:54.646 +07:00 [INF] Database seed completed successfully.
2026-07-22 19:30:54.858 +07:00 [INF] Start installing Hangfire SQL objects...
2026-07-22 19:30:55.075 +07:00 [INF] Hangfire SQL objects installed.
2026-07-22 19:30:55.471 +07:00 [WRN] The WebRootPath was not found: D:\EXE01\AIMarketingAssistant\src\AutoWork.API\wwwroot. Static files may be unavailable.
2026-07-22 19:30:55.583 +07:00 [INF] Now listening on: https://localhost:7165
2026-07-22 19:30:55.659 +07:00 [INF] Starting Hangfire Server using job storage: 'SQL Server: localhost@FlowMateDB'
2026-07-22 19:30:55.661 +07:00 [INF] Using the following options for SQL Server job storage: Queue poll interval: 00:00:15.
2026-07-22 19:30:55.661 +07:00 [INF] Using the following options for Hangfire Server:
    Worker count: 20
    Listening queues: 'default'
    Shutdown timeout: 00:00:15
    Schedule polling interval: 00:00:15
2026-07-22 19:30:55.682 +07:00 [INF] Application started. Press Ctrl+C to shut down.
2026-07-22 19:30:55.683 +07:00 [INF] Hosting environment: Development
2026-07-22 19:30:55.684 +07:00 [INF] Content root path: D:\EXE01\AIMarketingAssistant\src\AutoWork.API
2026-07-22 19:30:55.701 +07:00 [INF] Server laptop-g044c7b0:34596:e47c858e successfully announced in 19.1351 ms
2026-07-22 19:30:55.708 +07:00 [INF] Server laptop-g044c7b0:34596:e47c858e is starting the registered dispatchers: ServerWatchdog, ServerJobCancellationWatcher, ExpirationManager, CountersAggregator, SqlServerHeartbeatProcess, Worker, DelayedJobScheduler, RecurringJobScheduler...
2026-07-22 19:30:55.816 +07:00 [INF] Server laptop-g044c7b0:34596:e47c858e all the dispatchers started
2026-07-22 19:30:56.789 +07:00 [INF] HTTP GET /api/auth/social/config started
2026-07-22 19:30:57.154 +07:00 [INF] Executed DbCommand (37ms) [Parameters=[@__before_0='?' (DbType = DateTime2)], CommandType='"Text"', CommandTimeout='30']
SELECT [p].[Id], [p].[CreatedAt], [p].[CreatedBy], [p].[ExecutedAt], [p].[FailureReason], [p].[IsDeleted], [p].[PostChannelAccountId], [p].[PostId], [p].[RetryCount], [p].[ScheduledAt], [p].[Status], [p].[UpdatedAt], [p].[UpdatedBy], [t].[Id], [t].[ChannelAccountId], [t].[CreatedAt], [t].[CreatedBy], [t].[DayNumber], [t].[ExternalPostId], [t].[IsDeleted], [t].[ProjectId], [t].[PublishedAt], [t].[PublishedUrl], [t].[ScheduledAt], [t].[Status], [t].[TimelineId], [t].[Title], [t].[TrackingEnabled], [t].[UpdatedAt], [t].[UpdatedBy], [t].[VoiceSampleId], [t0].[Id], [t0].[Content], [t0].[ContentType], [t0].[CreatedAt], [t0].[CreatedBy], [t0].[IsDeleted], [t0].[MediaFileId], [t0].[PostId], [t0].[SortOrder], [t0].[UpdatedAt], [t0].[UpdatedBy]
FROM [PostSchedules] AS [p]
INNER JOIN (
    SELECT [p0].[Id], [p0].[ChannelAccountId], [p0].[CreatedAt], [p0].[CreatedBy], [p0].[DayNumber], [p0].[ExternalPostId], [p0].[IsDeleted], [p0].[ProjectId], [p0].[PublishedAt], [p0].[PublishedUrl], [p0].[ScheduledAt], [p0].[Status], [p0].[TimelineId], [p0].[Title], [p0].[TrackingEnabled], [p0].[UpdatedAt], [p0].[UpdatedBy], [p0].[VoiceSampleId]
    FROM [Posts] AS [p0]
    WHERE [p0].[IsDeleted] = CAST(0 AS bit)
) AS [t] ON [p].[PostId] = [t].[Id]
LEFT JOIN (
    SELECT [p1].[Id], [p1].[Content], [p1].[ContentType], [p1].[CreatedAt], [p1].[CreatedBy], [p1].[IsDeleted], [p1].[MediaFileId], [p1].[PostId], [p1].[SortOrder], [p1].[UpdatedAt], [p1].[UpdatedBy]
    FROM [PostContents] AS [p1]
    WHERE [p1].[IsDeleted] = CAST(0 AS bit)
) AS [t0] ON [t].[Id] = [t0].[PostId]
WHERE [p].[IsDeleted] = CAST(0 AS bit) AND [p].[Status] = 0 AND [p].[ScheduledAt] <= @__before_0
ORDER BY [p].[ScheduledAt], [p].[Id], [t].[Id]
2026-07-22 19:30:57.276 +07:00 [INF] HTTP GET /api/auth/social/config responded 200 in 488.4968ms
2026-07-22 19:30:57.841 +07:00 [INF] Executed DbCommand (8ms) [Parameters=[@p12='?' (DbType = Guid), @p0='?' (DbType = DateTime2), @p1='?' (DbType = Guid), @p2='?' (DbType = DateTime2), @p3='?' (Size = 1000), @p4='?' (DbType = Boolean), @p5='?' (DbType = Guid), @p6='?' (DbType = Guid), @p7='?' (DbType = Int32), @p8='?' (DbType = DateTime2), @p9='?' (DbType = Int32), @p10='?' (DbType = DateTime2), @p11='?' (DbType = Guid)], CommandType='"Text"', CommandTimeout='30']
SET IMPLICIT_TRANSACTIONS OFF;
SET NOCOUNT ON;
UPDATE [PostSchedules] SET [CreatedAt] = @p0, [CreatedBy] = @p1, [ExecutedAt] = @p2, [FailureReason] = @p3, [IsDeleted] = @p4, [PostChannelAccountId] = @p5, [PostId] = @p6, [RetryCount] = @p7, [ScheduledAt] = @p8, [Status] = @p9, [UpdatedAt] = @p10, [UpdatedBy] = @p11
OUTPUT 1
WHERE [Id] = @p12;
2026-07-22 19:30:57.959 +07:00 [INF] Enqueued publish for post "ac37159b-6863-4d82-89cf-5fdf7eabdc7f"
2026-07-22 19:30:58.241 +07:00 [WRN] Compiling a query which loads related collections for more than one collection navigation, either via 'Include' or through projection, but no 'QuerySplittingBehavior' has been configured. By default, Entity Framework will use 'QuerySplittingBehavior.SingleQuery', which can potentially result in slow query performance. See https://go.microsoft.com/fwlink/?linkid=2134277 for more information. To identify the query that's triggering this warning call 'ConfigureWarnings(w => w.Throw(RelationalEventId.MultipleCollectionIncludeWarning))'.
2026-07-22 19:30:58.361 +07:00 [ERR] Failed executing DbCommand (85ms) [Parameters=[@__id_0='?' (DbType = Guid)], CommandType='"Text"', CommandTimeout='30']
SELECT [t2].[Id], [t2].[ChannelAccountId], [t2].[CreatedAt], [t2].[CreatedBy], [t2].[DayNumber], [t2].[ExternalPostId], [t2].[IsDeleted], [t2].[ProjectId], [t2].[PublishedAt], [t2].[PublishedUrl], [t2].[ScheduledAt], [t2].[Status], [t2].[TimelineId], [t2].[Title], [t2].[TrackingEnabled], [t2].[UpdatedAt], [t2].[UpdatedBy], [t2].[VoiceSampleId], [t2].[Id0], [t2].[Id1], [t2].[Id2], [t3].[Id], [t3].[Content], [t3].[ContentType], [t3].[CreatedAt], [t3].[CreatedBy], [t3].[IsDeleted], [t3].[MediaFileId], [t3].[PostId], [t3].[SortOrder], [t3].[UpdatedAt], [t3].[UpdatedBy], [t2].[CreatedAt0], [t2].[CreatedBy0], [t2].[ExecutedAt], [t2].[FailureReason], [t2].[IsDeleted0], [t2].[PostChannelAccountId], [t2].[PostId], [t2].[RetryCount], [t2].[ScheduledAt0], [t2].[Status0], [t2].[UpdatedAt0], [t2].[UpdatedBy0], [t4].[Id], [t4].[Action], [t4].[CreatedAt], [t4].[CreatedBy], [t4].[Details], [t4].[IsDeleted], [t4].[Level], [t4].[Message], [t4].[PostId], [t4].[UpdatedAt], [t4].[UpdatedBy], [t2].[AccessToken], [t2].[AvatarUrl], [t2].[ChannelId], [t2].[CreatedAt1], [t2].[CreatedBy1], [t2].[ExternalId], [t2].[IsActive], [t2].[IsDeleted1], [t2].[LastSyncedAt], [t2].[Name], [t2].[ParentChannelAccountId], [t2].[ProfileUrl], [t2].[ProjectId0], [t2].[RefreshToken], [t2].[Scope], [t2].[TokenExpiresAt], [t2].[UpdatedAt1], [t2].[UpdatedBy1], [t2].[UserId], [t2].[Code], [t2].[CreatedAt2], [t2].[CreatedBy2], [t2].[Description], [t2].[IconUrl], [t2].[IsActive0], [t2].[IsDeleted2], [t2].[Name0], [t2].[SortOrder], [t2].[UpdatedAt2], [t2].[UpdatedBy2], [t5].[Id], [t5].[ChannelAccountId], [t5].[CreatedAt], [t5].[CreatedBy], [t5].[ExternalPostId], [t5].[IsDeleted], [t5].[PostId], [t5].[PublishedAt], [t5].[PublishedUrl], [t5].[Status], [t5].[UpdatedAt], [t5].[UpdatedBy], [t5].[Id0], [t5].[AccessToken], [t5].[AvatarUrl], [t5].[ChannelId], [t5].[CreatedAt0], [t5].[CreatedBy0], [t5].[ExternalId], [t5].[IsActive], [t5].[IsDeleted0], [t5].[LastSyncedAt], [t5].[Name], [t5].[ParentChannelAccountId], [t5].[ProfileUrl], [t5].[ProjectId], [t5].[RefreshToken], [t5].[Scope], [t5].[TokenExpiresAt], [t5].[UpdatedAt0], [t5].[UpdatedBy0], [t5].[UserId], [t5].[Id1], [t5].[Code], [t5].[CreatedAt1], [t5].[CreatedBy1], [t5].[Description], [t5].[IconUrl], [t5].[IsActive0], [t5].[IsDeleted1], [t5].[Name0], [t5].[SortOrder], [t5].[UpdatedAt1], [t5].[UpdatedBy1], [t8].[Id], [t8].[CreatedAt], [t8].[CreatedBy], [t8].[HashtagId], [t8].[IsDeleted], [t8].[PostId], [t8].[UpdatedAt], [t8].[UpdatedBy], [t8].[Id0], [t8].[CreatedAt0], [t8].[CreatedBy0], [t8].[IsDeleted0], [t8].[Tag], [t8].[UpdatedAt0], [t8].[UpdatedBy0]
FROM (
    SELECT TOP(1) [p].[Id], [p].[ChannelAccountId], [p].[CreatedAt], [p].[CreatedBy], [p].[DayNumber], [p].[ExternalPostId], [p].[IsDeleted], [p].[ProjectId], [p].[PublishedAt], [p].[PublishedUrl], [p].[ScheduledAt], [p].[Status], [p].[TimelineId], [p].[Title], [p].[TrackingEnabled], [p].[UpdatedAt], [p].[UpdatedBy], [p].[VoiceSampleId], [t].[Id] AS [Id0], [t].[CreatedAt] AS [CreatedAt0], [t].[CreatedBy] AS [CreatedBy0], [t].[ExecutedAt], [t].[FailureReason], [t].[IsDeleted] AS [IsDeleted0], [t].[PostChannelAccountId], [t].[PostId], [t].[RetryCount], [t].[ScheduledAt] AS [ScheduledAt0], [t].[Status] AS [Status0], [t].[UpdatedAt] AS [UpdatedAt0], [t].[UpdatedBy] AS [UpdatedBy0], [t0].[Id] AS [Id1], [t0].[AccessToken], [t0].[AvatarUrl], [t0].[ChannelId], [t0].[CreatedAt] AS [CreatedAt1], [t0].[CreatedBy] AS [CreatedBy1], [t0].[ExternalId], [t0].[IsActive], [t0].[IsDeleted] AS [IsDeleted1], [t0].[LastSyncedAt], [t0].[Name], [t0].[ParentChannelAccountId], [t0].[ProfileUrl], [t0].[ProjectId] AS [ProjectId0], [t0].[RefreshToken], [t0].[Scope], [t0].[TokenExpiresAt], [t0].[UpdatedAt] AS [UpdatedAt1], [t0].[UpdatedBy] AS [UpdatedBy1], [t0].[UserId], [t1].[Id] AS [Id2], [t1].[Code], [t1].[CreatedAt] AS [CreatedAt2], [t1].[CreatedBy] AS [CreatedBy2], [t1].[Description], [t1].[IconUrl], [t1].[IsActive] AS [IsActive0], [t1].[IsDeleted] AS [IsDeleted2], [t1].[Name] AS [Name0], [t1].[SortOrder], [t1].[UpdatedAt] AS [UpdatedAt2], [t1].[UpdatedBy] AS [UpdatedBy2]
    FROM [Posts] AS [p]
    LEFT JOIN (
        SELECT [p0].[Id], [p0].[CreatedAt], [p0].[CreatedBy], [p0].[ExecutedAt], [p0].[FailureReason], [p0].[IsDeleted], [p0].[PostChannelAccountId], [p0].[PostId], [p0].[RetryCount], [p0].[ScheduledAt], [p0].[Status], [p0].[UpdatedAt], [p0].[UpdatedBy]
        FROM [PostSchedules] AS [p0]
        WHERE [p0].[IsDeleted] = CAST(0 AS bit)
    ) AS [t] ON [p].[Id] = [t].[PostId]
    LEFT JOIN (
        SELECT [c].[Id], [c].[AccessToken], [c].[AvatarUrl], [c].[ChannelId], [c].[CreatedAt], [c].[CreatedBy], [c].[ExternalId], [c].[IsActive], [c].[IsDeleted], [c].[LastSyncedAt], [c].[Name], [c].[ParentChannelAccountId], [c].[ProfileUrl], [c].[ProjectId], [c].[RefreshToken], [c].[Scope], [c].[TokenExpiresAt], [c].[UpdatedAt], [c].[UpdatedBy], [c].[UserId]
        FROM [ChannelAccounts] AS [c]
        WHERE [c].[IsDeleted] = CAST(0 AS bit)
    ) AS [t0] ON [p].[ChannelAccountId] = [t0].[Id]
    LEFT JOIN (
        SELECT [c0].[Id], [c0].[Code], [c0].[CreatedAt], [c0].[CreatedBy], [c0].[Description], [c0].[IconUrl], [c0].[IsActive], [c0].[IsDeleted], [c0].[Name], [c0].[SortOrder], [c0].[UpdatedAt], [c0].[UpdatedBy]
        FROM [Channels] AS [c0]
        WHERE [c0].[IsDeleted] = CAST(0 AS bit)
    ) AS [t1] ON [t0].[ChannelId] = [t1].[Id]
    WHERE [p].[IsDeleted] = CAST(0 AS bit) AND [p].[Id] = @__id_0
) AS [t2]
LEFT JOIN (
    SELECT [p1].[Id], [p1].[Content], [p1].[ContentType], [p1].[CreatedAt], [p1].[CreatedBy], [p1].[IsDeleted], [p1].[MediaFileId], [p1].[PostId], [p1].[SortOrder], [p1].[UpdatedAt], [p1].[UpdatedBy]
    FROM [PostContents] AS [p1]
    WHERE [p1].[IsDeleted] = CAST(0 AS bit)
) AS [t3] ON [t2].[Id] = [t3].[PostId]
LEFT JOIN (
    SELECT [p2].[Id], [p2].[Action], [p2].[CreatedAt], [p2].[CreatedBy], [p2].[Details], [p2].[IsDeleted], [p2].[Level], [p2].[Message], [p2].[PostId], [p2].[UpdatedAt], [p2].[UpdatedBy]
    FROM [PostLogs] AS [p2]
    WHERE [p2].[IsDeleted] = CAST(0 AS bit)
) AS [t4] ON [t2].[Id] = [t4].[PostId]
LEFT JOIN (
    SELECT [p3].[Id], [p3].[ChannelAccountId], [p3].[CreatedAt], [p3].[CreatedBy], [p3].[ExternalPostId], [p3].[IsDeleted], [p3].[PostId], [p3].[PublishedAt], [p3].[PublishedUrl], [p3].[Status], [p3].[UpdatedAt], [p3].[UpdatedBy], [t6].[Id] AS [Id0], [t6].[AccessToken], [t6].[AvatarUrl], [t6].[ChannelId], [t6].[CreatedAt] AS [CreatedAt0], [t6].[CreatedBy] AS [CreatedBy0], [t6].[ExternalId], [t6].[IsActive], [t6].[IsDeleted] AS [IsDeleted0], [t6].[LastSyncedAt], [t6].[Name], [t6].[ParentChannelAccountId], [t6].[ProfileUrl], [t6].[ProjectId], [t6].[RefreshToken], [t6].[Scope], [t6].[TokenExpiresAt], [t6].[UpdatedAt] AS [UpdatedAt0], [t6].[UpdatedBy] AS [UpdatedBy0], [t6].[UserId], [t7].[Id] AS [Id1], [t7].[Code], [t7].[CreatedAt] AS [CreatedAt1], [t7].[CreatedBy] AS [CreatedBy1], [t7].[Description], [t7].[IconUrl], [t7].[IsActive] AS [IsActive0], [t7].[IsDeleted] AS [IsDeleted1], [t7].[Name] AS [Name0], [t7].[SortOrder], [t7].[UpdatedAt] AS [UpdatedAt1], [t7].[UpdatedBy] AS [UpdatedBy1]
    FROM [PostChannelAccounts] AS [p3]
    INNER JOIN (
        SELECT [c1].[Id], [c1].[AccessToken], [c1].[AvatarUrl], [c1].[ChannelId], [c1].[CreatedAt], [c1].[CreatedBy], [c1].[ExternalId], [c1].[IsActive], [c1].[IsDeleted], [c1].[LastSyncedAt], [c1].[Name], [c1].[ParentChannelAccountId], [c1].[ProfileUrl], [c1].[ProjectId], [c1].[RefreshToken], [c1].[Scope], [c1].[TokenExpiresAt], [c1].[UpdatedAt], [c1].[UpdatedBy], [c1].[UserId]
        FROM [ChannelAccounts] AS [c1]
        WHERE [c1].[IsDeleted] = CAST(0 AS bit)
    ) AS [t6] ON [p3].[ChannelAccountId] = [t6].[Id]
    INNER JOIN (
        SELECT [c2].[Id], [c2].[Code], [c2].[CreatedAt], [c2].[CreatedBy], [c2].[Description], [c2].[IconUrl], [c2].[IsActive], [c2].[IsDeleted], [c2].[Name], [c2].[SortOrder], [c2].[UpdatedAt], [c2].[UpdatedBy]
        FROM [Channels] AS [c2]
        WHERE [c2].[IsDeleted] = CAST(0 AS bit)
    ) AS [t7] ON [t6].[ChannelId] = [t7].[Id]
    WHERE [p3].[IsDeleted] = CAST(0 AS bit)
) AS [t5] ON [t2].[Id] = [t5].[PostId]
LEFT JOIN (
    SELECT [p4].[Id], [p4].[CreatedAt], [p4].[CreatedBy], [p4].[HashtagId], [p4].[IsDeleted], [p4].[PostId], [p4].[UpdatedAt], [p4].[UpdatedBy], [t9].[Id] AS [Id0], [t9].[CreatedAt] AS [CreatedAt0], [t9].[CreatedBy] AS [CreatedBy0], [t9].[IsDeleted] AS [IsDeleted0], [t9].[Tag], [t9].[UpdatedAt] AS [UpdatedAt0], [t9].[UpdatedBy] AS [UpdatedBy0]
    FROM [PostHashtags] AS [p4]
    INNER JOIN (
        SELECT [h].[Id], [h].[CreatedAt], [h].[CreatedBy], [h].[IsDeleted], [h].[Tag], [h].[UpdatedAt], [h].[UpdatedBy]
        FROM [Hashtags] AS [h]
        WHERE [h].[IsDeleted] = CAST(0 AS bit)
    ) AS [t9] ON [p4].[HashtagId] = [t9].[Id]
    WHERE [p4].[IsDeleted] = CAST(0 AS bit)
) AS [t8] ON [t2].[Id] = [t8].[PostId]
ORDER BY [t2].[Id], [t2].[Id0], [t2].[Id1], [t2].[Id2], [t3].[Id], [t4].[Id], [t5].[Id], [t5].[Id0], [t5].[Id1], [t8].[Id]
2026-07-22 19:30:58.495 +07:00 [ERR] An exception occurred while iterating over the results of a query for context type 'AutoWork.Persistence.Context.ApplicationDbContext'.
Microsoft.Data.SqlClient.SqlException (0x80131904): Invalid column name 'IsDeleted'.
Invalid column name 'Id'.
Invalid column name 'CreatedAt'.
Invalid column name 'CreatedBy'.
Invalid column name 'IsDeleted'.
Invalid column name 'UpdatedAt'.
Invalid column name 'UpdatedBy'.
   at Microsoft.Data.SqlClient.SqlCommand.<>c.<ExecuteDbDataReaderAsync>b__211_0(Task`1 result)
   at System.Threading.Tasks.ContinuationResultTaskFromResultTask`2.InnerInvoke()
   at System.Threading.ExecutionContext.RunInternal(ExecutionContext executionContext, ContextCallback callback, Object state)
--- End of stack trace from previous location ---
   at System.Threading.ExecutionContext.RunInternal(ExecutionContext executionContext, ContextCallback callback, Object state)
   at System.Threading.Tasks.Task.ExecuteWithThreadLocal(Task& currentTaskSlot, Thread threadPoolThread)
--- End of stack trace from previous location ---
   at Microsoft.EntityFrameworkCore.Storage.RelationalCommand.ExecuteReaderAsync(RelationalCommandParameterObject parameterObject, CancellationToken cancellationToken)
   at Microsoft.EntityFrameworkCore.Storage.RelationalCommand.ExecuteReaderAsync(RelationalCommandParameterObject parameterObject, CancellationToken cancellationToken)
   at Microsoft.EntityFrameworkCore.Query.Internal.SingleQueryingEnumerable`1.AsyncEnumerator.InitializeReaderAsync(AsyncEnumerator enumerator, CancellationToken cancellationToken)
   at Microsoft.EntityFrameworkCore.Storage.ExecutionStrategy.<>c__DisplayClass30_0`2.<<ExecuteAsync>b__0>d.MoveNext()
--- End of stack trace from previous location ---
   at Microsoft.EntityFrameworkCore.Storage.ExecutionStrategy.ExecuteImplementationAsync[TState,TResult](Func`4 operation, Func`4 verifySucceeded, TState state, CancellationToken cancellationToken)
   at Microsoft.EntityFrameworkCore.Storage.ExecutionStrategy.ExecuteImplementationAsync[TState,TResult](Func`4 operation, Func`4 verifySucceeded, TState state, CancellationToken cancellationToken)
   at Microsoft.EntityFrameworkCore.Storage.ExecutionStrategy.ExecuteAsync[TState,TResult](TState state, Func`4 operation, Func`4 verifySucceeded, CancellationToken cancellationToken)
   at Microsoft.EntityFrameworkCore.Query.Internal.SingleQueryingEnumerable`1.AsyncEnumerator.MoveNextAsync()
ClientConnectionId:d900793b-c45e-4474-8a7a-9ceb2cb44bff
Error Number:207,State:1,Class:16
Microsoft.Data.SqlClient.SqlException (0x80131904): Invalid column name 'IsDeleted'.
Invalid column name 'Id'.
Invalid column name 'CreatedAt'.
Invalid column name 'CreatedBy'.
Invalid column name 'IsDeleted'.
Invalid column name 'UpdatedAt'.
Invalid column name 'UpdatedBy'.
   at Microsoft.Data.SqlClient.SqlCommand.<>c.<ExecuteDbDataReaderAsync>b__211_0(Task`1 result)
   at System.Threading.Tasks.ContinuationResultTaskFromResultTask`2.InnerInvoke()
   at System.Threading.ExecutionContext.RunInternal(ExecutionContext executionContext, ContextCallback callback, Object state)
--- End of stack trace from previous location ---
   at System.Threading.ExecutionContext.RunInternal(ExecutionContext executionContext, ContextCallback callback, Object state)
   at System.Threading.Tasks.Task.ExecuteWithThreadLocal(Task& currentTaskSlot, Thread threadPoolThread)
--- End of stack trace from previous location ---
   at Microsoft.EntityFrameworkCore.Storage.RelationalCommand.ExecuteReaderAsync(RelationalCommandParameterObject parameterObject, CancellationToken cancellationToken)
   at Microsoft.EntityFrameworkCore.Storage.RelationalCommand.ExecuteReaderAsync(RelationalCommandParameterObject parameterObject, CancellationToken cancellationToken)
   at Microsoft.EntityFrameworkCore.Query.Internal.SingleQueryingEnumerable`1.AsyncEnumerator.InitializeReaderAsync(AsyncEnumerator enumerator, CancellationToken cancellationToken)
   at Microsoft.EntityFrameworkCore.Storage.ExecutionStrategy.<>c__DisplayClass30_0`2.<<ExecuteAsync>b__0>d.MoveNext()
--- End of stack trace from previous location ---
   at Microsoft.EntityFrameworkCore.Storage.ExecutionStrategy.ExecuteImplementationAsync[TState,TResult](Func`4 operation, Func`4 verifySucceeded, TState state, CancellationToken cancellationToken)
   at Microsoft.EntityFrameworkCore.Storage.ExecutionStrategy.ExecuteImplementationAsync[TState,TResult](Func`4 operation, Func`4 verifySucceeded, TState state, CancellationToken cancellationToken)
   at Microsoft.EntityFrameworkCore.Storage.ExecutionStrategy.ExecuteAsync[TState,TResult](TState state, Func`4 operation, Func`4 verifySucceeded, CancellationToken cancellationToken)
   at Microsoft.EntityFrameworkCore.Query.Internal.SingleQueryingEnumerable`1.AsyncEnumerator.MoveNextAsync()
ClientConnectionId:d900793b-c45e-4474-8a7a-9ceb2cb44bff
Error Number:207,State:1,Class:16
2026-07-22 19:30:58.672 +07:00 [WRN] Failed to process the job '190': an exception occurred. Retry attempt 1 of 10 will be performed in 00:00:19.
Microsoft.Data.SqlClient.SqlException (0x80131904): Invalid column name 'IsDeleted'.
Invalid column name 'Id'.
Invalid column name 'CreatedAt'.
Invalid column name 'CreatedBy'.
Invalid column name 'IsDeleted'.
Invalid column name 'UpdatedAt'.
Invalid column name 'UpdatedBy'.
   at Microsoft.Data.SqlClient.SqlCommand.<>c.<ExecuteDbDataReaderAsync>b__211_0(Task`1 result)
   at System.Threading.Tasks.ContinuationResultTaskFromResultTask`2.InnerInvoke()
   at System.Threading.ExecutionContext.RunInternal(ExecutionContext executionContext, ContextCallback callback, Object state)
--- End of stack trace from previous location ---
   at System.Threading.ExecutionContext.RunInternal(ExecutionContext executionContext, ContextCallback callback, Object state)
   at System.Threading.Tasks.Task.ExecuteWithThreadLocal(Task& currentTaskSlot, Thread threadPoolThread)
--- End of stack trace from previous location ---
   at Microsoft.EntityFrameworkCore.Storage.RelationalCommand.ExecuteReaderAsync(RelationalCommandParameterObject parameterObject, CancellationToken cancellationToken)
   at Microsoft.EntityFrameworkCore.Storage.RelationalCommand.ExecuteReaderAsync(RelationalCommandParameterObject parameterObject, CancellationToken cancellationToken)
   at Microsoft.EntityFrameworkCore.Query.Internal.SingleQueryingEnumerable`1.AsyncEnumerator.InitializeReaderAsync(AsyncEnumerator enumerator, CancellationToken cancellationToken)
   at Microsoft.EntityFrameworkCore.Storage.ExecutionStrategy.<>c__DisplayClass30_0`2.<<ExecuteAsync>b__0>d.MoveNext()
--- End of stack trace from previous location ---
   at Microsoft.EntityFrameworkCore.Storage.ExecutionStrategy.ExecuteImplementationAsync[TState,TResult](Func`4 operation, Func`4 verifySucceeded, TState state, CancellationToken cancellationToken)
   at Microsoft.EntityFrameworkCore.Storage.ExecutionStrategy.ExecuteImplementationAsync[TState,TResult](Func`4 operation, Func`4 verifySucceeded, TState state, CancellationToken cancellationToken)
   at Microsoft.EntityFrameworkCore.Storage.ExecutionStrategy.ExecuteAsync[TState,TResult](TState state, Func`4 operation, Func`4 verifySucceeded, CancellationToken cancellationToken)
   at Microsoft.EntityFrameworkCore.Query.Internal.SingleQueryingEnumerable`1.AsyncEnumerator.MoveNextAsync()
   at Microsoft.EntityFrameworkCore.Query.ShapedQueryCompilingExpressionVisitor.SingleOrDefaultAsync[TSource](IAsyncEnumerable`1 asyncEnumerable, CancellationToken cancellationToken)
   at Microsoft.EntityFrameworkCore.Query.ShapedQueryCompilingExpressionVisitor.SingleOrDefaultAsync[TSource](IAsyncEnumerable`1 asyncEnumerable, CancellationToken cancellationToken)
   at AutoWork.Persistence.Repositories.PostRepository.GetByIdWithDetailsAsync(Guid id, CancellationToken cancellationToken) in D:\EXE01\AIMarketingAssistant\src\AutoWork.Persistence\Repositories\PostRepository.cs:line 16
   at AutoWork.Infrastructure.Jobs.PublishPostJob.ExecuteAsync(Guid postId, CancellationToken cancellationToken) in D:\EXE01\AIMarketingAssistant\src\AutoWork.Infrastructure\Jobs\PublishPostJob.cs:line 26
   at InvokeStub_TaskAwaiter.GetResult(Object, Object, IntPtr*)
   at System.Reflection.MethodBaseInvoker.InvokeWithNoArgs(Object obj, BindingFlags invokeAttr)
ClientConnectionId:d900793b-c45e-4474-8a7a-9ceb2cb44bff
Error Number:207,State:1,Class:16
2026-07-22 19:31:11.383 +07:00 [INF] Executed DbCommand (2ms) [Parameters=[@__before_0='?' (DbType = DateTime2)], CommandType='"Text"', CommandTimeout='30']
SELECT [p].[Id], [p].[CreatedAt], [p].[CreatedBy], [p].[ExecutedAt], [p].[FailureReason], [p].[IsDeleted], [p].[PostChannelAccountId], [p].[PostId], [p].[RetryCount], [p].[ScheduledAt], [p].[Status], [p].[UpdatedAt], [p].[UpdatedBy], [t].[Id], [t].[ChannelAccountId], [t].[CreatedAt], [t].[CreatedBy], [t].[DayNumber], [t].[ExternalPostId], [t].[IsDeleted], [t].[ProjectId], [t].[PublishedAt], [t].[PublishedUrl], [t].[ScheduledAt], [t].[Status], [t].[TimelineId], [t].[Title], [t].[TrackingEnabled], [t].[UpdatedAt], [t].[UpdatedBy], [t].[VoiceSampleId], [t0].[Id], [t0].[Content], [t0].[ContentType], [t0].[CreatedAt], [t0].[CreatedBy], [t0].[IsDeleted], [t0].[MediaFileId], [t0].[PostId], [t0].[SortOrder], [t0].[UpdatedAt], [t0].[UpdatedBy]
FROM [PostSchedules] AS [p]
INNER JOIN (
    SELECT [p0].[Id], [p0].[ChannelAccountId], [p0].[CreatedAt], [p0].[CreatedBy], [p0].[DayNumber], [p0].[ExternalPostId], [p0].[IsDeleted], [p0].[ProjectId], [p0].[PublishedAt], [p0].[PublishedUrl], [p0].[ScheduledAt], [p0].[Status], [p0].[TimelineId], [p0].[Title], [p0].[TrackingEnabled], [p0].[UpdatedAt], [p0].[UpdatedBy], [p0].[VoiceSampleId]
    FROM [Posts] AS [p0]
    WHERE [p0].[IsDeleted] = CAST(0 AS bit)
) AS [t] ON [p].[PostId] = [t].[Id]
LEFT JOIN (
    SELECT [p1].[Id], [p1].[Content], [p1].[ContentType], [p1].[CreatedAt], [p1].[CreatedBy], [p1].[IsDeleted], [p1].[MediaFileId], [p1].[PostId], [p1].[SortOrder], [p1].[UpdatedAt], [p1].[UpdatedBy]
    FROM [PostContents] AS [p1]
    WHERE [p1].[IsDeleted] = CAST(0 AS bit)
) AS [t0] ON [t].[Id] = [t0].[PostId]
WHERE [p].[IsDeleted] = CAST(0 AS bit) AND [p].[Status] = 0 AND [p].[ScheduledAt] <= @__before_0
ORDER BY [p].[ScheduledAt], [p].[Id], [t].[Id]
2026-07-22 19:31:20.926 +07:00 [INF] HTTP POST /api/auth/login started
2026-07-22 19:31:21.042 +07:00 [INF] Handling LoginCommand {"Request":{"Email":"nguyenhoangviet531@gmail.com","Password":"qwe12345","$type":"LoginRequest"},"$type":"LoginCommand"}
2026-07-22 19:31:21.103 +07:00 [INF] Executed DbCommand (5ms) [Parameters=[@__email_0='?' (Size = 256)], CommandType='"Text"', CommandTimeout='30']
SELECT TOP(1) [u].[Id], [u].[AvatarUrl], [u].[CreatedAt], [u].[CreatedBy], [u].[Email], [u].[FacebookId], [u].[FirstName], [u].[GoogleId], [u].[IsActive], [u].[IsDeleted], [u].[LastLoginAt], [u].[LastName], [u].[PasswordHash], [u].[Phone], [u].[ReferralCode], [u].[ReferredByUserId], [u].[UpdatedAt], [u].[UpdatedBy]
FROM [Users] AS [u]
WHERE [u].[IsDeleted] = CAST(0 AS bit) AND [u].[Email] = @__email_0
2026-07-22 19:31:21.357 +07:00 [ERR] Error handling LoginCommand after 305ms
AutoWork.Application.Common.Exceptions.UnauthorizedException: Invalid email or password.
   at AutoWork.Application.Features.Auth.Commands.LoginCommandHandler.Handle(LoginCommand command, CancellationToken cancellationToken) in D:\EXE01\AIMarketingAssistant\src\AutoWork.Application\Features\Auth\Commands\LoginCommandHandler.cs:line 29
   at AutoWork.Application.Common.Behaviors.ValidationBehavior`2.Handle(TRequest request, RequestHandlerDelegate`1 next, CancellationToken cancellationToken) in D:\EXE01\AIMarketingAssistant\src\AutoWork.Application\Common\Behaviors\ValidationBehavior.cs:line 40
   at AutoWork.Application.Common.Behaviors.LoggingBehavior`2.Handle(TRequest request, RequestHandlerDelegate`1 next, CancellationToken cancellationToken) in D:\EXE01\AIMarketingAssistant\src\AutoWork.Application\Common\Behaviors\LoggingBehavior.cs:line 29
2026-07-22 19:31:21.743 +07:00 [INF] HTTP POST /api/auth/login responded 401 in 817.7523ms
2026-07-22 19:31:26.055 +07:00 [ERR] Failed executing DbCommand (91ms) [Parameters=[@__id_0='?' (DbType = Guid)], CommandType='"Text"', CommandTimeout='30']
SELECT [t2].[Id], [t2].[ChannelAccountId], [t2].[CreatedAt], [t2].[CreatedBy], [t2].[DayNumber], [t2].[ExternalPostId], [t2].[IsDeleted], [t2].[ProjectId], [t2].[PublishedAt], [t2].[PublishedUrl], [t2].[ScheduledAt], [t2].[Status], [t2].[TimelineId], [t2].[Title], [t2].[TrackingEnabled], [t2].[UpdatedAt], [t2].[UpdatedBy], [t2].[VoiceSampleId], [t2].[Id0], [t2].[Id1], [t2].[Id2], [t3].[Id], [t3].[Content], [t3].[ContentType], [t3].[CreatedAt], [t3].[CreatedBy], [t3].[IsDeleted], [t3].[MediaFileId], [t3].[PostId], [t3].[SortOrder], [t3].[UpdatedAt], [t3].[UpdatedBy], [t2].[CreatedAt0], [t2].[CreatedBy0], [t2].[ExecutedAt], [t2].[FailureReason], [t2].[IsDeleted0], [t2].[PostChannelAccountId], [t2].[PostId], [t2].[RetryCount], [t2].[ScheduledAt0], [t2].[Status0], [t2].[UpdatedAt0], [t2].[UpdatedBy0], [t4].[Id], [t4].[Action], [t4].[CreatedAt], [t4].[CreatedBy], [t4].[Details], [t4].[IsDeleted], [t4].[Level], [t4].[Message], [t4].[PostId], [t4].[UpdatedAt], [t4].[UpdatedBy], [t2].[AccessToken], [t2].[AvatarUrl], [t2].[ChannelId], [t2].[CreatedAt1], [t2].[CreatedBy1], [t2].[ExternalId], [t2].[IsActive], [t2].[IsDeleted1], [t2].[LastSyncedAt], [t2].[Name], [t2].[ParentChannelAccountId], [t2].[ProfileUrl], [t2].[ProjectId0], [t2].[RefreshToken], [t2].[Scope], [t2].[TokenExpiresAt], [t2].[UpdatedAt1], [t2].[UpdatedBy1], [t2].[UserId], [t2].[Code], [t2].[CreatedAt2], [t2].[CreatedBy2], [t2].[Description], [t2].[IconUrl], [t2].[IsActive0], [t2].[IsDeleted2], [t2].[Name0], [t2].[SortOrder], [t2].[UpdatedAt2], [t2].[UpdatedBy2], [t5].[Id], [t5].[ChannelAccountId], [t5].[CreatedAt], [t5].[CreatedBy], [t5].[ExternalPostId], [t5].[IsDeleted], [t5].[PostId], [t5].[PublishedAt], [t5].[PublishedUrl], [t5].[Status], [t5].[UpdatedAt], [t5].[UpdatedBy], [t5].[Id0], [t5].[AccessToken], [t5].[AvatarUrl], [t5].[ChannelId], [t5].[CreatedAt0], [t5].[CreatedBy0], [t5].[ExternalId], [t5].[IsActive], [t5].[IsDeleted0], [t5].[LastSyncedAt], [t5].[Name], [t5].[ParentChannelAccountId], [t5].[ProfileUrl], [t5].[ProjectId], [t5].[RefreshToken], [t5].[Scope], [t5].[TokenExpiresAt], [t5].[UpdatedAt0], [t5].[UpdatedBy0], [t5].[UserId], [t5].[Id1], [t5].[Code], [t5].[CreatedAt1], [t5].[CreatedBy1], [t5].[Description], [t5].[IconUrl], [t5].[IsActive0], [t5].[IsDeleted1], [t5].[Name0], [t5].[SortOrder], [t5].[UpdatedAt1], [t5].[UpdatedBy1], [t8].[Id], [t8].[CreatedAt], [t8].[CreatedBy], [t8].[HashtagId], [t8].[IsDeleted], [t8].[PostId], [t8].[UpdatedAt], [t8].[UpdatedBy], [t8].[Id0], [t8].[CreatedAt0], [t8].[CreatedBy0], [t8].[IsDeleted0], [t8].[Tag], [t8].[UpdatedAt0], [t8].[UpdatedBy0]
FROM (
    SELECT TOP(1) [p].[Id], [p].[ChannelAccountId], [p].[CreatedAt], [p].[CreatedBy], [p].[DayNumber], [p].[ExternalPostId], [p].[IsDeleted], [p].[ProjectId], [p].[PublishedAt], [p].[PublishedUrl], [p].[ScheduledAt], [p].[Status], [p].[TimelineId], [p].[Title], [p].[TrackingEnabled], [p].[UpdatedAt], [p].[UpdatedBy], [p].[VoiceSampleId], [t].[Id] AS [Id0], [t].[CreatedAt] AS [CreatedAt0], [t].[CreatedBy] AS [CreatedBy0], [t].[ExecutedAt], [t].[FailureReason], [t].[IsDeleted] AS [IsDeleted0], [t].[PostChannelAccountId], [t].[PostId], [t].[RetryCount], [t].[ScheduledAt] AS [ScheduledAt0], [t].[Status] AS [Status0], [t].[UpdatedAt] AS [UpdatedAt0], [t].[UpdatedBy] AS [UpdatedBy0], [t0].[Id] AS [Id1], [t0].[AccessToken], [t0].[AvatarUrl], [t0].[ChannelId], [t0].[CreatedAt] AS [CreatedAt1], [t0].[CreatedBy] AS [CreatedBy1], [t0].[ExternalId], [t0].[IsActive], [t0].[IsDeleted] AS [IsDeleted1], [t0].[LastSyncedAt], [t0].[Name], [t0].[ParentChannelAccountId], [t0].[ProfileUrl], [t0].[ProjectId] AS [ProjectId0], [t0].[RefreshToken], [t0].[Scope], [t0].[TokenExpiresAt], [t0].[UpdatedAt] AS [UpdatedAt1], [t0].[UpdatedBy] AS [UpdatedBy1], [t0].[UserId], [t1].[Id] AS [Id2], [t1].[Code], [t1].[CreatedAt] AS [CreatedAt2], [t1].[CreatedBy] AS [CreatedBy2], [t1].[Description], [t1].[IconUrl], [t1].[IsActive] AS [IsActive0], [t1].[IsDeleted] AS [IsDeleted2], [t1].[Name] AS [Name0], [t1].[SortOrder], [t1].[UpdatedAt] AS [UpdatedAt2], [t1].[UpdatedBy] AS [UpdatedBy2]
    FROM [Posts] AS [p]
    LEFT JOIN (
        SELECT [p0].[Id], [p0].[CreatedAt], [p0].[CreatedBy], [p0].[ExecutedAt], [p0].[FailureReason], [p0].[IsDeleted], [p0].[PostChannelAccountId], [p0].[PostId], [p0].[RetryCount], [p0].[ScheduledAt], [p0].[Status], [p0].[UpdatedAt], [p0].[UpdatedBy]
        FROM [PostSchedules] AS [p0]
        WHERE [p0].[IsDeleted] = CAST(0 AS bit)
    ) AS [t] ON [p].[Id] = [t].[PostId]
    LEFT JOIN (
        SELECT [c].[Id], [c].[AccessToken], [c].[AvatarUrl], [c].[ChannelId], [c].[CreatedAt], [c].[CreatedBy], [c].[ExternalId], [c].[IsActive], [c].[IsDeleted], [c].[LastSyncedAt], [c].[Name], [c].[ParentChannelAccountId], [c].[ProfileUrl], [c].[ProjectId], [c].[RefreshToken], [c].[Scope], [c].[TokenExpiresAt], [c].[UpdatedAt], [c].[UpdatedBy], [c].[UserId]
        FROM [ChannelAccounts] AS [c]
        WHERE [c].[IsDeleted] = CAST(0 AS bit)
    ) AS [t0] ON [p].[ChannelAccountId] = [t0].[Id]
    LEFT JOIN (
        SELECT [c0].[Id], [c0].[Code], [c0].[CreatedAt], [c0].[CreatedBy], [c0].[Description], [c0].[IconUrl], [c0].[IsActive], [c0].[IsDeleted], [c0].[Name], [c0].[SortOrder], [c0].[UpdatedAt], [c0].[UpdatedBy]
        FROM [Channels] AS [c0]
        WHERE [c0].[IsDeleted] = CAST(0 AS bit)
    ) AS [t1] ON [t0].[ChannelId] = [t1].[Id]
    WHERE [p].[IsDeleted] = CAST(0 AS bit) AND [p].[Id] = @__id_0
) AS [t2]
LEFT JOIN (
    SELECT [p1].[Id], [p1].[Content], [p1].[ContentType], [p1].[CreatedAt], [p1].[CreatedBy], [p1].[IsDeleted], [p1].[MediaFileId], [p1].[PostId], [p1].[SortOrder], [p1].[UpdatedAt], [p1].[UpdatedBy]
    FROM [PostContents] AS [p1]
    WHERE [p1].[IsDeleted] = CAST(0 AS bit)
) AS [t3] ON [t2].[Id] = [t3].[PostId]
LEFT JOIN (
    SELECT [p2].[Id], [p2].[Action], [p2].[CreatedAt], [p2].[CreatedBy], [p2].[Details], [p2].[IsDeleted], [p2].[Level], [p2].[Message], [p2].[PostId], [p2].[UpdatedAt], [p2].[UpdatedBy]
    FROM [PostLogs] AS [p2]
    WHERE [p2].[IsDeleted] = CAST(0 AS bit)
) AS [t4] ON [t2].[Id] = [t4].[PostId]
LEFT JOIN (
    SELECT [p3].[Id], [p3].[ChannelAccountId], [p3].[CreatedAt], [p3].[CreatedBy], [p3].[ExternalPostId], [p3].[IsDeleted], [p3].[PostId], [p3].[PublishedAt], [p3].[PublishedUrl], [p3].[Status], [p3].[UpdatedAt], [p3].[UpdatedBy], [t6].[Id] AS [Id0], [t6].[AccessToken], [t6].[AvatarUrl], [t6].[ChannelId], [t6].[CreatedAt] AS [CreatedAt0], [t6].[CreatedBy] AS [CreatedBy0], [t6].[ExternalId], [t6].[IsActive], [t6].[IsDeleted] AS [IsDeleted0], [t6].[LastSyncedAt], [t6].[Name], [t6].[ParentChannelAccountId], [t6].[ProfileUrl], [t6].[ProjectId], [t6].[RefreshToken], [t6].[Scope], [t6].[TokenExpiresAt], [t6].[UpdatedAt] AS [UpdatedAt0], [t6].[UpdatedBy] AS [UpdatedBy0], [t6].[UserId], [t7].[Id] AS [Id1], [t7].[Code], [t7].[CreatedAt] AS [CreatedAt1], [t7].[CreatedBy] AS [CreatedBy1], [t7].[Description], [t7].[IconUrl], [t7].[IsActive] AS [IsActive0], [t7].[IsDeleted] AS [IsDeleted1], [t7].[Name] AS [Name0], [t7].[SortOrder], [t7].[UpdatedAt] AS [UpdatedAt1], [t7].[UpdatedBy] AS [UpdatedBy1]
    FROM [PostChannelAccounts] AS [p3]
    INNER JOIN (
        SELECT [c1].[Id], [c1].[AccessToken], [c1].[AvatarUrl], [c1].[ChannelId], [c1].[CreatedAt], [c1].[CreatedBy], [c1].[ExternalId], [c1].[IsActive], [c1].[IsDeleted], [c1].[LastSyncedAt], [c1].[Name], [c1].[ParentChannelAccountId], [c1].[ProfileUrl], [c1].[ProjectId], [c1].[RefreshToken], [c1].[Scope], [c1].[TokenExpiresAt], [c1].[UpdatedAt], [c1].[UpdatedBy], [c1].[UserId]
        FROM [ChannelAccounts] AS [c1]
        WHERE [c1].[IsDeleted] = CAST(0 AS bit)
    ) AS [t6] ON [p3].[ChannelAccountId] = [t6].[Id]
    INNER JOIN (
        SELECT [c2].[Id], [c2].[Code], [c2].[CreatedAt], [c2].[CreatedBy], [c2].[Description], [c2].[IconUrl], [c2].[IsActive], [c2].[IsDeleted], [c2].[Name], [c2].[SortOrder], [c2].[UpdatedAt], [c2].[UpdatedBy]
        FROM [Channels] AS [c2]
        WHERE [c2].[IsDeleted] = CAST(0 AS bit)
    ) AS [t7] ON [t6].[ChannelId] = [t7].[Id]
    WHERE [p3].[IsDeleted] = CAST(0 AS bit)
) AS [t5] ON [t2].[Id] = [t5].[PostId]
LEFT JOIN (
    SELECT [p4].[Id], [p4].[CreatedAt], [p4].[CreatedBy], [p4].[HashtagId], [p4].[IsDeleted], [p4].[PostId], [p4].[UpdatedAt], [p4].[UpdatedBy], [t9].[Id] AS [Id0], [t9].[CreatedAt] AS [CreatedAt0], [t9].[CreatedBy] AS [CreatedBy0], [t9].[IsDeleted] AS [IsDeleted0], [t9].[Tag], [t9].[UpdatedAt] AS [UpdatedAt0], [t9].[UpdatedBy] AS [UpdatedBy0]
    FROM [PostHashtags] AS [p4]
    INNER JOIN (
        SELECT [h].[Id], [h].[CreatedAt], [h].[CreatedBy], [h].[IsDeleted], [h].[Tag], [h].[UpdatedAt], [h].[UpdatedBy]
        FROM [Hashtags] AS [h]
        WHERE [h].[IsDeleted] = CAST(0 AS bit)
    ) AS [t9] ON [p4].[HashtagId] = [t9].[Id]
    WHERE [p4].[IsDeleted] = CAST(0 AS bit)
) AS [t8] ON [t2].[Id] = [t8].[PostId]
ORDER BY [t2].[Id], [t2].[Id0], [t2].[Id1], [t2].[Id2], [t3].[Id], [t4].[Id], [t5].[Id], [t5].[Id0], [t5].[Id1], [t8].[Id]
2026-07-22 19:31:26.154 +07:00 [ERR] An exception occurred while iterating over the results of a query for context type 'AutoWork.Persistence.Context.ApplicationDbContext'.
Microsoft.Data.SqlClient.SqlException (0x80131904): Invalid column name 'IsDeleted'.
Invalid column name 'Id'.
Invalid column name 'CreatedAt'.
Invalid column name 'CreatedBy'.
Invalid column name 'IsDeleted'.
Invalid column name 'UpdatedAt'.
Invalid column name 'UpdatedBy'.
   at Microsoft.Data.SqlClient.SqlCommand.<>c.<ExecuteDbDataReaderAsync>b__211_0(Task`1 result)
   at System.Threading.Tasks.ContinuationResultTaskFromResultTask`2.InnerInvoke()
   at System.Threading.ExecutionContext.RunInternal(ExecutionContext executionContext, ContextCallback callback, Object state)
--- End of stack trace from previous location ---
   at System.Threading.ExecutionContext.RunInternal(ExecutionContext executionContext, ContextCallback callback, Object state)
   at System.Threading.Tasks.Task.ExecuteWithThreadLocal(Task& currentTaskSlot, Thread threadPoolThread)
--- End of stack trace from previous location ---
   at Microsoft.EntityFrameworkCore.Storage.RelationalCommand.ExecuteReaderAsync(RelationalCommandParameterObject parameterObject, CancellationToken cancellationToken)
   at Microsoft.EntityFrameworkCore.Storage.RelationalCommand.ExecuteReaderAsync(RelationalCommandParameterObject parameterObject, CancellationToken cancellationToken)
   at Microsoft.EntityFrameworkCore.Query.Internal.SingleQueryingEnumerable`1.AsyncEnumerator.InitializeReaderAsync(AsyncEnumerator enumerator, CancellationToken cancellationToken)
   at Microsoft.EntityFrameworkCore.Storage.ExecutionStrategy.<>c__DisplayClass30_0`2.<<ExecuteAsync>b__0>d.MoveNext()
--- End of stack trace from previous location ---
   at Microsoft.EntityFrameworkCore.Storage.ExecutionStrategy.ExecuteImplementationAsync[TState,TResult](Func`4 operation, Func`4 verifySucceeded, TState state, CancellationToken cancellationToken)
   at Microsoft.EntityFrameworkCore.Storage.ExecutionStrategy.ExecuteImplementationAsync[TState,TResult](Func`4 operation, Func`4 verifySucceeded, TState state, CancellationToken cancellationToken)
   at Microsoft.EntityFrameworkCore.Storage.ExecutionStrategy.ExecuteAsync[TState,TResult](TState state, Func`4 operation, Func`4 verifySucceeded, CancellationToken cancellationToken)
   at Microsoft.EntityFrameworkCore.Query.Internal.SingleQueryingEnumerable`1.AsyncEnumerator.MoveNextAsync()
ClientConnectionId:d900793b-c45e-4474-8a7a-9ceb2cb44bff
Error Number:207,State:1,Class:16
Microsoft.Data.SqlClient.SqlException (0x80131904): Invalid column name 'IsDeleted'.
Invalid column name 'Id'.
Invalid column name 'CreatedAt'.
Invalid column name 'CreatedBy'.
Invalid column name 'IsDeleted'.
Invalid column name 'UpdatedAt'.
Invalid column name 'UpdatedBy'.
   at Microsoft.Data.SqlClient.SqlCommand.<>c.<ExecuteDbDataReaderAsync>b__211_0(Task`1 result)
   at System.Threading.Tasks.ContinuationResultTaskFromResultTask`2.InnerInvoke()
   at System.Threading.ExecutionContext.RunInternal(ExecutionContext executionContext, ContextCallback callback, Object state)
--- End of stack trace from previous location ---
   at System.Threading.ExecutionContext.RunInternal(ExecutionContext executionContext, ContextCallback callback, Object state)
   at System.Threading.Tasks.Task.ExecuteWithThreadLocal(Task& currentTaskSlot, Thread threadPoolThread)
--- End of stack trace from previous location ---
   at Microsoft.EntityFrameworkCore.Storage.RelationalCommand.ExecuteReaderAsync(RelationalCommandParameterObject parameterObject, CancellationToken cancellationToken)
   at Microsoft.EntityFrameworkCore.Storage.RelationalCommand.ExecuteReaderAsync(RelationalCommandParameterObject parameterObject, CancellationToken cancellationToken)
   at Microsoft.EntityFrameworkCore.Query.Internal.SingleQueryingEnumerable`1.AsyncEnumerator.InitializeReaderAsync(AsyncEnumerator enumerator, CancellationToken cancellationToken)
   at Microsoft.EntityFrameworkCore.Storage.ExecutionStrategy.<>c__DisplayClass30_0`2.<<ExecuteAsync>b__0>d.MoveNext()
--- End of stack trace from previous location ---
   at Microsoft.EntityFrameworkCore.Storage.ExecutionStrategy.ExecuteImplementationAsync[TState,TResult](Func`4 operation, Func`4 verifySucceeded, TState state, CancellationToken cancellationToken)
   at Microsoft.EntityFrameworkCore.Storage.ExecutionStrategy.ExecuteImplementationAsync[TState,TResult](Func`4 operation, Func`4 verifySucceeded, TState state, CancellationToken cancellationToken)
   at Microsoft.EntityFrameworkCore.Storage.ExecutionStrategy.ExecuteAsync[TState,TResult](TState state, Func`4 operation, Func`4 verifySucceeded, CancellationToken cancellationToken)
   at Microsoft.EntityFrameworkCore.Query.Internal.SingleQueryingEnumerable`1.AsyncEnumerator.MoveNextAsync()
ClientConnectionId:d900793b-c45e-4474-8a7a-9ceb2cb44bff
Error Number:207,State:1,Class:16
2026-07-22 19:31:26.327 +07:00 [WRN] Failed to process the job '190': an exception occurred. Retry attempt 2 of 10 will be performed in 00:01:00.
Microsoft.Data.SqlClient.SqlException (0x80131904): Invalid column name 'IsDeleted'.
Invalid column name 'Id'.
Invalid column name 'CreatedAt'.
Invalid column name 'CreatedBy'.
Invalid column name 'IsDeleted'.
Invalid column name 'UpdatedAt'.
Invalid column name 'UpdatedBy'.
   at Microsoft.Data.SqlClient.SqlCommand.<>c.<ExecuteDbDataReaderAsync>b__211_0(Task`1 result)
   at System.Threading.Tasks.ContinuationResultTaskFromResultTask`2.InnerInvoke()
   at System.Threading.ExecutionContext.RunInternal(ExecutionContext executionContext, ContextCallback callback, Object state)
--- End of stack trace from previous location ---
   at System.Threading.ExecutionContext.RunInternal(ExecutionContext executionContext, ContextCallback callback, Object state)
   at System.Threading.Tasks.Task.ExecuteWithThreadLocal(Task& currentTaskSlot, Thread threadPoolThread)
--- End of stack trace from previous location ---
   at Microsoft.EntityFrameworkCore.Storage.RelationalCommand.ExecuteReaderAsync(RelationalCommandParameterObject parameterObject, CancellationToken cancellationToken)
   at Microsoft.EntityFrameworkCore.Storage.RelationalCommand.ExecuteReaderAsync(RelationalCommandParameterObject parameterObject, CancellationToken cancellationToken)
   at Microsoft.EntityFrameworkCore.Query.Internal.SingleQueryingEnumerable`1.AsyncEnumerator.InitializeReaderAsync(AsyncEnumerator enumerator, CancellationToken cancellationToken)
   at Microsoft.EntityFrameworkCore.Storage.ExecutionStrategy.<>c__DisplayClass30_0`2.<<ExecuteAsync>b__0>d.MoveNext()
--- End of stack trace from previous location ---
   at Microsoft.EntityFrameworkCore.Storage.ExecutionStrategy.ExecuteImplementationAsync[TState,TResult](Func`4 operation, Func`4 verifySucceeded, TState state, CancellationToken cancellationToken)
   at Microsoft.EntityFrameworkCore.Storage.ExecutionStrategy.ExecuteImplementationAsync[TState,TResult](Func`4 operation, Func`4 verifySucceeded, TState state, CancellationToken cancellationToken)
   at Microsoft.EntityFrameworkCore.Storage.ExecutionStrategy.ExecuteAsync[TState,TResult](TState state, Func`4 operation, Func`4 verifySucceeded, CancellationToken cancellationToken)
   at Microsoft.EntityFrameworkCore.Query.Internal.SingleQueryingEnumerable`1.AsyncEnumerator.MoveNextAsync()
   at Microsoft.EntityFrameworkCore.Query.ShapedQueryCompilingExpressionVisitor.SingleOrDefaultAsync[TSource](IAsyncEnumerable`1 asyncEnumerable, CancellationToken cancellationToken)
   at Microsoft.EntityFrameworkCore.Query.ShapedQueryCompilingExpressionVisitor.SingleOrDefaultAsync[TSource](IAsyncEnumerable`1 asyncEnumerable, CancellationToken cancellationToken)
   at AutoWork.Persistence.Repositories.PostRepository.GetByIdWithDetailsAsync(Guid id, CancellationToken cancellationToken) in D:\EXE01\AIMarketingAssistant\src\AutoWork.Persistence\Repositories\PostRepository.cs:line 16
   at AutoWork.Infrastructure.Jobs.PublishPostJob.ExecuteAsync(Guid postId, CancellationToken cancellationToken) in D:\EXE01\AIMarketingAssistant\src\AutoWork.Infrastructure\Jobs\PublishPostJob.cs:line 26
   at InvokeStub_TaskAwaiter.GetResult(Object, Object, IntPtr*)
   at System.Reflection.MethodBaseInvoker.InvokeWithNoArgs(Object obj, BindingFlags invokeAttr)
ClientConnectionId:d900793b-c45e-4474-8a7a-9ceb2cb44bff
Error Number:207,State:1,Class:16
2026-07-22 19:31:27.651 +07:00 [INF] HTTP POST /api/auth/login started
2026-07-22 19:31:27.671 +07:00 [INF] Handling LoginCommand {"Request":{"Email":"nguyenhoangviet531@gmail.com","Password":"qwer12345","$type":"LoginRequest"},"$type":"LoginCommand"}
2026-07-22 19:31:27.684 +07:00 [INF] Executed DbCommand (2ms) [Parameters=[@__email_0='?' (Size = 256)], CommandType='"Text"', CommandTimeout='30']
SELECT TOP(1) [u].[Id], [u].[AvatarUrl], [u].[CreatedAt], [u].[CreatedBy], [u].[Email], [u].[FacebookId], [u].[FirstName], [u].[GoogleId], [u].[IsActive], [u].[IsDeleted], [u].[LastLoginAt], [u].[LastName], [u].[PasswordHash], [u].[Phone], [u].[ReferralCode], [u].[ReferredByUserId], [u].[UpdatedAt], [u].[UpdatedBy]
FROM [Users] AS [u]
WHERE [u].[IsDeleted] = CAST(0 AS bit) AND [u].[Email] = @__email_0
2026-07-22 19:31:27.775 +07:00 [ERR] Error handling LoginCommand after 97ms
AutoWork.Application.Common.Exceptions.UnauthorizedException: Invalid email or password.
   at AutoWork.Application.Features.Auth.Commands.LoginCommandHandler.Handle(LoginCommand command, CancellationToken cancellationToken) in D:\EXE01\AIMarketingAssistant\src\AutoWork.Application\Features\Auth\Commands\LoginCommandHandler.cs:line 29
   at AutoWork.Application.Common.Behaviors.ValidationBehavior`2.Handle(TRequest request, RequestHandlerDelegate`1 next, CancellationToken cancellationToken) in D:\EXE01\AIMarketingAssistant\src\AutoWork.Application\Common\Behaviors\ValidationBehavior.cs:line 40
   at AutoWork.Application.Common.Behaviors.LoggingBehavior`2.Handle(TRequest request, RequestHandlerDelegate`1 next, CancellationToken cancellationToken) in D:\EXE01\AIMarketingAssistant\src\AutoWork.Application\Common\Behaviors\LoggingBehavior.cs:line 29
2026-07-22 19:31:28.073 +07:00 [INF] HTTP POST /api/auth/login responded 401 in 421.7055ms
2026-07-22 19:31:46.333 +07:00 [INF] HTTP POST /api/auth/login started
2026-07-22 19:31:46.339 +07:00 [INF] Handling LoginCommand {"Request":{"Email":"nguyenhoangviet531@gmail.com","Password":"Qwer12345","$type":"LoginRequest"},"$type":"LoginCommand"}
2026-07-22 19:31:46.384 +07:00 [INF] Executed DbCommand (2ms) [Parameters=[@__email_0='?' (Size = 256)], CommandType='"Text"', CommandTimeout='30']
SELECT TOP(1) [u].[Id], [u].[AvatarUrl], [u].[CreatedAt], [u].[CreatedBy], [u].[Email], [u].[FacebookId], [u].[FirstName], [u].[GoogleId], [u].[IsActive], [u].[IsDeleted], [u].[LastLoginAt], [u].[LastName], [u].[PasswordHash], [u].[Phone], [u].[ReferralCode], [u].[ReferredByUserId], [u].[UpdatedAt], [u].[UpdatedBy]
FROM [Users] AS [u]
WHERE [u].[IsDeleted] = CAST(0 AS bit) AND [u].[Email] = @__email_0
2026-07-22 19:31:46.477 +07:00 [ERR] Error handling LoginCommand after 128ms
AutoWork.Application.Common.Exceptions.UnauthorizedException: Invalid email or password.
   at AutoWork.Application.Features.Auth.Commands.LoginCommandHandler.Handle(LoginCommand command, CancellationToken cancellationToken) in D:\EXE01\AIMarketingAssistant\src\AutoWork.Application\Features\Auth\Commands\LoginCommandHandler.cs:line 29
   at AutoWork.Application.Common.Behaviors.ValidationBehavior`2.Handle(TRequest request, RequestHandlerDelegate`1 next, CancellationToken cancellationToken) in D:\EXE01\AIMarketingAssistant\src\AutoWork.Application\Common\Behaviors\ValidationBehavior.cs:line 40
   at AutoWork.Application.Common.Behaviors.LoggingBehavior`2.Handle(TRequest request, RequestHandlerDelegate`1 next, CancellationToken cancellationToken) in D:\EXE01\AIMarketingAssistant\src\AutoWork.Application\Common\Behaviors\LoggingBehavior.cs:line 29
2026-07-22 19:31:46.781 +07:00 [INF] HTTP POST /api/auth/login responded 401 in 447.8265ms
2026-07-22 19:31:51.951 +07:00 [INF] HTTP POST /api/auth/login started
2026-07-22 19:31:51.954 +07:00 [INF] Handling LoginCommand {"Request":{"Email":"nguyenhoangviet531@gmail.com","Password":"Qwe12345","$type":"LoginRequest"},"$type":"LoginCommand"}
2026-07-22 19:31:51.964 +07:00 [INF] Executed DbCommand (2ms) [Parameters=[@__email_0='?' (Size = 256)], CommandType='"Text"', CommandTimeout='30']
SELECT TOP(1) [u].[Id], [u].[AvatarUrl], [u].[CreatedAt], [u].[CreatedBy], [u].[Email], [u].[FacebookId], [u].[FirstName], [u].[GoogleId], [u].[IsActive], [u].[IsDeleted], [u].[LastLoginAt], [u].[LastName], [u].[PasswordHash], [u].[Phone], [u].[ReferralCode], [u].[ReferredByUserId], [u].[UpdatedAt], [u].[UpdatedBy]
FROM [Users] AS [u]
WHERE [u].[IsDeleted] = CAST(0 AS bit) AND [u].[Email] = @__email_0
2026-07-22 19:31:52.022 +07:00 [INF] Executed DbCommand (11ms) [Parameters=[@__id_0='?' (DbType = Guid)], CommandType='"Text"', CommandTimeout='30']
SELECT [t].[Id], [t].[AvatarUrl], [t].[CreatedAt], [t].[CreatedBy], [t].[Email], [t].[FacebookId], [t].[FirstName], [t].[GoogleId], [t].[IsActive], [t].[IsDeleted], [t].[LastLoginAt], [t].[LastName], [t].[PasswordHash], [t].[Phone], [t].[ReferralCode], [t].[ReferredByUserId], [t].[UpdatedAt], [t].[UpdatedBy], [t0].[Id], [t0].[CreatedAt], [t0].[CreatedBy], [t0].[IsDeleted], [t0].[RoleId], [t0].[UpdatedAt], [t0].[UpdatedBy], [t0].[UserId], [t0].[Id0], [t0].[CreatedAt0], [t0].[CreatedBy0], [t0].[Description], [t0].[IsDeleted0], [t0].[IsSystem], [t0].[Name], [t0].[UpdatedAt0], [t0].[UpdatedBy0]
FROM (
    SELECT TOP(1) [u].[Id], [u].[AvatarUrl], [u].[CreatedAt], [u].[CreatedBy], [u].[Email], [u].[FacebookId], [u].[FirstName], [u].[GoogleId], [u].[IsActive], [u].[IsDeleted], [u].[LastLoginAt], [u].[LastName], [u].[PasswordHash], [u].[Phone], [u].[ReferralCode], [u].[ReferredByUserId], [u].[UpdatedAt], [u].[UpdatedBy]
    FROM [Users] AS [u]
    WHERE [u].[IsDeleted] = CAST(0 AS bit) AND [u].[Id] = @__id_0
) AS [t]
LEFT JOIN (
    SELECT [u0].[Id], [u0].[CreatedAt], [u0].[CreatedBy], [u0].[IsDeleted], [u0].[RoleId], [u0].[UpdatedAt], [u0].[UpdatedBy], [u0].[UserId], [t1].[Id] AS [Id0], [t1].[CreatedAt] AS [CreatedAt0], [t1].[CreatedBy] AS [CreatedBy0], [t1].[Description], [t1].[IsDeleted] AS [IsDeleted0], [t1].[IsSystem], [t1].[Name], [t1].[UpdatedAt] AS [UpdatedAt0], [t1].[UpdatedBy] AS [UpdatedBy0]
    FROM [UserRoles] AS [u0]
    INNER JOIN (
        SELECT [r].[Id], [r].[CreatedAt], [r].[CreatedBy], [r].[Description], [r].[IsDeleted], [r].[IsSystem], [r].[Name], [r].[UpdatedAt], [r].[UpdatedBy]
        FROM [Roles] AS [r]
        WHERE [r].[IsDeleted] = CAST(0 AS bit)
    ) AS [t1] ON [u0].[RoleId] = [t1].[Id]
    WHERE [u0].[IsDeleted] = CAST(0 AS bit)
) AS [t0] ON [t].[Id] = [t0].[UserId]
ORDER BY [t].[Id], [t0].[Id]
2026-07-22 19:31:52.269 +07:00 [INF] Executed DbCommand (18ms) [Parameters=[@p0='?' (DbType = Guid), @p1='?' (DbType = DateTime2), @p2='?' (DbType = Guid), @p3='?' (Size = 4000), @p4='?' (DbType = DateTime2), @p5='?' (DbType = Boolean), @p6='?' (Size = 512), @p7='?' (DbType = DateTime2), @p8='?' (Size = 512), @p9='?' (DbType = DateTime2), @p10='?' (DbType = Guid), @p11='?' (DbType = Guid), @p29='?' (DbType = Guid), @p12='?' (Size = 500), @p13='?' (DbType = DateTime2), @p14='?' (DbType = Guid), @p15='?' (Size = 256), @p16='?' (Size = 128), @p17='?' (Size = 100), @p18='?' (Size = 128), @p19='?' (DbType = Boolean), @p20='?' (DbType = Boolean), @p21='?' (DbType = DateTime2), @p22='?' (Size = 100), @p23='?' (Size = 512), @p24='?' (Size = 20), @p25='?' (Size = 32), @p26='?' (DbType = Guid), @p27='?' (DbType = DateTime2), @p28='?' (DbType = Guid)], CommandType='"Text"', CommandTimeout='30']
SET NOCOUNT ON;
INSERT INTO [RefreshTokens] ([Id], [CreatedAt], [CreatedBy], [CreatedByIp], [ExpiresAt], [IsRevoked], [ReplacedByToken], [RevokedAt], [Token], [UpdatedAt], [UpdatedBy], [UserId])
OUTPUT INSERTED.[IsDeleted]
VALUES (@p0, @p1, @p2, @p3, @p4, @p5, @p6, @p7, @p8, @p9, @p10, @p11);
UPDATE [Users] SET [AvatarUrl] = @p12, [CreatedAt] = @p13, [CreatedBy] = @p14, [Email] = @p15, [FacebookId] = @p16, [FirstName] = @p17, [GoogleId] = @p18, [IsActive] = @p19, [IsDeleted] = @p20, [LastLoginAt] = @p21, [LastName] = @p22, [PasswordHash] = @p23, [Phone] = @p24, [ReferralCode] = @p25, [ReferredByUserId] = @p26, [UpdatedAt] = @p27, [UpdatedBy] = @p28
OUTPUT 1
WHERE [Id] = @p29;
2026-07-22 19:31:52.307 +07:00 [INF] Handled LoginCommand in 347ms
2026-07-22 19:31:52.335 +07:00 [INF] HTTP POST /api/auth/login responded 200 in 383.7427ms
2026-07-22 19:31:54.084 +07:00 [INF] HTTP GET /api/dashboard/stats started
2026-07-22 19:31:54.230 +07:00 [INF] Handling GetDashboardStatsQuery {"$type":"GetDashboardStatsQuery"}
2026-07-22 19:31:54.600 +07:00 [DBG] The Lucky Penny license key details: AutoMapper.Licensing.License
2026-07-22 19:31:54.604 +07:00 [INF] You have a valid license key for the Lucky Penny software "Bundle" "Community" edition. The license expires on "2027-06-18T00:00:00.0000000+00:00".
2026-07-22 19:31:54.680 +07:00 [INF] Executed DbCommand (10ms) [Parameters=[@__userId_0='?' (DbType = Guid)], CommandType='"Text"', CommandTimeout='30']
SELECT [p].[Id], [p].[ChannelAccountId], [p].[CreatedAt], [p].[CreatedBy], [p].[DayNumber], [p].[ExternalPostId], [p].[IsDeleted], [p].[ProjectId], [p].[PublishedAt], [p].[PublishedUrl], [p].[ScheduledAt], [p].[Status], [p].[TimelineId], [p].[Title], [p].[TrackingEnabled], [p].[UpdatedAt], [p].[UpdatedBy], [p].[VoiceSampleId], [t].[Id], [t].[CreatedAt], [t].[CreatedBy], [t].[Description], [t].[IsActive], [t].[IsDeleted], [t].[LogoUrl], [t].[Name], [t].[UpdatedAt], [t].[UpdatedBy], [t].[UserId]
FROM [Posts] AS [p]
INNER JOIN (
    SELECT [p0].[Id], [p0].[CreatedAt], [p0].[CreatedBy], [p0].[Description], [p0].[IsActive], [p0].[IsDeleted], [p0].[LogoUrl], [p0].[Name], [p0].[UpdatedAt], [p0].[UpdatedBy], [p0].[UserId]
    FROM [Projects] AS [p0]
    WHERE [p0].[IsDeleted] = CAST(0 AS bit)
) AS [t] ON [p].[ProjectId] = [t].[Id]
WHERE [p].[IsDeleted] = CAST(0 AS bit) AND [t].[UserId] = @__userId_0
ORDER BY [p].[CreatedAt] DESC
2026-07-22 19:31:54.771 +07:00 [INF] Executed DbCommand (7ms) [Parameters=[@__userId_0='?' (DbType = Guid), @__today_1='?' (DbType = DateTime2), @__tomorrow_2='?' (DbType = DateTime2)], CommandType='"Text"', CommandTimeout='30']
SELECT COUNT(*)
FROM [Posts] AS [p]
INNER JOIN (
    SELECT [p0].[Id], [p0].[UserId]
    FROM [Projects] AS [p0]
    WHERE [p0].[IsDeleted] = CAST(0 AS bit)
) AS [t] ON [p].[ProjectId] = [t].[Id]
WHERE [p].[IsDeleted] = CAST(0 AS bit) AND [t].[UserId] = @__userId_0 AND [p].[Status] = 3 AND [p].[PublishedAt] >= @__today_1 AND [p].[PublishedAt] < @__tomorrow_2
2026-07-22 19:31:54.789 +07:00 [INF] Executed DbCommand (5ms) [Parameters=[@__userId_0='?' (DbType = Guid)], CommandType='"Text"', CommandTimeout='30']
SELECT COUNT(*)
FROM [AiGeneratedContents] AS [a]
WHERE [a].[IsDeleted] = CAST(0 AS bit) AND [a].[UserId] = @__userId_0
2026-07-22 19:31:54.835 +07:00 [INF] Executed DbCommand (12ms) [Parameters=[@__userId_0='?' (DbType = Guid)], CommandType='"Text"', CommandTimeout='30']
SELECT [t].[Id], [t].[Balance], [t].[CreatedAt], [t].[CreatedBy], [t].[IsDeleted], [t].[TotalEarned], [t].[TotalUsed], [t].[UpdatedAt], [t].[UpdatedBy], [t].[UserId], [t0].[Id], [t0].[Amount], [t0].[BalanceAfter], [t0].[CreatedAt], [t0].[CreatedBy], [t0].[CreditId], [t0].[Description], [t0].[IsDeleted], [t0].[ReferenceId], [t0].[ReferenceType], [t0].[Type], [t0].[UpdatedAt], [t0].[UpdatedBy], [t0].[UserId]
FROM (
    SELECT TOP(1) [c].[Id], [c].[Balance], [c].[CreatedAt], [c].[CreatedBy], [c].[IsDeleted], [c].[TotalEarned], [c].[TotalUsed], [c].[UpdatedAt], [c].[UpdatedBy], [c].[UserId]
    FROM [Credits] AS [c]
    WHERE [c].[IsDeleted] = CAST(0 AS bit) AND [c].[UserId] = @__userId_0
) AS [t]
LEFT JOIN (
    SELECT [c0].[Id], [c0].[Amount], [c0].[BalanceAfter], [c0].[CreatedAt], [c0].[CreatedBy], [c0].[CreditId], [c0].[Description], [c0].[IsDeleted], [c0].[ReferenceId], [c0].[ReferenceType], [c0].[Type], [c0].[UpdatedAt], [c0].[UpdatedBy], [c0].[UserId]
    FROM [CreditTransactions] AS [c0]
    WHERE [c0].[IsDeleted] = CAST(0 AS bit)
) AS [t0] ON [t].[Id] = [t0].[CreditId]
ORDER BY [t].[Id]
2026-07-22 19:31:54.896 +07:00 [INF] Executed DbCommand (4ms) [Parameters=[@__userId_0='?' (DbType = Guid)], CommandType='"Text"', CommandTimeout='30']
SELECT COUNT(*)
FROM [Projects] AS [p]
WHERE [p].[IsDeleted] = CAST(0 AS bit) AND [p].[UserId] = @__userId_0
2026-07-22 19:31:54.946 +07:00 [INF] Executed DbCommand (10ms) [Parameters=[@__p_1='?' (DbType = Int32), @__userId_0='?' (DbType = Guid)], CommandType='"Text"', CommandTimeout='30']
SELECT TOP(@__p_1) [p].[Id], [p].[CreatedAt], [p].[CreatedBy], [p].[ExecutedAt], [p].[FailureReason], [p].[IsDeleted], [p].[PostChannelAccountId], [p].[PostId], [p].[RetryCount], [p].[ScheduledAt], [p].[Status], [p].[UpdatedAt], [p].[UpdatedBy], [t].[Id], [t].[ChannelAccountId], [t].[CreatedAt], [t].[CreatedBy], [t].[DayNumber], [t].[ExternalPostId], [t].[IsDeleted], [t].[ProjectId], [t].[PublishedAt], [t].[PublishedUrl], [t].[ScheduledAt], [t].[Status], [t].[TimelineId], [t].[Title], [t].[TrackingEnabled], [t].[UpdatedAt], [t].[UpdatedBy], [t].[VoiceSampleId], [t0].[Id], [t0].[CreatedAt], [t0].[CreatedBy], [t0].[Description], [t0].[IsActive], [t0].[IsDeleted], [t0].[LogoUrl], [t0].[Name], [t0].[UpdatedAt], [t0].[UpdatedBy], [t0].[UserId]
FROM [PostSchedules] AS [p]
INNER JOIN (
    SELECT [p0].[Id], [p0].[ChannelAccountId], [p0].[CreatedAt], [p0].[CreatedBy], [p0].[DayNumber], [p0].[ExternalPostId], [p0].[IsDeleted], [p0].[ProjectId], [p0].[PublishedAt], [p0].[PublishedUrl], [p0].[ScheduledAt], [p0].[Status], [p0].[TimelineId], [p0].[Title], [p0].[TrackingEnabled], [p0].[UpdatedAt], [p0].[UpdatedBy], [p0].[VoiceSampleId]
    FROM [Posts] AS [p0]
    WHERE [p0].[IsDeleted] = CAST(0 AS bit)
) AS [t] ON [p].[PostId] = [t].[Id]
INNER JOIN (
    SELECT [p1].[Id], [p1].[CreatedAt], [p1].[CreatedBy], [p1].[Description], [p1].[IsActive], [p1].[IsDeleted], [p1].[LogoUrl], [p1].[Name], [p1].[UpdatedAt], [p1].[UpdatedBy], [p1].[UserId]
    FROM [Projects] AS [p1]
    WHERE [p1].[IsDeleted] = CAST(0 AS bit)
) AS [t0] ON [t].[ProjectId] = [t0].[Id]
WHERE [p].[IsDeleted] = CAST(0 AS bit) AND [t0].[UserId] = @__userId_0 AND [p].[Status] = 0 AND [p].[ScheduledAt] >= GETUTCDATE()
ORDER BY [p].[ScheduledAt]
2026-07-22 19:31:54.979 +07:00 [INF] Executed DbCommand (5ms) [Parameters=[@__p_1='?' (DbType = Int32), @__userId_0='?' (DbType = Guid)], CommandType='"Text"', CommandTimeout='30']
SELECT TOP(@__p_1) [a].[Id], [a].[Action], [a].[CreatedAt], [a].[CreatedBy], [a].[EntityId], [a].[EntityType], [a].[IpAddress], [a].[IsDeleted], [a].[NewValues], [a].[OldValues], [a].[UpdatedAt], [a].[UpdatedBy], [a].[UserAgent], [a].[UserId]
FROM [AuditLogs] AS [a]
WHERE [a].[IsDeleted] = CAST(0 AS bit) AND [a].[UserId] = @__userId_0
ORDER BY [a].[CreatedAt] DESC
2026-07-22 19:31:55.006 +07:00 [INF] Handled GetDashboardStatsQuery in 772ms
2026-07-22 19:31:55.020 +07:00 [INF] HTTP GET /api/dashboard/stats responded 200 in 936.5996ms
2026-07-22 19:31:59.693 +07:00 [INF] HTTP GET /api/Notifications started
2026-07-22 19:31:59.760 +07:00 [INF] Executed DbCommand (7ms) [Parameters=[@__userId_0='?' (DbType = Guid), @__p_1='?' (DbType = Int32), @__p_2='?' (DbType = Int32)], CommandType='"Text"', CommandTimeout='30']
SELECT [n].[Id], [n].[CreatedAt], [n].[CreatedBy], [n].[IsDeleted], [n].[IsRead], [n].[Message], [n].[ReadAt], [n].[ReferenceId], [n].[ReferenceType], [n].[Title], [n].[Type], [n].[UpdatedAt], [n].[UpdatedBy], [n].[UserId]
FROM [Notifications] AS [n]
WHERE [n].[IsDeleted] = CAST(0 AS bit) AND [n].[UserId] = @__userId_0
ORDER BY [n].[CreatedAt] DESC
OFFSET @__p_1 ROWS FETCH NEXT @__p_2 ROWS ONLY
2026-07-22 19:31:59.780 +07:00 [INF] Executed DbCommand (4ms) [Parameters=[@__userId_0='?' (DbType = Guid)], CommandType='"Text"', CommandTimeout='30']
SELECT COUNT(*)
FROM [Notifications] AS [n]
WHERE [n].[IsDeleted] = CAST(0 AS bit) AND [n].[UserId] = @__userId_0
2026-07-22 19:31:59.798 +07:00 [INF] HTTP GET /api/Notifications responded 200 in 105.3675ms
2026-07-22 19:32:01.205 +07:00 [INF] HTTP GET /api/workspace/projects started
2026-07-22 19:32:01.240 +07:00 [INF] Handling GetProjectsQuery {"$type":"GetProjectsQuery"}
2026-07-22 19:32:01.268 +07:00 [INF] Executed DbCommand (4ms) [Parameters=[@__userId_0='?' (DbType = Guid)], CommandType='"Text"', CommandTimeout='30']
SELECT [p].[Id], [p].[CreatedAt], [p].[CreatedBy], [p].[Description], [p].[IsActive], [p].[IsDeleted], [p].[LogoUrl], [p].[Name], [p].[UpdatedAt], [p].[UpdatedBy], [p].[UserId]
FROM [Projects] AS [p]
WHERE [p].[IsDeleted] = CAST(0 AS bit) AND [p].[UserId] = @__userId_0
2026-07-22 19:32:01.297 +07:00 [INF] Executed DbCommand (6ms) [Parameters=[@__userId_0='?' (DbType = Guid)], CommandType='"Text"', CommandTimeout='30']
SELECT [p].[Id], [p].[CreatedAt], [p].[CreatedBy], [p].[InvitedAt], [p].[IsDeleted], [p].[JoinedAt], [p].[ProjectId], [p].[Role], [p].[UpdatedAt], [p].[UpdatedBy], [p].[UserId]
FROM [ProjectMembers] AS [p]
WHERE [p].[IsDeleted] = CAST(0 AS bit) AND [p].[UserId] = @__userId_0
2026-07-22 19:32:01.401 +07:00 [INF] Executed DbCommand (10ms) [Parameters=[@__allProjectIds_0='?' (Size = 4000)], CommandType='"Text"', CommandTimeout='30']
SELECT [p].[Id], [p].[CreatedAt], [p].[CreatedBy], [p].[InvitedAt], [p].[IsDeleted], [p].[JoinedAt], [p].[ProjectId], [p].[Role], [p].[UpdatedAt], [p].[UpdatedBy], [p].[UserId]
FROM [ProjectMembers] AS [p]
WHERE [p].[IsDeleted] = CAST(0 AS bit) AND [p].[ProjectId] IN (
    SELECT [a].[value]
    FROM OPENJSON(@__allProjectIds_0) WITH ([value] uniqueidentifier '$') AS [a]
)
2026-07-22 19:32:01.412 +07:00 [INF] Handled GetProjectsQuery in 168ms
2026-07-22 19:32:01.418 +07:00 [INF] HTTP GET /api/workspace/projects responded 200 in 212.9602ms
2026-07-22 19:32:11.454 +07:00 [INF] Executed DbCommand (3ms) [Parameters=[@__before_0='?' (DbType = DateTime2)], CommandType='"Text"', CommandTimeout='30']
SELECT [p].[Id], [p].[CreatedAt], [p].[CreatedBy], [p].[ExecutedAt], [p].[FailureReason], [p].[IsDeleted], [p].[PostChannelAccountId], [p].[PostId], [p].[RetryCount], [p].[ScheduledAt], [p].[Status], [p].[UpdatedAt], [p].[UpdatedBy], [t].[Id], [t].[ChannelAccountId], [t].[CreatedAt], [t].[CreatedBy], [t].[DayNumber], [t].[ExternalPostId], [t].[IsDeleted], [t].[ProjectId], [t].[PublishedAt], [t].[PublishedUrl], [t].[ScheduledAt], [t].[Status], [t].[TimelineId], [t].[Title], [t].[TrackingEnabled], [t].[UpdatedAt], [t].[UpdatedBy], [t].[VoiceSampleId], [t0].[Id], [t0].[Content], [t0].[ContentType], [t0].[CreatedAt], [t0].[CreatedBy], [t0].[IsDeleted], [t0].[MediaFileId], [t0].[PostId], [t0].[SortOrder], [t0].[UpdatedAt], [t0].[UpdatedBy]
FROM [PostSchedules] AS [p]
INNER JOIN (
    SELECT [p0].[Id], [p0].[ChannelAccountId], [p0].[CreatedAt], [p0].[CreatedBy], [p0].[DayNumber], [p0].[ExternalPostId], [p0].[IsDeleted], [p0].[ProjectId], [p0].[PublishedAt], [p0].[PublishedUrl], [p0].[ScheduledAt], [p0].[Status], [p0].[TimelineId], [p0].[Title], [p0].[TrackingEnabled], [p0].[UpdatedAt], [p0].[UpdatedBy], [p0].[VoiceSampleId]
    FROM [Posts] AS [p0]
    WHERE [p0].[IsDeleted] = CAST(0 AS bit)
) AS [t] ON [p].[PostId] = [t].[Id]
LEFT JOIN (
    SELECT [p1].[Id], [p1].[Content], [p1].[ContentType], [p1].[CreatedAt], [p1].[CreatedBy], [p1].[IsDeleted], [p1].[MediaFileId], [p1].[PostId], [p1].[SortOrder], [p1].[UpdatedAt], [p1].[UpdatedBy]
    FROM [PostContents] AS [p1]
    WHERE [p1].[IsDeleted] = CAST(0 AS bit)
) AS [t0] ON [t].[Id] = [t0].[PostId]
WHERE [p].[IsDeleted] = CAST(0 AS bit) AND [p].[Status] = 0 AND [p].[ScheduledAt] <= @__before_0
ORDER BY [p].[ScheduledAt], [p].[Id], [t].[Id]
2026-07-22 19:34:47.666 +07:00 [WRN] No store type was specified for the decimal property 'TotalEarnings' on entity type 'Affiliate'. This will cause values to be silently truncated if they do not fit in the default precision and scale. Explicitly specify the SQL server column type that can accommodate all the values in 'OnModelCreating' using 'HasColumnType', specify precision and scale using 'HasPrecision', or configure a value converter using 'HasConversion'.
2026-07-22 19:34:49.030 +07:00 [INF] Detected FlowMate/SQL schema without EF history — applying compat layer and skipping MigrateAsync.
2026-07-22 19:34:49.086 +07:00 [INF] Executed DbCommand (17ms) [Parameters=[], CommandType='"Text"', CommandTimeout='30']
IF COL_LENGTH('dbo.Posts', 'ChannelAccountId') IS NULL
    ALTER TABLE dbo.Posts ADD ChannelAccountId UNIQUEIDENTIFIER NULL;
2026-07-22 19:34:49.102 +07:00 [INF] Executed DbCommand (1ms) [Parameters=[], CommandType='"Text"', CommandTimeout='30']
IF COL_LENGTH('dbo.Posts', 'ExternalPostId') IS NULL
    ALTER TABLE dbo.Posts ADD ExternalPostId NVARCHAR(128) NULL;
2026-07-22 19:34:49.109 +07:00 [INF] Executed DbCommand (1ms) [Parameters=[], CommandType='"Text"', CommandTimeout='30']
IF COL_LENGTH('dbo.Posts', 'PublishedUrl') IS NULL
    ALTER TABLE dbo.Posts ADD PublishedUrl NVARCHAR(1000) NULL;
2026-07-22 19:34:49.116 +07:00 [INF] Executed DbCommand (1ms) [Parameters=[], CommandType='"Text"', CommandTimeout='30']
IF COL_LENGTH('dbo.Posts', 'PublishedAt') IS NULL
    ALTER TABLE dbo.Posts ADD PublishedAt DATETIME2 NULL;
2026-07-22 19:34:49.123 +07:00 [INF] Executed DbCommand (2ms) [Parameters=[], CommandType='"Text"', CommandTimeout='30']
IF COL_LENGTH('dbo.PostSchedules', 'PostId') IS NULL
    ALTER TABLE dbo.PostSchedules ADD PostId UNIQUEIDENTIFIER NULL;
2026-07-22 19:34:49.130 +07:00 [INF] Executed DbCommand (1ms) [Parameters=[], CommandType='"Text"', CommandTimeout='30']
IF COL_LENGTH('dbo.PostSchedules', 'PostChannelAccountId') IS NOT NULL
   AND COLUMNPROPERTY(OBJECT_ID('dbo.PostSchedules'), 'PostChannelAccountId', 'AllowsNull') = 0
BEGIN
    ALTER TABLE dbo.PostSchedules ALTER COLUMN PostChannelAccountId UNIQUEIDENTIFIER NULL;
END
2026-07-22 19:34:49.136 +07:00 [INF] Executed DbCommand (1ms) [Parameters=[], CommandType='"Text"', CommandTimeout='30']
IF COL_LENGTH('dbo.ChannelAccounts', 'ParentChannelAccountId') IS NULL
    ALTER TABLE dbo.ChannelAccounts ADD ParentChannelAccountId UNIQUEIDENTIFIER NULL;
2026-07-22 19:34:49.143 +07:00 [INF] Executed DbCommand (2ms) [Parameters=[], CommandType='"Text"', CommandTimeout='30']
IF COL_LENGTH('dbo.ChannelAccounts', 'AccessToken') IS NULL
    ALTER TABLE dbo.ChannelAccounts ADD AccessToken NVARCHAR(MAX) NULL;
2026-07-22 19:34:49.150 +07:00 [INF] Executed DbCommand (1ms) [Parameters=[], CommandType='"Text"', CommandTimeout='30']
IF COL_LENGTH('dbo.ChannelAccounts', 'RefreshToken') IS NULL
    ALTER TABLE dbo.ChannelAccounts ADD RefreshToken NVARCHAR(MAX) NULL;
2026-07-22 19:34:49.156 +07:00 [INF] Executed DbCommand (2ms) [Parameters=[], CommandType='"Text"', CommandTimeout='30']
IF COL_LENGTH('dbo.ChannelAccounts', 'TokenExpiresAt') IS NULL
    ALTER TABLE dbo.ChannelAccounts ADD TokenExpiresAt DATETIME2 NULL;
2026-07-22 19:34:49.164 +07:00 [INF] Executed DbCommand (1ms) [Parameters=[], CommandType='"Text"', CommandTimeout='30']
IF COL_LENGTH('dbo.ChannelAccounts', 'Scope') IS NULL
    ALTER TABLE dbo.ChannelAccounts ADD Scope NVARCHAR(500) NULL;
2026-07-22 19:34:49.171 +07:00 [INF] Executed DbCommand (2ms) [Parameters=[], CommandType='"Text"', CommandTimeout='30']
IF COL_LENGTH('dbo.Posts', 'VoiceSampleId') IS NULL
    ALTER TABLE dbo.Posts ADD VoiceSampleId UNIQUEIDENTIFIER NULL;
2026-07-22 19:34:49.177 +07:00 [INF] Executed DbCommand (2ms) [Parameters=[], CommandType='"Text"', CommandTimeout='30']
IF COL_LENGTH('dbo.Posts', 'DayNumber') IS NULL
    ALTER TABLE dbo.Posts ADD DayNumber INT NULL;
2026-07-22 19:34:49.185 +07:00 [INF] Executed DbCommand (2ms) [Parameters=[], CommandType='"Text"', CommandTimeout='30']
IF COL_LENGTH('dbo.Posts', 'TrackingEnabled') IS NULL
    ALTER TABLE dbo.Posts ADD TrackingEnabled BIT NOT NULL DEFAULT CAST(1 AS BIT);
2026-07-22 19:34:49.192 +07:00 [INF] Executed DbCommand (1ms) [Parameters=[], CommandType='"Text"', CommandTimeout='30']
IF COL_LENGTH('dbo.MediaFiles', 'ProductId') IS NULL
    ALTER TABLE dbo.MediaFiles ADD ProductId UNIQUEIDENTIFIER NULL;
2026-07-22 19:34:49.198 +07:00 [INF] Executed DbCommand (1ms) [Parameters=[], CommandType='"Text"', CommandTimeout='30']
IF COL_LENGTH('dbo.MediaFiles', 'StoragePath') IS NULL
    ALTER TABLE dbo.MediaFiles ADD StoragePath NVARCHAR(1000) NOT NULL DEFAULT '';
2026-07-22 19:34:49.206 +07:00 [INF] Executed DbCommand (1ms) [Parameters=[], CommandType='"Text"', CommandTimeout='30']
IF COL_LENGTH('dbo.FacebookAccounts', 'ProjectId') IS NULL
    ALTER TABLE dbo.FacebookAccounts ADD ProjectId UNIQUEIDENTIFIER NOT NULL
        DEFAULT '00000000-0000-0000-0000-000000000000';
2026-07-22 19:34:49.213 +07:00 [INF] Executed DbCommand (2ms) [Parameters=[], CommandType='"Text"', CommandTimeout='30']
IF COL_LENGTH('dbo.Campaigns', 'ProductDescription') IS NULL
    ALTER TABLE dbo.Campaigns ADD ProductDescription NVARCHAR(MAX) NULL;
2026-07-22 19:34:49.220 +07:00 [INF] Executed DbCommand (2ms) [Parameters=[], CommandType='"Text"', CommandTimeout='30']
IF OBJECT_ID('dbo.ProjectMembers') IS NULL
CREATE TABLE dbo.ProjectMembers (
    Id UNIQUEIDENTIFIER NOT NULL PRIMARY KEY, ProjectId UNIQUEIDENTIFIER NOT NULL,
    UserId UNIQUEIDENTIFIER NOT NULL, Role NVARCHAR(20) NOT NULL DEFAULT 'Member',
    InvitedAt DATETIME2 NULL, JoinedAt DATETIME2 NULL,
    CreatedAt DATETIME2 NOT NULL, UpdatedAt DATETIME2 NULL,
    CreatedBy UNIQUEIDENTIFIER NULL, UpdatedBy UNIQUEIDENTIFIER NULL, IsDeleted BIT NOT NULL DEFAULT 0,
    CONSTRAINT FK_ProjectMembers_Projects FOREIGN KEY (ProjectId) REFERENCES dbo.Projects(Id),
    CONSTRAINT FK_ProjectMembers_Users FOREIGN KEY (UserId) REFERENCES dbo.Users(Id));
2026-07-22 19:34:49.226 +07:00 [INF] Executed DbCommand (1ms) [Parameters=[], CommandType='"Text"', CommandTimeout='30']
IF OBJECT_ID('dbo.ProjectMembers') IS NOT NULL AND NOT EXISTS (SELECT 1 FROM sys.indexes WHERE name = 'IX_ProjectMembers_ProjectId_UserId')
    CREATE UNIQUE INDEX IX_ProjectMembers_ProjectId_UserId ON dbo.ProjectMembers(ProjectId, UserId);
2026-07-22 19:34:49.233 +07:00 [INF] Executed DbCommand (2ms) [Parameters=[], CommandType='"Text"', CommandTimeout='30']
IF OBJECT_ID('dbo.VoiceSampleTemplates') IS NULL
CREATE TABLE dbo.VoiceSampleTemplates (
    Id UNIQUEIDENTIFIER NOT NULL PRIMARY KEY, SampleText NVARCHAR(500) NOT NULL,
    CreatedAt DATETIME2 NOT NULL, UpdatedAt DATETIME2 NULL,
    CreatedBy UNIQUEIDENTIFIER NULL, UpdatedBy UNIQUEIDENTIFIER NULL, IsDeleted BIT NOT NULL DEFAULT 0);
2026-07-22 19:34:49.239 +07:00 [INF] Executed DbCommand (1ms) [Parameters=[], CommandType='"Text"', CommandTimeout='30']
IF OBJECT_ID('dbo.BrandStyles') IS NULL
CREATE TABLE dbo.BrandStyles (
    Id UNIQUEIDENTIFIER NOT NULL PRIMARY KEY, StyleName NVARCHAR(50) NOT NULL,
    CreatedAt DATETIME2 NOT NULL, UpdatedAt DATETIME2 NULL,
    CreatedBy UNIQUEIDENTIFIER NULL, UpdatedBy UNIQUEIDENTIFIER NULL, IsDeleted BIT NOT NULL DEFAULT 0);
2026-07-22 19:34:49.255 +07:00 [INF] Executed DbCommand (12ms) [Parameters=[], CommandType='"Text"', CommandTimeout='30']
IF OBJECT_ID('dbo.BrandStyles') IS NOT NULL AND NOT EXISTS (SELECT 1 FROM sys.indexes WHERE name = 'IX_BrandStyles_StyleName')
    CREATE UNIQUE INDEX IX_BrandStyles_StyleName ON dbo.BrandStyles(StyleName);
2026-07-22 19:34:49.260 +07:00 [INF] Executed DbCommand (1ms) [Parameters=[], CommandType='"Text"', CommandTimeout='30']
IF OBJECT_ID('dbo.ToneKeywords') IS NULL
CREATE TABLE dbo.ToneKeywords (
    Id UNIQUEIDENTIFIER NOT NULL PRIMARY KEY, Keyword NVARCHAR(50) NOT NULL,
    CreatedAt DATETIME2 NOT NULL, UpdatedAt DATETIME2 NULL,
    CreatedBy UNIQUEIDENTIFIER NULL, UpdatedBy UNIQUEIDENTIFIER NULL, IsDeleted BIT NOT NULL DEFAULT 0);
2026-07-22 19:34:49.278 +07:00 [INF] Executed DbCommand (11ms) [Parameters=[], CommandType='"Text"', CommandTimeout='30']
IF OBJECT_ID('dbo.ToneKeywords') IS NOT NULL AND NOT EXISTS (SELECT 1 FROM sys.indexes WHERE name = 'IX_ToneKeywords_Keyword')
    CREATE UNIQUE INDEX IX_ToneKeywords_Keyword ON dbo.ToneKeywords(Keyword);
2026-07-22 19:34:49.283 +07:00 [INF] Executed DbCommand (1ms) [Parameters=[], CommandType='"Text"', CommandTimeout='30']
IF OBJECT_ID('dbo.CtaTemplates') IS NULL
CREATE TABLE dbo.CtaTemplates (
    Id UNIQUEIDENTIFIER NOT NULL PRIMARY KEY, CtaText NVARCHAR(100) NOT NULL,
    CreatedAt DATETIME2 NOT NULL, UpdatedAt DATETIME2 NULL,
    CreatedBy UNIQUEIDENTIFIER NULL, UpdatedBy UNIQUEIDENTIFIER NULL, IsDeleted BIT NOT NULL DEFAULT 0);
2026-07-22 19:34:49.290 +07:00 [INF] Executed DbCommand (1ms) [Parameters=[], CommandType='"Text"', CommandTimeout='30']
IF OBJECT_ID('dbo.CtaTemplates') IS NOT NULL AND NOT EXISTS (SELECT 1 FROM sys.indexes WHERE name = 'IX_CtaTemplates_CtaText')
    CREATE UNIQUE INDEX IX_CtaTemplates_CtaText ON dbo.CtaTemplates(CtaText);
2026-07-22 19:34:49.297 +07:00 [INF] Executed DbCommand (2ms) [Parameters=[], CommandType='"Text"', CommandTimeout='30']
IF OBJECT_ID('dbo.Hashtags') IS NULL
CREATE TABLE dbo.Hashtags (
    Id UNIQUEIDENTIFIER NOT NULL PRIMARY KEY, Tag NVARCHAR(50) NOT NULL,
    CreatedAt DATETIME2 NOT NULL, UpdatedAt DATETIME2 NULL,
    CreatedBy UNIQUEIDENTIFIER NULL, UpdatedBy UNIQUEIDENTIFIER NULL, IsDeleted BIT NOT NULL DEFAULT 0);
2026-07-22 19:34:49.302 +07:00 [INF] Executed DbCommand (1ms) [Parameters=[], CommandType='"Text"', CommandTimeout='30']
IF OBJECT_ID('dbo.Hashtags') IS NOT NULL AND NOT EXISTS (SELECT 1 FROM sys.indexes WHERE name = 'IX_Hashtags_Tag')
    CREATE UNIQUE INDEX IX_Hashtags_Tag ON dbo.Hashtags(Tag);
2026-07-22 19:34:49.311 +07:00 [INF] Executed DbCommand (2ms) [Parameters=[], CommandType='"Text"', CommandTimeout='30']
IF OBJECT_ID('dbo.BrandProfiles') IS NULL
CREATE TABLE dbo.BrandProfiles (
    Id UNIQUEIDENTIFIER NOT NULL PRIMARY KEY, ProjectId UNIQUEIDENTIFIER NOT NULL,
    LogoUrl NVARCHAR(500) NULL, BusinessName NVARCHAR(150) NOT NULL, BrandName NVARCHAR(150) NOT NULL,
    Industry NVARCHAR(100) NULL, FoundingYear SMALLINT NULL, ShortDescription NVARCHAR(1000) NULL,
    Address NVARCHAR(300) NULL, ContactPhone NVARCHAR(20) NULL, ContactEmail NVARCHAR(255) NULL,
    Website NVARCHAR(255) NULL, VoiceSampleId UNIQUEIDENTIFIER NULL,
    CreatedAt DATETIME2 NOT NULL, UpdatedAt DATETIME2 NULL,
    CreatedBy UNIQUEIDENTIFIER NULL, UpdatedBy UNIQUEIDENTIFIER NULL, IsDeleted BIT NOT NULL DEFAULT 0,
    CONSTRAINT FK_BrandProfiles_Projects FOREIGN KEY (ProjectId) REFERENCES dbo.Projects(Id),
    CONSTRAINT FK_BrandProfiles_VoiceSampleTemplates FOREIGN KEY (VoiceSampleId) REFERENCES dbo.VoiceSampleTemplates(Id));
2026-07-22 19:34:49.316 +07:00 [INF] Executed DbCommand (1ms) [Parameters=[], CommandType='"Text"', CommandTimeout='30']
IF OBJECT_ID('dbo.BrandProfiles') IS NOT NULL AND NOT EXISTS (SELECT 1 FROM sys.indexes WHERE name = 'IX_BrandProfiles_ProjectId')
    CREATE UNIQUE INDEX IX_BrandProfiles_ProjectId ON dbo.BrandProfiles(ProjectId);
2026-07-22 19:34:49.322 +07:00 [INF] Executed DbCommand (1ms) [Parameters=[], CommandType='"Text"', CommandTimeout='30']
IF OBJECT_ID('dbo.BrandProfileStyles') IS NULL
CREATE TABLE dbo.BrandProfileStyles (
    Id UNIQUEIDENTIFIER NOT NULL PRIMARY KEY, BrandProfileId UNIQUEIDENTIFIER NOT NULL, StyleId UNIQUEIDENTIFIER NOT NULL,
    CreatedAt DATETIME2 NOT NULL, UpdatedAt DATETIME2 NULL,
    CreatedBy UNIQUEIDENTIFIER NULL, UpdatedBy UNIQUEIDENTIFIER NULL, IsDeleted BIT NOT NULL DEFAULT 0,
    CONSTRAINT FK_BrandProfileStyles_BrandProfiles FOREIGN KEY (BrandProfileId) REFERENCES dbo.BrandProfiles(Id),
    CONSTRAINT FK_BrandProfileStyles_BrandStyles FOREIGN KEY (StyleId) REFERENCES dbo.BrandStyles(Id));
2026-07-22 19:34:49.329 +07:00 [INF] Executed DbCommand (2ms) [Parameters=[], CommandType='"Text"', CommandTimeout='30']
IF OBJECT_ID('dbo.BrandProfileStyles') IS NOT NULL AND NOT EXISTS (SELECT 1 FROM sys.indexes WHERE name = 'IX_BrandProfileStyles_BrandProfileId_StyleId')
    CREATE UNIQUE INDEX IX_BrandProfileStyles_BrandProfileId_StyleId ON dbo.BrandProfileStyles(BrandProfileId, StyleId);
2026-07-22 19:34:49.336 +07:00 [INF] Executed DbCommand (2ms) [Parameters=[], CommandType='"Text"', CommandTimeout='30']
IF OBJECT_ID('dbo.BrandProfileKeywords') IS NULL
CREATE TABLE dbo.BrandProfileKeywords (
    Id UNIQUEIDENTIFIER NOT NULL PRIMARY KEY, BrandProfileId UNIQUEIDENTIFIER NOT NULL, ToneKeywordId UNIQUEIDENTIFIER NOT NULL,
    CreatedAt DATETIME2 NOT NULL, UpdatedAt DATETIME2 NULL,
    CreatedBy UNIQUEIDENTIFIER NULL, UpdatedBy UNIQUEIDENTIFIER NULL, IsDeleted BIT NOT NULL DEFAULT 0,
    CONSTRAINT FK_BrandProfileKeywords_BrandProfiles FOREIGN KEY (BrandProfileId) REFERENCES dbo.BrandProfiles(Id),
    CONSTRAINT FK_BrandProfileKeywords_ToneKeywords FOREIGN KEY (ToneKeywordId) REFERENCES dbo.ToneKeywords(Id));
2026-07-22 19:34:49.341 +07:00 [INF] Executed DbCommand (1ms) [Parameters=[], CommandType='"Text"', CommandTimeout='30']
IF OBJECT_ID('dbo.BrandProfileKeywords') IS NOT NULL AND NOT EXISTS (SELECT 1 FROM sys.indexes WHERE name = 'IX_BrandProfileKeywords_BrandProfileId_ToneKeywordId')
    CREATE UNIQUE INDEX IX_BrandProfileKeywords_BrandProfileId_ToneKeywordId ON dbo.BrandProfileKeywords(BrandProfileId, ToneKeywordId);
2026-07-22 19:34:49.346 +07:00 [INF] Executed DbCommand (1ms) [Parameters=[], CommandType='"Text"', CommandTimeout='30']
IF OBJECT_ID('dbo.BrandCtas') IS NULL
CREATE TABLE dbo.BrandCtas (
    Id UNIQUEIDENTIFIER NOT NULL PRIMARY KEY, BrandProfileId UNIQUEIDENTIFIER NOT NULL, CtaId UNIQUEIDENTIFIER NOT NULL,
    CreatedAt DATETIME2 NOT NULL, UpdatedAt DATETIME2 NULL,
    CreatedBy UNIQUEIDENTIFIER NULL, UpdatedBy UNIQUEIDENTIFIER NULL, IsDeleted BIT NOT NULL DEFAULT 0,
    CONSTRAINT FK_BrandCtas_BrandProfiles FOREIGN KEY (BrandProfileId) REFERENCES dbo.BrandProfiles(Id),
    CONSTRAINT FK_BrandCtas_CtaTemplates FOREIGN KEY (CtaId) REFERENCES dbo.CtaTemplates(Id));
2026-07-22 19:34:49.352 +07:00 [INF] Executed DbCommand (1ms) [Parameters=[], CommandType='"Text"', CommandTimeout='30']
IF OBJECT_ID('dbo.BrandCtas') IS NOT NULL AND NOT EXISTS (SELECT 1 FROM sys.indexes WHERE name = 'IX_BrandCtas_BrandProfileId_CtaId')
    CREATE UNIQUE INDEX IX_BrandCtas_BrandProfileId_CtaId ON dbo.BrandCtas(BrandProfileId, CtaId);
2026-07-22 19:34:49.359 +07:00 [INF] Executed DbCommand (2ms) [Parameters=[], CommandType='"Text"', CommandTimeout='30']
IF OBJECT_ID('dbo.BrandHashtags') IS NULL
CREATE TABLE dbo.BrandHashtags (
    Id UNIQUEIDENTIFIER NOT NULL PRIMARY KEY, BrandProfileId UNIQUEIDENTIFIER NOT NULL, HashtagId UNIQUEIDENTIFIER NOT NULL,
    CreatedAt DATETIME2 NOT NULL, UpdatedAt DATETIME2 NULL,
    CreatedBy UNIQUEIDENTIFIER NULL, UpdatedBy UNIQUEIDENTIFIER NULL, IsDeleted BIT NOT NULL DEFAULT 0,
    CONSTRAINT FK_BrandHashtags_BrandProfiles FOREIGN KEY (BrandProfileId) REFERENCES dbo.BrandProfiles(Id),
    CONSTRAINT FK_BrandHashtags_Hashtags FOREIGN KEY (HashtagId) REFERENCES dbo.Hashtags(Id));
2026-07-22 19:34:49.365 +07:00 [INF] Executed DbCommand (1ms) [Parameters=[], CommandType='"Text"', CommandTimeout='30']
IF OBJECT_ID('dbo.BrandHashtags') IS NOT NULL AND NOT EXISTS (SELECT 1 FROM sys.indexes WHERE name = 'IX_BrandHashtags_BrandProfileId_HashtagId')
    CREATE UNIQUE INDEX IX_BrandHashtags_BrandProfileId_HashtagId ON dbo.BrandHashtags(BrandProfileId, HashtagId);
2026-07-22 19:34:49.372 +07:00 [INF] Executed DbCommand (1ms) [Parameters=[], CommandType='"Text"', CommandTimeout='30']
IF OBJECT_ID('dbo.BrandColors') IS NULL
CREATE TABLE dbo.BrandColors (
    Id UNIQUEIDENTIFIER NOT NULL PRIMARY KEY, BrandProfileId UNIQUEIDENTIFIER NOT NULL,
    ColorHex NVARCHAR(9) NOT NULL, ColorType NVARCHAR(20) NOT NULL DEFAULT 'Secondary', SortOrder INT NOT NULL DEFAULT 0,
    CreatedAt DATETIME2 NOT NULL, UpdatedAt DATETIME2 NULL,
    CreatedBy UNIQUEIDENTIFIER NULL, UpdatedBy UNIQUEIDENTIFIER NULL, IsDeleted BIT NOT NULL DEFAULT 0,
    CONSTRAINT FK_BrandColors_BrandProfiles FOREIGN KEY (BrandProfileId) REFERENCES dbo.BrandProfiles(Id));
2026-07-22 19:34:49.379 +07:00 [INF] Executed DbCommand (1ms) [Parameters=[], CommandType='"Text"', CommandTimeout='30']
IF OBJECT_ID('dbo.BrandFonts') IS NULL
CREATE TABLE dbo.BrandFonts (
    Id UNIQUEIDENTIFIER NOT NULL PRIMARY KEY, BrandProfileId UNIQUEIDENTIFIER NOT NULL,
    FontName NVARCHAR(100) NOT NULL, UsageType NVARCHAR(20) NOT NULL,
    CreatedAt DATETIME2 NOT NULL, UpdatedAt DATETIME2 NULL,
    CreatedBy UNIQUEIDENTIFIER NULL, UpdatedBy UNIQUEIDENTIFIER NULL, IsDeleted BIT NOT NULL DEFAULT 0,
    CONSTRAINT FK_BrandFonts_BrandProfiles FOREIGN KEY (BrandProfileId) REFERENCES dbo.BrandProfiles(Id));
2026-07-22 19:34:49.385 +07:00 [INF] Executed DbCommand (1ms) [Parameters=[], CommandType='"Text"', CommandTimeout='30']
IF OBJECT_ID('dbo.ProductCategories') IS NULL
CREATE TABLE dbo.ProductCategories (
    Id UNIQUEIDENTIFIER NOT NULL PRIMARY KEY, BrandProfileId UNIQUEIDENTIFIER NOT NULL, CategoryName NVARCHAR(100) NOT NULL,
    CreatedAt DATETIME2 NOT NULL, UpdatedAt DATETIME2 NULL,
    CreatedBy UNIQUEIDENTIFIER NULL, UpdatedBy UNIQUEIDENTIFIER NULL, IsDeleted BIT NOT NULL DEFAULT 0,
    CONSTRAINT FK_ProductCategories_BrandProfiles FOREIGN KEY (BrandProfileId) REFERENCES dbo.BrandProfiles(Id));
2026-07-22 19:34:49.393 +07:00 [INF] Executed DbCommand (2ms) [Parameters=[], CommandType='"Text"', CommandTimeout='30']
IF OBJECT_ID('dbo.ProductCategories') IS NOT NULL AND NOT EXISTS (SELECT 1 FROM sys.indexes WHERE name = 'IX_ProductCategories_BrandProfileId_CategoryName')
    CREATE UNIQUE INDEX IX_ProductCategories_BrandProfileId_CategoryName ON dbo.ProductCategories(BrandProfileId, CategoryName);
2026-07-22 19:34:49.401 +07:00 [INF] Executed DbCommand (2ms) [Parameters=[], CommandType='"Text"', CommandTimeout='30']
IF OBJECT_ID('dbo.Products') IS NULL
CREATE TABLE dbo.Products (
    Id UNIQUEIDENTIFIER NOT NULL PRIMARY KEY, BrandProfileId UNIQUEIDENTIFIER NOT NULL, ProductCategoryId UNIQUEIDENTIFIER NULL,
    ProductName NVARCHAR(200) NOT NULL, Price DECIMAL(18,2) NULL, AiGeneratedDescription NVARCHAR(MAX) NULL,
    CreatedAt DATETIME2 NOT NULL, UpdatedAt DATETIME2 NULL,
    CreatedBy UNIQUEIDENTIFIER NULL, UpdatedBy UNIQUEIDENTIFIER NULL, IsDeleted BIT NOT NULL DEFAULT 0,
    CONSTRAINT FK_Products_BrandProfiles FOREIGN KEY (BrandProfileId) REFERENCES dbo.BrandProfiles(Id),
    CONSTRAINT FK_Products_ProductCategories FOREIGN KEY (ProductCategoryId) REFERENCES dbo.ProductCategories(Id));
2026-07-22 19:34:49.408 +07:00 [INF] Executed DbCommand (1ms) [Parameters=[], CommandType='"Text"', CommandTimeout='30']
IF NOT EXISTS (SELECT 1 FROM sys.foreign_keys WHERE name = 'FK_MediaFiles_Products_ProductId') AND OBJECT_ID('dbo.Products') IS NOT NULL
    ALTER TABLE dbo.MediaFiles ADD CONSTRAINT FK_MediaFiles_Products_ProductId FOREIGN KEY (ProductId) REFERENCES dbo.Products(Id);
2026-07-22 19:34:49.416 +07:00 [INF] Executed DbCommand (1ms) [Parameters=[], CommandType='"Text"', CommandTimeout='30']
IF OBJECT_ID('dbo.CampaignGoals') IS NULL
CREATE TABLE dbo.CampaignGoals (
    Id UNIQUEIDENTIFIER NOT NULL PRIMARY KEY, GoalName NVARCHAR(100) NOT NULL,
    CreatedAt DATETIME2 NOT NULL, UpdatedAt DATETIME2 NULL,
    CreatedBy UNIQUEIDENTIFIER NULL, UpdatedBy UNIQUEIDENTIFIER NULL, IsDeleted BIT NOT NULL DEFAULT 0);
2026-07-22 19:34:49.424 +07:00 [INF] Executed DbCommand (1ms) [Parameters=[], CommandType='"Text"', CommandTimeout='30']
IF OBJECT_ID('dbo.CampaignGoals') IS NOT NULL AND NOT EXISTS (SELECT 1 FROM sys.indexes WHERE name = 'IX_CampaignGoals_GoalName')
    CREATE UNIQUE INDEX IX_CampaignGoals_GoalName ON dbo.CampaignGoals(GoalName);
2026-07-22 19:34:49.432 +07:00 [INF] Executed DbCommand (2ms) [Parameters=[], CommandType='"Text"', CommandTimeout='30']
IF OBJECT_ID('dbo.PromotionTypes') IS NULL
CREATE TABLE dbo.PromotionTypes (
    Id UNIQUEIDENTIFIER NOT NULL PRIMARY KEY, TypeName NVARCHAR(100) NOT NULL,
    CreatedAt DATETIME2 NOT NULL, UpdatedAt DATETIME2 NULL,
    CreatedBy UNIQUEIDENTIFIER NULL, UpdatedBy UNIQUEIDENTIFIER NULL, IsDeleted BIT NOT NULL DEFAULT 0);
2026-07-22 19:34:49.439 +07:00 [INF] Executed DbCommand (2ms) [Parameters=[], CommandType='"Text"', CommandTimeout='30']
IF OBJECT_ID('dbo.PromotionTypes') IS NOT NULL AND NOT EXISTS (SELECT 1 FROM sys.indexes WHERE name = 'IX_PromotionTypes_TypeName')
    CREATE UNIQUE INDEX IX_PromotionTypes_TypeName ON dbo.PromotionTypes(TypeName);
2026-07-22 19:34:49.447 +07:00 [INF] Executed DbCommand (2ms) [Parameters=[], CommandType='"Text"', CommandTimeout='30']
IF OBJECT_ID('dbo.TimelineTemplateTypes') IS NULL
CREATE TABLE dbo.TimelineTemplateTypes (
    Id UNIQUEIDENTIFIER NOT NULL PRIMARY KEY, TypeName NVARCHAR(50) NOT NULL, Description NVARCHAR(300) NULL,
    CreatedAt DATETIME2 NOT NULL, UpdatedAt DATETIME2 NULL,
    CreatedBy UNIQUEIDENTIFIER NULL, UpdatedBy UNIQUEIDENTIFIER NULL, IsDeleted BIT NOT NULL DEFAULT 0);
2026-07-22 19:34:49.454 +07:00 [INF] Executed DbCommand (2ms) [Parameters=[], CommandType='"Text"', CommandTimeout='30']
IF OBJECT_ID('dbo.TimelineTemplateTypes') IS NOT NULL AND NOT EXISTS (SELECT 1 FROM sys.indexes WHERE name = 'IX_TimelineTemplateTypes_TypeName')
    CREATE UNIQUE INDEX IX_TimelineTemplateTypes_TypeName ON dbo.TimelineTemplateTypes(TypeName);
2026-07-22 19:34:49.462 +07:00 [INF] Executed DbCommand (3ms) [Parameters=[], CommandType='"Text"', CommandTimeout='30']
IF OBJECT_ID('dbo.Campaigns') IS NULL
CREATE TABLE dbo.Campaigns (
    Id UNIQUEIDENTIFIER NOT NULL PRIMARY KEY, ProjectId UNIQUEIDENTIFIER NOT NULL, Name NVARCHAR(200) NOT NULL,
    GoalId UNIQUEIDENTIFIER NOT NULL, PromotionTypeId UNIQUEIDENTIFIER NOT NULL,
    DiscountPercent DECIMAL(5,2) NULL, DiscountAmount DECIMAL(18,2) NULL, MinOrderAmount DECIMAL(18,2) NULL,
    StartDate DATE NOT NULL, EndDate DATE NOT NULL, NumberOfPosts INT NOT NULL DEFAULT 1, Status INT NOT NULL,
    CreatedAt DATETIME2 NOT NULL, UpdatedAt DATETIME2 NULL,
    CreatedBy UNIQUEIDENTIFIER NULL, UpdatedBy UNIQUEIDENTIFIER NULL, IsDeleted BIT NOT NULL DEFAULT 0,
    CONSTRAINT FK_Campaigns_Projects FOREIGN KEY (ProjectId) REFERENCES dbo.Projects(Id),
    CONSTRAINT FK_Campaigns_CampaignGoals FOREIGN KEY (GoalId) REFERENCES dbo.CampaignGoals(Id),
    CONSTRAINT FK_Campaigns_PromotionTypes FOREIGN KEY (PromotionTypeId) REFERENCES dbo.PromotionTypes(Id),
    CONSTRAINT CK_Campaigns_Dates CHECK (EndDate >= StartDate),
    CONSTRAINT CK_Campaigns_NumberOfPosts CHECK (NumberOfPosts > 0));
2026-07-22 19:34:49.468 +07:00 [INF] Executed DbCommand (2ms) [Parameters=[], CommandType='"Text"', CommandTimeout='30']
IF OBJECT_ID('dbo.CampaignChannelAccounts') IS NULL
CREATE TABLE dbo.CampaignChannelAccounts (
    Id UNIQUEIDENTIFIER NOT NULL PRIMARY KEY, CampaignId UNIQUEIDENTIFIER NOT NULL, ChannelAccountId UNIQUEIDENTIFIER NOT NULL,
    CreatedAt DATETIME2 NOT NULL, UpdatedAt DATETIME2 NULL,
    CreatedBy UNIQUEIDENTIFIER NULL, UpdatedBy UNIQUEIDENTIFIER NULL, IsDeleted BIT NOT NULL DEFAULT 0,
    CONSTRAINT FK_CampaignChannelAccounts_Campaigns FOREIGN KEY (CampaignId) REFERENCES dbo.Campaigns(Id),
    CONSTRAINT FK_CampaignChannelAccounts_ChannelAccounts FOREIGN KEY (ChannelAccountId) REFERENCES dbo.ChannelAccounts(Id));
2026-07-22 19:34:49.474 +07:00 [INF] Executed DbCommand (1ms) [Parameters=[], CommandType='"Text"', CommandTimeout='30']
IF OBJECT_ID('dbo.CampaignChannelAccounts') IS NOT NULL AND NOT EXISTS (SELECT 1 FROM sys.indexes WHERE name = 'IX_CampaignChannelAccounts_CampaignId_ChannelAccountId')
    CREATE UNIQUE INDEX IX_CampaignChannelAccounts_CampaignId_ChannelAccountId ON dbo.CampaignChannelAccounts(CampaignId, ChannelAccountId);
2026-07-22 19:34:49.481 +07:00 [INF] Executed DbCommand (2ms) [Parameters=[], CommandType='"Text"', CommandTimeout='30']
IF OBJECT_ID('dbo.Timelines') IS NULL
CREATE TABLE dbo.Timelines (
    Id UNIQUEIDENTIFIER NOT NULL PRIMARY KEY, ProjectId UNIQUEIDENTIFIER NOT NULL, CampaignId UNIQUEIDENTIFIER NULL,
    Name NVARCHAR(200) NOT NULL, TemplateTypeId UNIQUEIDENTIFIER NOT NULL,
    StartDate DATE NOT NULL, EndDate DATE NOT NULL, Status INT NOT NULL,
    CreatedAt DATETIME2 NOT NULL, UpdatedAt DATETIME2 NULL,
    CreatedBy UNIQUEIDENTIFIER NULL, UpdatedBy UNIQUEIDENTIFIER NULL, IsDeleted BIT NOT NULL DEFAULT 0,
    CONSTRAINT FK_Timelines_Projects FOREIGN KEY (ProjectId) REFERENCES dbo.Projects(Id),
    CONSTRAINT FK_Timelines_Campaigns FOREIGN KEY (CampaignId) REFERENCES dbo.Campaigns(Id),
    CONSTRAINT FK_Timelines_TimelineTemplateTypes FOREIGN KEY (TemplateTypeId) REFERENCES dbo.TimelineTemplateTypes(Id),
    CONSTRAINT CK_Timelines_Dates CHECK (EndDate >= StartDate));
2026-07-22 19:34:49.488 +07:00 [INF] Executed DbCommand (2ms) [Parameters=[], CommandType='"Text"', CommandTimeout='30']
IF NOT EXISTS (SELECT 1 FROM sys.foreign_keys WHERE name = 'FK_Posts_Timelines_TimelineId') AND OBJECT_ID('dbo.Timelines') IS NOT NULL
    ALTER TABLE dbo.Posts ADD CONSTRAINT FK_Posts_Timelines_TimelineId FOREIGN KEY (TimelineId) REFERENCES dbo.Timelines(Id);
2026-07-22 19:34:49.495 +07:00 [INF] Executed DbCommand (2ms) [Parameters=[], CommandType='"Text"', CommandTimeout='30']
IF NOT EXISTS (SELECT 1 FROM sys.foreign_keys WHERE name = 'FK_Posts_VoiceSampleTemplates_VoiceSampleId') AND OBJECT_ID('dbo.VoiceSampleTemplates') IS NOT NULL
    ALTER TABLE dbo.Posts ADD CONSTRAINT FK_Posts_VoiceSampleTemplates_VoiceSampleId FOREIGN KEY (VoiceSampleId) REFERENCES dbo.VoiceSampleTemplates(Id);
2026-07-22 19:34:49.503 +07:00 [INF] Executed DbCommand (2ms) [Parameters=[], CommandType='"Text"', CommandTimeout='30']
IF OBJECT_ID('dbo.PostHashtags') IS NULL
CREATE TABLE dbo.PostHashtags (
    Id UNIQUEIDENTIFIER NOT NULL PRIMARY KEY, PostId UNIQUEIDENTIFIER NOT NULL, HashtagId UNIQUEIDENTIFIER NOT NULL,
    CreatedAt DATETIME2 NOT NULL, UpdatedAt DATETIME2 NULL,
    CreatedBy UNIQUEIDENTIFIER NULL, UpdatedBy UNIQUEIDENTIFIER NULL, IsDeleted BIT NOT NULL DEFAULT 0,
    CONSTRAINT FK_PostHashtags_Posts FOREIGN KEY (PostId) REFERENCES dbo.Posts(Id),
    CONSTRAINT FK_PostHashtags_Hashtags FOREIGN KEY (HashtagId) REFERENCES dbo.Hashtags(Id));
2026-07-22 19:34:49.508 +07:00 [INF] Executed DbCommand (1ms) [Parameters=[], CommandType='"Text"', CommandTimeout='30']
IF OBJECT_ID('dbo.PostChannelAccounts') IS NULL
CREATE TABLE dbo.PostChannelAccounts (
    Id UNIQUEIDENTIFIER NOT NULL PRIMARY KEY, PostId UNIQUEIDENTIFIER NOT NULL, ChannelAccountId UNIQUEIDENTIFIER NOT NULL,
    Status INT NOT NULL, ExternalPostId NVARCHAR(128) NULL, PublishedUrl NVARCHAR(1000) NULL, PublishedAt DATETIME2 NULL,
    CreatedAt DATETIME2 NOT NULL, UpdatedAt DATETIME2 NULL,
    CreatedBy UNIQUEIDENTIFIER NULL, UpdatedBy UNIQUEIDENTIFIER NULL, IsDeleted BIT NOT NULL DEFAULT 0,
    CONSTRAINT FK_PostChannelAccounts_Posts FOREIGN KEY (PostId) REFERENCES dbo.Posts(Id),
    CONSTRAINT FK_PostChannelAccounts_ChannelAccounts FOREIGN KEY (ChannelAccountId) REFERENCES dbo.ChannelAccounts(Id));
2026-07-22 19:34:49.515 +07:00 [INF] Executed DbCommand (2ms) [Parameters=[], CommandType='"Text"', CommandTimeout='30']
IF OBJECT_ID('dbo.PostChannelAccounts') IS NOT NULL AND NOT EXISTS (SELECT 1 FROM sys.indexes WHERE name = 'IX_PostChannelAccounts_PostId_ChannelAccountId')
    CREATE UNIQUE INDEX IX_PostChannelAccounts_PostId_ChannelAccountId ON dbo.PostChannelAccounts(PostId, ChannelAccountId);
2026-07-22 19:34:49.521 +07:00 [INF] Executed DbCommand (1ms) [Parameters=[], CommandType='"Text"', CommandTimeout='30']
IF NOT EXISTS (SELECT 1 FROM sys.foreign_keys WHERE name = 'FK_PostSchedules_PostChannelAccounts_PostChannelAccountId') AND OBJECT_ID('dbo.PostChannelAccounts') IS NOT NULL
    ALTER TABLE dbo.PostSchedules ADD CONSTRAINT FK_PostSchedules_PostChannelAccounts_PostChannelAccountId FOREIGN KEY (PostChannelAccountId) REFERENCES dbo.PostChannelAccounts(Id);
2026-07-22 19:34:49.527 +07:00 [INF] Executed DbCommand (2ms) [Parameters=[], CommandType='"Text"', CommandTimeout='30']
IF OBJECT_ID('dbo.PostAnalytics') IS NULL
CREATE TABLE dbo.PostAnalytics (
    Id UNIQUEIDENTIFIER NOT NULL PRIMARY KEY, PostChannelAccountId UNIQUEIDENTIFIER NOT NULL,
    Reach INT NOT NULL DEFAULT 0, Likes INT NOT NULL DEFAULT 0, Comments INT NOT NULL DEFAULT 0, Shares INT NOT NULL DEFAULT 0,
    RecordedAt DATETIME2 NOT NULL,
    CreatedAt DATETIME2 NOT NULL, UpdatedAt DATETIME2 NULL,
    CreatedBy UNIQUEIDENTIFIER NULL, UpdatedBy UNIQUEIDENTIFIER NULL, IsDeleted BIT NOT NULL DEFAULT 0,
    CONSTRAINT FK_PostAnalytics_PostChannelAccounts FOREIGN KEY (PostChannelAccountId) REFERENCES dbo.PostChannelAccounts(Id));
2026-07-22 19:34:49.532 +07:00 [INF] Executed DbCommand (1ms) [Parameters=[], CommandType='"Text"', CommandTimeout='30']
IF OBJECT_ID('dbo.PostAnalytics') IS NOT NULL AND NOT EXISTS (SELECT 1 FROM sys.indexes WHERE name = 'IX_PostAnalytics_PostChannelAccountId')
    CREATE UNIQUE INDEX IX_PostAnalytics_PostChannelAccountId ON dbo.PostAnalytics(PostChannelAccountId);
2026-07-22 19:34:49.536 +07:00 [INF] FlowMate EF compatibility layer applied.
2026-07-22 19:34:49.808 +07:00 [INF] Executed DbCommand (4ms) [Parameters=[], CommandType='"Text"', CommandTimeout='30']
SELECT CASE
    WHEN EXISTS (
        SELECT 1
        FROM [Roles] AS [r]
        WHERE [r].[IsDeleted] = CAST(0 AS bit)) THEN CAST(1 AS bit)
    ELSE CAST(0 AS bit)
END
2026-07-22 19:34:49.846 +07:00 [INF] Executed DbCommand (1ms) [Parameters=[], CommandType='"Text"', CommandTimeout='30']
SELECT CASE
    WHEN EXISTS (
        SELECT 1
        FROM [Permissions] AS [p]
        WHERE [p].[IsDeleted] = CAST(0 AS bit)) THEN CAST(1 AS bit)
    ELSE CAST(0 AS bit)
END
2026-07-22 19:34:49.863 +07:00 [INF] Executed DbCommand (1ms) [Parameters=[], CommandType='"Text"', CommandTimeout='30']
SELECT CASE
    WHEN EXISTS (
        SELECT 1
        FROM [RolePermissions] AS [r]
        WHERE [r].[IsDeleted] = CAST(0 AS bit) AND [r].[RoleId] = '33333333-3333-3333-3333-333333333333') THEN CAST(1 AS bit)
    ELSE CAST(0 AS bit)
END
2026-07-22 19:34:49.873 +07:00 [INF] Executed DbCommand (2ms) [Parameters=[], CommandType='"Text"', CommandTimeout='30']
SELECT CASE
    WHEN EXISTS (
        SELECT 1
        FROM [Plans] AS [p]
        WHERE [p].[IsDeleted] = CAST(0 AS bit)) THEN CAST(1 AS bit)
    ELSE CAST(0 AS bit)
END
2026-07-22 19:34:49.881 +07:00 [INF] Executed DbCommand (1ms) [Parameters=[], CommandType='"Text"', CommandTimeout='30']
SELECT CASE
    WHEN EXISTS (
        SELECT 1
        FROM [Channels] AS [c]
        WHERE [c].[IsDeleted] = CAST(0 AS bit)) THEN CAST(1 AS bit)
    ELSE CAST(0 AS bit)
END
2026-07-22 19:34:49.892 +07:00 [INF] Executed DbCommand (1ms) [Parameters=[], CommandType='"Text"', CommandTimeout='30']
SELECT CASE
    WHEN EXISTS (
        SELECT 1
        FROM [BrandStyles] AS [b]
        WHERE [b].[IsDeleted] = CAST(0 AS bit)) THEN CAST(1 AS bit)
    ELSE CAST(0 AS bit)
END
2026-07-22 19:34:49.906 +07:00 [INF] Executed DbCommand (3ms) [Parameters=[], CommandType='"Text"', CommandTimeout='30']
SELECT CASE
    WHEN EXISTS (
        SELECT 1
        FROM [ToneKeywords] AS [t]
        WHERE [t].[IsDeleted] = CAST(0 AS bit)) THEN CAST(1 AS bit)
    ELSE CAST(0 AS bit)
END
2026-07-22 19:34:49.916 +07:00 [INF] Executed DbCommand (1ms) [Parameters=[], CommandType='"Text"', CommandTimeout='30']
SELECT CASE
    WHEN EXISTS (
        SELECT 1
        FROM [VoiceSampleTemplates] AS [v]
        WHERE [v].[IsDeleted] = CAST(0 AS bit)) THEN CAST(1 AS bit)
    ELSE CAST(0 AS bit)
END
2026-07-22 19:34:49.927 +07:00 [INF] Executed DbCommand (1ms) [Parameters=[], CommandType='"Text"', CommandTimeout='30']
SELECT CASE
    WHEN EXISTS (
        SELECT 1
        FROM [CtaTemplates] AS [c]
        WHERE [c].[IsDeleted] = CAST(0 AS bit)) THEN CAST(1 AS bit)
    ELSE CAST(0 AS bit)
END
2026-07-22 19:34:49.938 +07:00 [INF] Executed DbCommand (2ms) [Parameters=[], CommandType='"Text"', CommandTimeout='30']
SELECT CASE
    WHEN EXISTS (
        SELECT 1
        FROM [CampaignGoals] AS [c]
        WHERE [c].[IsDeleted] = CAST(0 AS bit)) THEN CAST(1 AS bit)
    ELSE CAST(0 AS bit)
END
2026-07-22 19:34:49.948 +07:00 [INF] Executed DbCommand (1ms) [Parameters=[], CommandType='"Text"', CommandTimeout='30']
SELECT CASE
    WHEN EXISTS (
        SELECT 1
        FROM [PromotionTypes] AS [p]
        WHERE [p].[IsDeleted] = CAST(0 AS bit)) THEN CAST(1 AS bit)
    ELSE CAST(0 AS bit)
END
2026-07-22 19:34:49.960 +07:00 [INF] Executed DbCommand (1ms) [Parameters=[], CommandType='"Text"', CommandTimeout='30']
SELECT CASE
    WHEN EXISTS (
        SELECT 1
        FROM [TimelineTemplateTypes] AS [t]
        WHERE [t].[IsDeleted] = CAST(0 AS bit)) THEN CAST(1 AS bit)
    ELSE CAST(0 AS bit)
END
2026-07-22 19:34:49.970 +07:00 [INF] Executed DbCommand (1ms) [Parameters=[], CommandType='"Text"', CommandTimeout='30']
SELECT CASE
    WHEN EXISTS (
        SELECT 1
        FROM [Settings] AS [s]
        WHERE [s].[IsDeleted] = CAST(0 AS bit)) THEN CAST(1 AS bit)
    ELSE CAST(0 AS bit)
END
2026-07-22 19:34:49.979 +07:00 [INF] Executed DbCommand (1ms) [Parameters=[], CommandType='"Text"', CommandTimeout='30']
SELECT CASE
    WHEN EXISTS (
        SELECT 1
        FROM [AiPrompts] AS [a]
        WHERE [a].[IsDeleted] = CAST(0 AS bit)) THEN CAST(1 AS bit)
    ELSE CAST(0 AS bit)
END
2026-07-22 19:34:49.991 +07:00 [INF] Executed DbCommand (1ms) [Parameters=[], CommandType='"Text"', CommandTimeout='30']
SELECT CASE
    WHEN EXISTS (
        SELECT 1
        FROM [AiPrompts] AS [a]
        WHERE [a].[IsDeleted] = CAST(0 AS bit) AND [a].[Name] = N'Facebook Fanpage Bán Hàng') THEN CAST(1 AS bit)
    ELSE CAST(0 AS bit)
END
2026-07-22 19:34:50.004 +07:00 [INF] Executed DbCommand (1ms) [Parameters=[], CommandType='"Text"', CommandTimeout='30']
SELECT CASE
    WHEN EXISTS (
        SELECT 1
        FROM [Users] AS [u]
        WHERE [u].[IsDeleted] = CAST(0 AS bit) AND [u].[Email] = N'admin@autowork.com') THEN CAST(1 AS bit)
    ELSE CAST(0 AS bit)
END
2026-07-22 19:34:50.016 +07:00 [INF] Executed DbCommand (1ms) [Parameters=[], CommandType='"Text"', CommandTimeout='30']
SELECT CASE
    WHEN EXISTS (
        SELECT 1
        FROM [Users] AS [u]
        WHERE [u].[IsDeleted] = CAST(0 AS bit) AND [u].[Email] = N'demo@autowork.com') THEN CAST(1 AS bit)
    ELSE CAST(0 AS bit)
END
2026-07-22 19:34:50.031 +07:00 [INF] Executed DbCommand (2ms) [Parameters=[], CommandType='"Text"', CommandTimeout='30']
SELECT CASE
    WHEN EXISTS (
        SELECT 1
        FROM [Projects] AS [p]
        WHERE [p].[IsDeleted] = CAST(0 AS bit) AND [p].[Id] = '13131313-1313-1313-1313-131313131313') THEN CAST(1 AS bit)
    ELSE CAST(0 AS bit)
END
2026-07-22 19:34:50.046 +07:00 [INF] Executed DbCommand (2ms) [Parameters=[], CommandType='"Text"', CommandTimeout='30']
SELECT CASE
    WHEN EXISTS (
        SELECT 1
        FROM [Posts] AS [p]
        WHERE [p].[IsDeleted] = CAST(0 AS bit) AND [p].[ProjectId] = '13131313-1313-1313-1313-131313131313') THEN CAST(1 AS bit)
    ELSE CAST(0 AS bit)
END
2026-07-22 19:34:50.071 +07:00 [INF] Database seed completed successfully.
2026-07-22 19:34:50.288 +07:00 [INF] Start installing Hangfire SQL objects...
2026-07-22 19:34:50.340 +07:00 [INF] Hangfire SQL objects installed.
2026-07-22 19:34:50.725 +07:00 [WRN] The WebRootPath was not found: D:\EXE01\AIMarketingAssistant\src\AutoWork.API\wwwroot. Static files may be unavailable.
2026-07-22 19:34:50.980 +07:00 [INF] Now listening on: https://localhost:7165
2026-07-22 19:34:51.253 +07:00 [INF] Starting Hangfire Server using job storage: 'SQL Server: localhost@FlowMateDB'
2026-07-22 19:34:51.257 +07:00 [INF] Using the following options for SQL Server job storage: Queue poll interval: 00:00:15.
2026-07-22 19:34:51.258 +07:00 [INF] Using the following options for Hangfire Server:
    Worker count: 20
    Listening queues: 'default'
    Shutdown timeout: 00:00:15
    Schedule polling interval: 00:00:15
2026-07-22 19:34:51.302 +07:00 [INF] Application started. Press Ctrl+C to shut down.
2026-07-22 19:34:51.304 +07:00 [INF] Hosting environment: Development
2026-07-22 19:34:51.308 +07:00 [INF] Content root path: D:\EXE01\AIMarketingAssistant\src\AutoWork.API
2026-07-22 19:34:51.336 +07:00 [INF] Server laptop-g044c7b0:19964:52ae85ad successfully announced in 32.3618 ms
2026-07-22 19:34:51.346 +07:00 [INF] Server laptop-g044c7b0:19964:52ae85ad is starting the registered dispatchers: ServerWatchdog, ServerJobCancellationWatcher, ExpirationManager, CountersAggregator, SqlServerHeartbeatProcess, Worker, DelayedJobScheduler, RecurringJobScheduler...
2026-07-22 19:34:51.664 +07:00 [INF] Server laptop-g044c7b0:19964:52ae85ad all the dispatchers started
2026-07-22 19:34:53.144 +07:00 [INF] Executed DbCommand (3ms) [Parameters=[@__before_0='?' (DbType = DateTime2)], CommandType='"Text"', CommandTimeout='30']
SELECT [p].[Id], [p].[CreatedAt], [p].[CreatedBy], [p].[ExecutedAt], [p].[FailureReason], [p].[IsDeleted], [p].[PostChannelAccountId], [p].[PostId], [p].[RetryCount], [p].[ScheduledAt], [p].[Status], [p].[UpdatedAt], [p].[UpdatedBy], [t].[Id], [t].[ChannelAccountId], [t].[CreatedAt], [t].[CreatedBy], [t].[DayNumber], [t].[ExternalPostId], [t].[IsDeleted], [t].[ProjectId], [t].[PublishedAt], [t].[PublishedUrl], [t].[ScheduledAt], [t].[Status], [t].[TimelineId], [t].[Title], [t].[TrackingEnabled], [t].[UpdatedAt], [t].[UpdatedBy], [t].[VoiceSampleId], [t0].[Id], [t0].[Content], [t0].[ContentType], [t0].[CreatedAt], [t0].[CreatedBy], [t0].[IsDeleted], [t0].[MediaFileId], [t0].[PostId], [t0].[SortOrder], [t0].[UpdatedAt], [t0].[UpdatedBy]
FROM [PostSchedules] AS [p]
INNER JOIN (
    SELECT [p0].[Id], [p0].[ChannelAccountId], [p0].[CreatedAt], [p0].[CreatedBy], [p0].[DayNumber], [p0].[ExternalPostId], [p0].[IsDeleted], [p0].[ProjectId], [p0].[PublishedAt], [p0].[PublishedUrl], [p0].[ScheduledAt], [p0].[Status], [p0].[TimelineId], [p0].[Title], [p0].[TrackingEnabled], [p0].[UpdatedAt], [p0].[UpdatedBy], [p0].[VoiceSampleId]
    FROM [Posts] AS [p0]
    WHERE [p0].[IsDeleted] = CAST(0 AS bit)
) AS [t] ON [p].[PostId] = [t].[Id]
LEFT JOIN (
    SELECT [p1].[Id], [p1].[Content], [p1].[ContentType], [p1].[CreatedAt], [p1].[CreatedBy], [p1].[IsDeleted], [p1].[MediaFileId], [p1].[PostId], [p1].[SortOrder], [p1].[UpdatedAt], [p1].[UpdatedBy]
    FROM [PostContents] AS [p1]
    WHERE [p1].[IsDeleted] = CAST(0 AS bit)
) AS [t0] ON [t].[Id] = [t0].[PostId]
WHERE [p].[IsDeleted] = CAST(0 AS bit) AND [p].[Status] = 0 AND [p].[ScheduledAt] <= @__before_0
ORDER BY [p].[ScheduledAt], [p].[Id], [t].[Id]
2026-07-22 19:34:53.266 +07:00 [WRN] Compiling a query which loads related collections for more than one collection navigation, either via 'Include' or through projection, but no 'QuerySplittingBehavior' has been configured. By default, Entity Framework will use 'QuerySplittingBehavior.SingleQuery', which can potentially result in slow query performance. See https://go.microsoft.com/fwlink/?linkid=2134277 for more information. To identify the query that's triggering this warning call 'ConfigureWarnings(w => w.Throw(RelationalEventId.MultipleCollectionIncludeWarning))'.
2026-07-22 19:34:53.508 +07:00 [ERR] Failed executing DbCommand (128ms) [Parameters=[@__id_0='?' (DbType = Guid)], CommandType='"Text"', CommandTimeout='30']
SELECT [t2].[Id], [t2].[ChannelAccountId], [t2].[CreatedAt], [t2].[CreatedBy], [t2].[DayNumber], [t2].[ExternalPostId], [t2].[IsDeleted], [t2].[ProjectId], [t2].[PublishedAt], [t2].[PublishedUrl], [t2].[ScheduledAt], [t2].[Status], [t2].[TimelineId], [t2].[Title], [t2].[TrackingEnabled], [t2].[UpdatedAt], [t2].[UpdatedBy], [t2].[VoiceSampleId], [t2].[Id0], [t2].[Id1], [t2].[Id2], [t3].[Id], [t3].[Content], [t3].[ContentType], [t3].[CreatedAt], [t3].[CreatedBy], [t3].[IsDeleted], [t3].[MediaFileId], [t3].[PostId], [t3].[SortOrder], [t3].[UpdatedAt], [t3].[UpdatedBy], [t2].[CreatedAt0], [t2].[CreatedBy0], [t2].[ExecutedAt], [t2].[FailureReason], [t2].[IsDeleted0], [t2].[PostChannelAccountId], [t2].[PostId], [t2].[RetryCount], [t2].[ScheduledAt0], [t2].[Status0], [t2].[UpdatedAt0], [t2].[UpdatedBy0], [t4].[Id], [t4].[Action], [t4].[CreatedAt], [t4].[CreatedBy], [t4].[Details], [t4].[IsDeleted], [t4].[Level], [t4].[Message], [t4].[PostId], [t4].[UpdatedAt], [t4].[UpdatedBy], [t2].[AccessToken], [t2].[AvatarUrl], [t2].[ChannelId], [t2].[CreatedAt1], [t2].[CreatedBy1], [t2].[ExternalId], [t2].[IsActive], [t2].[IsDeleted1], [t2].[LastSyncedAt], [t2].[Name], [t2].[ParentChannelAccountId], [t2].[ProfileUrl], [t2].[ProjectId0], [t2].[RefreshToken], [t2].[Scope], [t2].[TokenExpiresAt], [t2].[UpdatedAt1], [t2].[UpdatedBy1], [t2].[UserId], [t2].[Code], [t2].[CreatedAt2], [t2].[CreatedBy2], [t2].[Description], [t2].[IconUrl], [t2].[IsActive0], [t2].[IsDeleted2], [t2].[Name0], [t2].[SortOrder], [t2].[UpdatedAt2], [t2].[UpdatedBy2], [t5].[Id], [t5].[ChannelAccountId], [t5].[CreatedAt], [t5].[CreatedBy], [t5].[ExternalPostId], [t5].[IsDeleted], [t5].[PostId], [t5].[PublishedAt], [t5].[PublishedUrl], [t5].[Status], [t5].[UpdatedAt], [t5].[UpdatedBy], [t5].[Id0], [t5].[AccessToken], [t5].[AvatarUrl], [t5].[ChannelId], [t5].[CreatedAt0], [t5].[CreatedBy0], [t5].[ExternalId], [t5].[IsActive], [t5].[IsDeleted0], [t5].[LastSyncedAt], [t5].[Name], [t5].[ParentChannelAccountId], [t5].[ProfileUrl], [t5].[ProjectId], [t5].[RefreshToken], [t5].[Scope], [t5].[TokenExpiresAt], [t5].[UpdatedAt0], [t5].[UpdatedBy0], [t5].[UserId], [t5].[Id1], [t5].[Code], [t5].[CreatedAt1], [t5].[CreatedBy1], [t5].[Description], [t5].[IconUrl], [t5].[IsActive0], [t5].[IsDeleted1], [t5].[Name0], [t5].[SortOrder], [t5].[UpdatedAt1], [t5].[UpdatedBy1], [t8].[Id], [t8].[CreatedAt], [t8].[CreatedBy], [t8].[HashtagId], [t8].[IsDeleted], [t8].[PostId], [t8].[UpdatedAt], [t8].[UpdatedBy], [t8].[Id0], [t8].[CreatedAt0], [t8].[CreatedBy0], [t8].[IsDeleted0], [t8].[Tag], [t8].[UpdatedAt0], [t8].[UpdatedBy0]
FROM (
    SELECT TOP(1) [p].[Id], [p].[ChannelAccountId], [p].[CreatedAt], [p].[CreatedBy], [p].[DayNumber], [p].[ExternalPostId], [p].[IsDeleted], [p].[ProjectId], [p].[PublishedAt], [p].[PublishedUrl], [p].[ScheduledAt], [p].[Status], [p].[TimelineId], [p].[Title], [p].[TrackingEnabled], [p].[UpdatedAt], [p].[UpdatedBy], [p].[VoiceSampleId], [t].[Id] AS [Id0], [t].[CreatedAt] AS [CreatedAt0], [t].[CreatedBy] AS [CreatedBy0], [t].[ExecutedAt], [t].[FailureReason], [t].[IsDeleted] AS [IsDeleted0], [t].[PostChannelAccountId], [t].[PostId], [t].[RetryCount], [t].[ScheduledAt] AS [ScheduledAt0], [t].[Status] AS [Status0], [t].[UpdatedAt] AS [UpdatedAt0], [t].[UpdatedBy] AS [UpdatedBy0], [t0].[Id] AS [Id1], [t0].[AccessToken], [t0].[AvatarUrl], [t0].[ChannelId], [t0].[CreatedAt] AS [CreatedAt1], [t0].[CreatedBy] AS [CreatedBy1], [t0].[ExternalId], [t0].[IsActive], [t0].[IsDeleted] AS [IsDeleted1], [t0].[LastSyncedAt], [t0].[Name], [t0].[ParentChannelAccountId], [t0].[ProfileUrl], [t0].[ProjectId] AS [ProjectId0], [t0].[RefreshToken], [t0].[Scope], [t0].[TokenExpiresAt], [t0].[UpdatedAt] AS [UpdatedAt1], [t0].[UpdatedBy] AS [UpdatedBy1], [t0].[UserId], [t1].[Id] AS [Id2], [t1].[Code], [t1].[CreatedAt] AS [CreatedAt2], [t1].[CreatedBy] AS [CreatedBy2], [t1].[Description], [t1].[IconUrl], [t1].[IsActive] AS [IsActive0], [t1].[IsDeleted] AS [IsDeleted2], [t1].[Name] AS [Name0], [t1].[SortOrder], [t1].[UpdatedAt] AS [UpdatedAt2], [t1].[UpdatedBy] AS [UpdatedBy2]
    FROM [Posts] AS [p]
    LEFT JOIN (
        SELECT [p0].[Id], [p0].[CreatedAt], [p0].[CreatedBy], [p0].[ExecutedAt], [p0].[FailureReason], [p0].[IsDeleted], [p0].[PostChannelAccountId], [p0].[PostId], [p0].[RetryCount], [p0].[ScheduledAt], [p0].[Status], [p0].[UpdatedAt], [p0].[UpdatedBy]
        FROM [PostSchedules] AS [p0]
        WHERE [p0].[IsDeleted] = CAST(0 AS bit)
    ) AS [t] ON [p].[Id] = [t].[PostId]
    LEFT JOIN (
        SELECT [c].[Id], [c].[AccessToken], [c].[AvatarUrl], [c].[ChannelId], [c].[CreatedAt], [c].[CreatedBy], [c].[ExternalId], [c].[IsActive], [c].[IsDeleted], [c].[LastSyncedAt], [c].[Name], [c].[ParentChannelAccountId], [c].[ProfileUrl], [c].[ProjectId], [c].[RefreshToken], [c].[Scope], [c].[TokenExpiresAt], [c].[UpdatedAt], [c].[UpdatedBy], [c].[UserId]
        FROM [ChannelAccounts] AS [c]
        WHERE [c].[IsDeleted] = CAST(0 AS bit)
    ) AS [t0] ON [p].[ChannelAccountId] = [t0].[Id]
    LEFT JOIN (
        SELECT [c0].[Id], [c0].[Code], [c0].[CreatedAt], [c0].[CreatedBy], [c0].[Description], [c0].[IconUrl], [c0].[IsActive], [c0].[IsDeleted], [c0].[Name], [c0].[SortOrder], [c0].[UpdatedAt], [c0].[UpdatedBy]
        FROM [Channels] AS [c0]
        WHERE [c0].[IsDeleted] = CAST(0 AS bit)
    ) AS [t1] ON [t0].[ChannelId] = [t1].[Id]
    WHERE [p].[IsDeleted] = CAST(0 AS bit) AND [p].[Id] = @__id_0
) AS [t2]
LEFT JOIN (
    SELECT [p1].[Id], [p1].[Content], [p1].[ContentType], [p1].[CreatedAt], [p1].[CreatedBy], [p1].[IsDeleted], [p1].[MediaFileId], [p1].[PostId], [p1].[SortOrder], [p1].[UpdatedAt], [p1].[UpdatedBy]
    FROM [PostContents] AS [p1]
    WHERE [p1].[IsDeleted] = CAST(0 AS bit)
) AS [t3] ON [t2].[Id] = [t3].[PostId]
LEFT JOIN (
    SELECT [p2].[Id], [p2].[Action], [p2].[CreatedAt], [p2].[CreatedBy], [p2].[Details], [p2].[IsDeleted], [p2].[Level], [p2].[Message], [p2].[PostId], [p2].[UpdatedAt], [p2].[UpdatedBy]
    FROM [PostLogs] AS [p2]
    WHERE [p2].[IsDeleted] = CAST(0 AS bit)
) AS [t4] ON [t2].[Id] = [t4].[PostId]
LEFT JOIN (
    SELECT [p3].[Id], [p3].[ChannelAccountId], [p3].[CreatedAt], [p3].[CreatedBy], [p3].[ExternalPostId], [p3].[IsDeleted], [p3].[PostId], [p3].[PublishedAt], [p3].[PublishedUrl], [p3].[Status], [p3].[UpdatedAt], [p3].[UpdatedBy], [t6].[Id] AS [Id0], [t6].[AccessToken], [t6].[AvatarUrl], [t6].[ChannelId], [t6].[CreatedAt] AS [CreatedAt0], [t6].[CreatedBy] AS [CreatedBy0], [t6].[ExternalId], [t6].[IsActive], [t6].[IsDeleted] AS [IsDeleted0], [t6].[LastSyncedAt], [t6].[Name], [t6].[ParentChannelAccountId], [t6].[ProfileUrl], [t6].[ProjectId], [t6].[RefreshToken], [t6].[Scope], [t6].[TokenExpiresAt], [t6].[UpdatedAt] AS [UpdatedAt0], [t6].[UpdatedBy] AS [UpdatedBy0], [t6].[UserId], [t7].[Id] AS [Id1], [t7].[Code], [t7].[CreatedAt] AS [CreatedAt1], [t7].[CreatedBy] AS [CreatedBy1], [t7].[Description], [t7].[IconUrl], [t7].[IsActive] AS [IsActive0], [t7].[IsDeleted] AS [IsDeleted1], [t7].[Name] AS [Name0], [t7].[SortOrder], [t7].[UpdatedAt] AS [UpdatedAt1], [t7].[UpdatedBy] AS [UpdatedBy1]
    FROM [PostChannelAccounts] AS [p3]
    INNER JOIN (
        SELECT [c1].[Id], [c1].[AccessToken], [c1].[AvatarUrl], [c1].[ChannelId], [c1].[CreatedAt], [c1].[CreatedBy], [c1].[ExternalId], [c1].[IsActive], [c1].[IsDeleted], [c1].[LastSyncedAt], [c1].[Name], [c1].[ParentChannelAccountId], [c1].[ProfileUrl], [c1].[ProjectId], [c1].[RefreshToken], [c1].[Scope], [c1].[TokenExpiresAt], [c1].[UpdatedAt], [c1].[UpdatedBy], [c1].[UserId]
        FROM [ChannelAccounts] AS [c1]
        WHERE [c1].[IsDeleted] = CAST(0 AS bit)
    ) AS [t6] ON [p3].[ChannelAccountId] = [t6].[Id]
    INNER JOIN (
        SELECT [c2].[Id], [c2].[Code], [c2].[CreatedAt], [c2].[CreatedBy], [c2].[Description], [c2].[IconUrl], [c2].[IsActive], [c2].[IsDeleted], [c2].[Name], [c2].[SortOrder], [c2].[UpdatedAt], [c2].[UpdatedBy]
        FROM [Channels] AS [c2]
        WHERE [c2].[IsDeleted] = CAST(0 AS bit)
    ) AS [t7] ON [t6].[ChannelId] = [t7].[Id]
    WHERE [p3].[IsDeleted] = CAST(0 AS bit)
) AS [t5] ON [t2].[Id] = [t5].[PostId]
LEFT JOIN (
    SELECT [p4].[Id], [p4].[CreatedAt], [p4].[CreatedBy], [p4].[HashtagId], [p4].[IsDeleted], [p4].[PostId], [p4].[UpdatedAt], [p4].[UpdatedBy], [t9].[Id] AS [Id0], [t9].[CreatedAt] AS [CreatedAt0], [t9].[CreatedBy] AS [CreatedBy0], [t9].[IsDeleted] AS [IsDeleted0], [t9].[Tag], [t9].[UpdatedAt] AS [UpdatedAt0], [t9].[UpdatedBy] AS [UpdatedBy0]
    FROM [PostHashtags] AS [p4]
    INNER JOIN (
        SELECT [h].[Id], [h].[CreatedAt], [h].[CreatedBy], [h].[IsDeleted], [h].[Tag], [h].[UpdatedAt], [h].[UpdatedBy]
        FROM [Hashtags] AS [h]
        WHERE [h].[IsDeleted] = CAST(0 AS bit)
    ) AS [t9] ON [p4].[HashtagId] = [t9].[Id]
    WHERE [p4].[IsDeleted] = CAST(0 AS bit)
) AS [t8] ON [t2].[Id] = [t8].[PostId]
ORDER BY [t2].[Id], [t2].[Id0], [t2].[Id1], [t2].[Id2], [t3].[Id], [t4].[Id], [t5].[Id], [t5].[Id0], [t5].[Id1], [t8].[Id]
2026-07-22 19:34:53.742 +07:00 [ERR] An exception occurred while iterating over the results of a query for context type 'AutoWork.Persistence.Context.ApplicationDbContext'.
Microsoft.Data.SqlClient.SqlException (0x80131904): Invalid column name 'IsDeleted'.
Invalid column name 'Id'.
Invalid column name 'CreatedAt'.
Invalid column name 'CreatedBy'.
Invalid column name 'IsDeleted'.
Invalid column name 'UpdatedAt'.
Invalid column name 'UpdatedBy'.
   at Microsoft.Data.SqlClient.SqlCommand.<>c.<ExecuteDbDataReaderAsync>b__211_0(Task`1 result)
   at System.Threading.Tasks.ContinuationResultTaskFromResultTask`2.InnerInvoke()
   at System.Threading.ExecutionContext.RunInternal(ExecutionContext executionContext, ContextCallback callback, Object state)
--- End of stack trace from previous location ---
   at System.Threading.ExecutionContext.RunInternal(ExecutionContext executionContext, ContextCallback callback, Object state)
   at System.Threading.Tasks.Task.ExecuteWithThreadLocal(Task& currentTaskSlot, Thread threadPoolThread)
--- End of stack trace from previous location ---
   at Microsoft.EntityFrameworkCore.Storage.RelationalCommand.ExecuteReaderAsync(RelationalCommandParameterObject parameterObject, CancellationToken cancellationToken)
   at Microsoft.EntityFrameworkCore.Storage.RelationalCommand.ExecuteReaderAsync(RelationalCommandParameterObject parameterObject, CancellationToken cancellationToken)
   at Microsoft.EntityFrameworkCore.Query.Internal.SingleQueryingEnumerable`1.AsyncEnumerator.InitializeReaderAsync(AsyncEnumerator enumerator, CancellationToken cancellationToken)
   at Microsoft.EntityFrameworkCore.Storage.ExecutionStrategy.<>c__DisplayClass30_0`2.<<ExecuteAsync>b__0>d.MoveNext()
--- End of stack trace from previous location ---
   at Microsoft.EntityFrameworkCore.Storage.ExecutionStrategy.ExecuteImplementationAsync[TState,TResult](Func`4 operation, Func`4 verifySucceeded, TState state, CancellationToken cancellationToken)
   at Microsoft.EntityFrameworkCore.Storage.ExecutionStrategy.ExecuteImplementationAsync[TState,TResult](Func`4 operation, Func`4 verifySucceeded, TState state, CancellationToken cancellationToken)
   at Microsoft.EntityFrameworkCore.Storage.ExecutionStrategy.ExecuteAsync[TState,TResult](TState state, Func`4 operation, Func`4 verifySucceeded, CancellationToken cancellationToken)
   at Microsoft.EntityFrameworkCore.Query.Internal.SingleQueryingEnumerable`1.AsyncEnumerator.MoveNextAsync()
ClientConnectionId:f25c6441-3027-4cd5-a006-50b797b7d1b8
Error Number:207,State:1,Class:16
Microsoft.Data.SqlClient.SqlException (0x80131904): Invalid column name 'IsDeleted'.
Invalid column name 'Id'.
Invalid column name 'CreatedAt'.
Invalid column name 'CreatedBy'.
Invalid column name 'IsDeleted'.
Invalid column name 'UpdatedAt'.
Invalid column name 'UpdatedBy'.
   at Microsoft.Data.SqlClient.SqlCommand.<>c.<ExecuteDbDataReaderAsync>b__211_0(Task`1 result)
   at System.Threading.Tasks.ContinuationResultTaskFromResultTask`2.InnerInvoke()
   at System.Threading.ExecutionContext.RunInternal(ExecutionContext executionContext, ContextCallback callback, Object state)
--- End of stack trace from previous location ---
   at System.Threading.ExecutionContext.RunInternal(ExecutionContext executionContext, ContextCallback callback, Object state)
   at System.Threading.Tasks.Task.ExecuteWithThreadLocal(Task& currentTaskSlot, Thread threadPoolThread)
--- End of stack trace from previous location ---
   at Microsoft.EntityFrameworkCore.Storage.RelationalCommand.ExecuteReaderAsync(RelationalCommandParameterObject parameterObject, CancellationToken cancellationToken)
   at Microsoft.EntityFrameworkCore.Storage.RelationalCommand.ExecuteReaderAsync(RelationalCommandParameterObject parameterObject, CancellationToken cancellationToken)
   at Microsoft.EntityFrameworkCore.Query.Internal.SingleQueryingEnumerable`1.AsyncEnumerator.InitializeReaderAsync(AsyncEnumerator enumerator, CancellationToken cancellationToken)
   at Microsoft.EntityFrameworkCore.Storage.ExecutionStrategy.<>c__DisplayClass30_0`2.<<ExecuteAsync>b__0>d.MoveNext()
--- End of stack trace from previous location ---
   at Microsoft.EntityFrameworkCore.Storage.ExecutionStrategy.ExecuteImplementationAsync[TState,TResult](Func`4 operation, Func`4 verifySucceeded, TState state, CancellationToken cancellationToken)
   at Microsoft.EntityFrameworkCore.Storage.ExecutionStrategy.ExecuteImplementationAsync[TState,TResult](Func`4 operation, Func`4 verifySucceeded, TState state, CancellationToken cancellationToken)
   at Microsoft.EntityFrameworkCore.Storage.ExecutionStrategy.ExecuteAsync[TState,TResult](TState state, Func`4 operation, Func`4 verifySucceeded, CancellationToken cancellationToken)
   at Microsoft.EntityFrameworkCore.Query.Internal.SingleQueryingEnumerable`1.AsyncEnumerator.MoveNextAsync()
ClientConnectionId:f25c6441-3027-4cd5-a006-50b797b7d1b8
Error Number:207,State:1,Class:16
2026-07-22 19:34:54.080 +07:00 [WRN] Failed to process the job '190': an exception occurred. Retry attempt 3 of 10 will be performed in 00:01:40.
Microsoft.Data.SqlClient.SqlException (0x80131904): Invalid column name 'IsDeleted'.
Invalid column name 'Id'.
Invalid column name 'CreatedAt'.
Invalid column name 'CreatedBy'.
Invalid column name 'IsDeleted'.
Invalid column name 'UpdatedAt'.
Invalid column name 'UpdatedBy'.
   at Microsoft.Data.SqlClient.SqlCommand.<>c.<ExecuteDbDataReaderAsync>b__211_0(Task`1 result)
   at System.Threading.Tasks.ContinuationResultTaskFromResultTask`2.InnerInvoke()
   at System.Threading.ExecutionContext.RunInternal(ExecutionContext executionContext, ContextCallback callback, Object state)
--- End of stack trace from previous location ---
   at System.Threading.ExecutionContext.RunInternal(ExecutionContext executionContext, ContextCallback callback, Object state)
   at System.Threading.Tasks.Task.ExecuteWithThreadLocal(Task& currentTaskSlot, Thread threadPoolThread)
--- End of stack trace from previous location ---
   at Microsoft.EntityFrameworkCore.Storage.RelationalCommand.ExecuteReaderAsync(RelationalCommandParameterObject parameterObject, CancellationToken cancellationToken)
   at Microsoft.EntityFrameworkCore.Storage.RelationalCommand.ExecuteReaderAsync(RelationalCommandParameterObject parameterObject, CancellationToken cancellationToken)
   at Microsoft.EntityFrameworkCore.Query.Internal.SingleQueryingEnumerable`1.AsyncEnumerator.InitializeReaderAsync(AsyncEnumerator enumerator, CancellationToken cancellationToken)
   at Microsoft.EntityFrameworkCore.Storage.ExecutionStrategy.<>c__DisplayClass30_0`2.<<ExecuteAsync>b__0>d.MoveNext()
--- End of stack trace from previous location ---
   at Microsoft.EntityFrameworkCore.Storage.ExecutionStrategy.ExecuteImplementationAsync[TState,TResult](Func`4 operation, Func`4 verifySucceeded, TState state, CancellationToken cancellationToken)
   at Microsoft.EntityFrameworkCore.Storage.ExecutionStrategy.ExecuteImplementationAsync[TState,TResult](Func`4 operation, Func`4 verifySucceeded, TState state, CancellationToken cancellationToken)
   at Microsoft.EntityFrameworkCore.Storage.ExecutionStrategy.ExecuteAsync[TState,TResult](TState state, Func`4 operation, Func`4 verifySucceeded, CancellationToken cancellationToken)
   at Microsoft.EntityFrameworkCore.Query.Internal.SingleQueryingEnumerable`1.AsyncEnumerator.MoveNextAsync()
   at Microsoft.EntityFrameworkCore.Query.ShapedQueryCompilingExpressionVisitor.SingleOrDefaultAsync[TSource](IAsyncEnumerable`1 asyncEnumerable, CancellationToken cancellationToken)
   at Microsoft.EntityFrameworkCore.Query.ShapedQueryCompilingExpressionVisitor.SingleOrDefaultAsync[TSource](IAsyncEnumerable`1 asyncEnumerable, CancellationToken cancellationToken)
   at AutoWork.Persistence.Repositories.PostRepository.GetByIdWithDetailsAsync(Guid id, CancellationToken cancellationToken) in D:\EXE01\AIMarketingAssistant\src\AutoWork.Persistence\Repositories\PostRepository.cs:line 16
   at AutoWork.Infrastructure.Jobs.PublishPostJob.ExecuteAsync(Guid postId, CancellationToken cancellationToken) in D:\EXE01\AIMarketingAssistant\src\AutoWork.Infrastructure\Jobs\PublishPostJob.cs:line 26
   at InvokeStub_TaskAwaiter.GetResult(Object, Object, IntPtr*)
   at System.Reflection.MethodBaseInvoker.InvokeWithNoArgs(Object obj, BindingFlags invokeAttr)
ClientConnectionId:f25c6441-3027-4cd5-a006-50b797b7d1b8
Error Number:207,State:1,Class:16
2026-07-22 19:35:07.457 +07:00 [INF] Executed DbCommand (2ms) [Parameters=[@__before_0='?' (DbType = DateTime2)], CommandType='"Text"', CommandTimeout='30']
SELECT [p].[Id], [p].[CreatedAt], [p].[CreatedBy], [p].[ExecutedAt], [p].[FailureReason], [p].[IsDeleted], [p].[PostChannelAccountId], [p].[PostId], [p].[RetryCount], [p].[ScheduledAt], [p].[Status], [p].[UpdatedAt], [p].[UpdatedBy], [t].[Id], [t].[ChannelAccountId], [t].[CreatedAt], [t].[CreatedBy], [t].[DayNumber], [t].[ExternalPostId], [t].[IsDeleted], [t].[ProjectId], [t].[PublishedAt], [t].[PublishedUrl], [t].[ScheduledAt], [t].[Status], [t].[TimelineId], [t].[Title], [t].[TrackingEnabled], [t].[UpdatedAt], [t].[UpdatedBy], [t].[VoiceSampleId], [t0].[Id], [t0].[Content], [t0].[ContentType], [t0].[CreatedAt], [t0].[CreatedBy], [t0].[IsDeleted], [t0].[MediaFileId], [t0].[PostId], [t0].[SortOrder], [t0].[UpdatedAt], [t0].[UpdatedBy]
FROM [PostSchedules] AS [p]
INNER JOIN (
    SELECT [p0].[Id], [p0].[ChannelAccountId], [p0].[CreatedAt], [p0].[CreatedBy], [p0].[DayNumber], [p0].[ExternalPostId], [p0].[IsDeleted], [p0].[ProjectId], [p0].[PublishedAt], [p0].[PublishedUrl], [p0].[ScheduledAt], [p0].[Status], [p0].[TimelineId], [p0].[Title], [p0].[TrackingEnabled], [p0].[UpdatedAt], [p0].[UpdatedBy], [p0].[VoiceSampleId]
    FROM [Posts] AS [p0]
    WHERE [p0].[IsDeleted] = CAST(0 AS bit)
) AS [t] ON [p].[PostId] = [t].[Id]
LEFT JOIN (
    SELECT [p1].[Id], [p1].[Content], [p1].[ContentType], [p1].[CreatedAt], [p1].[CreatedBy], [p1].[IsDeleted], [p1].[MediaFileId], [p1].[PostId], [p1].[SortOrder], [p1].[UpdatedAt], [p1].[UpdatedBy]
    FROM [PostContents] AS [p1]
    WHERE [p1].[IsDeleted] = CAST(0 AS bit)
) AS [t0] ON [t].[Id] = [t0].[PostId]
WHERE [p].[IsDeleted] = CAST(0 AS bit) AND [p].[Status] = 0 AND [p].[ScheduledAt] <= @__before_0
ORDER BY [p].[ScheduledAt], [p].[Id], [t].[Id]
2026-07-22 19:36:07.490 +07:00 [INF] Executed DbCommand (2ms) [Parameters=[@__before_0='?' (DbType = DateTime2)], CommandType='"Text"', CommandTimeout='30']
SELECT [p].[Id], [p].[CreatedAt], [p].[CreatedBy], [p].[ExecutedAt], [p].[FailureReason], [p].[IsDeleted], [p].[PostChannelAccountId], [p].[PostId], [p].[RetryCount], [p].[ScheduledAt], [p].[Status], [p].[UpdatedAt], [p].[UpdatedBy], [t].[Id], [t].[ChannelAccountId], [t].[CreatedAt], [t].[CreatedBy], [t].[DayNumber], [t].[ExternalPostId], [t].[IsDeleted], [t].[ProjectId], [t].[PublishedAt], [t].[PublishedUrl], [t].[ScheduledAt], [t].[Status], [t].[TimelineId], [t].[Title], [t].[TrackingEnabled], [t].[UpdatedAt], [t].[UpdatedBy], [t].[VoiceSampleId], [t0].[Id], [t0].[Content], [t0].[ContentType], [t0].[CreatedAt], [t0].[CreatedBy], [t0].[IsDeleted], [t0].[MediaFileId], [t0].[PostId], [t0].[SortOrder], [t0].[UpdatedAt], [t0].[UpdatedBy]
FROM [PostSchedules] AS [p]
INNER JOIN (
    SELECT [p0].[Id], [p0].[ChannelAccountId], [p0].[CreatedAt], [p0].[CreatedBy], [p0].[DayNumber], [p0].[ExternalPostId], [p0].[IsDeleted], [p0].[ProjectId], [p0].[PublishedAt], [p0].[PublishedUrl], [p0].[ScheduledAt], [p0].[Status], [p0].[TimelineId], [p0].[Title], [p0].[TrackingEnabled], [p0].[UpdatedAt], [p0].[UpdatedBy], [p0].[VoiceSampleId]
    FROM [Posts] AS [p0]
    WHERE [p0].[IsDeleted] = CAST(0 AS bit)
) AS [t] ON [p].[PostId] = [t].[Id]
LEFT JOIN (
    SELECT [p1].[Id], [p1].[Content], [p1].[ContentType], [p1].[CreatedAt], [p1].[CreatedBy], [p1].[IsDeleted], [p1].[MediaFileId], [p1].[PostId], [p1].[SortOrder], [p1].[UpdatedAt], [p1].[UpdatedBy]
    FROM [PostContents] AS [p1]
    WHERE [p1].[IsDeleted] = CAST(0 AS bit)
) AS [t0] ON [t].[Id] = [t0].[PostId]
WHERE [p].[IsDeleted] = CAST(0 AS bit) AND [p].[Status] = 0 AND [p].[ScheduledAt] <= @__before_0
ORDER BY [p].[ScheduledAt], [p].[Id], [t].[Id]
2026-07-22 19:36:37.719 +07:00 [ERR] Failed executing DbCommand (105ms) [Parameters=[@__id_0='?' (DbType = Guid)], CommandType='"Text"', CommandTimeout='30']
SELECT [t2].[Id], [t2].[ChannelAccountId], [t2].[CreatedAt], [t2].[CreatedBy], [t2].[DayNumber], [t2].[ExternalPostId], [t2].[IsDeleted], [t2].[ProjectId], [t2].[PublishedAt], [t2].[PublishedUrl], [t2].[ScheduledAt], [t2].[Status], [t2].[TimelineId], [t2].[Title], [t2].[TrackingEnabled], [t2].[UpdatedAt], [t2].[UpdatedBy], [t2].[VoiceSampleId], [t2].[Id0], [t2].[Id1], [t2].[Id2], [t3].[Id], [t3].[Content], [t3].[ContentType], [t3].[CreatedAt], [t3].[CreatedBy], [t3].[IsDeleted], [t3].[MediaFileId], [t3].[PostId], [t3].[SortOrder], [t3].[UpdatedAt], [t3].[UpdatedBy], [t2].[CreatedAt0], [t2].[CreatedBy0], [t2].[ExecutedAt], [t2].[FailureReason], [t2].[IsDeleted0], [t2].[PostChannelAccountId], [t2].[PostId], [t2].[RetryCount], [t2].[ScheduledAt0], [t2].[Status0], [t2].[UpdatedAt0], [t2].[UpdatedBy0], [t4].[Id], [t4].[Action], [t4].[CreatedAt], [t4].[CreatedBy], [t4].[Details], [t4].[IsDeleted], [t4].[Level], [t4].[Message], [t4].[PostId], [t4].[UpdatedAt], [t4].[UpdatedBy], [t2].[AccessToken], [t2].[AvatarUrl], [t2].[ChannelId], [t2].[CreatedAt1], [t2].[CreatedBy1], [t2].[ExternalId], [t2].[IsActive], [t2].[IsDeleted1], [t2].[LastSyncedAt], [t2].[Name], [t2].[ParentChannelAccountId], [t2].[ProfileUrl], [t2].[ProjectId0], [t2].[RefreshToken], [t2].[Scope], [t2].[TokenExpiresAt], [t2].[UpdatedAt1], [t2].[UpdatedBy1], [t2].[UserId], [t2].[Code], [t2].[CreatedAt2], [t2].[CreatedBy2], [t2].[Description], [t2].[IconUrl], [t2].[IsActive0], [t2].[IsDeleted2], [t2].[Name0], [t2].[SortOrder], [t2].[UpdatedAt2], [t2].[UpdatedBy2], [t5].[Id], [t5].[ChannelAccountId], [t5].[CreatedAt], [t5].[CreatedBy], [t5].[ExternalPostId], [t5].[IsDeleted], [t5].[PostId], [t5].[PublishedAt], [t5].[PublishedUrl], [t5].[Status], [t5].[UpdatedAt], [t5].[UpdatedBy], [t5].[Id0], [t5].[AccessToken], [t5].[AvatarUrl], [t5].[ChannelId], [t5].[CreatedAt0], [t5].[CreatedBy0], [t5].[ExternalId], [t5].[IsActive], [t5].[IsDeleted0], [t5].[LastSyncedAt], [t5].[Name], [t5].[ParentChannelAccountId], [t5].[ProfileUrl], [t5].[ProjectId], [t5].[RefreshToken], [t5].[Scope], [t5].[TokenExpiresAt], [t5].[UpdatedAt0], [t5].[UpdatedBy0], [t5].[UserId], [t5].[Id1], [t5].[Code], [t5].[CreatedAt1], [t5].[CreatedBy1], [t5].[Description], [t5].[IconUrl], [t5].[IsActive0], [t5].[IsDeleted1], [t5].[Name0], [t5].[SortOrder], [t5].[UpdatedAt1], [t5].[UpdatedBy1], [t8].[Id], [t8].[CreatedAt], [t8].[CreatedBy], [t8].[HashtagId], [t8].[IsDeleted], [t8].[PostId], [t8].[UpdatedAt], [t8].[UpdatedBy], [t8].[Id0], [t8].[CreatedAt0], [t8].[CreatedBy0], [t8].[IsDeleted0], [t8].[Tag], [t8].[UpdatedAt0], [t8].[UpdatedBy0]
FROM (
    SELECT TOP(1) [p].[Id], [p].[ChannelAccountId], [p].[CreatedAt], [p].[CreatedBy], [p].[DayNumber], [p].[ExternalPostId], [p].[IsDeleted], [p].[ProjectId], [p].[PublishedAt], [p].[PublishedUrl], [p].[ScheduledAt], [p].[Status], [p].[TimelineId], [p].[Title], [p].[TrackingEnabled], [p].[UpdatedAt], [p].[UpdatedBy], [p].[VoiceSampleId], [t].[Id] AS [Id0], [t].[CreatedAt] AS [CreatedAt0], [t].[CreatedBy] AS [CreatedBy0], [t].[ExecutedAt], [t].[FailureReason], [t].[IsDeleted] AS [IsDeleted0], [t].[PostChannelAccountId], [t].[PostId], [t].[RetryCount], [t].[ScheduledAt] AS [ScheduledAt0], [t].[Status] AS [Status0], [t].[UpdatedAt] AS [UpdatedAt0], [t].[UpdatedBy] AS [UpdatedBy0], [t0].[Id] AS [Id1], [t0].[AccessToken], [t0].[AvatarUrl], [t0].[ChannelId], [t0].[CreatedAt] AS [CreatedAt1], [t0].[CreatedBy] AS [CreatedBy1], [t0].[ExternalId], [t0].[IsActive], [t0].[IsDeleted] AS [IsDeleted1], [t0].[LastSyncedAt], [t0].[Name], [t0].[ParentChannelAccountId], [t0].[ProfileUrl], [t0].[ProjectId] AS [ProjectId0], [t0].[RefreshToken], [t0].[Scope], [t0].[TokenExpiresAt], [t0].[UpdatedAt] AS [UpdatedAt1], [t0].[UpdatedBy] AS [UpdatedBy1], [t0].[UserId], [t1].[Id] AS [Id2], [t1].[Code], [t1].[CreatedAt] AS [CreatedAt2], [t1].[CreatedBy] AS [CreatedBy2], [t1].[Description], [t1].[IconUrl], [t1].[IsActive] AS [IsActive0], [t1].[IsDeleted] AS [IsDeleted2], [t1].[Name] AS [Name0], [t1].[SortOrder], [t1].[UpdatedAt] AS [UpdatedAt2], [t1].[UpdatedBy] AS [UpdatedBy2]
    FROM [Posts] AS [p]
    LEFT JOIN (
        SELECT [p0].[Id], [p0].[CreatedAt], [p0].[CreatedBy], [p0].[ExecutedAt], [p0].[FailureReason], [p0].[IsDeleted], [p0].[PostChannelAccountId], [p0].[PostId], [p0].[RetryCount], [p0].[ScheduledAt], [p0].[Status], [p0].[UpdatedAt], [p0].[UpdatedBy]
        FROM [PostSchedules] AS [p0]
        WHERE [p0].[IsDeleted] = CAST(0 AS bit)
    ) AS [t] ON [p].[Id] = [t].[PostId]
    LEFT JOIN (
        SELECT [c].[Id], [c].[AccessToken], [c].[AvatarUrl], [c].[ChannelId], [c].[CreatedAt], [c].[CreatedBy], [c].[ExternalId], [c].[IsActive], [c].[IsDeleted], [c].[LastSyncedAt], [c].[Name], [c].[ParentChannelAccountId], [c].[ProfileUrl], [c].[ProjectId], [c].[RefreshToken], [c].[Scope], [c].[TokenExpiresAt], [c].[UpdatedAt], [c].[UpdatedBy], [c].[UserId]
        FROM [ChannelAccounts] AS [c]
        WHERE [c].[IsDeleted] = CAST(0 AS bit)
    ) AS [t0] ON [p].[ChannelAccountId] = [t0].[Id]
    LEFT JOIN (
        SELECT [c0].[Id], [c0].[Code], [c0].[CreatedAt], [c0].[CreatedBy], [c0].[Description], [c0].[IconUrl], [c0].[IsActive], [c0].[IsDeleted], [c0].[Name], [c0].[SortOrder], [c0].[UpdatedAt], [c0].[UpdatedBy]
        FROM [Channels] AS [c0]
        WHERE [c0].[IsDeleted] = CAST(0 AS bit)
    ) AS [t1] ON [t0].[ChannelId] = [t1].[Id]
    WHERE [p].[IsDeleted] = CAST(0 AS bit) AND [p].[Id] = @__id_0
) AS [t2]
LEFT JOIN (
    SELECT [p1].[Id], [p1].[Content], [p1].[ContentType], [p1].[CreatedAt], [p1].[CreatedBy], [p1].[IsDeleted], [p1].[MediaFileId], [p1].[PostId], [p1].[SortOrder], [p1].[UpdatedAt], [p1].[UpdatedBy]
    FROM [PostContents] AS [p1]
    WHERE [p1].[IsDeleted] = CAST(0 AS bit)
) AS [t3] ON [t2].[Id] = [t3].[PostId]
LEFT JOIN (
    SELECT [p2].[Id], [p2].[Action], [p2].[CreatedAt], [p2].[CreatedBy], [p2].[Details], [p2].[IsDeleted], [p2].[Level], [p2].[Message], [p2].[PostId], [p2].[UpdatedAt], [p2].[UpdatedBy]
    FROM [PostLogs] AS [p2]
    WHERE [p2].[IsDeleted] = CAST(0 AS bit)
) AS [t4] ON [t2].[Id] = [t4].[PostId]
LEFT JOIN (
    SELECT [p3].[Id], [p3].[ChannelAccountId], [p3].[CreatedAt], [p3].[CreatedBy], [p3].[ExternalPostId], [p3].[IsDeleted], [p3].[PostId], [p3].[PublishedAt], [p3].[PublishedUrl], [p3].[Status], [p3].[UpdatedAt], [p3].[UpdatedBy], [t6].[Id] AS [Id0], [t6].[AccessToken], [t6].[AvatarUrl], [t6].[ChannelId], [t6].[CreatedAt] AS [CreatedAt0], [t6].[CreatedBy] AS [CreatedBy0], [t6].[ExternalId], [t6].[IsActive], [t6].[IsDeleted] AS [IsDeleted0], [t6].[LastSyncedAt], [t6].[Name], [t6].[ParentChannelAccountId], [t6].[ProfileUrl], [t6].[ProjectId], [t6].[RefreshToken], [t6].[Scope], [t6].[TokenExpiresAt], [t6].[UpdatedAt] AS [UpdatedAt0], [t6].[UpdatedBy] AS [UpdatedBy0], [t6].[UserId], [t7].[Id] AS [Id1], [t7].[Code], [t7].[CreatedAt] AS [CreatedAt1], [t7].[CreatedBy] AS [CreatedBy1], [t7].[Description], [t7].[IconUrl], [t7].[IsActive] AS [IsActive0], [t7].[IsDeleted] AS [IsDeleted1], [t7].[Name] AS [Name0], [t7].[SortOrder], [t7].[UpdatedAt] AS [UpdatedAt1], [t7].[UpdatedBy] AS [UpdatedBy1]
    FROM [PostChannelAccounts] AS [p3]
    INNER JOIN (
        SELECT [c1].[Id], [c1].[AccessToken], [c1].[AvatarUrl], [c1].[ChannelId], [c1].[CreatedAt], [c1].[CreatedBy], [c1].[ExternalId], [c1].[IsActive], [c1].[IsDeleted], [c1].[LastSyncedAt], [c1].[Name], [c1].[ParentChannelAccountId], [c1].[ProfileUrl], [c1].[ProjectId], [c1].[RefreshToken], [c1].[Scope], [c1].[TokenExpiresAt], [c1].[UpdatedAt], [c1].[UpdatedBy], [c1].[UserId]
        FROM [ChannelAccounts] AS [c1]
        WHERE [c1].[IsDeleted] = CAST(0 AS bit)
    ) AS [t6] ON [p3].[ChannelAccountId] = [t6].[Id]
    INNER JOIN (
        SELECT [c2].[Id], [c2].[Code], [c2].[CreatedAt], [c2].[CreatedBy], [c2].[Description], [c2].[IconUrl], [c2].[IsActive], [c2].[IsDeleted], [c2].[Name], [c2].[SortOrder], [c2].[UpdatedAt], [c2].[UpdatedBy]
        FROM [Channels] AS [c2]
        WHERE [c2].[IsDeleted] = CAST(0 AS bit)
    ) AS [t7] ON [t6].[ChannelId] = [t7].[Id]
    WHERE [p3].[IsDeleted] = CAST(0 AS bit)
) AS [t5] ON [t2].[Id] = [t5].[PostId]
LEFT JOIN (
    SELECT [p4].[Id], [p4].[CreatedAt], [p4].[CreatedBy], [p4].[HashtagId], [p4].[IsDeleted], [p4].[PostId], [p4].[UpdatedAt], [p4].[UpdatedBy], [t9].[Id] AS [Id0], [t9].[CreatedAt] AS [CreatedAt0], [t9].[CreatedBy] AS [CreatedBy0], [t9].[IsDeleted] AS [IsDeleted0], [t9].[Tag], [t9].[UpdatedAt] AS [UpdatedAt0], [t9].[UpdatedBy] AS [UpdatedBy0]
    FROM [PostHashtags] AS [p4]
    INNER JOIN (
        SELECT [h].[Id], [h].[CreatedAt], [h].[CreatedBy], [h].[IsDeleted], [h].[Tag], [h].[UpdatedAt], [h].[UpdatedBy]
        FROM [Hashtags] AS [h]
        WHERE [h].[IsDeleted] = CAST(0 AS bit)
    ) AS [t9] ON [p4].[HashtagId] = [t9].[Id]
    WHERE [p4].[IsDeleted] = CAST(0 AS bit)
) AS [t8] ON [t2].[Id] = [t8].[PostId]
ORDER BY [t2].[Id], [t2].[Id0], [t2].[Id1], [t2].[Id2], [t3].[Id], [t4].[Id], [t5].[Id], [t5].[Id0], [t5].[Id1], [t8].[Id]
2026-07-22 19:36:37.869 +07:00 [ERR] An exception occurred while iterating over the results of a query for context type 'AutoWork.Persistence.Context.ApplicationDbContext'.
Microsoft.Data.SqlClient.SqlException (0x80131904): Invalid column name 'IsDeleted'.
Invalid column name 'Id'.
Invalid column name 'CreatedAt'.
Invalid column name 'CreatedBy'.
Invalid column name 'IsDeleted'.
Invalid column name 'UpdatedAt'.
Invalid column name 'UpdatedBy'.
   at Microsoft.Data.SqlClient.SqlCommand.<>c.<ExecuteDbDataReaderAsync>b__211_0(Task`1 result)
   at System.Threading.Tasks.ContinuationResultTaskFromResultTask`2.InnerInvoke()
   at System.Threading.ExecutionContext.RunInternal(ExecutionContext executionContext, ContextCallback callback, Object state)
--- End of stack trace from previous location ---
   at System.Threading.ExecutionContext.RunInternal(ExecutionContext executionContext, ContextCallback callback, Object state)
   at System.Threading.Tasks.Task.ExecuteWithThreadLocal(Task& currentTaskSlot, Thread threadPoolThread)
--- End of stack trace from previous location ---
   at Microsoft.EntityFrameworkCore.Storage.RelationalCommand.ExecuteReaderAsync(RelationalCommandParameterObject parameterObject, CancellationToken cancellationToken)
   at Microsoft.EntityFrameworkCore.Storage.RelationalCommand.ExecuteReaderAsync(RelationalCommandParameterObject parameterObject, CancellationToken cancellationToken)
   at Microsoft.EntityFrameworkCore.Query.Internal.SingleQueryingEnumerable`1.AsyncEnumerator.InitializeReaderAsync(AsyncEnumerator enumerator, CancellationToken cancellationToken)
   at Microsoft.EntityFrameworkCore.Storage.ExecutionStrategy.<>c__DisplayClass30_0`2.<<ExecuteAsync>b__0>d.MoveNext()
--- End of stack trace from previous location ---
   at Microsoft.EntityFrameworkCore.Storage.ExecutionStrategy.ExecuteImplementationAsync[TState,TResult](Func`4 operation, Func`4 verifySucceeded, TState state, CancellationToken cancellationToken)
   at Microsoft.EntityFrameworkCore.Storage.ExecutionStrategy.ExecuteImplementationAsync[TState,TResult](Func`4 operation, Func`4 verifySucceeded, TState state, CancellationToken cancellationToken)
   at Microsoft.EntityFrameworkCore.Storage.ExecutionStrategy.ExecuteAsync[TState,TResult](TState state, Func`4 operation, Func`4 verifySucceeded, CancellationToken cancellationToken)
   at Microsoft.EntityFrameworkCore.Query.Internal.SingleQueryingEnumerable`1.AsyncEnumerator.MoveNextAsync()
ClientConnectionId:3413c715-d4f1-4bc5-ab07-30869b4c53f9
Error Number:207,State:1,Class:16
Microsoft.Data.SqlClient.SqlException (0x80131904): Invalid column name 'IsDeleted'.
Invalid column name 'Id'.
Invalid column name 'CreatedAt'.
Invalid column name 'CreatedBy'.
Invalid column name 'IsDeleted'.
Invalid column name 'UpdatedAt'.
Invalid column name 'UpdatedBy'.
   at Microsoft.Data.SqlClient.SqlCommand.<>c.<ExecuteDbDataReaderAsync>b__211_0(Task`1 result)
   at System.Threading.Tasks.ContinuationResultTaskFromResultTask`2.InnerInvoke()
   at System.Threading.ExecutionContext.RunInternal(ExecutionContext executionContext, ContextCallback callback, Object state)
--- End of stack trace from previous location ---
   at System.Threading.ExecutionContext.RunInternal(ExecutionContext executionContext, ContextCallback callback, Object state)
   at System.Threading.Tasks.Task.ExecuteWithThreadLocal(Task& currentTaskSlot, Thread threadPoolThread)
--- End of stack trace from previous location ---
   at Microsoft.EntityFrameworkCore.Storage.RelationalCommand.ExecuteReaderAsync(RelationalCommandParameterObject parameterObject, CancellationToken cancellationToken)
   at Microsoft.EntityFrameworkCore.Storage.RelationalCommand.ExecuteReaderAsync(RelationalCommandParameterObject parameterObject, CancellationToken cancellationToken)
   at Microsoft.EntityFrameworkCore.Query.Internal.SingleQueryingEnumerable`1.AsyncEnumerator.InitializeReaderAsync(AsyncEnumerator enumerator, CancellationToken cancellationToken)
   at Microsoft.EntityFrameworkCore.Storage.ExecutionStrategy.<>c__DisplayClass30_0`2.<<ExecuteAsync>b__0>d.MoveNext()
--- End of stack trace from previous location ---
   at Microsoft.EntityFrameworkCore.Storage.ExecutionStrategy.ExecuteImplementationAsync[TState,TResult](Func`4 operation, Func`4 verifySucceeded, TState state, CancellationToken cancellationToken)
   at Microsoft.EntityFrameworkCore.Storage.ExecutionStrategy.ExecuteImplementationAsync[TState,TResult](Func`4 operation, Func`4 verifySucceeded, TState state, CancellationToken cancellationToken)
   at Microsoft.EntityFrameworkCore.Storage.ExecutionStrategy.ExecuteAsync[TState,TResult](TState state, Func`4 operation, Func`4 verifySucceeded, CancellationToken cancellationToken)
   at Microsoft.EntityFrameworkCore.Query.Internal.SingleQueryingEnumerable`1.AsyncEnumerator.MoveNextAsync()
ClientConnectionId:3413c715-d4f1-4bc5-ab07-30869b4c53f9
Error Number:207,State:1,Class:16
2026-07-22 19:36:38.038 +07:00 [WRN] Failed to process the job '190': an exception occurred. Retry attempt 4 of 10 will be performed in 00:02:28.
Microsoft.Data.SqlClient.SqlException (0x80131904): Invalid column name 'IsDeleted'.
Invalid column name 'Id'.
Invalid column name 'CreatedAt'.
Invalid column name 'CreatedBy'.
Invalid column name 'IsDeleted'.
Invalid column name 'UpdatedAt'.
Invalid column name 'UpdatedBy'.
   at Microsoft.Data.SqlClient.SqlCommand.<>c.<ExecuteDbDataReaderAsync>b__211_0(Task`1 result)
   at System.Threading.Tasks.ContinuationResultTaskFromResultTask`2.InnerInvoke()
   at System.Threading.ExecutionContext.RunInternal(ExecutionContext executionContext, ContextCallback callback, Object state)
--- End of stack trace from previous location ---
   at System.Threading.ExecutionContext.RunInternal(ExecutionContext executionContext, ContextCallback callback, Object state)
   at System.Threading.Tasks.Task.ExecuteWithThreadLocal(Task& currentTaskSlot, Thread threadPoolThread)
--- End of stack trace from previous location ---
   at Microsoft.EntityFrameworkCore.Storage.RelationalCommand.ExecuteReaderAsync(RelationalCommandParameterObject parameterObject, CancellationToken cancellationToken)
   at Microsoft.EntityFrameworkCore.Storage.RelationalCommand.ExecuteReaderAsync(RelationalCommandParameterObject parameterObject, CancellationToken cancellationToken)
   at Microsoft.EntityFrameworkCore.Query.Internal.SingleQueryingEnumerable`1.AsyncEnumerator.InitializeReaderAsync(AsyncEnumerator enumerator, CancellationToken cancellationToken)
   at Microsoft.EntityFrameworkCore.Storage.ExecutionStrategy.<>c__DisplayClass30_0`2.<<ExecuteAsync>b__0>d.MoveNext()
--- End of stack trace from previous location ---
   at Microsoft.EntityFrameworkCore.Storage.ExecutionStrategy.ExecuteImplementationAsync[TState,TResult](Func`4 operation, Func`4 verifySucceeded, TState state, CancellationToken cancellationToken)
   at Microsoft.EntityFrameworkCore.Storage.ExecutionStrategy.ExecuteImplementationAsync[TState,TResult](Func`4 operation, Func`4 verifySucceeded, TState state, CancellationToken cancellationToken)
   at Microsoft.EntityFrameworkCore.Storage.ExecutionStrategy.ExecuteAsync[TState,TResult](TState state, Func`4 operation, Func`4 verifySucceeded, CancellationToken cancellationToken)
   at Microsoft.EntityFrameworkCore.Query.Internal.SingleQueryingEnumerable`1.AsyncEnumerator.MoveNextAsync()
   at Microsoft.EntityFrameworkCore.Query.ShapedQueryCompilingExpressionVisitor.SingleOrDefaultAsync[TSource](IAsyncEnumerable`1 asyncEnumerable, CancellationToken cancellationToken)
   at Microsoft.EntityFrameworkCore.Query.ShapedQueryCompilingExpressionVisitor.SingleOrDefaultAsync[TSource](IAsyncEnumerable`1 asyncEnumerable, CancellationToken cancellationToken)
   at AutoWork.Persistence.Repositories.PostRepository.GetByIdWithDetailsAsync(Guid id, CancellationToken cancellationToken) in D:\EXE01\AIMarketingAssistant\src\AutoWork.Persistence\Repositories\PostRepository.cs:line 16
   at AutoWork.Infrastructure.Jobs.PublishPostJob.ExecuteAsync(Guid postId, CancellationToken cancellationToken) in D:\EXE01\AIMarketingAssistant\src\AutoWork.Infrastructure\Jobs\PublishPostJob.cs:line 26
   at InvokeStub_TaskAwaiter.GetResult(Object, Object, IntPtr*)
   at System.Reflection.MethodBaseInvoker.InvokeWithNoArgs(Object obj, BindingFlags invokeAttr)
ClientConnectionId:3413c715-d4f1-4bc5-ab07-30869b4c53f9
Error Number:207,State:1,Class:16
2026-07-22 19:37:07.606 +07:00 [INF] Executed DbCommand (4ms) [Parameters=[@__before_0='?' (DbType = DateTime2)], CommandType='"Text"', CommandTimeout='30']
SELECT [p].[Id], [p].[CreatedAt], [p].[CreatedBy], [p].[ExecutedAt], [p].[FailureReason], [p].[IsDeleted], [p].[PostChannelAccountId], [p].[PostId], [p].[RetryCount], [p].[ScheduledAt], [p].[Status], [p].[UpdatedAt], [p].[UpdatedBy], [t].[Id], [t].[ChannelAccountId], [t].[CreatedAt], [t].[CreatedBy], [t].[DayNumber], [t].[ExternalPostId], [t].[IsDeleted], [t].[ProjectId], [t].[PublishedAt], [t].[PublishedUrl], [t].[ScheduledAt], [t].[Status], [t].[TimelineId], [t].[Title], [t].[TrackingEnabled], [t].[UpdatedAt], [t].[UpdatedBy], [t].[VoiceSampleId], [t0].[Id], [t0].[Content], [t0].[ContentType], [t0].[CreatedAt], [t0].[CreatedBy], [t0].[IsDeleted], [t0].[MediaFileId], [t0].[PostId], [t0].[SortOrder], [t0].[UpdatedAt], [t0].[UpdatedBy]
FROM [PostSchedules] AS [p]
INNER JOIN (
    SELECT [p0].[Id], [p0].[ChannelAccountId], [p0].[CreatedAt], [p0].[CreatedBy], [p0].[DayNumber], [p0].[ExternalPostId], [p0].[IsDeleted], [p0].[ProjectId], [p0].[PublishedAt], [p0].[PublishedUrl], [p0].[ScheduledAt], [p0].[Status], [p0].[TimelineId], [p0].[Title], [p0].[TrackingEnabled], [p0].[UpdatedAt], [p0].[UpdatedBy], [p0].[VoiceSampleId]
    FROM [Posts] AS [p0]
    WHERE [p0].[IsDeleted] = CAST(0 AS bit)
) AS [t] ON [p].[PostId] = [t].[Id]
LEFT JOIN (
    SELECT [p1].[Id], [p1].[Content], [p1].[ContentType], [p1].[CreatedAt], [p1].[CreatedBy], [p1].[IsDeleted], [p1].[MediaFileId], [p1].[PostId], [p1].[SortOrder], [p1].[UpdatedAt], [p1].[UpdatedBy]
    FROM [PostContents] AS [p1]
    WHERE [p1].[IsDeleted] = CAST(0 AS bit)
) AS [t0] ON [t].[Id] = [t0].[PostId]
WHERE [p].[IsDeleted] = CAST(0 AS bit) AND [p].[Status] = 0 AND [p].[ScheduledAt] <= @__before_0
ORDER BY [p].[ScheduledAt], [p].[Id], [t].[Id]
2026-07-22 19:38:07.649 +07:00 [INF] Executed DbCommand (2ms) [Parameters=[@__before_0='?' (DbType = DateTime2)], CommandType='"Text"', CommandTimeout='30']
SELECT [p].[Id], [p].[CreatedAt], [p].[CreatedBy], [p].[ExecutedAt], [p].[FailureReason], [p].[IsDeleted], [p].[PostChannelAccountId], [p].[PostId], [p].[RetryCount], [p].[ScheduledAt], [p].[Status], [p].[UpdatedAt], [p].[UpdatedBy], [t].[Id], [t].[ChannelAccountId], [t].[CreatedAt], [t].[CreatedBy], [t].[DayNumber], [t].[ExternalPostId], [t].[IsDeleted], [t].[ProjectId], [t].[PublishedAt], [t].[PublishedUrl], [t].[ScheduledAt], [t].[Status], [t].[TimelineId], [t].[Title], [t].[TrackingEnabled], [t].[UpdatedAt], [t].[UpdatedBy], [t].[VoiceSampleId], [t0].[Id], [t0].[Content], [t0].[ContentType], [t0].[CreatedAt], [t0].[CreatedBy], [t0].[IsDeleted], [t0].[MediaFileId], [t0].[PostId], [t0].[SortOrder], [t0].[UpdatedAt], [t0].[UpdatedBy]
FROM [PostSchedules] AS [p]
INNER JOIN (
    SELECT [p0].[Id], [p0].[ChannelAccountId], [p0].[CreatedAt], [p0].[CreatedBy], [p0].[DayNumber], [p0].[ExternalPostId], [p0].[IsDeleted], [p0].[ProjectId], [p0].[PublishedAt], [p0].[PublishedUrl], [p0].[ScheduledAt], [p0].[Status], [p0].[TimelineId], [p0].[Title], [p0].[TrackingEnabled], [p0].[UpdatedAt], [p0].[UpdatedBy], [p0].[VoiceSampleId]
    FROM [Posts] AS [p0]
    WHERE [p0].[IsDeleted] = CAST(0 AS bit)
) AS [t] ON [p].[PostId] = [t].[Id]
LEFT JOIN (
    SELECT [p1].[Id], [p1].[Content], [p1].[ContentType], [p1].[CreatedAt], [p1].[CreatedBy], [p1].[IsDeleted], [p1].[MediaFileId], [p1].[PostId], [p1].[SortOrder], [p1].[UpdatedAt], [p1].[UpdatedBy]
    FROM [PostContents] AS [p1]
    WHERE [p1].[IsDeleted] = CAST(0 AS bit)
) AS [t0] ON [t].[Id] = [t0].[PostId]
WHERE [p].[IsDeleted] = CAST(0 AS bit) AND [p].[Status] = 0 AND [p].[ScheduledAt] <= @__before_0
ORDER BY [p].[ScheduledAt], [p].[Id], [t].[Id]
2026-07-22 20:01:37.349 +07:00 [WRN] No store type was specified for the decimal property 'TotalEarnings' on entity type 'Affiliate'. This will cause values to be silently truncated if they do not fit in the default precision and scale. Explicitly specify the SQL server column type that can accommodate all the values in 'OnModelCreating' using 'HasColumnType', specify precision and scale using 'HasPrecision', or configure a value converter using 'HasConversion'.
2026-07-22 20:01:38.780 +07:00 [INF] Detected FlowMate/SQL schema without EF history — applying compat layer and skipping MigrateAsync.
2026-07-22 20:01:38.845 +07:00 [INF] Executed DbCommand (23ms) [Parameters=[], CommandType='"Text"', CommandTimeout='30']
IF COL_LENGTH('dbo.Posts', 'ChannelAccountId') IS NULL
    ALTER TABLE dbo.Posts ADD ChannelAccountId UNIQUEIDENTIFIER NULL;
2026-07-22 20:01:38.859 +07:00 [INF] Executed DbCommand (1ms) [Parameters=[], CommandType='"Text"', CommandTimeout='30']
IF COL_LENGTH('dbo.Posts', 'ExternalPostId') IS NULL
    ALTER TABLE dbo.Posts ADD ExternalPostId NVARCHAR(128) NULL;
2026-07-22 20:01:38.865 +07:00 [INF] Executed DbCommand (1ms) [Parameters=[], CommandType='"Text"', CommandTimeout='30']
IF COL_LENGTH('dbo.Posts', 'PublishedUrl') IS NULL
    ALTER TABLE dbo.Posts ADD PublishedUrl NVARCHAR(1000) NULL;
2026-07-22 20:01:38.872 +07:00 [INF] Executed DbCommand (2ms) [Parameters=[], CommandType='"Text"', CommandTimeout='30']
IF COL_LENGTH('dbo.Posts', 'PublishedAt') IS NULL
    ALTER TABLE dbo.Posts ADD PublishedAt DATETIME2 NULL;
2026-07-22 20:01:38.877 +07:00 [INF] Executed DbCommand (1ms) [Parameters=[], CommandType='"Text"', CommandTimeout='30']
IF COL_LENGTH('dbo.PostSchedules', 'PostId') IS NULL
    ALTER TABLE dbo.PostSchedules ADD PostId UNIQUEIDENTIFIER NULL;
2026-07-22 20:01:38.884 +07:00 [INF] Executed DbCommand (2ms) [Parameters=[], CommandType='"Text"', CommandTimeout='30']
IF COL_LENGTH('dbo.PostSchedules', 'PostChannelAccountId') IS NOT NULL
   AND COLUMNPROPERTY(OBJECT_ID('dbo.PostSchedules'), 'PostChannelAccountId', 'AllowsNull') = 0
BEGIN
    ALTER TABLE dbo.PostSchedules ALTER COLUMN PostChannelAccountId UNIQUEIDENTIFIER NULL;
END
2026-07-22 20:01:38.892 +07:00 [INF] Executed DbCommand (3ms) [Parameters=[], CommandType='"Text"', CommandTimeout='30']
IF COL_LENGTH('dbo.ChannelAccounts', 'ParentChannelAccountId') IS NULL
    ALTER TABLE dbo.ChannelAccounts ADD ParentChannelAccountId UNIQUEIDENTIFIER NULL;
2026-07-22 20:01:38.899 +07:00 [INF] Executed DbCommand (1ms) [Parameters=[], CommandType='"Text"', CommandTimeout='30']
IF COL_LENGTH('dbo.ChannelAccounts', 'AccessToken') IS NULL
    ALTER TABLE dbo.ChannelAccounts ADD AccessToken NVARCHAR(MAX) NULL;
2026-07-22 20:01:38.905 +07:00 [INF] Executed DbCommand (2ms) [Parameters=[], CommandType='"Text"', CommandTimeout='30']
IF COL_LENGTH('dbo.ChannelAccounts', 'RefreshToken') IS NULL
    ALTER TABLE dbo.ChannelAccounts ADD RefreshToken NVARCHAR(MAX) NULL;
2026-07-22 20:01:38.910 +07:00 [INF] Executed DbCommand (1ms) [Parameters=[], CommandType='"Text"', CommandTimeout='30']
IF COL_LENGTH('dbo.ChannelAccounts', 'TokenExpiresAt') IS NULL
    ALTER TABLE dbo.ChannelAccounts ADD TokenExpiresAt DATETIME2 NULL;
2026-07-22 20:01:38.915 +07:00 [INF] Executed DbCommand (1ms) [Parameters=[], CommandType='"Text"', CommandTimeout='30']
IF COL_LENGTH('dbo.ChannelAccounts', 'Scope') IS NULL
    ALTER TABLE dbo.ChannelAccounts ADD Scope NVARCHAR(500) NULL;
2026-07-22 20:01:38.920 +07:00 [INF] Executed DbCommand (1ms) [Parameters=[], CommandType='"Text"', CommandTimeout='30']
IF COL_LENGTH('dbo.Posts', 'VoiceSampleId') IS NULL
    ALTER TABLE dbo.Posts ADD VoiceSampleId UNIQUEIDENTIFIER NULL;
2026-07-22 20:01:38.927 +07:00 [INF] Executed DbCommand (2ms) [Parameters=[], CommandType='"Text"', CommandTimeout='30']
IF COL_LENGTH('dbo.Posts', 'DayNumber') IS NULL
    ALTER TABLE dbo.Posts ADD DayNumber INT NULL;
2026-07-22 20:01:38.934 +07:00 [INF] Executed DbCommand (1ms) [Parameters=[], CommandType='"Text"', CommandTimeout='30']
IF COL_LENGTH('dbo.Posts', 'TrackingEnabled') IS NULL
    ALTER TABLE dbo.Posts ADD TrackingEnabled BIT NOT NULL DEFAULT CAST(1 AS BIT);
2026-07-22 20:01:38.938 +07:00 [INF] Executed DbCommand (1ms) [Parameters=[], CommandType='"Text"', CommandTimeout='30']
IF COL_LENGTH('dbo.MediaFiles', 'ProductId') IS NULL
    ALTER TABLE dbo.MediaFiles ADD ProductId UNIQUEIDENTIFIER NULL;
2026-07-22 20:01:38.943 +07:00 [INF] Executed DbCommand (1ms) [Parameters=[], CommandType='"Text"', CommandTimeout='30']
IF COL_LENGTH('dbo.MediaFiles', 'StoragePath') IS NULL
    ALTER TABLE dbo.MediaFiles ADD StoragePath NVARCHAR(1000) NOT NULL DEFAULT '';
2026-07-22 20:01:38.949 +07:00 [INF] Executed DbCommand (2ms) [Parameters=[], CommandType='"Text"', CommandTimeout='30']
IF COL_LENGTH('dbo.FacebookAccounts', 'ProjectId') IS NULL
    ALTER TABLE dbo.FacebookAccounts ADD ProjectId UNIQUEIDENTIFIER NOT NULL
        DEFAULT '00000000-0000-0000-0000-000000000000';
2026-07-22 20:01:38.955 +07:00 [INF] Executed DbCommand (2ms) [Parameters=[], CommandType='"Text"', CommandTimeout='30']
IF COL_LENGTH('dbo.Campaigns', 'ProductDescription') IS NULL
    ALTER TABLE dbo.Campaigns ADD ProductDescription NVARCHAR(MAX) NULL;
2026-07-22 20:01:38.959 +07:00 [INF] Executed DbCommand (1ms) [Parameters=[], CommandType='"Text"', CommandTimeout='30']
IF OBJECT_ID('dbo.ProjectMembers') IS NULL
CREATE TABLE dbo.ProjectMembers (
    Id UNIQUEIDENTIFIER NOT NULL PRIMARY KEY, ProjectId UNIQUEIDENTIFIER NOT NULL,
    UserId UNIQUEIDENTIFIER NOT NULL, Role NVARCHAR(20) NOT NULL DEFAULT 'Member',
    InvitedAt DATETIME2 NULL, JoinedAt DATETIME2 NULL,
    CreatedAt DATETIME2 NOT NULL, UpdatedAt DATETIME2 NULL,
    CreatedBy UNIQUEIDENTIFIER NULL, UpdatedBy UNIQUEIDENTIFIER NULL, IsDeleted BIT NOT NULL DEFAULT 0,
    CONSTRAINT FK_ProjectMembers_Projects FOREIGN KEY (ProjectId) REFERENCES dbo.Projects(Id),
    CONSTRAINT FK_ProjectMembers_Users FOREIGN KEY (UserId) REFERENCES dbo.Users(Id));
2026-07-22 20:01:38.963 +07:00 [INF] Executed DbCommand (1ms) [Parameters=[], CommandType='"Text"', CommandTimeout='30']
IF OBJECT_ID('dbo.ProjectMembers') IS NOT NULL AND NOT EXISTS (SELECT 1 FROM sys.indexes WHERE name = 'IX_ProjectMembers_ProjectId_UserId')
    CREATE UNIQUE INDEX IX_ProjectMembers_ProjectId_UserId ON dbo.ProjectMembers(ProjectId, UserId);
2026-07-22 20:01:38.969 +07:00 [INF] Executed DbCommand (2ms) [Parameters=[], CommandType='"Text"', CommandTimeout='30']
IF OBJECT_ID('dbo.VoiceSampleTemplates') IS NULL
CREATE TABLE dbo.VoiceSampleTemplates (
    Id UNIQUEIDENTIFIER NOT NULL PRIMARY KEY, SampleText NVARCHAR(500) NOT NULL,
    CreatedAt DATETIME2 NOT NULL, UpdatedAt DATETIME2 NULL,
    CreatedBy UNIQUEIDENTIFIER NULL, UpdatedBy UNIQUEIDENTIFIER NULL, IsDeleted BIT NOT NULL DEFAULT 0);
2026-07-22 20:01:38.974 +07:00 [INF] Executed DbCommand (2ms) [Parameters=[], CommandType='"Text"', CommandTimeout='30']
IF OBJECT_ID('dbo.BrandStyles') IS NULL
CREATE TABLE dbo.BrandStyles (
    Id UNIQUEIDENTIFIER NOT NULL PRIMARY KEY, StyleName NVARCHAR(50) NOT NULL,
    CreatedAt DATETIME2 NOT NULL, UpdatedAt DATETIME2 NULL,
    CreatedBy UNIQUEIDENTIFIER NULL, UpdatedBy UNIQUEIDENTIFIER NULL, IsDeleted BIT NOT NULL DEFAULT 0);
2026-07-22 20:01:38.978 +07:00 [INF] Executed DbCommand (1ms) [Parameters=[], CommandType='"Text"', CommandTimeout='30']
IF OBJECT_ID('dbo.BrandStyles') IS NOT NULL AND NOT EXISTS (SELECT 1 FROM sys.indexes WHERE name = 'IX_BrandStyles_StyleName')
    CREATE UNIQUE INDEX IX_BrandStyles_StyleName ON dbo.BrandStyles(StyleName);
2026-07-22 20:01:38.983 +07:00 [INF] Executed DbCommand (1ms) [Parameters=[], CommandType='"Text"', CommandTimeout='30']
IF OBJECT_ID('dbo.ToneKeywords') IS NULL
CREATE TABLE dbo.ToneKeywords (
    Id UNIQUEIDENTIFIER NOT NULL PRIMARY KEY, Keyword NVARCHAR(50) NOT NULL,
    CreatedAt DATETIME2 NOT NULL, UpdatedAt DATETIME2 NULL,
    CreatedBy UNIQUEIDENTIFIER NULL, UpdatedBy UNIQUEIDENTIFIER NULL, IsDeleted BIT NOT NULL DEFAULT 0);
2026-07-22 20:01:38.989 +07:00 [INF] Executed DbCommand (1ms) [Parameters=[], CommandType='"Text"', CommandTimeout='30']
IF OBJECT_ID('dbo.ToneKeywords') IS NOT NULL AND NOT EXISTS (SELECT 1 FROM sys.indexes WHERE name = 'IX_ToneKeywords_Keyword')
    CREATE UNIQUE INDEX IX_ToneKeywords_Keyword ON dbo.ToneKeywords(Keyword);
2026-07-22 20:01:38.995 +07:00 [INF] Executed DbCommand (2ms) [Parameters=[], CommandType='"Text"', CommandTimeout='30']
IF OBJECT_ID('dbo.CtaTemplates') IS NULL
CREATE TABLE dbo.CtaTemplates (
    Id UNIQUEIDENTIFIER NOT NULL PRIMARY KEY, CtaText NVARCHAR(100) NOT NULL,
    CreatedAt DATETIME2 NOT NULL, UpdatedAt DATETIME2 NULL,
    CreatedBy UNIQUEIDENTIFIER NULL, UpdatedBy UNIQUEIDENTIFIER NULL, IsDeleted BIT NOT NULL DEFAULT 0);
2026-07-22 20:01:38.999 +07:00 [INF] Executed DbCommand (1ms) [Parameters=[], CommandType='"Text"', CommandTimeout='30']
IF OBJECT_ID('dbo.CtaTemplates') IS NOT NULL AND NOT EXISTS (SELECT 1 FROM sys.indexes WHERE name = 'IX_CtaTemplates_CtaText')
    CREATE UNIQUE INDEX IX_CtaTemplates_CtaText ON dbo.CtaTemplates(CtaText);
2026-07-22 20:01:39.004 +07:00 [INF] Executed DbCommand (1ms) [Parameters=[], CommandType='"Text"', CommandTimeout='30']
IF OBJECT_ID('dbo.Hashtags') IS NULL
CREATE TABLE dbo.Hashtags (
    Id UNIQUEIDENTIFIER NOT NULL PRIMARY KEY, Tag NVARCHAR(50) NOT NULL,
    CreatedAt DATETIME2 NOT NULL, UpdatedAt DATETIME2 NULL,
    CreatedBy UNIQUEIDENTIFIER NULL, UpdatedBy UNIQUEIDENTIFIER NULL, IsDeleted BIT NOT NULL DEFAULT 0);
2026-07-22 20:01:39.010 +07:00 [INF] Executed DbCommand (2ms) [Parameters=[], CommandType='"Text"', CommandTimeout='30']
IF OBJECT_ID('dbo.Hashtags') IS NOT NULL AND NOT EXISTS (SELECT 1 FROM sys.indexes WHERE name = 'IX_Hashtags_Tag')
    CREATE UNIQUE INDEX IX_Hashtags_Tag ON dbo.Hashtags(Tag);
2026-07-22 20:01:39.014 +07:00 [INF] Executed DbCommand (1ms) [Parameters=[], CommandType='"Text"', CommandTimeout='30']
IF OBJECT_ID('dbo.BrandProfiles') IS NULL
CREATE TABLE dbo.BrandProfiles (
    Id UNIQUEIDENTIFIER NOT NULL PRIMARY KEY, ProjectId UNIQUEIDENTIFIER NOT NULL,
    LogoUrl NVARCHAR(500) NULL, BusinessName NVARCHAR(150) NOT NULL, BrandName NVARCHAR(150) NOT NULL,
    Industry NVARCHAR(100) NULL, FoundingYear SMALLINT NULL, ShortDescription NVARCHAR(1000) NULL,
    Address NVARCHAR(300) NULL, ContactPhone NVARCHAR(20) NULL, ContactEmail NVARCHAR(255) NULL,
    Website NVARCHAR(255) NULL, VoiceSampleId UNIQUEIDENTIFIER NULL,
    CreatedAt DATETIME2 NOT NULL, UpdatedAt DATETIME2 NULL,
    CreatedBy UNIQUEIDENTIFIER NULL, UpdatedBy UNIQUEIDENTIFIER NULL, IsDeleted BIT NOT NULL DEFAULT 0,
    CONSTRAINT FK_BrandProfiles_Projects FOREIGN KEY (ProjectId) REFERENCES dbo.Projects(Id),
    CONSTRAINT FK_BrandProfiles_VoiceSampleTemplates FOREIGN KEY (VoiceSampleId) REFERENCES dbo.VoiceSampleTemplates(Id));
2026-07-22 20:01:39.020 +07:00 [INF] Executed DbCommand (1ms) [Parameters=[], CommandType='"Text"', CommandTimeout='30']
IF OBJECT_ID('dbo.BrandProfiles') IS NOT NULL AND NOT EXISTS (SELECT 1 FROM sys.indexes WHERE name = 'IX_BrandProfiles_ProjectId')
    CREATE UNIQUE INDEX IX_BrandProfiles_ProjectId ON dbo.BrandProfiles(ProjectId);
2026-07-22 20:01:39.025 +07:00 [INF] Executed DbCommand (1ms) [Parameters=[], CommandType='"Text"', CommandTimeout='30']
IF OBJECT_ID('dbo.BrandProfileStyles') IS NULL
CREATE TABLE dbo.BrandProfileStyles (
    Id UNIQUEIDENTIFIER NOT NULL PRIMARY KEY, BrandProfileId UNIQUEIDENTIFIER NOT NULL, StyleId UNIQUEIDENTIFIER NOT NULL,
    CreatedAt DATETIME2 NOT NULL, UpdatedAt DATETIME2 NULL,
    CreatedBy UNIQUEIDENTIFIER NULL, UpdatedBy UNIQUEIDENTIFIER NULL, IsDeleted BIT NOT NULL DEFAULT 0,
    CONSTRAINT FK_BrandProfileStyles_BrandProfiles FOREIGN KEY (BrandProfileId) REFERENCES dbo.BrandProfiles(Id),
    CONSTRAINT FK_BrandProfileStyles_BrandStyles FOREIGN KEY (StyleId) REFERENCES dbo.BrandStyles(Id));
2026-07-22 20:01:39.030 +07:00 [INF] Executed DbCommand (2ms) [Parameters=[], CommandType='"Text"', CommandTimeout='30']
IF OBJECT_ID('dbo.BrandProfileStyles') IS NOT NULL AND NOT EXISTS (SELECT 1 FROM sys.indexes WHERE name = 'IX_BrandProfileStyles_BrandProfileId_StyleId')
    CREATE UNIQUE INDEX IX_BrandProfileStyles_BrandProfileId_StyleId ON dbo.BrandProfileStyles(BrandProfileId, StyleId);
2026-07-22 20:01:39.036 +07:00 [INF] Executed DbCommand (1ms) [Parameters=[], CommandType='"Text"', CommandTimeout='30']
IF OBJECT_ID('dbo.BrandProfileKeywords') IS NULL
CREATE TABLE dbo.BrandProfileKeywords (
    Id UNIQUEIDENTIFIER NOT NULL PRIMARY KEY, BrandProfileId UNIQUEIDENTIFIER NOT NULL, ToneKeywordId UNIQUEIDENTIFIER NOT NULL,
    CreatedAt DATETIME2 NOT NULL, UpdatedAt DATETIME2 NULL,
    CreatedBy UNIQUEIDENTIFIER NULL, UpdatedBy UNIQUEIDENTIFIER NULL, IsDeleted BIT NOT NULL DEFAULT 0,
    CONSTRAINT FK_BrandProfileKeywords_BrandProfiles FOREIGN KEY (BrandProfileId) REFERENCES dbo.BrandProfiles(Id),
    CONSTRAINT FK_BrandProfileKeywords_ToneKeywords FOREIGN KEY (ToneKeywordId) REFERENCES dbo.ToneKeywords(Id));
2026-07-22 20:01:39.041 +07:00 [INF] Executed DbCommand (1ms) [Parameters=[], CommandType='"Text"', CommandTimeout='30']
IF OBJECT_ID('dbo.BrandProfileKeywords') IS NOT NULL AND NOT EXISTS (SELECT 1 FROM sys.indexes WHERE name = 'IX_BrandProfileKeywords_BrandProfileId_ToneKeywordId')
    CREATE UNIQUE INDEX IX_BrandProfileKeywords_BrandProfileId_ToneKeywordId ON dbo.BrandProfileKeywords(BrandProfileId, ToneKeywordId);
2026-07-22 20:01:39.047 +07:00 [INF] Executed DbCommand (1ms) [Parameters=[], CommandType='"Text"', CommandTimeout='30']
IF OBJECT_ID('dbo.BrandCtas') IS NULL
CREATE TABLE dbo.BrandCtas (
    Id UNIQUEIDENTIFIER NOT NULL PRIMARY KEY, BrandProfileId UNIQUEIDENTIFIER NOT NULL, CtaId UNIQUEIDENTIFIER NOT NULL,
    CreatedAt DATETIME2 NOT NULL, UpdatedAt DATETIME2 NULL,
    CreatedBy UNIQUEIDENTIFIER NULL, UpdatedBy UNIQUEIDENTIFIER NULL, IsDeleted BIT NOT NULL DEFAULT 0,
    CONSTRAINT FK_BrandCtas_BrandProfiles FOREIGN KEY (BrandProfileId) REFERENCES dbo.BrandProfiles(Id),
    CONSTRAINT FK_BrandCtas_CtaTemplates FOREIGN KEY (CtaId) REFERENCES dbo.CtaTemplates(Id));
2026-07-22 20:01:39.051 +07:00 [INF] Executed DbCommand (1ms) [Parameters=[], CommandType='"Text"', CommandTimeout='30']
IF OBJECT_ID('dbo.BrandCtas') IS NOT NULL AND NOT EXISTS (SELECT 1 FROM sys.indexes WHERE name = 'IX_BrandCtas_BrandProfileId_CtaId')
    CREATE UNIQUE INDEX IX_BrandCtas_BrandProfileId_CtaId ON dbo.BrandCtas(BrandProfileId, CtaId);
2026-07-22 20:01:39.057 +07:00 [INF] Executed DbCommand (2ms) [Parameters=[], CommandType='"Text"', CommandTimeout='30']
IF OBJECT_ID('dbo.BrandHashtags') IS NULL
CREATE TABLE dbo.BrandHashtags (
    Id UNIQUEIDENTIFIER NOT NULL PRIMARY KEY, BrandProfileId UNIQUEIDENTIFIER NOT NULL, HashtagId UNIQUEIDENTIFIER NOT NULL,
    CreatedAt DATETIME2 NOT NULL, UpdatedAt DATETIME2 NULL,
    CreatedBy UNIQUEIDENTIFIER NULL, UpdatedBy UNIQUEIDENTIFIER NULL, IsDeleted BIT NOT NULL DEFAULT 0,
    CONSTRAINT FK_BrandHashtags_BrandProfiles FOREIGN KEY (BrandProfileId) REFERENCES dbo.BrandProfiles(Id),
    CONSTRAINT FK_BrandHashtags_Hashtags FOREIGN KEY (HashtagId) REFERENCES dbo.Hashtags(Id));
2026-07-22 20:01:39.068 +07:00 [INF] Executed DbCommand (2ms) [Parameters=[], CommandType='"Text"', CommandTimeout='30']
IF OBJECT_ID('dbo.BrandHashtags') IS NOT NULL AND NOT EXISTS (SELECT 1 FROM sys.indexes WHERE name = 'IX_BrandHashtags_BrandProfileId_HashtagId')
    CREATE UNIQUE INDEX IX_BrandHashtags_BrandProfileId_HashtagId ON dbo.BrandHashtags(BrandProfileId, HashtagId);
2026-07-22 20:01:39.074 +07:00 [INF] Executed DbCommand (2ms) [Parameters=[], CommandType='"Text"', CommandTimeout='30']
IF OBJECT_ID('dbo.BrandColors') IS NULL
CREATE TABLE dbo.BrandColors (
    Id UNIQUEIDENTIFIER NOT NULL PRIMARY KEY, BrandProfileId UNIQUEIDENTIFIER NOT NULL,
    ColorHex NVARCHAR(9) NOT NULL, ColorType NVARCHAR(20) NOT NULL DEFAULT 'Secondary', SortOrder INT NOT NULL DEFAULT 0,
    CreatedAt DATETIME2 NOT NULL, UpdatedAt DATETIME2 NULL,
    CreatedBy UNIQUEIDENTIFIER NULL, UpdatedBy UNIQUEIDENTIFIER NULL, IsDeleted BIT NOT NULL DEFAULT 0,
    CONSTRAINT FK_BrandColors_BrandProfiles FOREIGN KEY (BrandProfileId) REFERENCES dbo.BrandProfiles(Id));
2026-07-22 20:01:39.081 +07:00 [INF] Executed DbCommand (1ms) [Parameters=[], CommandType='"Text"', CommandTimeout='30']
IF OBJECT_ID('dbo.BrandFonts') IS NULL
CREATE TABLE dbo.BrandFonts (
    Id UNIQUEIDENTIFIER NOT NULL PRIMARY KEY, BrandProfileId UNIQUEIDENTIFIER NOT NULL,
    FontName NVARCHAR(100) NOT NULL, UsageType NVARCHAR(20) NOT NULL,
    CreatedAt DATETIME2 NOT NULL, UpdatedAt DATETIME2 NULL,
    CreatedBy UNIQUEIDENTIFIER NULL, UpdatedBy UNIQUEIDENTIFIER NULL, IsDeleted BIT NOT NULL DEFAULT 0,
    CONSTRAINT FK_BrandFonts_BrandProfiles FOREIGN KEY (BrandProfileId) REFERENCES dbo.BrandProfiles(Id));
2026-07-22 20:01:39.086 +07:00 [INF] Executed DbCommand (1ms) [Parameters=[], CommandType='"Text"', CommandTimeout='30']
IF OBJECT_ID('dbo.ProductCategories') IS NULL
CREATE TABLE dbo.ProductCategories (
    Id UNIQUEIDENTIFIER NOT NULL PRIMARY KEY, BrandProfileId UNIQUEIDENTIFIER NOT NULL, CategoryName NVARCHAR(100) NOT NULL,
    CreatedAt DATETIME2 NOT NULL, UpdatedAt DATETIME2 NULL,
    CreatedBy UNIQUEIDENTIFIER NULL, UpdatedBy UNIQUEIDENTIFIER NULL, IsDeleted BIT NOT NULL DEFAULT 0,
    CONSTRAINT FK_ProductCategories_BrandProfiles FOREIGN KEY (BrandProfileId) REFERENCES dbo.BrandProfiles(Id));
2026-07-22 20:01:39.091 +07:00 [INF] Executed DbCommand (1ms) [Parameters=[], CommandType='"Text"', CommandTimeout='30']
IF OBJECT_ID('dbo.ProductCategories') IS NOT NULL AND NOT EXISTS (SELECT 1 FROM sys.indexes WHERE name = 'IX_ProductCategories_BrandProfileId_CategoryName')
    CREATE UNIQUE INDEX IX_ProductCategories_BrandProfileId_CategoryName ON dbo.ProductCategories(BrandProfileId, CategoryName);
2026-07-22 20:01:39.096 +07:00 [INF] Executed DbCommand (1ms) [Parameters=[], CommandType='"Text"', CommandTimeout='30']
IF OBJECT_ID('dbo.Products') IS NULL
CREATE TABLE dbo.Products (
    Id UNIQUEIDENTIFIER NOT NULL PRIMARY KEY, BrandProfileId UNIQUEIDENTIFIER NOT NULL, ProductCategoryId UNIQUEIDENTIFIER NULL,
    ProductName NVARCHAR(200) NOT NULL, Price DECIMAL(18,2) NULL, AiGeneratedDescription NVARCHAR(MAX) NULL,
    CreatedAt DATETIME2 NOT NULL, UpdatedAt DATETIME2 NULL,
    CreatedBy UNIQUEIDENTIFIER NULL, UpdatedBy UNIQUEIDENTIFIER NULL, IsDeleted BIT NOT NULL DEFAULT 0,
    CONSTRAINT FK_Products_BrandProfiles FOREIGN KEY (BrandProfileId) REFERENCES dbo.BrandProfiles(Id),
    CONSTRAINT FK_Products_ProductCategories FOREIGN KEY (ProductCategoryId) REFERENCES dbo.ProductCategories(Id));
2026-07-22 20:01:39.100 +07:00 [INF] Executed DbCommand (1ms) [Parameters=[], CommandType='"Text"', CommandTimeout='30']
IF NOT EXISTS (SELECT 1 FROM sys.foreign_keys WHERE name = 'FK_MediaFiles_Products_ProductId') AND OBJECT_ID('dbo.Products') IS NOT NULL
    ALTER TABLE dbo.MediaFiles ADD CONSTRAINT FK_MediaFiles_Products_ProductId FOREIGN KEY (ProductId) REFERENCES dbo.Products(Id);
2026-07-22 20:01:39.105 +07:00 [INF] Executed DbCommand (1ms) [Parameters=[], CommandType='"Text"', CommandTimeout='30']
IF OBJECT_ID('dbo.CampaignGoals') IS NULL
CREATE TABLE dbo.CampaignGoals (
    Id UNIQUEIDENTIFIER NOT NULL PRIMARY KEY, GoalName NVARCHAR(100) NOT NULL,
    CreatedAt DATETIME2 NOT NULL, UpdatedAt DATETIME2 NULL,
    CreatedBy UNIQUEIDENTIFIER NULL, UpdatedBy UNIQUEIDENTIFIER NULL, IsDeleted BIT NOT NULL DEFAULT 0);
2026-07-22 20:01:39.109 +07:00 [INF] Executed DbCommand (1ms) [Parameters=[], CommandType='"Text"', CommandTimeout='30']
IF OBJECT_ID('dbo.CampaignGoals') IS NOT NULL AND NOT EXISTS (SELECT 1 FROM sys.indexes WHERE name = 'IX_CampaignGoals_GoalName')
    CREATE UNIQUE INDEX IX_CampaignGoals_GoalName ON dbo.CampaignGoals(GoalName);
2026-07-22 20:01:39.115 +07:00 [INF] Executed DbCommand (1ms) [Parameters=[], CommandType='"Text"', CommandTimeout='30']
IF OBJECT_ID('dbo.PromotionTypes') IS NULL
CREATE TABLE dbo.PromotionTypes (
    Id UNIQUEIDENTIFIER NOT NULL PRIMARY KEY, TypeName NVARCHAR(100) NOT NULL,
    CreatedAt DATETIME2 NOT NULL, UpdatedAt DATETIME2 NULL,
    CreatedBy UNIQUEIDENTIFIER NULL, UpdatedBy UNIQUEIDENTIFIER NULL, IsDeleted BIT NOT NULL DEFAULT 0);
2026-07-22 20:01:39.119 +07:00 [INF] Executed DbCommand (1ms) [Parameters=[], CommandType='"Text"', CommandTimeout='30']
IF OBJECT_ID('dbo.PromotionTypes') IS NOT NULL AND NOT EXISTS (SELECT 1 FROM sys.indexes WHERE name = 'IX_PromotionTypes_TypeName')
    CREATE UNIQUE INDEX IX_PromotionTypes_TypeName ON dbo.PromotionTypes(TypeName);
2026-07-22 20:01:39.123 +07:00 [INF] Executed DbCommand (1ms) [Parameters=[], CommandType='"Text"', CommandTimeout='30']
IF OBJECT_ID('dbo.TimelineTemplateTypes') IS NULL
CREATE TABLE dbo.TimelineTemplateTypes (
    Id UNIQUEIDENTIFIER NOT NULL PRIMARY KEY, TypeName NVARCHAR(50) NOT NULL, Description NVARCHAR(300) NULL,
    CreatedAt DATETIME2 NOT NULL, UpdatedAt DATETIME2 NULL,
    CreatedBy UNIQUEIDENTIFIER NULL, UpdatedBy UNIQUEIDENTIFIER NULL, IsDeleted BIT NOT NULL DEFAULT 0);
2026-07-22 20:01:39.129 +07:00 [INF] Executed DbCommand (1ms) [Parameters=[], CommandType='"Text"', CommandTimeout='30']
IF OBJECT_ID('dbo.TimelineTemplateTypes') IS NOT NULL AND NOT EXISTS (SELECT 1 FROM sys.indexes WHERE name = 'IX_TimelineTemplateTypes_TypeName')
    CREATE UNIQUE INDEX IX_TimelineTemplateTypes_TypeName ON dbo.TimelineTemplateTypes(TypeName);
2026-07-22 20:01:39.134 +07:00 [INF] Executed DbCommand (1ms) [Parameters=[], CommandType='"Text"', CommandTimeout='30']
IF OBJECT_ID('dbo.Campaigns') IS NULL
CREATE TABLE dbo.Campaigns (
    Id UNIQUEIDENTIFIER NOT NULL PRIMARY KEY, ProjectId UNIQUEIDENTIFIER NOT NULL, Name NVARCHAR(200) NOT NULL,
    GoalId UNIQUEIDENTIFIER NOT NULL, PromotionTypeId UNIQUEIDENTIFIER NOT NULL,
    DiscountPercent DECIMAL(5,2) NULL, DiscountAmount DECIMAL(18,2) NULL, MinOrderAmount DECIMAL(18,2) NULL,
    StartDate DATE NOT NULL, EndDate DATE NOT NULL, NumberOfPosts INT NOT NULL DEFAULT 1, Status INT NOT NULL,
    CreatedAt DATETIME2 NOT NULL, UpdatedAt DATETIME2 NULL,
    CreatedBy UNIQUEIDENTIFIER NULL, UpdatedBy UNIQUEIDENTIFIER NULL, IsDeleted BIT NOT NULL DEFAULT 0,
    CONSTRAINT FK_Campaigns_Projects FOREIGN KEY (ProjectId) REFERENCES dbo.Projects(Id),
    CONSTRAINT FK_Campaigns_CampaignGoals FOREIGN KEY (GoalId) REFERENCES dbo.CampaignGoals(Id),
    CONSTRAINT FK_Campaigns_PromotionTypes FOREIGN KEY (PromotionTypeId) REFERENCES dbo.PromotionTypes(Id),
    CONSTRAINT CK_Campaigns_Dates CHECK (EndDate >= StartDate),
    CONSTRAINT CK_Campaigns_NumberOfPosts CHECK (NumberOfPosts > 0));
2026-07-22 20:01:39.139 +07:00 [INF] Executed DbCommand (1ms) [Parameters=[], CommandType='"Text"', CommandTimeout='30']
IF OBJECT_ID('dbo.CampaignChannelAccounts') IS NULL
CREATE TABLE dbo.CampaignChannelAccounts (
    Id UNIQUEIDENTIFIER NOT NULL PRIMARY KEY, CampaignId UNIQUEIDENTIFIER NOT NULL, ChannelAccountId UNIQUEIDENTIFIER NOT NULL,
    CreatedAt DATETIME2 NOT NULL, UpdatedAt DATETIME2 NULL,
    CreatedBy UNIQUEIDENTIFIER NULL, UpdatedBy UNIQUEIDENTIFIER NULL, IsDeleted BIT NOT NULL DEFAULT 0,
    CONSTRAINT FK_CampaignChannelAccounts_Campaigns FOREIGN KEY (CampaignId) REFERENCES dbo.Campaigns(Id),
    CONSTRAINT FK_CampaignChannelAccounts_ChannelAccounts FOREIGN KEY (ChannelAccountId) REFERENCES dbo.ChannelAccounts(Id));
2026-07-22 20:01:39.145 +07:00 [INF] Executed DbCommand (1ms) [Parameters=[], CommandType='"Text"', CommandTimeout='30']
IF OBJECT_ID('dbo.CampaignChannelAccounts') IS NOT NULL AND NOT EXISTS (SELECT 1 FROM sys.indexes WHERE name = 'IX_CampaignChannelAccounts_CampaignId_ChannelAccountId')
    CREATE UNIQUE INDEX IX_CampaignChannelAccounts_CampaignId_ChannelAccountId ON dbo.CampaignChannelAccounts(CampaignId, ChannelAccountId);
2026-07-22 20:01:39.153 +07:00 [INF] Executed DbCommand (2ms) [Parameters=[], CommandType='"Text"', CommandTimeout='30']
IF OBJECT_ID('dbo.Timelines') IS NULL
CREATE TABLE dbo.Timelines (
    Id UNIQUEIDENTIFIER NOT NULL PRIMARY KEY, ProjectId UNIQUEIDENTIFIER NOT NULL, CampaignId UNIQUEIDENTIFIER NULL,
    Name NVARCHAR(200) NOT NULL, TemplateTypeId UNIQUEIDENTIFIER NOT NULL,
    StartDate DATE NOT NULL, EndDate DATE NOT NULL, Status INT NOT NULL,
    CreatedAt DATETIME2 NOT NULL, UpdatedAt DATETIME2 NULL,
    CreatedBy UNIQUEIDENTIFIER NULL, UpdatedBy UNIQUEIDENTIFIER NULL, IsDeleted BIT NOT NULL DEFAULT 0,
    CONSTRAINT FK_Timelines_Projects FOREIGN KEY (ProjectId) REFERENCES dbo.Projects(Id),
    CONSTRAINT FK_Timelines_Campaigns FOREIGN KEY (CampaignId) REFERENCES dbo.Campaigns(Id),
    CONSTRAINT FK_Timelines_TimelineTemplateTypes FOREIGN KEY (TemplateTypeId) REFERENCES dbo.TimelineTemplateTypes(Id),
    CONSTRAINT CK_Timelines_Dates CHECK (EndDate >= StartDate));
2026-07-22 20:01:39.156 +07:00 [INF] Executed DbCommand (1ms) [Parameters=[], CommandType='"Text"', CommandTimeout='30']
IF NOT EXISTS (SELECT 1 FROM sys.foreign_keys WHERE name = 'FK_Posts_Timelines_TimelineId') AND OBJECT_ID('dbo.Timelines') IS NOT NULL
    ALTER TABLE dbo.Posts ADD CONSTRAINT FK_Posts_Timelines_TimelineId FOREIGN KEY (TimelineId) REFERENCES dbo.Timelines(Id);
2026-07-22 20:01:39.161 +07:00 [INF] Executed DbCommand (1ms) [Parameters=[], CommandType='"Text"', CommandTimeout='30']
IF NOT EXISTS (SELECT 1 FROM sys.foreign_keys WHERE name = 'FK_Posts_VoiceSampleTemplates_VoiceSampleId') AND OBJECT_ID('dbo.VoiceSampleTemplates') IS NOT NULL
    ALTER TABLE dbo.Posts ADD CONSTRAINT FK_Posts_VoiceSampleTemplates_VoiceSampleId FOREIGN KEY (VoiceSampleId) REFERENCES dbo.VoiceSampleTemplates(Id);
2026-07-22 20:01:39.165 +07:00 [INF] Executed DbCommand (1ms) [Parameters=[], CommandType='"Text"', CommandTimeout='30']
IF OBJECT_ID('dbo.PostHashtags') IS NULL
CREATE TABLE dbo.PostHashtags (
    Id UNIQUEIDENTIFIER NOT NULL PRIMARY KEY, PostId UNIQUEIDENTIFIER NOT NULL, HashtagId UNIQUEIDENTIFIER NOT NULL,
    CreatedAt DATETIME2 NOT NULL, UpdatedAt DATETIME2 NULL,
    CreatedBy UNIQUEIDENTIFIER NULL, UpdatedBy UNIQUEIDENTIFIER NULL, IsDeleted BIT NOT NULL DEFAULT 0,
    CONSTRAINT FK_PostHashtags_Posts FOREIGN KEY (PostId) REFERENCES dbo.Posts(Id),
    CONSTRAINT FK_PostHashtags_Hashtags FOREIGN KEY (HashtagId) REFERENCES dbo.Hashtags(Id));
2026-07-22 20:01:39.168 +07:00 [INF] Executed DbCommand (1ms) [Parameters=[], CommandType='"Text"', CommandTimeout='30']
IF OBJECT_ID('dbo.PostChannelAccounts') IS NULL
CREATE TABLE dbo.PostChannelAccounts (
    Id UNIQUEIDENTIFIER NOT NULL PRIMARY KEY, PostId UNIQUEIDENTIFIER NOT NULL, ChannelAccountId UNIQUEIDENTIFIER NOT NULL,
    Status INT NOT NULL, ExternalPostId NVARCHAR(128) NULL, PublishedUrl NVARCHAR(1000) NULL, PublishedAt DATETIME2 NULL,
    CreatedAt DATETIME2 NOT NULL, UpdatedAt DATETIME2 NULL,
    CreatedBy UNIQUEIDENTIFIER NULL, UpdatedBy UNIQUEIDENTIFIER NULL, IsDeleted BIT NOT NULL DEFAULT 0,
    CONSTRAINT FK_PostChannelAccounts_Posts FOREIGN KEY (PostId) REFERENCES dbo.Posts(Id),
    CONSTRAINT FK_PostChannelAccounts_ChannelAccounts FOREIGN KEY (ChannelAccountId) REFERENCES dbo.ChannelAccounts(Id));
2026-07-22 20:01:39.171 +07:00 [INF] Executed DbCommand (1ms) [Parameters=[], CommandType='"Text"', CommandTimeout='30']
IF OBJECT_ID('dbo.PostChannelAccounts') IS NOT NULL AND NOT EXISTS (SELECT 1 FROM sys.indexes WHERE name = 'IX_PostChannelAccounts_PostId_ChannelAccountId')
    CREATE UNIQUE INDEX IX_PostChannelAccounts_PostId_ChannelAccountId ON dbo.PostChannelAccounts(PostId, ChannelAccountId);
2026-07-22 20:01:39.175 +07:00 [INF] Executed DbCommand (2ms) [Parameters=[], CommandType='"Text"', CommandTimeout='30']
IF NOT EXISTS (SELECT 1 FROM sys.foreign_keys WHERE name = 'FK_PostSchedules_PostChannelAccounts_PostChannelAccountId') AND OBJECT_ID('dbo.PostChannelAccounts') IS NOT NULL
    ALTER TABLE dbo.PostSchedules ADD CONSTRAINT FK_PostSchedules_PostChannelAccounts_PostChannelAccountId FOREIGN KEY (PostChannelAccountId) REFERENCES dbo.PostChannelAccounts(Id);
2026-07-22 20:01:39.179 +07:00 [INF] Executed DbCommand (1ms) [Parameters=[], CommandType='"Text"', CommandTimeout='30']
IF OBJECT_ID('dbo.PostAnalytics') IS NULL
CREATE TABLE dbo.PostAnalytics (
    Id UNIQUEIDENTIFIER NOT NULL PRIMARY KEY, PostChannelAccountId UNIQUEIDENTIFIER NOT NULL,
    Reach INT NOT NULL DEFAULT 0, Likes INT NOT NULL DEFAULT 0, Comments INT NOT NULL DEFAULT 0, Shares INT NOT NULL DEFAULT 0,
    RecordedAt DATETIME2 NOT NULL,
    CreatedAt DATETIME2 NOT NULL, UpdatedAt DATETIME2 NULL,
    CreatedBy UNIQUEIDENTIFIER NULL, UpdatedBy UNIQUEIDENTIFIER NULL, IsDeleted BIT NOT NULL DEFAULT 0,
    CONSTRAINT FK_PostAnalytics_PostChannelAccounts FOREIGN KEY (PostChannelAccountId) REFERENCES dbo.PostChannelAccounts(Id));
2026-07-22 20:01:39.184 +07:00 [INF] Executed DbCommand (1ms) [Parameters=[], CommandType='"Text"', CommandTimeout='30']
IF OBJECT_ID('dbo.PostAnalytics') IS NOT NULL AND NOT EXISTS (SELECT 1 FROM sys.indexes WHERE name = 'IX_PostAnalytics_PostChannelAccountId')
    CREATE UNIQUE INDEX IX_PostAnalytics_PostChannelAccountId ON dbo.PostAnalytics(PostChannelAccountId);
2026-07-22 20:01:39.187 +07:00 [INF] FlowMate EF compatibility layer applied.
2026-07-22 20:01:39.440 +07:00 [INF] Executed DbCommand (5ms) [Parameters=[], CommandType='"Text"', CommandTimeout='30']
SELECT CASE
    WHEN EXISTS (
        SELECT 1
        FROM [Roles] AS [r]
        WHERE [r].[IsDeleted] = CAST(0 AS bit)) THEN CAST(1 AS bit)
    ELSE CAST(0 AS bit)
END
2026-07-22 20:01:39.478 +07:00 [INF] Executed DbCommand (1ms) [Parameters=[], CommandType='"Text"', CommandTimeout='30']
SELECT CASE
    WHEN EXISTS (
        SELECT 1
        FROM [Permissions] AS [p]
        WHERE [p].[IsDeleted] = CAST(0 AS bit)) THEN CAST(1 AS bit)
    ELSE CAST(0 AS bit)
END
2026-07-22 20:01:39.494 +07:00 [INF] Executed DbCommand (1ms) [Parameters=[], CommandType='"Text"', CommandTimeout='30']
SELECT CASE
    WHEN EXISTS (
        SELECT 1
        FROM [RolePermissions] AS [r]
        WHERE [r].[IsDeleted] = CAST(0 AS bit) AND [r].[RoleId] = '33333333-3333-3333-3333-333333333333') THEN CAST(1 AS bit)
    ELSE CAST(0 AS bit)
END
2026-07-22 20:01:39.504 +07:00 [INF] Executed DbCommand (1ms) [Parameters=[], CommandType='"Text"', CommandTimeout='30']
SELECT CASE
    WHEN EXISTS (
        SELECT 1
        FROM [Plans] AS [p]
        WHERE [p].[IsDeleted] = CAST(0 AS bit)) THEN CAST(1 AS bit)
    ELSE CAST(0 AS bit)
END
2026-07-22 20:01:39.510 +07:00 [INF] Executed DbCommand (1ms) [Parameters=[], CommandType='"Text"', CommandTimeout='30']
SELECT CASE
    WHEN EXISTS (
        SELECT 1
        FROM [Channels] AS [c]
        WHERE [c].[IsDeleted] = CAST(0 AS bit)) THEN CAST(1 AS bit)
    ELSE CAST(0 AS bit)
END
2026-07-22 20:01:39.519 +07:00 [INF] Executed DbCommand (1ms) [Parameters=[], CommandType='"Text"', CommandTimeout='30']
SELECT CASE
    WHEN EXISTS (
        SELECT 1
        FROM [BrandStyles] AS [b]
        WHERE [b].[IsDeleted] = CAST(0 AS bit)) THEN CAST(1 AS bit)
    ELSE CAST(0 AS bit)
END
2026-07-22 20:01:39.528 +07:00 [INF] Executed DbCommand (2ms) [Parameters=[], CommandType='"Text"', CommandTimeout='30']
SELECT CASE
    WHEN EXISTS (
        SELECT 1
        FROM [ToneKeywords] AS [t]
        WHERE [t].[IsDeleted] = CAST(0 AS bit)) THEN CAST(1 AS bit)
    ELSE CAST(0 AS bit)
END
2026-07-22 20:01:39.537 +07:00 [INF] Executed DbCommand (1ms) [Parameters=[], CommandType='"Text"', CommandTimeout='30']
SELECT CASE
    WHEN EXISTS (
        SELECT 1
        FROM [VoiceSampleTemplates] AS [v]
        WHERE [v].[IsDeleted] = CAST(0 AS bit)) THEN CAST(1 AS bit)
    ELSE CAST(0 AS bit)
END
2026-07-22 20:01:39.545 +07:00 [INF] Executed DbCommand (1ms) [Parameters=[], CommandType='"Text"', CommandTimeout='30']
SELECT CASE
    WHEN EXISTS (
        SELECT 1
        FROM [CtaTemplates] AS [c]
        WHERE [c].[IsDeleted] = CAST(0 AS bit)) THEN CAST(1 AS bit)
    ELSE CAST(0 AS bit)
END
2026-07-22 20:01:39.551 +07:00 [INF] Executed DbCommand (1ms) [Parameters=[], CommandType='"Text"', CommandTimeout='30']
SELECT CASE
    WHEN EXISTS (
        SELECT 1
        FROM [CampaignGoals] AS [c]
        WHERE [c].[IsDeleted] = CAST(0 AS bit)) THEN CAST(1 AS bit)
    ELSE CAST(0 AS bit)
END
2026-07-22 20:01:39.559 +07:00 [INF] Executed DbCommand (1ms) [Parameters=[], CommandType='"Text"', CommandTimeout='30']
SELECT CASE
    WHEN EXISTS (
        SELECT 1
        FROM [PromotionTypes] AS [p]
        WHERE [p].[IsDeleted] = CAST(0 AS bit)) THEN CAST(1 AS bit)
    ELSE CAST(0 AS bit)
END
2026-07-22 20:01:39.569 +07:00 [INF] Executed DbCommand (1ms) [Parameters=[], CommandType='"Text"', CommandTimeout='30']
SELECT CASE
    WHEN EXISTS (
        SELECT 1
        FROM [TimelineTemplateTypes] AS [t]
        WHERE [t].[IsDeleted] = CAST(0 AS bit)) THEN CAST(1 AS bit)
    ELSE CAST(0 AS bit)
END
2026-07-22 20:01:39.580 +07:00 [INF] Executed DbCommand (1ms) [Parameters=[], CommandType='"Text"', CommandTimeout='30']
SELECT CASE
    WHEN EXISTS (
        SELECT 1
        FROM [Settings] AS [s]
        WHERE [s].[IsDeleted] = CAST(0 AS bit)) THEN CAST(1 AS bit)
    ELSE CAST(0 AS bit)
END
2026-07-22 20:01:39.590 +07:00 [INF] Executed DbCommand (1ms) [Parameters=[], CommandType='"Text"', CommandTimeout='30']
SELECT CASE
    WHEN EXISTS (
        SELECT 1
        FROM [AiPrompts] AS [a]
        WHERE [a].[IsDeleted] = CAST(0 AS bit)) THEN CAST(1 AS bit)
    ELSE CAST(0 AS bit)
END
2026-07-22 20:01:39.600 +07:00 [INF] Executed DbCommand (1ms) [Parameters=[], CommandType='"Text"', CommandTimeout='30']
SELECT CASE
    WHEN EXISTS (
        SELECT 1
        FROM [AiPrompts] AS [a]
        WHERE [a].[IsDeleted] = CAST(0 AS bit) AND [a].[Name] = N'Facebook Fanpage Bán Hàng') THEN CAST(1 AS bit)
    ELSE CAST(0 AS bit)
END
2026-07-22 20:01:39.609 +07:00 [INF] Executed DbCommand (1ms) [Parameters=[], CommandType='"Text"', CommandTimeout='30']
SELECT CASE
    WHEN EXISTS (
        SELECT 1
        FROM [Users] AS [u]
        WHERE [u].[IsDeleted] = CAST(0 AS bit) AND [u].[Email] = N'admin@autowork.com') THEN CAST(1 AS bit)
    ELSE CAST(0 AS bit)
END
2026-07-22 20:01:39.619 +07:00 [INF] Executed DbCommand (1ms) [Parameters=[], CommandType='"Text"', CommandTimeout='30']
SELECT CASE
    WHEN EXISTS (
        SELECT 1
        FROM [Users] AS [u]
        WHERE [u].[IsDeleted] = CAST(0 AS bit) AND [u].[Email] = N'demo@autowork.com') THEN CAST(1 AS bit)
    ELSE CAST(0 AS bit)
END
2026-07-22 20:01:39.628 +07:00 [INF] Executed DbCommand (1ms) [Parameters=[], CommandType='"Text"', CommandTimeout='30']
SELECT CASE
    WHEN EXISTS (
        SELECT 1
        FROM [Projects] AS [p]
        WHERE [p].[IsDeleted] = CAST(0 AS bit) AND [p].[Id] = '13131313-1313-1313-1313-131313131313') THEN CAST(1 AS bit)
    ELSE CAST(0 AS bit)
END
2026-07-22 20:01:39.636 +07:00 [INF] Executed DbCommand (1ms) [Parameters=[], CommandType='"Text"', CommandTimeout='30']
SELECT CASE
    WHEN EXISTS (
        SELECT 1
        FROM [Posts] AS [p]
        WHERE [p].[IsDeleted] = CAST(0 AS bit) AND [p].[ProjectId] = '13131313-1313-1313-1313-131313131313') THEN CAST(1 AS bit)
    ELSE CAST(0 AS bit)
END
2026-07-22 20:01:39.653 +07:00 [INF] Database seed completed successfully.
2026-07-22 20:01:39.840 +07:00 [INF] Start installing Hangfire SQL objects...
2026-07-22 20:01:39.884 +07:00 [INF] Hangfire SQL objects installed.
2026-07-22 20:01:40.207 +07:00 [WRN] The WebRootPath was not found: D:\EXE01\AIMarketingAssistant\src\AutoWork.API\wwwroot. Static files may be unavailable.
2026-07-22 20:01:40.317 +07:00 [INF] Now listening on: https://localhost:7165
2026-07-22 20:01:40.398 +07:00 [INF] Starting Hangfire Server using job storage: 'SQL Server: localhost@FlowMateDB'
2026-07-22 20:01:40.400 +07:00 [INF] Using the following options for SQL Server job storage: Queue poll interval: 00:00:15.
2026-07-22 20:01:40.401 +07:00 [INF] Using the following options for Hangfire Server:
    Worker count: 20
    Listening queues: 'default'
    Shutdown timeout: 00:00:15
    Schedule polling interval: 00:00:15
2026-07-22 20:01:40.422 +07:00 [INF] Application started. Press Ctrl+C to shut down.
2026-07-22 20:01:40.424 +07:00 [INF] Hosting environment: Development
2026-07-22 20:01:40.425 +07:00 [INF] Content root path: D:\EXE01\AIMarketingAssistant\src\AutoWork.API
2026-07-22 20:01:40.434 +07:00 [INF] Server laptop-g044c7b0:20820:dc69fd49 successfully announced in 10.1653 ms
2026-07-22 20:01:40.441 +07:00 [INF] Server laptop-g044c7b0:20820:dc69fd49 is starting the registered dispatchers: ServerWatchdog, ServerJobCancellationWatcher, ExpirationManager, CountersAggregator, SqlServerHeartbeatProcess, Worker, DelayedJobScheduler, RecurringJobScheduler...
2026-07-22 20:01:40.459 +07:00 [INF] 2 servers were removed due to timeout
2026-07-22 20:01:40.514 +07:00 [INF] Server laptop-g044c7b0:20820:dc69fd49 all the dispatchers started
2026-07-22 20:01:41.922 +07:00 [INF] Executed DbCommand (52ms) [Parameters=[@__before_0='?' (DbType = DateTime2)], CommandType='"Text"', CommandTimeout='30']
SELECT [p].[Id], [p].[CreatedAt], [p].[CreatedBy], [p].[ExecutedAt], [p].[FailureReason], [p].[IsDeleted], [p].[PostChannelAccountId], [p].[PostId], [p].[RetryCount], [p].[ScheduledAt], [p].[Status], [p].[UpdatedAt], [p].[UpdatedBy], [t].[Id], [t].[ChannelAccountId], [t].[CreatedAt], [t].[CreatedBy], [t].[DayNumber], [t].[ExternalPostId], [t].[IsDeleted], [t].[ProjectId], [t].[PublishedAt], [t].[PublishedUrl], [t].[ScheduledAt], [t].[Status], [t].[TimelineId], [t].[Title], [t].[TrackingEnabled], [t].[UpdatedAt], [t].[UpdatedBy], [t].[VoiceSampleId], [t0].[Id], [t0].[Content], [t0].[ContentType], [t0].[CreatedAt], [t0].[CreatedBy], [t0].[IsDeleted], [t0].[MediaFileId], [t0].[PostId], [t0].[SortOrder], [t0].[UpdatedAt], [t0].[UpdatedBy]
FROM [PostSchedules] AS [p]
INNER JOIN (
    SELECT [p0].[Id], [p0].[ChannelAccountId], [p0].[CreatedAt], [p0].[CreatedBy], [p0].[DayNumber], [p0].[ExternalPostId], [p0].[IsDeleted], [p0].[ProjectId], [p0].[PublishedAt], [p0].[PublishedUrl], [p0].[ScheduledAt], [p0].[Status], [p0].[TimelineId], [p0].[Title], [p0].[TrackingEnabled], [p0].[UpdatedAt], [p0].[UpdatedBy], [p0].[VoiceSampleId]
    FROM [Posts] AS [p0]
    WHERE [p0].[IsDeleted] = CAST(0 AS bit)
) AS [t] ON [p].[PostId] = [t].[Id]
LEFT JOIN (
    SELECT [p1].[Id], [p1].[Content], [p1].[ContentType], [p1].[CreatedAt], [p1].[CreatedBy], [p1].[IsDeleted], [p1].[MediaFileId], [p1].[PostId], [p1].[SortOrder], [p1].[UpdatedAt], [p1].[UpdatedBy]
    FROM [PostContents] AS [p1]
    WHERE [p1].[IsDeleted] = CAST(0 AS bit)
) AS [t0] ON [t].[Id] = [t0].[PostId]
WHERE [p].[IsDeleted] = CAST(0 AS bit) AND [p].[Status] = 0 AND [p].[ScheduledAt] <= @__before_0
ORDER BY [p].[ScheduledAt], [p].[Id], [t].[Id]
2026-07-22 20:01:42.146 +07:00 [WRN] Compiling a query which loads related collections for more than one collection navigation, either via 'Include' or through projection, but no 'QuerySplittingBehavior' has been configured. By default, Entity Framework will use 'QuerySplittingBehavior.SingleQuery', which can potentially result in slow query performance. See https://go.microsoft.com/fwlink/?linkid=2134277 for more information. To identify the query that's triggering this warning call 'ConfigureWarnings(w => w.Throw(RelationalEventId.MultipleCollectionIncludeWarning))'.
2026-07-22 20:01:42.562 +07:00 [ERR] Failed executing DbCommand (196ms) [Parameters=[@__id_0='?' (DbType = Guid)], CommandType='"Text"', CommandTimeout='30']
SELECT [t2].[Id], [t2].[ChannelAccountId], [t2].[CreatedAt], [t2].[CreatedBy], [t2].[DayNumber], [t2].[ExternalPostId], [t2].[IsDeleted], [t2].[ProjectId], [t2].[PublishedAt], [t2].[PublishedUrl], [t2].[ScheduledAt], [t2].[Status], [t2].[TimelineId], [t2].[Title], [t2].[TrackingEnabled], [t2].[UpdatedAt], [t2].[UpdatedBy], [t2].[VoiceSampleId], [t2].[Id0], [t2].[Id1], [t2].[Id2], [t3].[Id], [t3].[Content], [t3].[ContentType], [t3].[CreatedAt], [t3].[CreatedBy], [t3].[IsDeleted], [t3].[MediaFileId], [t3].[PostId], [t3].[SortOrder], [t3].[UpdatedAt], [t3].[UpdatedBy], [t2].[CreatedAt0], [t2].[CreatedBy0], [t2].[ExecutedAt], [t2].[FailureReason], [t2].[IsDeleted0], [t2].[PostChannelAccountId], [t2].[PostId], [t2].[RetryCount], [t2].[ScheduledAt0], [t2].[Status0], [t2].[UpdatedAt0], [t2].[UpdatedBy0], [t4].[Id], [t4].[Action], [t4].[CreatedAt], [t4].[CreatedBy], [t4].[Details], [t4].[IsDeleted], [t4].[Level], [t4].[Message], [t4].[PostId], [t4].[UpdatedAt], [t4].[UpdatedBy], [t2].[AccessToken], [t2].[AvatarUrl], [t2].[ChannelId], [t2].[CreatedAt1], [t2].[CreatedBy1], [t2].[ExternalId], [t2].[IsActive], [t2].[IsDeleted1], [t2].[LastSyncedAt], [t2].[Name], [t2].[ParentChannelAccountId], [t2].[ProfileUrl], [t2].[ProjectId0], [t2].[RefreshToken], [t2].[Scope], [t2].[TokenExpiresAt], [t2].[UpdatedAt1], [t2].[UpdatedBy1], [t2].[UserId], [t2].[Code], [t2].[CreatedAt2], [t2].[CreatedBy2], [t2].[Description], [t2].[IconUrl], [t2].[IsActive0], [t2].[IsDeleted2], [t2].[Name0], [t2].[SortOrder], [t2].[UpdatedAt2], [t2].[UpdatedBy2], [t5].[Id], [t5].[ChannelAccountId], [t5].[CreatedAt], [t5].[CreatedBy], [t5].[ExternalPostId], [t5].[IsDeleted], [t5].[PostId], [t5].[PublishedAt], [t5].[PublishedUrl], [t5].[Status], [t5].[UpdatedAt], [t5].[UpdatedBy], [t5].[Id0], [t5].[AccessToken], [t5].[AvatarUrl], [t5].[ChannelId], [t5].[CreatedAt0], [t5].[CreatedBy0], [t5].[ExternalId], [t5].[IsActive], [t5].[IsDeleted0], [t5].[LastSyncedAt], [t5].[Name], [t5].[ParentChannelAccountId], [t5].[ProfileUrl], [t5].[ProjectId], [t5].[RefreshToken], [t5].[Scope], [t5].[TokenExpiresAt], [t5].[UpdatedAt0], [t5].[UpdatedBy0], [t5].[UserId], [t5].[Id1], [t5].[Code], [t5].[CreatedAt1], [t5].[CreatedBy1], [t5].[Description], [t5].[IconUrl], [t5].[IsActive0], [t5].[IsDeleted1], [t5].[Name0], [t5].[SortOrder], [t5].[UpdatedAt1], [t5].[UpdatedBy1], [t8].[Id], [t8].[CreatedAt], [t8].[CreatedBy], [t8].[HashtagId], [t8].[IsDeleted], [t8].[PostId], [t8].[UpdatedAt], [t8].[UpdatedBy], [t8].[Id0], [t8].[CreatedAt0], [t8].[CreatedBy0], [t8].[IsDeleted0], [t8].[Tag], [t8].[UpdatedAt0], [t8].[UpdatedBy0]
FROM (
    SELECT TOP(1) [p].[Id], [p].[ChannelAccountId], [p].[CreatedAt], [p].[CreatedBy], [p].[DayNumber], [p].[ExternalPostId], [p].[IsDeleted], [p].[ProjectId], [p].[PublishedAt], [p].[PublishedUrl], [p].[ScheduledAt], [p].[Status], [p].[TimelineId], [p].[Title], [p].[TrackingEnabled], [p].[UpdatedAt], [p].[UpdatedBy], [p].[VoiceSampleId], [t].[Id] AS [Id0], [t].[CreatedAt] AS [CreatedAt0], [t].[CreatedBy] AS [CreatedBy0], [t].[ExecutedAt], [t].[FailureReason], [t].[IsDeleted] AS [IsDeleted0], [t].[PostChannelAccountId], [t].[PostId], [t].[RetryCount], [t].[ScheduledAt] AS [ScheduledAt0], [t].[Status] AS [Status0], [t].[UpdatedAt] AS [UpdatedAt0], [t].[UpdatedBy] AS [UpdatedBy0], [t0].[Id] AS [Id1], [t0].[AccessToken], [t0].[AvatarUrl], [t0].[ChannelId], [t0].[CreatedAt] AS [CreatedAt1], [t0].[CreatedBy] AS [CreatedBy1], [t0].[ExternalId], [t0].[IsActive], [t0].[IsDeleted] AS [IsDeleted1], [t0].[LastSyncedAt], [t0].[Name], [t0].[ParentChannelAccountId], [t0].[ProfileUrl], [t0].[ProjectId] AS [ProjectId0], [t0].[RefreshToken], [t0].[Scope], [t0].[TokenExpiresAt], [t0].[UpdatedAt] AS [UpdatedAt1], [t0].[UpdatedBy] AS [UpdatedBy1], [t0].[UserId], [t1].[Id] AS [Id2], [t1].[Code], [t1].[CreatedAt] AS [CreatedAt2], [t1].[CreatedBy] AS [CreatedBy2], [t1].[Description], [t1].[IconUrl], [t1].[IsActive] AS [IsActive0], [t1].[IsDeleted] AS [IsDeleted2], [t1].[Name] AS [Name0], [t1].[SortOrder], [t1].[UpdatedAt] AS [UpdatedAt2], [t1].[UpdatedBy] AS [UpdatedBy2]
    FROM [Posts] AS [p]
    LEFT JOIN (
        SELECT [p0].[Id], [p0].[CreatedAt], [p0].[CreatedBy], [p0].[ExecutedAt], [p0].[FailureReason], [p0].[IsDeleted], [p0].[PostChannelAccountId], [p0].[PostId], [p0].[RetryCount], [p0].[ScheduledAt], [p0].[Status], [p0].[UpdatedAt], [p0].[UpdatedBy]
        FROM [PostSchedules] AS [p0]
        WHERE [p0].[IsDeleted] = CAST(0 AS bit)
    ) AS [t] ON [p].[Id] = [t].[PostId]
    LEFT JOIN (
        SELECT [c].[Id], [c].[AccessToken], [c].[AvatarUrl], [c].[ChannelId], [c].[CreatedAt], [c].[CreatedBy], [c].[ExternalId], [c].[IsActive], [c].[IsDeleted], [c].[LastSyncedAt], [c].[Name], [c].[ParentChannelAccountId], [c].[ProfileUrl], [c].[ProjectId], [c].[RefreshToken], [c].[Scope], [c].[TokenExpiresAt], [c].[UpdatedAt], [c].[UpdatedBy], [c].[UserId]
        FROM [ChannelAccounts] AS [c]
        WHERE [c].[IsDeleted] = CAST(0 AS bit)
    ) AS [t0] ON [p].[ChannelAccountId] = [t0].[Id]
    LEFT JOIN (
        SELECT [c0].[Id], [c0].[Code], [c0].[CreatedAt], [c0].[CreatedBy], [c0].[Description], [c0].[IconUrl], [c0].[IsActive], [c0].[IsDeleted], [c0].[Name], [c0].[SortOrder], [c0].[UpdatedAt], [c0].[UpdatedBy]
        FROM [Channels] AS [c0]
        WHERE [c0].[IsDeleted] = CAST(0 AS bit)
    ) AS [t1] ON [t0].[ChannelId] = [t1].[Id]
    WHERE [p].[IsDeleted] = CAST(0 AS bit) AND [p].[Id] = @__id_0
) AS [t2]
LEFT JOIN (
    SELECT [p1].[Id], [p1].[Content], [p1].[ContentType], [p1].[CreatedAt], [p1].[CreatedBy], [p1].[IsDeleted], [p1].[MediaFileId], [p1].[PostId], [p1].[SortOrder], [p1].[UpdatedAt], [p1].[UpdatedBy]
    FROM [PostContents] AS [p1]
    WHERE [p1].[IsDeleted] = CAST(0 AS bit)
) AS [t3] ON [t2].[Id] = [t3].[PostId]
LEFT JOIN (
    SELECT [p2].[Id], [p2].[Action], [p2].[CreatedAt], [p2].[CreatedBy], [p2].[Details], [p2].[IsDeleted], [p2].[Level], [p2].[Message], [p2].[PostId], [p2].[UpdatedAt], [p2].[UpdatedBy]
    FROM [PostLogs] AS [p2]
    WHERE [p2].[IsDeleted] = CAST(0 AS bit)
) AS [t4] ON [t2].[Id] = [t4].[PostId]
LEFT JOIN (
    SELECT [p3].[Id], [p3].[ChannelAccountId], [p3].[CreatedAt], [p3].[CreatedBy], [p3].[ExternalPostId], [p3].[IsDeleted], [p3].[PostId], [p3].[PublishedAt], [p3].[PublishedUrl], [p3].[Status], [p3].[UpdatedAt], [p3].[UpdatedBy], [t6].[Id] AS [Id0], [t6].[AccessToken], [t6].[AvatarUrl], [t6].[ChannelId], [t6].[CreatedAt] AS [CreatedAt0], [t6].[CreatedBy] AS [CreatedBy0], [t6].[ExternalId], [t6].[IsActive], [t6].[IsDeleted] AS [IsDeleted0], [t6].[LastSyncedAt], [t6].[Name], [t6].[ParentChannelAccountId], [t6].[ProfileUrl], [t6].[ProjectId], [t6].[RefreshToken], [t6].[Scope], [t6].[TokenExpiresAt], [t6].[UpdatedAt] AS [UpdatedAt0], [t6].[UpdatedBy] AS [UpdatedBy0], [t6].[UserId], [t7].[Id] AS [Id1], [t7].[Code], [t7].[CreatedAt] AS [CreatedAt1], [t7].[CreatedBy] AS [CreatedBy1], [t7].[Description], [t7].[IconUrl], [t7].[IsActive] AS [IsActive0], [t7].[IsDeleted] AS [IsDeleted1], [t7].[Name] AS [Name0], [t7].[SortOrder], [t7].[UpdatedAt] AS [UpdatedAt1], [t7].[UpdatedBy] AS [UpdatedBy1]
    FROM [PostChannelAccounts] AS [p3]
    INNER JOIN (
        SELECT [c1].[Id], [c1].[AccessToken], [c1].[AvatarUrl], [c1].[ChannelId], [c1].[CreatedAt], [c1].[CreatedBy], [c1].[ExternalId], [c1].[IsActive], [c1].[IsDeleted], [c1].[LastSyncedAt], [c1].[Name], [c1].[ParentChannelAccountId], [c1].[ProfileUrl], [c1].[ProjectId], [c1].[RefreshToken], [c1].[Scope], [c1].[TokenExpiresAt], [c1].[UpdatedAt], [c1].[UpdatedBy], [c1].[UserId]
        FROM [ChannelAccounts] AS [c1]
        WHERE [c1].[IsDeleted] = CAST(0 AS bit)
    ) AS [t6] ON [p3].[ChannelAccountId] = [t6].[Id]
    INNER JOIN (
        SELECT [c2].[Id], [c2].[Code], [c2].[CreatedAt], [c2].[CreatedBy], [c2].[Description], [c2].[IconUrl], [c2].[IsActive], [c2].[IsDeleted], [c2].[Name], [c2].[SortOrder], [c2].[UpdatedAt], [c2].[UpdatedBy]
        FROM [Channels] AS [c2]
        WHERE [c2].[IsDeleted] = CAST(0 AS bit)
    ) AS [t7] ON [t6].[ChannelId] = [t7].[Id]
    WHERE [p3].[IsDeleted] = CAST(0 AS bit)
) AS [t5] ON [t2].[Id] = [t5].[PostId]
LEFT JOIN (
    SELECT [p4].[Id], [p4].[CreatedAt], [p4].[CreatedBy], [p4].[HashtagId], [p4].[IsDeleted], [p4].[PostId], [p4].[UpdatedAt], [p4].[UpdatedBy], [t9].[Id] AS [Id0], [t9].[CreatedAt] AS [CreatedAt0], [t9].[CreatedBy] AS [CreatedBy0], [t9].[IsDeleted] AS [IsDeleted0], [t9].[Tag], [t9].[UpdatedAt] AS [UpdatedAt0], [t9].[UpdatedBy] AS [UpdatedBy0]
    FROM [PostHashtags] AS [p4]
    INNER JOIN (
        SELECT [h].[Id], [h].[CreatedAt], [h].[CreatedBy], [h].[IsDeleted], [h].[Tag], [h].[UpdatedAt], [h].[UpdatedBy]
        FROM [Hashtags] AS [h]
        WHERE [h].[IsDeleted] = CAST(0 AS bit)
    ) AS [t9] ON [p4].[HashtagId] = [t9].[Id]
    WHERE [p4].[IsDeleted] = CAST(0 AS bit)
) AS [t8] ON [t2].[Id] = [t8].[PostId]
ORDER BY [t2].[Id], [t2].[Id0], [t2].[Id1], [t2].[Id2], [t3].[Id], [t4].[Id], [t5].[Id], [t5].[Id0], [t5].[Id1], [t8].[Id]
2026-07-22 20:01:42.762 +07:00 [ERR] An exception occurred while iterating over the results of a query for context type 'AutoWork.Persistence.Context.ApplicationDbContext'.
Microsoft.Data.SqlClient.SqlException (0x80131904): Invalid column name 'IsDeleted'.
Invalid column name 'Id'.
Invalid column name 'CreatedAt'.
Invalid column name 'CreatedBy'.
Invalid column name 'IsDeleted'.
Invalid column name 'UpdatedAt'.
Invalid column name 'UpdatedBy'.
   at Microsoft.Data.SqlClient.SqlCommand.<>c.<ExecuteDbDataReaderAsync>b__211_0(Task`1 result)
   at System.Threading.Tasks.ContinuationResultTaskFromResultTask`2.InnerInvoke()
   at System.Threading.ExecutionContext.RunInternal(ExecutionContext executionContext, ContextCallback callback, Object state)
--- End of stack trace from previous location ---
   at System.Threading.ExecutionContext.RunInternal(ExecutionContext executionContext, ContextCallback callback, Object state)
   at System.Threading.Tasks.Task.ExecuteWithThreadLocal(Task& currentTaskSlot, Thread threadPoolThread)
--- End of stack trace from previous location ---
   at Microsoft.EntityFrameworkCore.Storage.RelationalCommand.ExecuteReaderAsync(RelationalCommandParameterObject parameterObject, CancellationToken cancellationToken)
   at Microsoft.EntityFrameworkCore.Storage.RelationalCommand.ExecuteReaderAsync(RelationalCommandParameterObject parameterObject, CancellationToken cancellationToken)
   at Microsoft.EntityFrameworkCore.Query.Internal.SingleQueryingEnumerable`1.AsyncEnumerator.InitializeReaderAsync(AsyncEnumerator enumerator, CancellationToken cancellationToken)
   at Microsoft.EntityFrameworkCore.Storage.ExecutionStrategy.<>c__DisplayClass30_0`2.<<ExecuteAsync>b__0>d.MoveNext()
--- End of stack trace from previous location ---
   at Microsoft.EntityFrameworkCore.Storage.ExecutionStrategy.ExecuteImplementationAsync[TState,TResult](Func`4 operation, Func`4 verifySucceeded, TState state, CancellationToken cancellationToken)
   at Microsoft.EntityFrameworkCore.Storage.ExecutionStrategy.ExecuteImplementationAsync[TState,TResult](Func`4 operation, Func`4 verifySucceeded, TState state, CancellationToken cancellationToken)
   at Microsoft.EntityFrameworkCore.Storage.ExecutionStrategy.ExecuteAsync[TState,TResult](TState state, Func`4 operation, Func`4 verifySucceeded, CancellationToken cancellationToken)
   at Microsoft.EntityFrameworkCore.Query.Internal.SingleQueryingEnumerable`1.AsyncEnumerator.MoveNextAsync()
ClientConnectionId:fdbadefb-907c-4ee8-95f6-3ccd16473a90
Error Number:207,State:1,Class:16
Microsoft.Data.SqlClient.SqlException (0x80131904): Invalid column name 'IsDeleted'.
Invalid column name 'Id'.
Invalid column name 'CreatedAt'.
Invalid column name 'CreatedBy'.
Invalid column name 'IsDeleted'.
Invalid column name 'UpdatedAt'.
Invalid column name 'UpdatedBy'.
   at Microsoft.Data.SqlClient.SqlCommand.<>c.<ExecuteDbDataReaderAsync>b__211_0(Task`1 result)
   at System.Threading.Tasks.ContinuationResultTaskFromResultTask`2.InnerInvoke()
   at System.Threading.ExecutionContext.RunInternal(ExecutionContext executionContext, ContextCallback callback, Object state)
--- End of stack trace from previous location ---
   at System.Threading.ExecutionContext.RunInternal(ExecutionContext executionContext, ContextCallback callback, Object state)
   at System.Threading.Tasks.Task.ExecuteWithThreadLocal(Task& currentTaskSlot, Thread threadPoolThread)
--- End of stack trace from previous location ---
   at Microsoft.EntityFrameworkCore.Storage.RelationalCommand.ExecuteReaderAsync(RelationalCommandParameterObject parameterObject, CancellationToken cancellationToken)
   at Microsoft.EntityFrameworkCore.Storage.RelationalCommand.ExecuteReaderAsync(RelationalCommandParameterObject parameterObject, CancellationToken cancellationToken)
   at Microsoft.EntityFrameworkCore.Query.Internal.SingleQueryingEnumerable`1.AsyncEnumerator.InitializeReaderAsync(AsyncEnumerator enumerator, CancellationToken cancellationToken)
   at Microsoft.EntityFrameworkCore.Storage.ExecutionStrategy.<>c__DisplayClass30_0`2.<<ExecuteAsync>b__0>d.MoveNext()
--- End of stack trace from previous location ---
   at Microsoft.EntityFrameworkCore.Storage.ExecutionStrategy.ExecuteImplementationAsync[TState,TResult](Func`4 operation, Func`4 verifySucceeded, TState state, CancellationToken cancellationToken)
   at Microsoft.EntityFrameworkCore.Storage.ExecutionStrategy.ExecuteImplementationAsync[TState,TResult](Func`4 operation, Func`4 verifySucceeded, TState state, CancellationToken cancellationToken)
   at Microsoft.EntityFrameworkCore.Storage.ExecutionStrategy.ExecuteAsync[TState,TResult](TState state, Func`4 operation, Func`4 verifySucceeded, CancellationToken cancellationToken)
   at Microsoft.EntityFrameworkCore.Query.Internal.SingleQueryingEnumerable`1.AsyncEnumerator.MoveNextAsync()
ClientConnectionId:fdbadefb-907c-4ee8-95f6-3ccd16473a90
Error Number:207,State:1,Class:16
2026-07-22 20:01:43.044 +07:00 [WRN] Failed to process the job '190': an exception occurred. Retry attempt 5 of 10 will be performed in 00:06:01.
Microsoft.Data.SqlClient.SqlException (0x80131904): Invalid column name 'IsDeleted'.
Invalid column name 'Id'.
Invalid column name 'CreatedAt'.
Invalid column name 'CreatedBy'.
Invalid column name 'IsDeleted'.
Invalid column name 'UpdatedAt'.
Invalid column name 'UpdatedBy'.
   at Microsoft.Data.SqlClient.SqlCommand.<>c.<ExecuteDbDataReaderAsync>b__211_0(Task`1 result)
   at System.Threading.Tasks.ContinuationResultTaskFromResultTask`2.InnerInvoke()
   at System.Threading.ExecutionContext.RunInternal(ExecutionContext executionContext, ContextCallback callback, Object state)
--- End of stack trace from previous location ---
   at System.Threading.ExecutionContext.RunInternal(ExecutionContext executionContext, ContextCallback callback, Object state)
   at System.Threading.Tasks.Task.ExecuteWithThreadLocal(Task& currentTaskSlot, Thread threadPoolThread)
--- End of stack trace from previous location ---
   at Microsoft.EntityFrameworkCore.Storage.RelationalCommand.ExecuteReaderAsync(RelationalCommandParameterObject parameterObject, CancellationToken cancellationToken)
   at Microsoft.EntityFrameworkCore.Storage.RelationalCommand.ExecuteReaderAsync(RelationalCommandParameterObject parameterObject, CancellationToken cancellationToken)
   at Microsoft.EntityFrameworkCore.Query.Internal.SingleQueryingEnumerable`1.AsyncEnumerator.InitializeReaderAsync(AsyncEnumerator enumerator, CancellationToken cancellationToken)
   at Microsoft.EntityFrameworkCore.Storage.ExecutionStrategy.<>c__DisplayClass30_0`2.<<ExecuteAsync>b__0>d.MoveNext()
--- End of stack trace from previous location ---
   at Microsoft.EntityFrameworkCore.Storage.ExecutionStrategy.ExecuteImplementationAsync[TState,TResult](Func`4 operation, Func`4 verifySucceeded, TState state, CancellationToken cancellationToken)
   at Microsoft.EntityFrameworkCore.Storage.ExecutionStrategy.ExecuteImplementationAsync[TState,TResult](Func`4 operation, Func`4 verifySucceeded, TState state, CancellationToken cancellationToken)
   at Microsoft.EntityFrameworkCore.Storage.ExecutionStrategy.ExecuteAsync[TState,TResult](TState state, Func`4 operation, Func`4 verifySucceeded, CancellationToken cancellationToken)
   at Microsoft.EntityFrameworkCore.Query.Internal.SingleQueryingEnumerable`1.AsyncEnumerator.MoveNextAsync()
   at Microsoft.EntityFrameworkCore.Query.ShapedQueryCompilingExpressionVisitor.SingleOrDefaultAsync[TSource](IAsyncEnumerable`1 asyncEnumerable, CancellationToken cancellationToken)
   at Microsoft.EntityFrameworkCore.Query.ShapedQueryCompilingExpressionVisitor.SingleOrDefaultAsync[TSource](IAsyncEnumerable`1 asyncEnumerable, CancellationToken cancellationToken)
   at AutoWork.Persistence.Repositories.PostRepository.GetByIdWithDetailsAsync(Guid id, CancellationToken cancellationToken) in D:\EXE01\AIMarketingAssistant\src\AutoWork.Persistence\Repositories\PostRepository.cs:line 16
   at AutoWork.Infrastructure.Jobs.PublishPostJob.ExecuteAsync(Guid postId, CancellationToken cancellationToken) in D:\EXE01\AIMarketingAssistant\src\AutoWork.Infrastructure\Jobs\PublishPostJob.cs:line 26
   at InvokeStub_TaskAwaiter.GetResult(Object, Object, IntPtr*)
   at System.Reflection.MethodBaseInvoker.InvokeWithNoArgs(Object obj, BindingFlags invokeAttr)
ClientConnectionId:fdbadefb-907c-4ee8-95f6-3ccd16473a90
Error Number:207,State:1,Class:16
2026-07-22 20:02:11.171 +07:00 [INF] Executed DbCommand (2ms) [Parameters=[@__before_0='?' (DbType = DateTime2)], CommandType='"Text"', CommandTimeout='30']
SELECT [p].[Id], [p].[CreatedAt], [p].[CreatedBy], [p].[ExecutedAt], [p].[FailureReason], [p].[IsDeleted], [p].[PostChannelAccountId], [p].[PostId], [p].[RetryCount], [p].[ScheduledAt], [p].[Status], [p].[UpdatedAt], [p].[UpdatedBy], [t].[Id], [t].[ChannelAccountId], [t].[CreatedAt], [t].[CreatedBy], [t].[DayNumber], [t].[ExternalPostId], [t].[IsDeleted], [t].[ProjectId], [t].[PublishedAt], [t].[PublishedUrl], [t].[ScheduledAt], [t].[Status], [t].[TimelineId], [t].[Title], [t].[TrackingEnabled], [t].[UpdatedAt], [t].[UpdatedBy], [t].[VoiceSampleId], [t0].[Id], [t0].[Content], [t0].[ContentType], [t0].[CreatedAt], [t0].[CreatedBy], [t0].[IsDeleted], [t0].[MediaFileId], [t0].[PostId], [t0].[SortOrder], [t0].[UpdatedAt], [t0].[UpdatedBy]
FROM [PostSchedules] AS [p]
INNER JOIN (
    SELECT [p0].[Id], [p0].[ChannelAccountId], [p0].[CreatedAt], [p0].[CreatedBy], [p0].[DayNumber], [p0].[ExternalPostId], [p0].[IsDeleted], [p0].[ProjectId], [p0].[PublishedAt], [p0].[PublishedUrl], [p0].[ScheduledAt], [p0].[Status], [p0].[TimelineId], [p0].[Title], [p0].[TrackingEnabled], [p0].[UpdatedAt], [p0].[UpdatedBy], [p0].[VoiceSampleId]
    FROM [Posts] AS [p0]
    WHERE [p0].[IsDeleted] = CAST(0 AS bit)
) AS [t] ON [p].[PostId] = [t].[Id]
LEFT JOIN (
    SELECT [p1].[Id], [p1].[Content], [p1].[ContentType], [p1].[CreatedAt], [p1].[CreatedBy], [p1].[IsDeleted], [p1].[MediaFileId], [p1].[PostId], [p1].[SortOrder], [p1].[UpdatedAt], [p1].[UpdatedBy]
    FROM [PostContents] AS [p1]
    WHERE [p1].[IsDeleted] = CAST(0 AS bit)
) AS [t0] ON [t].[Id] = [t0].[PostId]
WHERE [p].[IsDeleted] = CAST(0 AS bit) AND [p].[Status] = 0 AND [p].[ScheduledAt] <= @__before_0
ORDER BY [p].[ScheduledAt], [p].[Id], [t].[Id]
2026-07-22 20:03:11.251 +07:00 [INF] Executed DbCommand (4ms) [Parameters=[@__before_0='?' (DbType = DateTime2)], CommandType='"Text"', CommandTimeout='30']
SELECT [p].[Id], [p].[CreatedAt], [p].[CreatedBy], [p].[ExecutedAt], [p].[FailureReason], [p].[IsDeleted], [p].[PostChannelAccountId], [p].[PostId], [p].[RetryCount], [p].[ScheduledAt], [p].[Status], [p].[UpdatedAt], [p].[UpdatedBy], [t].[Id], [t].[ChannelAccountId], [t].[CreatedAt], [t].[CreatedBy], [t].[DayNumber], [t].[ExternalPostId], [t].[IsDeleted], [t].[ProjectId], [t].[PublishedAt], [t].[PublishedUrl], [t].[ScheduledAt], [t].[Status], [t].[TimelineId], [t].[Title], [t].[TrackingEnabled], [t].[UpdatedAt], [t].[UpdatedBy], [t].[VoiceSampleId], [t0].[Id], [t0].[Content], [t0].[ContentType], [t0].[CreatedAt], [t0].[CreatedBy], [t0].[IsDeleted], [t0].[MediaFileId], [t0].[PostId], [t0].[SortOrder], [t0].[UpdatedAt], [t0].[UpdatedBy]
FROM [PostSchedules] AS [p]
INNER JOIN (
    SELECT [p0].[Id], [p0].[ChannelAccountId], [p0].[CreatedAt], [p0].[CreatedBy], [p0].[DayNumber], [p0].[ExternalPostId], [p0].[IsDeleted], [p0].[ProjectId], [p0].[PublishedAt], [p0].[PublishedUrl], [p0].[ScheduledAt], [p0].[Status], [p0].[TimelineId], [p0].[Title], [p0].[TrackingEnabled], [p0].[UpdatedAt], [p0].[UpdatedBy], [p0].[VoiceSampleId]
    FROM [Posts] AS [p0]
    WHERE [p0].[IsDeleted] = CAST(0 AS bit)
) AS [t] ON [p].[PostId] = [t].[Id]
LEFT JOIN (
    SELECT [p1].[Id], [p1].[Content], [p1].[ContentType], [p1].[CreatedAt], [p1].[CreatedBy], [p1].[IsDeleted], [p1].[MediaFileId], [p1].[PostId], [p1].[SortOrder], [p1].[UpdatedAt], [p1].[UpdatedBy]
    FROM [PostContents] AS [p1]
    WHERE [p1].[IsDeleted] = CAST(0 AS bit)
) AS [t0] ON [t].[Id] = [t0].[PostId]
WHERE [p].[IsDeleted] = CAST(0 AS bit) AND [p].[Status] = 0 AND [p].[ScheduledAt] <= @__before_0
ORDER BY [p].[ScheduledAt], [p].[Id], [t].[Id]
2026-07-22 20:04:11.312 +07:00 [INF] Executed DbCommand (2ms) [Parameters=[@__before_0='?' (DbType = DateTime2)], CommandType='"Text"', CommandTimeout='30']
SELECT [p].[Id], [p].[CreatedAt], [p].[CreatedBy], [p].[ExecutedAt], [p].[FailureReason], [p].[IsDeleted], [p].[PostChannelAccountId], [p].[PostId], [p].[RetryCount], [p].[ScheduledAt], [p].[Status], [p].[UpdatedAt], [p].[UpdatedBy], [t].[Id], [t].[ChannelAccountId], [t].[CreatedAt], [t].[CreatedBy], [t].[DayNumber], [t].[ExternalPostId], [t].[IsDeleted], [t].[ProjectId], [t].[PublishedAt], [t].[PublishedUrl], [t].[ScheduledAt], [t].[Status], [t].[TimelineId], [t].[Title], [t].[TrackingEnabled], [t].[UpdatedAt], [t].[UpdatedBy], [t].[VoiceSampleId], [t0].[Id], [t0].[Content], [t0].[ContentType], [t0].[CreatedAt], [t0].[CreatedBy], [t0].[IsDeleted], [t0].[MediaFileId], [t0].[PostId], [t0].[SortOrder], [t0].[UpdatedAt], [t0].[UpdatedBy]
FROM [PostSchedules] AS [p]
INNER JOIN (
    SELECT [p0].[Id], [p0].[ChannelAccountId], [p0].[CreatedAt], [p0].[CreatedBy], [p0].[DayNumber], [p0].[ExternalPostId], [p0].[IsDeleted], [p0].[ProjectId], [p0].[PublishedAt], [p0].[PublishedUrl], [p0].[ScheduledAt], [p0].[Status], [p0].[TimelineId], [p0].[Title], [p0].[TrackingEnabled], [p0].[UpdatedAt], [p0].[UpdatedBy], [p0].[VoiceSampleId]
    FROM [Posts] AS [p0]
    WHERE [p0].[IsDeleted] = CAST(0 AS bit)
) AS [t] ON [p].[PostId] = [t].[Id]
LEFT JOIN (
    SELECT [p1].[Id], [p1].[Content], [p1].[ContentType], [p1].[CreatedAt], [p1].[CreatedBy], [p1].[IsDeleted], [p1].[MediaFileId], [p1].[PostId], [p1].[SortOrder], [p1].[UpdatedAt], [p1].[UpdatedBy]
    FROM [PostContents] AS [p1]
    WHERE [p1].[IsDeleted] = CAST(0 AS bit)
) AS [t0] ON [t].[Id] = [t0].[PostId]
WHERE [p].[IsDeleted] = CAST(0 AS bit) AND [p].[Status] = 0 AND [p].[ScheduledAt] <= @__before_0
ORDER BY [p].[ScheduledAt], [p].[Id], [t].[Id]
2026-07-22 20:04:35.273 +07:00 [WRN] No store type was specified for the decimal property 'TotalEarnings' on entity type 'Affiliate'. This will cause values to be silently truncated if they do not fit in the default precision and scale. Explicitly specify the SQL server column type that can accommodate all the values in 'OnModelCreating' using 'HasColumnType', specify precision and scale using 'HasPrecision', or configure a value converter using 'HasConversion'.
2026-07-22 20:04:36.467 +07:00 [INF] Detected FlowMate/SQL schema without EF history — applying compat layer and skipping MigrateAsync.
2026-07-22 20:04:36.524 +07:00 [INF] Executed DbCommand (24ms) [Parameters=[], CommandType='"Text"', CommandTimeout='30']
IF COL_LENGTH('dbo.Posts', 'ChannelAccountId') IS NULL
    ALTER TABLE dbo.Posts ADD ChannelAccountId UNIQUEIDENTIFIER NULL;
2026-07-22 20:04:36.544 +07:00 [INF] Executed DbCommand (3ms) [Parameters=[], CommandType='"Text"', CommandTimeout='30']
IF COL_LENGTH('dbo.Posts', 'ExternalPostId') IS NULL
    ALTER TABLE dbo.Posts ADD ExternalPostId NVARCHAR(128) NULL;
2026-07-22 20:04:36.551 +07:00 [INF] Executed DbCommand (2ms) [Parameters=[], CommandType='"Text"', CommandTimeout='30']
IF COL_LENGTH('dbo.Posts', 'PublishedUrl') IS NULL
    ALTER TABLE dbo.Posts ADD PublishedUrl NVARCHAR(1000) NULL;
2026-07-22 20:04:36.556 +07:00 [INF] Executed DbCommand (1ms) [Parameters=[], CommandType='"Text"', CommandTimeout='30']
IF COL_LENGTH('dbo.Posts', 'PublishedAt') IS NULL
    ALTER TABLE dbo.Posts ADD PublishedAt DATETIME2 NULL;
2026-07-22 20:04:36.562 +07:00 [INF] Executed DbCommand (2ms) [Parameters=[], CommandType='"Text"', CommandTimeout='30']
IF COL_LENGTH('dbo.PostSchedules', 'PostId') IS NULL
    ALTER TABLE dbo.PostSchedules ADD PostId UNIQUEIDENTIFIER NULL;
2026-07-22 20:04:36.568 +07:00 [INF] Executed DbCommand (2ms) [Parameters=[], CommandType='"Text"', CommandTimeout='30']
IF COL_LENGTH('dbo.PostSchedules', 'PostChannelAccountId') IS NOT NULL
   AND COLUMNPROPERTY(OBJECT_ID('dbo.PostSchedules'), 'PostChannelAccountId', 'AllowsNull') = 0
BEGIN
    ALTER TABLE dbo.PostSchedules ALTER COLUMN PostChannelAccountId UNIQUEIDENTIFIER NULL;
END
2026-07-22 20:04:36.576 +07:00 [INF] Executed DbCommand (2ms) [Parameters=[], CommandType='"Text"', CommandTimeout='30']
IF COL_LENGTH('dbo.ChannelAccounts', 'ParentChannelAccountId') IS NULL
    ALTER TABLE dbo.ChannelAccounts ADD ParentChannelAccountId UNIQUEIDENTIFIER NULL;
2026-07-22 20:04:36.580 +07:00 [INF] Executed DbCommand (1ms) [Parameters=[], CommandType='"Text"', CommandTimeout='30']
IF COL_LENGTH('dbo.ChannelAccounts', 'AccessToken') IS NULL
    ALTER TABLE dbo.ChannelAccounts ADD AccessToken NVARCHAR(MAX) NULL;
2026-07-22 20:04:36.586 +07:00 [INF] Executed DbCommand (1ms) [Parameters=[], CommandType='"Text"', CommandTimeout='30']
IF COL_LENGTH('dbo.ChannelAccounts', 'RefreshToken') IS NULL
    ALTER TABLE dbo.ChannelAccounts ADD RefreshToken NVARCHAR(MAX) NULL;
2026-07-22 20:04:36.592 +07:00 [INF] Executed DbCommand (2ms) [Parameters=[], CommandType='"Text"', CommandTimeout='30']
IF COL_LENGTH('dbo.ChannelAccounts', 'TokenExpiresAt') IS NULL
    ALTER TABLE dbo.ChannelAccounts ADD TokenExpiresAt DATETIME2 NULL;
2026-07-22 20:04:36.596 +07:00 [INF] Executed DbCommand (1ms) [Parameters=[], CommandType='"Text"', CommandTimeout='30']
IF COL_LENGTH('dbo.ChannelAccounts', 'Scope') IS NULL
    ALTER TABLE dbo.ChannelAccounts ADD Scope NVARCHAR(500) NULL;
2026-07-22 20:04:36.600 +07:00 [INF] Executed DbCommand (1ms) [Parameters=[], CommandType='"Text"', CommandTimeout='30']
IF COL_LENGTH('dbo.Posts', 'VoiceSampleId') IS NULL
    ALTER TABLE dbo.Posts ADD VoiceSampleId UNIQUEIDENTIFIER NULL;
2026-07-22 20:04:36.606 +07:00 [INF] Executed DbCommand (2ms) [Parameters=[], CommandType='"Text"', CommandTimeout='30']
IF COL_LENGTH('dbo.Posts', 'DayNumber') IS NULL
    ALTER TABLE dbo.Posts ADD DayNumber INT NULL;
2026-07-22 20:04:36.610 +07:00 [INF] Executed DbCommand (1ms) [Parameters=[], CommandType='"Text"', CommandTimeout='30']
IF COL_LENGTH('dbo.Posts', 'TrackingEnabled') IS NULL
    ALTER TABLE dbo.Posts ADD TrackingEnabled BIT NOT NULL DEFAULT CAST(1 AS BIT);
2026-07-22 20:04:36.614 +07:00 [INF] Executed DbCommand (1ms) [Parameters=[], CommandType='"Text"', CommandTimeout='30']
IF COL_LENGTH('dbo.MediaFiles', 'ProductId') IS NULL
    ALTER TABLE dbo.MediaFiles ADD ProductId UNIQUEIDENTIFIER NULL;
2026-07-22 20:04:36.619 +07:00 [INF] Executed DbCommand (1ms) [Parameters=[], CommandType='"Text"', CommandTimeout='30']
IF COL_LENGTH('dbo.MediaFiles', 'StoragePath') IS NULL
    ALTER TABLE dbo.MediaFiles ADD StoragePath NVARCHAR(1000) NOT NULL DEFAULT '';
2026-07-22 20:04:36.625 +07:00 [INF] Executed DbCommand (2ms) [Parameters=[], CommandType='"Text"', CommandTimeout='30']
IF COL_LENGTH('dbo.FacebookAccounts', 'ProjectId') IS NULL
    ALTER TABLE dbo.FacebookAccounts ADD ProjectId UNIQUEIDENTIFIER NOT NULL
        DEFAULT '00000000-0000-0000-0000-000000000000';
2026-07-22 20:04:36.628 +07:00 [INF] Executed DbCommand (1ms) [Parameters=[], CommandType='"Text"', CommandTimeout='30']
IF COL_LENGTH('dbo.Campaigns', 'ProductDescription') IS NULL
    ALTER TABLE dbo.Campaigns ADD ProductDescription NVARCHAR(MAX) NULL;
2026-07-22 20:04:36.633 +07:00 [INF] Executed DbCommand (1ms) [Parameters=[], CommandType='"Text"', CommandTimeout='30']
IF OBJECT_ID('dbo.ProjectMembers') IS NULL
CREATE TABLE dbo.ProjectMembers (
    Id UNIQUEIDENTIFIER NOT NULL PRIMARY KEY, ProjectId UNIQUEIDENTIFIER NOT NULL,
    UserId UNIQUEIDENTIFIER NOT NULL, Role NVARCHAR(20) NOT NULL DEFAULT 'Member',
    InvitedAt DATETIME2 NULL, JoinedAt DATETIME2 NULL,
    CreatedAt DATETIME2 NOT NULL, UpdatedAt DATETIME2 NULL,
    CreatedBy UNIQUEIDENTIFIER NULL, UpdatedBy UNIQUEIDENTIFIER NULL, IsDeleted BIT NOT NULL DEFAULT 0,
    CONSTRAINT FK_ProjectMembers_Projects FOREIGN KEY (ProjectId) REFERENCES dbo.Projects(Id),
    CONSTRAINT FK_ProjectMembers_Users FOREIGN KEY (UserId) REFERENCES dbo.Users(Id));
2026-07-22 20:04:36.636 +07:00 [INF] Executed DbCommand (1ms) [Parameters=[], CommandType='"Text"', CommandTimeout='30']
IF OBJECT_ID('dbo.ProjectMembers') IS NOT NULL AND NOT EXISTS (SELECT 1 FROM sys.indexes WHERE name = 'IX_ProjectMembers_ProjectId_UserId')
    CREATE UNIQUE INDEX IX_ProjectMembers_ProjectId_UserId ON dbo.ProjectMembers(ProjectId, UserId);
2026-07-22 20:04:36.640 +07:00 [INF] Executed DbCommand (1ms) [Parameters=[], CommandType='"Text"', CommandTimeout='30']
IF OBJECT_ID('dbo.VoiceSampleTemplates') IS NULL
CREATE TABLE dbo.VoiceSampleTemplates (
    Id UNIQUEIDENTIFIER NOT NULL PRIMARY KEY, SampleText NVARCHAR(500) NOT NULL,
    CreatedAt DATETIME2 NOT NULL, UpdatedAt DATETIME2 NULL,
    CreatedBy UNIQUEIDENTIFIER NULL, UpdatedBy UNIQUEIDENTIFIER NULL, IsDeleted BIT NOT NULL DEFAULT 0);
2026-07-22 20:04:36.645 +07:00 [INF] Executed DbCommand (2ms) [Parameters=[], CommandType='"Text"', CommandTimeout='30']
IF OBJECT_ID('dbo.BrandStyles') IS NULL
CREATE TABLE dbo.BrandStyles (
    Id UNIQUEIDENTIFIER NOT NULL PRIMARY KEY, StyleName NVARCHAR(50) NOT NULL,
    CreatedAt DATETIME2 NOT NULL, UpdatedAt DATETIME2 NULL,
    CreatedBy UNIQUEIDENTIFIER NULL, UpdatedBy UNIQUEIDENTIFIER NULL, IsDeleted BIT NOT NULL DEFAULT 0);
2026-07-22 20:04:36.648 +07:00 [INF] Executed DbCommand (1ms) [Parameters=[], CommandType='"Text"', CommandTimeout='30']
IF OBJECT_ID('dbo.BrandStyles') IS NOT NULL AND NOT EXISTS (SELECT 1 FROM sys.indexes WHERE name = 'IX_BrandStyles_StyleName')
    CREATE UNIQUE INDEX IX_BrandStyles_StyleName ON dbo.BrandStyles(StyleName);
2026-07-22 20:04:36.654 +07:00 [INF] Executed DbCommand (3ms) [Parameters=[], CommandType='"Text"', CommandTimeout='30']
IF OBJECT_ID('dbo.ToneKeywords') IS NULL
CREATE TABLE dbo.ToneKeywords (
    Id UNIQUEIDENTIFIER NOT NULL PRIMARY KEY, Keyword NVARCHAR(50) NOT NULL,
    CreatedAt DATETIME2 NOT NULL, UpdatedAt DATETIME2 NULL,
    CreatedBy UNIQUEIDENTIFIER NULL, UpdatedBy UNIQUEIDENTIFIER NULL, IsDeleted BIT NOT NULL DEFAULT 0);
2026-07-22 20:04:36.659 +07:00 [INF] Executed DbCommand (1ms) [Parameters=[], CommandType='"Text"', CommandTimeout='30']
IF OBJECT_ID('dbo.ToneKeywords') IS NOT NULL AND NOT EXISTS (SELECT 1 FROM sys.indexes WHERE name = 'IX_ToneKeywords_Keyword')
    CREATE UNIQUE INDEX IX_ToneKeywords_Keyword ON dbo.ToneKeywords(Keyword);
2026-07-22 20:04:36.663 +07:00 [INF] Executed DbCommand (1ms) [Parameters=[], CommandType='"Text"', CommandTimeout='30']
IF OBJECT_ID('dbo.CtaTemplates') IS NULL
CREATE TABLE dbo.CtaTemplates (
    Id UNIQUEIDENTIFIER NOT NULL PRIMARY KEY, CtaText NVARCHAR(100) NOT NULL,
    CreatedAt DATETIME2 NOT NULL, UpdatedAt DATETIME2 NULL,
    CreatedBy UNIQUEIDENTIFIER NULL, UpdatedBy UNIQUEIDENTIFIER NULL, IsDeleted BIT NOT NULL DEFAULT 0);
2026-07-22 20:04:36.668 +07:00 [INF] Executed DbCommand (1ms) [Parameters=[], CommandType='"Text"', CommandTimeout='30']
IF OBJECT_ID('dbo.CtaTemplates') IS NOT NULL AND NOT EXISTS (SELECT 1 FROM sys.indexes WHERE name = 'IX_CtaTemplates_CtaText')
    CREATE UNIQUE INDEX IX_CtaTemplates_CtaText ON dbo.CtaTemplates(CtaText);
2026-07-22 20:04:36.673 +07:00 [INF] Executed DbCommand (2ms) [Parameters=[], CommandType='"Text"', CommandTimeout='30']
IF OBJECT_ID('dbo.Hashtags') IS NULL
CREATE TABLE dbo.Hashtags (
    Id UNIQUEIDENTIFIER NOT NULL PRIMARY KEY, Tag NVARCHAR(50) NOT NULL,
    CreatedAt DATETIME2 NOT NULL, UpdatedAt DATETIME2 NULL,
    CreatedBy UNIQUEIDENTIFIER NULL, UpdatedBy UNIQUEIDENTIFIER NULL, IsDeleted BIT NOT NULL DEFAULT 0);
2026-07-22 20:04:36.677 +07:00 [INF] Executed DbCommand (1ms) [Parameters=[], CommandType='"Text"', CommandTimeout='30']
IF OBJECT_ID('dbo.Hashtags') IS NOT NULL AND NOT EXISTS (SELECT 1 FROM sys.indexes WHERE name = 'IX_Hashtags_Tag')
    CREATE UNIQUE INDEX IX_Hashtags_Tag ON dbo.Hashtags(Tag);
2026-07-22 20:04:36.680 +07:00 [INF] Executed DbCommand (1ms) [Parameters=[], CommandType='"Text"', CommandTimeout='30']
IF OBJECT_ID('dbo.BrandProfiles') IS NULL
CREATE TABLE dbo.BrandProfiles (
    Id UNIQUEIDENTIFIER NOT NULL PRIMARY KEY, ProjectId UNIQUEIDENTIFIER NOT NULL,
    LogoUrl NVARCHAR(500) NULL, BusinessName NVARCHAR(150) NOT NULL, BrandName NVARCHAR(150) NOT NULL,
    Industry NVARCHAR(100) NULL, FoundingYear SMALLINT NULL, ShortDescription NVARCHAR(1000) NULL,
    Address NVARCHAR(300) NULL, ContactPhone NVARCHAR(20) NULL, ContactEmail NVARCHAR(255) NULL,
    Website NVARCHAR(255) NULL, VoiceSampleId UNIQUEIDENTIFIER NULL,
    CreatedAt DATETIME2 NOT NULL, UpdatedAt DATETIME2 NULL,
    CreatedBy UNIQUEIDENTIFIER NULL, UpdatedBy UNIQUEIDENTIFIER NULL, IsDeleted BIT NOT NULL DEFAULT 0,
    CONSTRAINT FK_BrandProfiles_Projects FOREIGN KEY (ProjectId) REFERENCES dbo.Projects(Id),
    CONSTRAINT FK_BrandProfiles_VoiceSampleTemplates FOREIGN KEY (VoiceSampleId) REFERENCES dbo.VoiceSampleTemplates(Id));
2026-07-22 20:04:36.684 +07:00 [INF] Executed DbCommand (1ms) [Parameters=[], CommandType='"Text"', CommandTimeout='30']
IF OBJECT_ID('dbo.BrandProfiles') IS NOT NULL AND NOT EXISTS (SELECT 1 FROM sys.indexes WHERE name = 'IX_BrandProfiles_ProjectId')
    CREATE UNIQUE INDEX IX_BrandProfiles_ProjectId ON dbo.BrandProfiles(ProjectId);
2026-07-22 20:04:36.689 +07:00 [INF] Executed DbCommand (1ms) [Parameters=[], CommandType='"Text"', CommandTimeout='30']
IF OBJECT_ID('dbo.BrandProfileStyles') IS NULL
CREATE TABLE dbo.BrandProfileStyles (
    Id UNIQUEIDENTIFIER NOT NULL PRIMARY KEY, BrandProfileId UNIQUEIDENTIFIER NOT NULL, StyleId UNIQUEIDENTIFIER NOT NULL,
    CreatedAt DATETIME2 NOT NULL, UpdatedAt DATETIME2 NULL,
    CreatedBy UNIQUEIDENTIFIER NULL, UpdatedBy UNIQUEIDENTIFIER NULL, IsDeleted BIT NOT NULL DEFAULT 0,
    CONSTRAINT FK_BrandProfileStyles_BrandProfiles FOREIGN KEY (BrandProfileId) REFERENCES dbo.BrandProfiles(Id),
    CONSTRAINT FK_BrandProfileStyles_BrandStyles FOREIGN KEY (StyleId) REFERENCES dbo.BrandStyles(Id));
2026-07-22 20:04:36.693 +07:00 [INF] Executed DbCommand (1ms) [Parameters=[], CommandType='"Text"', CommandTimeout='30']
IF OBJECT_ID('dbo.BrandProfileStyles') IS NOT NULL AND NOT EXISTS (SELECT 1 FROM sys.indexes WHERE name = 'IX_BrandProfileStyles_BrandProfileId_StyleId')
    CREATE UNIQUE INDEX IX_BrandProfileStyles_BrandProfileId_StyleId ON dbo.BrandProfileStyles(BrandProfileId, StyleId);
2026-07-22 20:04:36.697 +07:00 [INF] Executed DbCommand (1ms) [Parameters=[], CommandType='"Text"', CommandTimeout='30']
IF OBJECT_ID('dbo.BrandProfileKeywords') IS NULL
CREATE TABLE dbo.BrandProfileKeywords (
    Id UNIQUEIDENTIFIER NOT NULL PRIMARY KEY, BrandProfileId UNIQUEIDENTIFIER NOT NULL, ToneKeywordId UNIQUEIDENTIFIER NOT NULL,
    CreatedAt DATETIME2 NOT NULL, UpdatedAt DATETIME2 NULL,
    CreatedBy UNIQUEIDENTIFIER NULL, UpdatedBy UNIQUEIDENTIFIER NULL, IsDeleted BIT NOT NULL DEFAULT 0,
    CONSTRAINT FK_BrandProfileKeywords_BrandProfiles FOREIGN KEY (BrandProfileId) REFERENCES dbo.BrandProfiles(Id),
    CONSTRAINT FK_BrandProfileKeywords_ToneKeywords FOREIGN KEY (ToneKeywordId) REFERENCES dbo.ToneKeywords(Id));
2026-07-22 20:04:36.703 +07:00 [INF] Executed DbCommand (1ms) [Parameters=[], CommandType='"Text"', CommandTimeout='30']
IF OBJECT_ID('dbo.BrandProfileKeywords') IS NOT NULL AND NOT EXISTS (SELECT 1 FROM sys.indexes WHERE name = 'IX_BrandProfileKeywords_BrandProfileId_ToneKeywordId')
    CREATE UNIQUE INDEX IX_BrandProfileKeywords_BrandProfileId_ToneKeywordId ON dbo.BrandProfileKeywords(BrandProfileId, ToneKeywordId);
2026-07-22 20:04:36.708 +07:00 [INF] Executed DbCommand (1ms) [Parameters=[], CommandType='"Text"', CommandTimeout='30']
IF OBJECT_ID('dbo.BrandCtas') IS NULL
CREATE TABLE dbo.BrandCtas (
    Id UNIQUEIDENTIFIER NOT NULL PRIMARY KEY, BrandProfileId UNIQUEIDENTIFIER NOT NULL, CtaId UNIQUEIDENTIFIER NOT NULL,
    CreatedAt DATETIME2 NOT NULL, UpdatedAt DATETIME2 NULL,
    CreatedBy UNIQUEIDENTIFIER NULL, UpdatedBy UNIQUEIDENTIFIER NULL, IsDeleted BIT NOT NULL DEFAULT 0,
    CONSTRAINT FK_BrandCtas_BrandProfiles FOREIGN KEY (BrandProfileId) REFERENCES dbo.BrandProfiles(Id),
    CONSTRAINT FK_BrandCtas_CtaTemplates FOREIGN KEY (CtaId) REFERENCES dbo.CtaTemplates(Id));
2026-07-22 20:04:36.712 +07:00 [INF] Executed DbCommand (1ms) [Parameters=[], CommandType='"Text"', CommandTimeout='30']
IF OBJECT_ID('dbo.BrandCtas') IS NOT NULL AND NOT EXISTS (SELECT 1 FROM sys.indexes WHERE name = 'IX_BrandCtas_BrandProfileId_CtaId')
    CREATE UNIQUE INDEX IX_BrandCtas_BrandProfileId_CtaId ON dbo.BrandCtas(BrandProfileId, CtaId);
2026-07-22 20:04:36.717 +07:00 [INF] Executed DbCommand (2ms) [Parameters=[], CommandType='"Text"', CommandTimeout='30']
IF OBJECT_ID('dbo.BrandHashtags') IS NULL
CREATE TABLE dbo.BrandHashtags (
    Id UNIQUEIDENTIFIER NOT NULL PRIMARY KEY, BrandProfileId UNIQUEIDENTIFIER NOT NULL, HashtagId UNIQUEIDENTIFIER NOT NULL,
    CreatedAt DATETIME2 NOT NULL, UpdatedAt DATETIME2 NULL,
    CreatedBy UNIQUEIDENTIFIER NULL, UpdatedBy UNIQUEIDENTIFIER NULL, IsDeleted BIT NOT NULL DEFAULT 0,
    CONSTRAINT FK_BrandHashtags_BrandProfiles FOREIGN KEY (BrandProfileId) REFERENCES dbo.BrandProfiles(Id),
    CONSTRAINT FK_BrandHashtags_Hashtags FOREIGN KEY (HashtagId) REFERENCES dbo.Hashtags(Id));
2026-07-22 20:04:36.721 +07:00 [INF] Executed DbCommand (1ms) [Parameters=[], CommandType='"Text"', CommandTimeout='30']
IF OBJECT_ID('dbo.BrandHashtags') IS NOT NULL AND NOT EXISTS (SELECT 1 FROM sys.indexes WHERE name = 'IX_BrandHashtags_BrandProfileId_HashtagId')
    CREATE UNIQUE INDEX IX_BrandHashtags_BrandProfileId_HashtagId ON dbo.BrandHashtags(BrandProfileId, HashtagId);
2026-07-22 20:04:36.724 +07:00 [INF] Executed DbCommand (1ms) [Parameters=[], CommandType='"Text"', CommandTimeout='30']
IF OBJECT_ID('dbo.BrandColors') IS NULL
CREATE TABLE dbo.BrandColors (
    Id UNIQUEIDENTIFIER NOT NULL PRIMARY KEY, BrandProfileId UNIQUEIDENTIFIER NOT NULL,
    ColorHex NVARCHAR(9) NOT NULL, ColorType NVARCHAR(20) NOT NULL DEFAULT 'Secondary', SortOrder INT NOT NULL DEFAULT 0,
    CreatedAt DATETIME2 NOT NULL, UpdatedAt DATETIME2 NULL,
    CreatedBy UNIQUEIDENTIFIER NULL, UpdatedBy UNIQUEIDENTIFIER NULL, IsDeleted BIT NOT NULL DEFAULT 0,
    CONSTRAINT FK_BrandColors_BrandProfiles FOREIGN KEY (BrandProfileId) REFERENCES dbo.BrandProfiles(Id));
2026-07-22 20:04:36.730 +07:00 [INF] Executed DbCommand (2ms) [Parameters=[], CommandType='"Text"', CommandTimeout='30']
IF OBJECT_ID('dbo.BrandFonts') IS NULL
CREATE TABLE dbo.BrandFonts (
    Id UNIQUEIDENTIFIER NOT NULL PRIMARY KEY, BrandProfileId UNIQUEIDENTIFIER NOT NULL,
    FontName NVARCHAR(100) NOT NULL, UsageType NVARCHAR(20) NOT NULL,
    CreatedAt DATETIME2 NOT NULL, UpdatedAt DATETIME2 NULL,
    CreatedBy UNIQUEIDENTIFIER NULL, UpdatedBy UNIQUEIDENTIFIER NULL, IsDeleted BIT NOT NULL DEFAULT 0,
    CONSTRAINT FK_BrandFonts_BrandProfiles FOREIGN KEY (BrandProfileId) REFERENCES dbo.BrandProfiles(Id));
2026-07-22 20:04:36.735 +07:00 [INF] Executed DbCommand (2ms) [Parameters=[], CommandType='"Text"', CommandTimeout='30']
IF OBJECT_ID('dbo.ProductCategories') IS NULL
CREATE TABLE dbo.ProductCategories (
    Id UNIQUEIDENTIFIER NOT NULL PRIMARY KEY, BrandProfileId UNIQUEIDENTIFIER NOT NULL, CategoryName NVARCHAR(100) NOT NULL,
    CreatedAt DATETIME2 NOT NULL, UpdatedAt DATETIME2 NULL,
    CreatedBy UNIQUEIDENTIFIER NULL, UpdatedBy UNIQUEIDENTIFIER NULL, IsDeleted BIT NOT NULL DEFAULT 0,
    CONSTRAINT FK_ProductCategories_BrandProfiles FOREIGN KEY (BrandProfileId) REFERENCES dbo.BrandProfiles(Id));
2026-07-22 20:04:36.739 +07:00 [INF] Executed DbCommand (1ms) [Parameters=[], CommandType='"Text"', CommandTimeout='30']
IF OBJECT_ID('dbo.ProductCategories') IS NOT NULL AND NOT EXISTS (SELECT 1 FROM sys.indexes WHERE name = 'IX_ProductCategories_BrandProfileId_CategoryName')
    CREATE UNIQUE INDEX IX_ProductCategories_BrandProfileId_CategoryName ON dbo.ProductCategories(BrandProfileId, CategoryName);
2026-07-22 20:04:36.744 +07:00 [INF] Executed DbCommand (1ms) [Parameters=[], CommandType='"Text"', CommandTimeout='30']
IF OBJECT_ID('dbo.Products') IS NULL
CREATE TABLE dbo.Products (
    Id UNIQUEIDENTIFIER NOT NULL PRIMARY KEY, BrandProfileId UNIQUEIDENTIFIER NOT NULL, ProductCategoryId UNIQUEIDENTIFIER NULL,
    ProductName NVARCHAR(200) NOT NULL, Price DECIMAL(18,2) NULL, AiGeneratedDescription NVARCHAR(MAX) NULL,
    CreatedAt DATETIME2 NOT NULL, UpdatedAt DATETIME2 NULL,
    CreatedBy UNIQUEIDENTIFIER NULL, UpdatedBy UNIQUEIDENTIFIER NULL, IsDeleted BIT NOT NULL DEFAULT 0,
    CONSTRAINT FK_Products_BrandProfiles FOREIGN KEY (BrandProfileId) REFERENCES dbo.BrandProfiles(Id),
    CONSTRAINT FK_Products_ProductCategories FOREIGN KEY (ProductCategoryId) REFERENCES dbo.ProductCategories(Id));
2026-07-22 20:04:36.750 +07:00 [INF] Executed DbCommand (1ms) [Parameters=[], CommandType='"Text"', CommandTimeout='30']
IF NOT EXISTS (SELECT 1 FROM sys.foreign_keys WHERE name = 'FK_MediaFiles_Products_ProductId') AND OBJECT_ID('dbo.Products') IS NOT NULL
    ALTER TABLE dbo.MediaFiles ADD CONSTRAINT FK_MediaFiles_Products_ProductId FOREIGN KEY (ProductId) REFERENCES dbo.Products(Id);
2026-07-22 20:04:36.755 +07:00 [INF] Executed DbCommand (1ms) [Parameters=[], CommandType='"Text"', CommandTimeout='30']
IF OBJECT_ID('dbo.CampaignGoals') IS NULL
CREATE TABLE dbo.CampaignGoals (
    Id UNIQUEIDENTIFIER NOT NULL PRIMARY KEY, GoalName NVARCHAR(100) NOT NULL,
    CreatedAt DATETIME2 NOT NULL, UpdatedAt DATETIME2 NULL,
    CreatedBy UNIQUEIDENTIFIER NULL, UpdatedBy UNIQUEIDENTIFIER NULL, IsDeleted BIT NOT NULL DEFAULT 0);
2026-07-22 20:04:36.760 +07:00 [INF] Executed DbCommand (1ms) [Parameters=[], CommandType='"Text"', CommandTimeout='30']
IF OBJECT_ID('dbo.CampaignGoals') IS NOT NULL AND NOT EXISTS (SELECT 1 FROM sys.indexes WHERE name = 'IX_CampaignGoals_GoalName')
    CREATE UNIQUE INDEX IX_CampaignGoals_GoalName ON dbo.CampaignGoals(GoalName);
2026-07-22 20:04:36.764 +07:00 [INF] Executed DbCommand (1ms) [Parameters=[], CommandType='"Text"', CommandTimeout='30']
IF OBJECT_ID('dbo.PromotionTypes') IS NULL
CREATE TABLE dbo.PromotionTypes (
    Id UNIQUEIDENTIFIER NOT NULL PRIMARY KEY, TypeName NVARCHAR(100) NOT NULL,
    CreatedAt DATETIME2 NOT NULL, UpdatedAt DATETIME2 NULL,
    CreatedBy UNIQUEIDENTIFIER NULL, UpdatedBy UNIQUEIDENTIFIER NULL, IsDeleted BIT NOT NULL DEFAULT 0);
2026-07-22 20:04:36.768 +07:00 [INF] Executed DbCommand (1ms) [Parameters=[], CommandType='"Text"', CommandTimeout='30']
IF OBJECT_ID('dbo.PromotionTypes') IS NOT NULL AND NOT EXISTS (SELECT 1 FROM sys.indexes WHERE name = 'IX_PromotionTypes_TypeName')
    CREATE UNIQUE INDEX IX_PromotionTypes_TypeName ON dbo.PromotionTypes(TypeName);
2026-07-22 20:04:36.772 +07:00 [INF] Executed DbCommand (1ms) [Parameters=[], CommandType='"Text"', CommandTimeout='30']
IF OBJECT_ID('dbo.TimelineTemplateTypes') IS NULL
CREATE TABLE dbo.TimelineTemplateTypes (
    Id UNIQUEIDENTIFIER NOT NULL PRIMARY KEY, TypeName NVARCHAR(50) NOT NULL, Description NVARCHAR(300) NULL,
    CreatedAt DATETIME2 NOT NULL, UpdatedAt DATETIME2 NULL,
    CreatedBy UNIQUEIDENTIFIER NULL, UpdatedBy UNIQUEIDENTIFIER NULL, IsDeleted BIT NOT NULL DEFAULT 0);
2026-07-22 20:04:36.776 +07:00 [INF] Executed DbCommand (1ms) [Parameters=[], CommandType='"Text"', CommandTimeout='30']
IF OBJECT_ID('dbo.TimelineTemplateTypes') IS NOT NULL AND NOT EXISTS (SELECT 1 FROM sys.indexes WHERE name = 'IX_TimelineTemplateTypes_TypeName')
    CREATE UNIQUE INDEX IX_TimelineTemplateTypes_TypeName ON dbo.TimelineTemplateTypes(TypeName);
2026-07-22 20:04:36.780 +07:00 [INF] Executed DbCommand (1ms) [Parameters=[], CommandType='"Text"', CommandTimeout='30']
IF OBJECT_ID('dbo.Campaigns') IS NULL
CREATE TABLE dbo.Campaigns (
    Id UNIQUEIDENTIFIER NOT NULL PRIMARY KEY, ProjectId UNIQUEIDENTIFIER NOT NULL, Name NVARCHAR(200) NOT NULL,
    GoalId UNIQUEIDENTIFIER NOT NULL, PromotionTypeId UNIQUEIDENTIFIER NOT NULL,
    DiscountPercent DECIMAL(5,2) NULL, DiscountAmount DECIMAL(18,2) NULL, MinOrderAmount DECIMAL(18,2) NULL,
    StartDate DATE NOT NULL, EndDate DATE NOT NULL, NumberOfPosts INT NOT NULL DEFAULT 1, Status INT NOT NULL,
    CreatedAt DATETIME2 NOT NULL, UpdatedAt DATETIME2 NULL,
    CreatedBy UNIQUEIDENTIFIER NULL, UpdatedBy UNIQUEIDENTIFIER NULL, IsDeleted BIT NOT NULL DEFAULT 0,
    CONSTRAINT FK_Campaigns_Projects FOREIGN KEY (ProjectId) REFERENCES dbo.Projects(Id),
    CONSTRAINT FK_Campaigns_CampaignGoals FOREIGN KEY (GoalId) REFERENCES dbo.CampaignGoals(Id),
    CONSTRAINT FK_Campaigns_PromotionTypes FOREIGN KEY (PromotionTypeId) REFERENCES dbo.PromotionTypes(Id),
    CONSTRAINT CK_Campaigns_Dates CHECK (EndDate >= StartDate),
    CONSTRAINT CK_Campaigns_NumberOfPosts CHECK (NumberOfPosts > 0));
2026-07-22 20:04:36.784 +07:00 [INF] Executed DbCommand (2ms) [Parameters=[], CommandType='"Text"', CommandTimeout='30']
IF OBJECT_ID('dbo.CampaignChannelAccounts') IS NULL
CREATE TABLE dbo.CampaignChannelAccounts (
    Id UNIQUEIDENTIFIER NOT NULL PRIMARY KEY, CampaignId UNIQUEIDENTIFIER NOT NULL, ChannelAccountId UNIQUEIDENTIFIER NOT NULL,
    CreatedAt DATETIME2 NOT NULL, UpdatedAt DATETIME2 NULL,
    CreatedBy UNIQUEIDENTIFIER NULL, UpdatedBy UNIQUEIDENTIFIER NULL, IsDeleted BIT NOT NULL DEFAULT 0,
    CONSTRAINT FK_CampaignChannelAccounts_Campaigns FOREIGN KEY (CampaignId) REFERENCES dbo.Campaigns(Id),
    CONSTRAINT FK_CampaignChannelAccounts_ChannelAccounts FOREIGN KEY (ChannelAccountId) REFERENCES dbo.ChannelAccounts(Id));
2026-07-22 20:04:36.789 +07:00 [INF] Executed DbCommand (1ms) [Parameters=[], CommandType='"Text"', CommandTimeout='30']
IF OBJECT_ID('dbo.CampaignChannelAccounts') IS NOT NULL AND NOT EXISTS (SELECT 1 FROM sys.indexes WHERE name = 'IX_CampaignChannelAccounts_CampaignId_ChannelAccountId')
    CREATE UNIQUE INDEX IX_CampaignChannelAccounts_CampaignId_ChannelAccountId ON dbo.CampaignChannelAccounts(CampaignId, ChannelAccountId);
2026-07-22 20:04:36.793 +07:00 [INF] Executed DbCommand (1ms) [Parameters=[], CommandType='"Text"', CommandTimeout='30']
IF OBJECT_ID('dbo.Timelines') IS NULL
CREATE TABLE dbo.Timelines (
    Id UNIQUEIDENTIFIER NOT NULL PRIMARY KEY, ProjectId UNIQUEIDENTIFIER NOT NULL, CampaignId UNIQUEIDENTIFIER NULL,
    Name NVARCHAR(200) NOT NULL, TemplateTypeId UNIQUEIDENTIFIER NOT NULL,
    StartDate DATE NOT NULL, EndDate DATE NOT NULL, Status INT NOT NULL,
    CreatedAt DATETIME2 NOT NULL, UpdatedAt DATETIME2 NULL,
    CreatedBy UNIQUEIDENTIFIER NULL, UpdatedBy UNIQUEIDENTIFIER NULL, IsDeleted BIT NOT NULL DEFAULT 0,
    CONSTRAINT FK_Timelines_Projects FOREIGN KEY (ProjectId) REFERENCES dbo.Projects(Id),
    CONSTRAINT FK_Timelines_Campaigns FOREIGN KEY (CampaignId) REFERENCES dbo.Campaigns(Id),
    CONSTRAINT FK_Timelines_TimelineTemplateTypes FOREIGN KEY (TemplateTypeId) REFERENCES dbo.TimelineTemplateTypes(Id),
    CONSTRAINT CK_Timelines_Dates CHECK (EndDate >= StartDate));
2026-07-22 20:04:36.800 +07:00 [INF] Executed DbCommand (1ms) [Parameters=[], CommandType='"Text"', CommandTimeout='30']
IF NOT EXISTS (SELECT 1 FROM sys.foreign_keys WHERE name = 'FK_Posts_Timelines_TimelineId') AND OBJECT_ID('dbo.Timelines') IS NOT NULL
    ALTER TABLE dbo.Posts ADD CONSTRAINT FK_Posts_Timelines_TimelineId FOREIGN KEY (TimelineId) REFERENCES dbo.Timelines(Id);
2026-07-22 20:04:36.803 +07:00 [INF] Executed DbCommand (1ms) [Parameters=[], CommandType='"Text"', CommandTimeout='30']
IF NOT EXISTS (SELECT 1 FROM sys.foreign_keys WHERE name = 'FK_Posts_VoiceSampleTemplates_VoiceSampleId') AND OBJECT_ID('dbo.VoiceSampleTemplates') IS NOT NULL
    ALTER TABLE dbo.Posts ADD CONSTRAINT FK_Posts_VoiceSampleTemplates_VoiceSampleId FOREIGN KEY (VoiceSampleId) REFERENCES dbo.VoiceSampleTemplates(Id);
2026-07-22 20:04:36.806 +07:00 [INF] Executed DbCommand (1ms) [Parameters=[], CommandType='"Text"', CommandTimeout='30']
IF OBJECT_ID('dbo.PostHashtags') IS NULL
CREATE TABLE dbo.PostHashtags (
    Id UNIQUEIDENTIFIER NOT NULL PRIMARY KEY, PostId UNIQUEIDENTIFIER NOT NULL, HashtagId UNIQUEIDENTIFIER NOT NULL,
    CreatedAt DATETIME2 NOT NULL, UpdatedAt DATETIME2 NULL,
    CreatedBy UNIQUEIDENTIFIER NULL, UpdatedBy UNIQUEIDENTIFIER NULL, IsDeleted BIT NOT NULL DEFAULT 0,
    CONSTRAINT FK_PostHashtags_Posts FOREIGN KEY (PostId) REFERENCES dbo.Posts(Id),
    CONSTRAINT FK_PostHashtags_Hashtags FOREIGN KEY (HashtagId) REFERENCES dbo.Hashtags(Id));
2026-07-22 20:04:36.809 +07:00 [INF] Executed DbCommand (1ms) [Parameters=[], CommandType='"Text"', CommandTimeout='30']
IF OBJECT_ID('dbo.PostChannelAccounts') IS NULL
CREATE TABLE dbo.PostChannelAccounts (
    Id UNIQUEIDENTIFIER NOT NULL PRIMARY KEY, PostId UNIQUEIDENTIFIER NOT NULL, ChannelAccountId UNIQUEIDENTIFIER NOT NULL,
    Status INT NOT NULL, ExternalPostId NVARCHAR(128) NULL, PublishedUrl NVARCHAR(1000) NULL, PublishedAt DATETIME2 NULL,
    CreatedAt DATETIME2 NOT NULL, UpdatedAt DATETIME2 NULL,
    CreatedBy UNIQUEIDENTIFIER NULL, UpdatedBy UNIQUEIDENTIFIER NULL, IsDeleted BIT NOT NULL DEFAULT 0,
    CONSTRAINT FK_PostChannelAccounts_Posts FOREIGN KEY (PostId) REFERENCES dbo.Posts(Id),
    CONSTRAINT FK_PostChannelAccounts_ChannelAccounts FOREIGN KEY (ChannelAccountId) REFERENCES dbo.ChannelAccounts(Id));
2026-07-22 20:04:36.813 +07:00 [INF] Executed DbCommand (1ms) [Parameters=[], CommandType='"Text"', CommandTimeout='30']
IF OBJECT_ID('dbo.PostChannelAccounts') IS NOT NULL AND NOT EXISTS (SELECT 1 FROM sys.indexes WHERE name = 'IX_PostChannelAccounts_PostId_ChannelAccountId')
    CREATE UNIQUE INDEX IX_PostChannelAccounts_PostId_ChannelAccountId ON dbo.PostChannelAccounts(PostId, ChannelAccountId);
2026-07-22 20:04:36.816 +07:00 [INF] Executed DbCommand (1ms) [Parameters=[], CommandType='"Text"', CommandTimeout='30']
IF NOT EXISTS (SELECT 1 FROM sys.foreign_keys WHERE name = 'FK_PostSchedules_PostChannelAccounts_PostChannelAccountId') AND OBJECT_ID('dbo.PostChannelAccounts') IS NOT NULL
    ALTER TABLE dbo.PostSchedules ADD CONSTRAINT FK_PostSchedules_PostChannelAccounts_PostChannelAccountId FOREIGN KEY (PostChannelAccountId) REFERENCES dbo.PostChannelAccounts(Id);
2026-07-22 20:04:36.820 +07:00 [INF] Executed DbCommand (1ms) [Parameters=[], CommandType='"Text"', CommandTimeout='30']
IF OBJECT_ID('dbo.PostAnalytics') IS NULL
CREATE TABLE dbo.PostAnalytics (
    Id UNIQUEIDENTIFIER NOT NULL PRIMARY KEY, PostChannelAccountId UNIQUEIDENTIFIER NOT NULL,
    Reach INT NOT NULL DEFAULT 0, Likes INT NOT NULL DEFAULT 0, Comments INT NOT NULL DEFAULT 0, Shares INT NOT NULL DEFAULT 0,
    RecordedAt DATETIME2 NOT NULL,
    CreatedAt DATETIME2 NOT NULL, UpdatedAt DATETIME2 NULL,
    CreatedBy UNIQUEIDENTIFIER NULL, UpdatedBy UNIQUEIDENTIFIER NULL, IsDeleted BIT NOT NULL DEFAULT 0,
    CONSTRAINT FK_PostAnalytics_PostChannelAccounts FOREIGN KEY (PostChannelAccountId) REFERENCES dbo.PostChannelAccounts(Id));
2026-07-22 20:04:36.823 +07:00 [INF] Executed DbCommand (1ms) [Parameters=[], CommandType='"Text"', CommandTimeout='30']
IF OBJECT_ID('dbo.PostAnalytics') IS NOT NULL AND NOT EXISTS (SELECT 1 FROM sys.indexes WHERE name = 'IX_PostAnalytics_PostChannelAccountId')
    CREATE UNIQUE INDEX IX_PostAnalytics_PostChannelAccountId ON dbo.PostAnalytics(PostChannelAccountId);
2026-07-22 20:04:36.827 +07:00 [INF] FlowMate EF compatibility layer applied.
2026-07-22 20:04:37.092 +07:00 [INF] Executed DbCommand (5ms) [Parameters=[], CommandType='"Text"', CommandTimeout='30']
SELECT CASE
    WHEN EXISTS (
        SELECT 1
        FROM [Roles] AS [r]
        WHERE [r].[IsDeleted] = CAST(0 AS bit)) THEN CAST(1 AS bit)
    ELSE CAST(0 AS bit)
END
2026-07-22 20:04:37.126 +07:00 [INF] Executed DbCommand (1ms) [Parameters=[], CommandType='"Text"', CommandTimeout='30']
SELECT CASE
    WHEN EXISTS (
        SELECT 1
        FROM [Permissions] AS [p]
        WHERE [p].[IsDeleted] = CAST(0 AS bit)) THEN CAST(1 AS bit)
    ELSE CAST(0 AS bit)
END
2026-07-22 20:04:37.139 +07:00 [INF] Executed DbCommand (1ms) [Parameters=[], CommandType='"Text"', CommandTimeout='30']
SELECT CASE
    WHEN EXISTS (
        SELECT 1
        FROM [RolePermissions] AS [r]
        WHERE [r].[IsDeleted] = CAST(0 AS bit) AND [r].[RoleId] = '33333333-3333-3333-3333-333333333333') THEN CAST(1 AS bit)
    ELSE CAST(0 AS bit)
END
2026-07-22 20:04:37.148 +07:00 [INF] Executed DbCommand (1ms) [Parameters=[], CommandType='"Text"', CommandTimeout='30']
SELECT CASE
    WHEN EXISTS (
        SELECT 1
        FROM [Plans] AS [p]
        WHERE [p].[IsDeleted] = CAST(0 AS bit)) THEN CAST(1 AS bit)
    ELSE CAST(0 AS bit)
END
2026-07-22 20:04:37.156 +07:00 [INF] Executed DbCommand (1ms) [Parameters=[], CommandType='"Text"', CommandTimeout='30']
SELECT CASE
    WHEN EXISTS (
        SELECT 1
        FROM [Channels] AS [c]
        WHERE [c].[IsDeleted] = CAST(0 AS bit)) THEN CAST(1 AS bit)
    ELSE CAST(0 AS bit)
END
2026-07-22 20:04:37.164 +07:00 [INF] Executed DbCommand (1ms) [Parameters=[], CommandType='"Text"', CommandTimeout='30']
SELECT CASE
    WHEN EXISTS (
        SELECT 1
        FROM [BrandStyles] AS [b]
        WHERE [b].[IsDeleted] = CAST(0 AS bit)) THEN CAST(1 AS bit)
    ELSE CAST(0 AS bit)
END
2026-07-22 20:04:37.174 +07:00 [INF] Executed DbCommand (2ms) [Parameters=[], CommandType='"Text"', CommandTimeout='30']
SELECT CASE
    WHEN EXISTS (
        SELECT 1
        FROM [ToneKeywords] AS [t]
        WHERE [t].[IsDeleted] = CAST(0 AS bit)) THEN CAST(1 AS bit)
    ELSE CAST(0 AS bit)
END
2026-07-22 20:04:37.182 +07:00 [INF] Executed DbCommand (1ms) [Parameters=[], CommandType='"Text"', CommandTimeout='30']
SELECT CASE
    WHEN EXISTS (
        SELECT 1
        FROM [VoiceSampleTemplates] AS [v]
        WHERE [v].[IsDeleted] = CAST(0 AS bit)) THEN CAST(1 AS bit)
    ELSE CAST(0 AS bit)
END
2026-07-22 20:04:37.190 +07:00 [INF] Executed DbCommand (1ms) [Parameters=[], CommandType='"Text"', CommandTimeout='30']
SELECT CASE
    WHEN EXISTS (
        SELECT 1
        FROM [CtaTemplates] AS [c]
        WHERE [c].[IsDeleted] = CAST(0 AS bit)) THEN CAST(1 AS bit)
    ELSE CAST(0 AS bit)
END
2026-07-22 20:04:37.199 +07:00 [INF] Executed DbCommand (1ms) [Parameters=[], CommandType='"Text"', CommandTimeout='30']
SELECT CASE
    WHEN EXISTS (
        SELECT 1
        FROM [CampaignGoals] AS [c]
        WHERE [c].[IsDeleted] = CAST(0 AS bit)) THEN CAST(1 AS bit)
    ELSE CAST(0 AS bit)
END
2026-07-22 20:04:37.207 +07:00 [INF] Executed DbCommand (1ms) [Parameters=[], CommandType='"Text"', CommandTimeout='30']
SELECT CASE
    WHEN EXISTS (
        SELECT 1
        FROM [PromotionTypes] AS [p]
        WHERE [p].[IsDeleted] = CAST(0 AS bit)) THEN CAST(1 AS bit)
    ELSE CAST(0 AS bit)
END
2026-07-22 20:04:37.214 +07:00 [INF] Executed DbCommand (2ms) [Parameters=[], CommandType='"Text"', CommandTimeout='30']
SELECT CASE
    WHEN EXISTS (
        SELECT 1
        FROM [TimelineTemplateTypes] AS [t]
        WHERE [t].[IsDeleted] = CAST(0 AS bit)) THEN CAST(1 AS bit)
    ELSE CAST(0 AS bit)
END
2026-07-22 20:04:37.221 +07:00 [INF] Executed DbCommand (1ms) [Parameters=[], CommandType='"Text"', CommandTimeout='30']
SELECT CASE
    WHEN EXISTS (
        SELECT 1
        FROM [Settings] AS [s]
        WHERE [s].[IsDeleted] = CAST(0 AS bit)) THEN CAST(1 AS bit)
    ELSE CAST(0 AS bit)
END
2026-07-22 20:04:37.230 +07:00 [INF] Executed DbCommand (1ms) [Parameters=[], CommandType='"Text"', CommandTimeout='30']
SELECT CASE
    WHEN EXISTS (
        SELECT 1
        FROM [AiPrompts] AS [a]
        WHERE [a].[IsDeleted] = CAST(0 AS bit)) THEN CAST(1 AS bit)
    ELSE CAST(0 AS bit)
END
2026-07-22 20:04:37.239 +07:00 [INF] Executed DbCommand (1ms) [Parameters=[], CommandType='"Text"', CommandTimeout='30']
SELECT CASE
    WHEN EXISTS (
        SELECT 1
        FROM [AiPrompts] AS [a]
        WHERE [a].[IsDeleted] = CAST(0 AS bit) AND [a].[Name] = N'Facebook Fanpage Bán Hàng') THEN CAST(1 AS bit)
    ELSE CAST(0 AS bit)
END
2026-07-22 20:04:37.248 +07:00 [INF] Executed DbCommand (1ms) [Parameters=[], CommandType='"Text"', CommandTimeout='30']
SELECT CASE
    WHEN EXISTS (
        SELECT 1
        FROM [Users] AS [u]
        WHERE [u].[IsDeleted] = CAST(0 AS bit) AND [u].[Email] = N'admin@autowork.com') THEN CAST(1 AS bit)
    ELSE CAST(0 AS bit)
END
2026-07-22 20:04:37.256 +07:00 [INF] Executed DbCommand (2ms) [Parameters=[], CommandType='"Text"', CommandTimeout='30']
SELECT CASE
    WHEN EXISTS (
        SELECT 1
        FROM [Users] AS [u]
        WHERE [u].[IsDeleted] = CAST(0 AS bit) AND [u].[Email] = N'demo@autowork.com') THEN CAST(1 AS bit)
    ELSE CAST(0 AS bit)
END
2026-07-22 20:04:37.263 +07:00 [INF] Executed DbCommand (1ms) [Parameters=[], CommandType='"Text"', CommandTimeout='30']
SELECT CASE
    WHEN EXISTS (
        SELECT 1
        FROM [Projects] AS [p]
        WHERE [p].[IsDeleted] = CAST(0 AS bit) AND [p].[Id] = '13131313-1313-1313-1313-131313131313') THEN CAST(1 AS bit)
    ELSE CAST(0 AS bit)
END
2026-07-22 20:04:37.271 +07:00 [INF] Executed DbCommand (1ms) [Parameters=[], CommandType='"Text"', CommandTimeout='30']
SELECT CASE
    WHEN EXISTS (
        SELECT 1
        FROM [Posts] AS [p]
        WHERE [p].[IsDeleted] = CAST(0 AS bit) AND [p].[ProjectId] = '13131313-1313-1313-1313-131313131313') THEN CAST(1 AS bit)
    ELSE CAST(0 AS bit)
END
2026-07-22 20:04:37.287 +07:00 [INF] Database seed completed successfully.
2026-07-22 20:04:37.483 +07:00 [INF] Start installing Hangfire SQL objects...
2026-07-22 20:04:37.523 +07:00 [INF] Hangfire SQL objects installed.
2026-07-22 20:04:37.821 +07:00 [WRN] The WebRootPath was not found: D:\EXE01\AIMarketingAssistant\src\AutoWork.API\wwwroot. Static files may be unavailable.
2026-07-22 20:04:37.939 +07:00 [INF] Now listening on: https://localhost:7165
2026-07-22 20:04:38.095 +07:00 [INF] Starting Hangfire Server using job storage: 'SQL Server: localhost@FlowMateDB'
2026-07-22 20:04:38.097 +07:00 [INF] Using the following options for SQL Server job storage: Queue poll interval: 00:00:15.
2026-07-22 20:04:38.098 +07:00 [INF] Using the following options for Hangfire Server:
    Worker count: 20
    Listening queues: 'default'
    Shutdown timeout: 00:00:15
    Schedule polling interval: 00:00:15
2026-07-22 20:04:38.130 +07:00 [INF] Application started. Press Ctrl+C to shut down.
2026-07-22 20:04:38.132 +07:00 [INF] Hosting environment: Development
2026-07-22 20:04:38.134 +07:00 [INF] Content root path: D:\EXE01\AIMarketingAssistant\src\AutoWork.API
2026-07-22 20:04:38.151 +07:00 [INF] Server laptop-g044c7b0:14840:81d4e85c successfully announced in 18.336 ms
2026-07-22 20:04:38.161 +07:00 [INF] Server laptop-g044c7b0:14840:81d4e85c is starting the registered dispatchers: ServerWatchdog, ServerJobCancellationWatcher, ExpirationManager, CountersAggregator, SqlServerHeartbeatProcess, Worker, DelayedJobScheduler, RecurringJobScheduler...
2026-07-22 20:04:38.438 +07:00 [INF] Server laptop-g044c7b0:14840:81d4e85c all the dispatchers started
2026-07-22 20:05:09.212 +07:00 [INF] Executed DbCommand (1ms) [Parameters=[@__before_0='?' (DbType = DateTime2)], CommandType='"Text"', CommandTimeout='30']
SELECT [p].[Id], [p].[CreatedAt], [p].[CreatedBy], [p].[ExecutedAt], [p].[FailureReason], [p].[IsDeleted], [p].[PostChannelAccountId], [p].[PostId], [p].[RetryCount], [p].[ScheduledAt], [p].[Status], [p].[UpdatedAt], [p].[UpdatedBy], [t].[Id], [t].[ChannelAccountId], [t].[CreatedAt], [t].[CreatedBy], [t].[DayNumber], [t].[ExternalPostId], [t].[IsDeleted], [t].[ProjectId], [t].[PublishedAt], [t].[PublishedUrl], [t].[ScheduledAt], [t].[Status], [t].[TimelineId], [t].[Title], [t].[TrackingEnabled], [t].[UpdatedAt], [t].[UpdatedBy], [t].[VoiceSampleId], [t0].[Id], [t0].[Content], [t0].[ContentType], [t0].[CreatedAt], [t0].[CreatedBy], [t0].[IsDeleted], [t0].[MediaFileId], [t0].[PostId], [t0].[SortOrder], [t0].[UpdatedAt], [t0].[UpdatedBy]
FROM [PostSchedules] AS [p]
INNER JOIN (
    SELECT [p0].[Id], [p0].[ChannelAccountId], [p0].[CreatedAt], [p0].[CreatedBy], [p0].[DayNumber], [p0].[ExternalPostId], [p0].[IsDeleted], [p0].[ProjectId], [p0].[PublishedAt], [p0].[PublishedUrl], [p0].[ScheduledAt], [p0].[Status], [p0].[TimelineId], [p0].[Title], [p0].[TrackingEnabled], [p0].[UpdatedAt], [p0].[UpdatedBy], [p0].[VoiceSampleId]
    FROM [Posts] AS [p0]
    WHERE [p0].[IsDeleted] = CAST(0 AS bit)
) AS [t] ON [p].[PostId] = [t].[Id]
LEFT JOIN (
    SELECT [p1].[Id], [p1].[Content], [p1].[ContentType], [p1].[CreatedAt], [p1].[CreatedBy], [p1].[IsDeleted], [p1].[MediaFileId], [p1].[PostId], [p1].[SortOrder], [p1].[UpdatedAt], [p1].[UpdatedBy]
    FROM [PostContents] AS [p1]
    WHERE [p1].[IsDeleted] = CAST(0 AS bit)
) AS [t0] ON [t].[Id] = [t0].[PostId]
WHERE [p].[IsDeleted] = CAST(0 AS bit) AND [p].[Status] = 0 AND [p].[ScheduledAt] <= @__before_0
ORDER BY [p].[ScheduledAt], [p].[Id], [t].[Id]
2026-07-22 20:06:08.890 +07:00 [INF] Executed DbCommand (2ms) [Parameters=[@__before_0='?' (DbType = DateTime2)], CommandType='"Text"', CommandTimeout='30']
SELECT [p].[Id], [p].[CreatedAt], [p].[CreatedBy], [p].[ExecutedAt], [p].[FailureReason], [p].[IsDeleted], [p].[PostChannelAccountId], [p].[PostId], [p].[RetryCount], [p].[ScheduledAt], [p].[Status], [p].[UpdatedAt], [p].[UpdatedBy], [t].[Id], [t].[ChannelAccountId], [t].[CreatedAt], [t].[CreatedBy], [t].[DayNumber], [t].[ExternalPostId], [t].[IsDeleted], [t].[ProjectId], [t].[PublishedAt], [t].[PublishedUrl], [t].[ScheduledAt], [t].[Status], [t].[TimelineId], [t].[Title], [t].[TrackingEnabled], [t].[UpdatedAt], [t].[UpdatedBy], [t].[VoiceSampleId], [t0].[Id], [t0].[Content], [t0].[ContentType], [t0].[CreatedAt], [t0].[CreatedBy], [t0].[IsDeleted], [t0].[MediaFileId], [t0].[PostId], [t0].[SortOrder], [t0].[UpdatedAt], [t0].[UpdatedBy]
FROM [PostSchedules] AS [p]
INNER JOIN (
    SELECT [p0].[Id], [p0].[ChannelAccountId], [p0].[CreatedAt], [p0].[CreatedBy], [p0].[DayNumber], [p0].[ExternalPostId], [p0].[IsDeleted], [p0].[ProjectId], [p0].[PublishedAt], [p0].[PublishedUrl], [p0].[ScheduledAt], [p0].[Status], [p0].[TimelineId], [p0].[Title], [p0].[TrackingEnabled], [p0].[UpdatedAt], [p0].[UpdatedBy], [p0].[VoiceSampleId]
    FROM [Posts] AS [p0]
    WHERE [p0].[IsDeleted] = CAST(0 AS bit)
) AS [t] ON [p].[PostId] = [t].[Id]
LEFT JOIN (
    SELECT [p1].[Id], [p1].[Content], [p1].[ContentType], [p1].[CreatedAt], [p1].[CreatedBy], [p1].[IsDeleted], [p1].[MediaFileId], [p1].[PostId], [p1].[SortOrder], [p1].[UpdatedAt], [p1].[UpdatedBy]
    FROM [PostContents] AS [p1]
    WHERE [p1].[IsDeleted] = CAST(0 AS bit)
) AS [t0] ON [t].[Id] = [t0].[PostId]
WHERE [p].[IsDeleted] = CAST(0 AS bit) AND [p].[Status] = 0 AND [p].[ScheduledAt] <= @__before_0
ORDER BY [p].[ScheduledAt], [p].[Id], [t].[Id]
2026-07-22 20:06:11.695 +07:00 [INF] HTTP GET / started
2026-07-22 20:06:11.853 +07:00 [INF] HTTP GET / responded 404 in 161.0307ms
2026-07-22 20:07:08.921 +07:00 [INF] Executed DbCommand (2ms) [Parameters=[@__before_0='?' (DbType = DateTime2)], CommandType='"Text"', CommandTimeout='30']
SELECT [p].[Id], [p].[CreatedAt], [p].[CreatedBy], [p].[ExecutedAt], [p].[FailureReason], [p].[IsDeleted], [p].[PostChannelAccountId], [p].[PostId], [p].[RetryCount], [p].[ScheduledAt], [p].[Status], [p].[UpdatedAt], [p].[UpdatedBy], [t].[Id], [t].[ChannelAccountId], [t].[CreatedAt], [t].[CreatedBy], [t].[DayNumber], [t].[ExternalPostId], [t].[IsDeleted], [t].[ProjectId], [t].[PublishedAt], [t].[PublishedUrl], [t].[ScheduledAt], [t].[Status], [t].[TimelineId], [t].[Title], [t].[TrackingEnabled], [t].[UpdatedAt], [t].[UpdatedBy], [t].[VoiceSampleId], [t0].[Id], [t0].[Content], [t0].[ContentType], [t0].[CreatedAt], [t0].[CreatedBy], [t0].[IsDeleted], [t0].[MediaFileId], [t0].[PostId], [t0].[SortOrder], [t0].[UpdatedAt], [t0].[UpdatedBy]
FROM [PostSchedules] AS [p]
INNER JOIN (
    SELECT [p0].[Id], [p0].[ChannelAccountId], [p0].[CreatedAt], [p0].[CreatedBy], [p0].[DayNumber], [p0].[ExternalPostId], [p0].[IsDeleted], [p0].[ProjectId], [p0].[PublishedAt], [p0].[PublishedUrl], [p0].[ScheduledAt], [p0].[Status], [p0].[TimelineId], [p0].[Title], [p0].[TrackingEnabled], [p0].[UpdatedAt], [p0].[UpdatedBy], [p0].[VoiceSampleId]
    FROM [Posts] AS [p0]
    WHERE [p0].[IsDeleted] = CAST(0 AS bit)
) AS [t] ON [p].[PostId] = [t].[Id]
LEFT JOIN (
    SELECT [p1].[Id], [p1].[Content], [p1].[ContentType], [p1].[CreatedAt], [p1].[CreatedBy], [p1].[IsDeleted], [p1].[MediaFileId], [p1].[PostId], [p1].[SortOrder], [p1].[UpdatedAt], [p1].[UpdatedBy]
    FROM [PostContents] AS [p1]
    WHERE [p1].[IsDeleted] = CAST(0 AS bit)
) AS [t0] ON [t].[Id] = [t0].[PostId]
WHERE [p].[IsDeleted] = CAST(0 AS bit) AND [p].[Status] = 0 AND [p].[ScheduledAt] <= @__before_0
ORDER BY [p].[ScheduledAt], [p].[Id], [t].[Id]
2026-07-22 20:07:53.822 +07:00 [WRN] Compiling a query which loads related collections for more than one collection navigation, either via 'Include' or through projection, but no 'QuerySplittingBehavior' has been configured. By default, Entity Framework will use 'QuerySplittingBehavior.SingleQuery', which can potentially result in slow query performance. See https://go.microsoft.com/fwlink/?linkid=2134277 for more information. To identify the query that's triggering this warning call 'ConfigureWarnings(w => w.Throw(RelationalEventId.MultipleCollectionIncludeWarning))'.
2026-07-22 20:07:53.941 +07:00 [ERR] Failed executing DbCommand (96ms) [Parameters=[@__id_0='?' (DbType = Guid)], CommandType='"Text"', CommandTimeout='30']
SELECT [t2].[Id], [t2].[ChannelAccountId], [t2].[CreatedAt], [t2].[CreatedBy], [t2].[DayNumber], [t2].[ExternalPostId], [t2].[IsDeleted], [t2].[ProjectId], [t2].[PublishedAt], [t2].[PublishedUrl], [t2].[ScheduledAt], [t2].[Status], [t2].[TimelineId], [t2].[Title], [t2].[TrackingEnabled], [t2].[UpdatedAt], [t2].[UpdatedBy], [t2].[VoiceSampleId], [t2].[Id0], [t2].[Id1], [t2].[Id2], [t3].[Id], [t3].[Content], [t3].[ContentType], [t3].[CreatedAt], [t3].[CreatedBy], [t3].[IsDeleted], [t3].[MediaFileId], [t3].[PostId], [t3].[SortOrder], [t3].[UpdatedAt], [t3].[UpdatedBy], [t2].[CreatedAt0], [t2].[CreatedBy0], [t2].[ExecutedAt], [t2].[FailureReason], [t2].[IsDeleted0], [t2].[PostChannelAccountId], [t2].[PostId], [t2].[RetryCount], [t2].[ScheduledAt0], [t2].[Status0], [t2].[UpdatedAt0], [t2].[UpdatedBy0], [t4].[Id], [t4].[Action], [t4].[CreatedAt], [t4].[CreatedBy], [t4].[Details], [t4].[IsDeleted], [t4].[Level], [t4].[Message], [t4].[PostId], [t4].[UpdatedAt], [t4].[UpdatedBy], [t2].[AccessToken], [t2].[AvatarUrl], [t2].[ChannelId], [t2].[CreatedAt1], [t2].[CreatedBy1], [t2].[ExternalId], [t2].[IsActive], [t2].[IsDeleted1], [t2].[LastSyncedAt], [t2].[Name], [t2].[ParentChannelAccountId], [t2].[ProfileUrl], [t2].[ProjectId0], [t2].[RefreshToken], [t2].[Scope], [t2].[TokenExpiresAt], [t2].[UpdatedAt1], [t2].[UpdatedBy1], [t2].[UserId], [t2].[Code], [t2].[CreatedAt2], [t2].[CreatedBy2], [t2].[Description], [t2].[IconUrl], [t2].[IsActive0], [t2].[IsDeleted2], [t2].[Name0], [t2].[SortOrder], [t2].[UpdatedAt2], [t2].[UpdatedBy2], [t5].[Id], [t5].[ChannelAccountId], [t5].[CreatedAt], [t5].[CreatedBy], [t5].[ExternalPostId], [t5].[IsDeleted], [t5].[PostId], [t5].[PublishedAt], [t5].[PublishedUrl], [t5].[Status], [t5].[UpdatedAt], [t5].[UpdatedBy], [t5].[Id0], [t5].[AccessToken], [t5].[AvatarUrl], [t5].[ChannelId], [t5].[CreatedAt0], [t5].[CreatedBy0], [t5].[ExternalId], [t5].[IsActive], [t5].[IsDeleted0], [t5].[LastSyncedAt], [t5].[Name], [t5].[ParentChannelAccountId], [t5].[ProfileUrl], [t5].[ProjectId], [t5].[RefreshToken], [t5].[Scope], [t5].[TokenExpiresAt], [t5].[UpdatedAt0], [t5].[UpdatedBy0], [t5].[UserId], [t5].[Id1], [t5].[Code], [t5].[CreatedAt1], [t5].[CreatedBy1], [t5].[Description], [t5].[IconUrl], [t5].[IsActive0], [t5].[IsDeleted1], [t5].[Name0], [t5].[SortOrder], [t5].[UpdatedAt1], [t5].[UpdatedBy1], [t8].[Id], [t8].[CreatedAt], [t8].[CreatedBy], [t8].[HashtagId], [t8].[IsDeleted], [t8].[PostId], [t8].[UpdatedAt], [t8].[UpdatedBy], [t8].[Id0], [t8].[CreatedAt0], [t8].[CreatedBy0], [t8].[IsDeleted0], [t8].[Tag], [t8].[UpdatedAt0], [t8].[UpdatedBy0]
FROM (
    SELECT TOP(1) [p].[Id], [p].[ChannelAccountId], [p].[CreatedAt], [p].[CreatedBy], [p].[DayNumber], [p].[ExternalPostId], [p].[IsDeleted], [p].[ProjectId], [p].[PublishedAt], [p].[PublishedUrl], [p].[ScheduledAt], [p].[Status], [p].[TimelineId], [p].[Title], [p].[TrackingEnabled], [p].[UpdatedAt], [p].[UpdatedBy], [p].[VoiceSampleId], [t].[Id] AS [Id0], [t].[CreatedAt] AS [CreatedAt0], [t].[CreatedBy] AS [CreatedBy0], [t].[ExecutedAt], [t].[FailureReason], [t].[IsDeleted] AS [IsDeleted0], [t].[PostChannelAccountId], [t].[PostId], [t].[RetryCount], [t].[ScheduledAt] AS [ScheduledAt0], [t].[Status] AS [Status0], [t].[UpdatedAt] AS [UpdatedAt0], [t].[UpdatedBy] AS [UpdatedBy0], [t0].[Id] AS [Id1], [t0].[AccessToken], [t0].[AvatarUrl], [t0].[ChannelId], [t0].[CreatedAt] AS [CreatedAt1], [t0].[CreatedBy] AS [CreatedBy1], [t0].[ExternalId], [t0].[IsActive], [t0].[IsDeleted] AS [IsDeleted1], [t0].[LastSyncedAt], [t0].[Name], [t0].[ParentChannelAccountId], [t0].[ProfileUrl], [t0].[ProjectId] AS [ProjectId0], [t0].[RefreshToken], [t0].[Scope], [t0].[TokenExpiresAt], [t0].[UpdatedAt] AS [UpdatedAt1], [t0].[UpdatedBy] AS [UpdatedBy1], [t0].[UserId], [t1].[Id] AS [Id2], [t1].[Code], [t1].[CreatedAt] AS [CreatedAt2], [t1].[CreatedBy] AS [CreatedBy2], [t1].[Description], [t1].[IconUrl], [t1].[IsActive] AS [IsActive0], [t1].[IsDeleted] AS [IsDeleted2], [t1].[Name] AS [Name0], [t1].[SortOrder], [t1].[UpdatedAt] AS [UpdatedAt2], [t1].[UpdatedBy] AS [UpdatedBy2]
    FROM [Posts] AS [p]
    LEFT JOIN (
        SELECT [p0].[Id], [p0].[CreatedAt], [p0].[CreatedBy], [p0].[ExecutedAt], [p0].[FailureReason], [p0].[IsDeleted], [p0].[PostChannelAccountId], [p0].[PostId], [p0].[RetryCount], [p0].[ScheduledAt], [p0].[Status], [p0].[UpdatedAt], [p0].[UpdatedBy]
        FROM [PostSchedules] AS [p0]
        WHERE [p0].[IsDeleted] = CAST(0 AS bit)
    ) AS [t] ON [p].[Id] = [t].[PostId]
    LEFT JOIN (
        SELECT [c].[Id], [c].[AccessToken], [c].[AvatarUrl], [c].[ChannelId], [c].[CreatedAt], [c].[CreatedBy], [c].[ExternalId], [c].[IsActive], [c].[IsDeleted], [c].[LastSyncedAt], [c].[Name], [c].[ParentChannelAccountId], [c].[ProfileUrl], [c].[ProjectId], [c].[RefreshToken], [c].[Scope], [c].[TokenExpiresAt], [c].[UpdatedAt], [c].[UpdatedBy], [c].[UserId]
        FROM [ChannelAccounts] AS [c]
        WHERE [c].[IsDeleted] = CAST(0 AS bit)
    ) AS [t0] ON [p].[ChannelAccountId] = [t0].[Id]
    LEFT JOIN (
        SELECT [c0].[Id], [c0].[Code], [c0].[CreatedAt], [c0].[CreatedBy], [c0].[Description], [c0].[IconUrl], [c0].[IsActive], [c0].[IsDeleted], [c0].[Name], [c0].[SortOrder], [c0].[UpdatedAt], [c0].[UpdatedBy]
        FROM [Channels] AS [c0]
        WHERE [c0].[IsDeleted] = CAST(0 AS bit)
    ) AS [t1] ON [t0].[ChannelId] = [t1].[Id]
    WHERE [p].[IsDeleted] = CAST(0 AS bit) AND [p].[Id] = @__id_0
) AS [t2]
LEFT JOIN (
    SELECT [p1].[Id], [p1].[Content], [p1].[ContentType], [p1].[CreatedAt], [p1].[CreatedBy], [p1].[IsDeleted], [p1].[MediaFileId], [p1].[PostId], [p1].[SortOrder], [p1].[UpdatedAt], [p1].[UpdatedBy]
    FROM [PostContents] AS [p1]
    WHERE [p1].[IsDeleted] = CAST(0 AS bit)
) AS [t3] ON [t2].[Id] = [t3].[PostId]
LEFT JOIN (
    SELECT [p2].[Id], [p2].[Action], [p2].[CreatedAt], [p2].[CreatedBy], [p2].[Details], [p2].[IsDeleted], [p2].[Level], [p2].[Message], [p2].[PostId], [p2].[UpdatedAt], [p2].[UpdatedBy]
    FROM [PostLogs] AS [p2]
    WHERE [p2].[IsDeleted] = CAST(0 AS bit)
) AS [t4] ON [t2].[Id] = [t4].[PostId]
LEFT JOIN (
    SELECT [p3].[Id], [p3].[ChannelAccountId], [p3].[CreatedAt], [p3].[CreatedBy], [p3].[ExternalPostId], [p3].[IsDeleted], [p3].[PostId], [p3].[PublishedAt], [p3].[PublishedUrl], [p3].[Status], [p3].[UpdatedAt], [p3].[UpdatedBy], [t6].[Id] AS [Id0], [t6].[AccessToken], [t6].[AvatarUrl], [t6].[ChannelId], [t6].[CreatedAt] AS [CreatedAt0], [t6].[CreatedBy] AS [CreatedBy0], [t6].[ExternalId], [t6].[IsActive], [t6].[IsDeleted] AS [IsDeleted0], [t6].[LastSyncedAt], [t6].[Name], [t6].[ParentChannelAccountId], [t6].[ProfileUrl], [t6].[ProjectId], [t6].[RefreshToken], [t6].[Scope], [t6].[TokenExpiresAt], [t6].[UpdatedAt] AS [UpdatedAt0], [t6].[UpdatedBy] AS [UpdatedBy0], [t6].[UserId], [t7].[Id] AS [Id1], [t7].[Code], [t7].[CreatedAt] AS [CreatedAt1], [t7].[CreatedBy] AS [CreatedBy1], [t7].[Description], [t7].[IconUrl], [t7].[IsActive] AS [IsActive0], [t7].[IsDeleted] AS [IsDeleted1], [t7].[Name] AS [Name0], [t7].[SortOrder], [t7].[UpdatedAt] AS [UpdatedAt1], [t7].[UpdatedBy] AS [UpdatedBy1]
    FROM [PostChannelAccounts] AS [p3]
    INNER JOIN (
        SELECT [c1].[Id], [c1].[AccessToken], [c1].[AvatarUrl], [c1].[ChannelId], [c1].[CreatedAt], [c1].[CreatedBy], [c1].[ExternalId], [c1].[IsActive], [c1].[IsDeleted], [c1].[LastSyncedAt], [c1].[Name], [c1].[ParentChannelAccountId], [c1].[ProfileUrl], [c1].[ProjectId], [c1].[RefreshToken], [c1].[Scope], [c1].[TokenExpiresAt], [c1].[UpdatedAt], [c1].[UpdatedBy], [c1].[UserId]
        FROM [ChannelAccounts] AS [c1]
        WHERE [c1].[IsDeleted] = CAST(0 AS bit)
    ) AS [t6] ON [p3].[ChannelAccountId] = [t6].[Id]
    INNER JOIN (
        SELECT [c2].[Id], [c2].[Code], [c2].[CreatedAt], [c2].[CreatedBy], [c2].[Description], [c2].[IconUrl], [c2].[IsActive], [c2].[IsDeleted], [c2].[Name], [c2].[SortOrder], [c2].[UpdatedAt], [c2].[UpdatedBy]
        FROM [Channels] AS [c2]
        WHERE [c2].[IsDeleted] = CAST(0 AS bit)
    ) AS [t7] ON [t6].[ChannelId] = [t7].[Id]
    WHERE [p3].[IsDeleted] = CAST(0 AS bit)
) AS [t5] ON [t2].[Id] = [t5].[PostId]
LEFT JOIN (
    SELECT [p4].[Id], [p4].[CreatedAt], [p4].[CreatedBy], [p4].[HashtagId], [p4].[IsDeleted], [p4].[PostId], [p4].[UpdatedAt], [p4].[UpdatedBy], [t9].[Id] AS [Id0], [t9].[CreatedAt] AS [CreatedAt0], [t9].[CreatedBy] AS [CreatedBy0], [t9].[IsDeleted] AS [IsDeleted0], [t9].[Tag], [t9].[UpdatedAt] AS [UpdatedAt0], [t9].[UpdatedBy] AS [UpdatedBy0]
    FROM [PostHashtags] AS [p4]
    INNER JOIN (
        SELECT [h].[Id], [h].[CreatedAt], [h].[CreatedBy], [h].[IsDeleted], [h].[Tag], [h].[UpdatedAt], [h].[UpdatedBy]
        FROM [Hashtags] AS [h]
        WHERE [h].[IsDeleted] = CAST(0 AS bit)
    ) AS [t9] ON [p4].[HashtagId] = [t9].[Id]
    WHERE [p4].[IsDeleted] = CAST(0 AS bit)
) AS [t8] ON [t2].[Id] = [t8].[PostId]
ORDER BY [t2].[Id], [t2].[Id0], [t2].[Id1], [t2].[Id2], [t3].[Id], [t4].[Id], [t5].[Id], [t5].[Id0], [t5].[Id1], [t8].[Id]
2026-07-22 20:07:54.052 +07:00 [ERR] An exception occurred while iterating over the results of a query for context type 'AutoWork.Persistence.Context.ApplicationDbContext'.
Microsoft.Data.SqlClient.SqlException (0x80131904): Invalid column name 'IsDeleted'.
Invalid column name 'Id'.
Invalid column name 'CreatedAt'.
Invalid column name 'CreatedBy'.
Invalid column name 'IsDeleted'.
Invalid column name 'UpdatedAt'.
Invalid column name 'UpdatedBy'.
   at Microsoft.Data.SqlClient.SqlCommand.<>c.<ExecuteDbDataReaderAsync>b__211_0(Task`1 result)
   at System.Threading.Tasks.ContinuationResultTaskFromResultTask`2.InnerInvoke()
   at System.Threading.ExecutionContext.RunInternal(ExecutionContext executionContext, ContextCallback callback, Object state)
--- End of stack trace from previous location ---
   at System.Threading.ExecutionContext.RunInternal(ExecutionContext executionContext, ContextCallback callback, Object state)
   at System.Threading.Tasks.Task.ExecuteWithThreadLocal(Task& currentTaskSlot, Thread threadPoolThread)
--- End of stack trace from previous location ---
   at Microsoft.EntityFrameworkCore.Storage.RelationalCommand.ExecuteReaderAsync(RelationalCommandParameterObject parameterObject, CancellationToken cancellationToken)
   at Microsoft.EntityFrameworkCore.Storage.RelationalCommand.ExecuteReaderAsync(RelationalCommandParameterObject parameterObject, CancellationToken cancellationToken)
   at Microsoft.EntityFrameworkCore.Query.Internal.SingleQueryingEnumerable`1.AsyncEnumerator.InitializeReaderAsync(AsyncEnumerator enumerator, CancellationToken cancellationToken)
   at Microsoft.EntityFrameworkCore.Storage.ExecutionStrategy.<>c__DisplayClass30_0`2.<<ExecuteAsync>b__0>d.MoveNext()
--- End of stack trace from previous location ---
   at Microsoft.EntityFrameworkCore.Storage.ExecutionStrategy.ExecuteImplementationAsync[TState,TResult](Func`4 operation, Func`4 verifySucceeded, TState state, CancellationToken cancellationToken)
   at Microsoft.EntityFrameworkCore.Storage.ExecutionStrategy.ExecuteImplementationAsync[TState,TResult](Func`4 operation, Func`4 verifySucceeded, TState state, CancellationToken cancellationToken)
   at Microsoft.EntityFrameworkCore.Storage.ExecutionStrategy.ExecuteAsync[TState,TResult](TState state, Func`4 operation, Func`4 verifySucceeded, CancellationToken cancellationToken)
   at Microsoft.EntityFrameworkCore.Query.Internal.SingleQueryingEnumerable`1.AsyncEnumerator.MoveNextAsync()
ClientConnectionId:395d0200-985b-4b6f-9fb6-b1fa38b397f5
Error Number:207,State:1,Class:16
Microsoft.Data.SqlClient.SqlException (0x80131904): Invalid column name 'IsDeleted'.
Invalid column name 'Id'.
Invalid column name 'CreatedAt'.
Invalid column name 'CreatedBy'.
Invalid column name 'IsDeleted'.
Invalid column name 'UpdatedAt'.
Invalid column name 'UpdatedBy'.
   at Microsoft.Data.SqlClient.SqlCommand.<>c.<ExecuteDbDataReaderAsync>b__211_0(Task`1 result)
   at System.Threading.Tasks.ContinuationResultTaskFromResultTask`2.InnerInvoke()
   at System.Threading.ExecutionContext.RunInternal(ExecutionContext executionContext, ContextCallback callback, Object state)
--- End of stack trace from previous location ---
   at System.Threading.ExecutionContext.RunInternal(ExecutionContext executionContext, ContextCallback callback, Object state)
   at System.Threading.Tasks.Task.ExecuteWithThreadLocal(Task& currentTaskSlot, Thread threadPoolThread)
--- End of stack trace from previous location ---
   at Microsoft.EntityFrameworkCore.Storage.RelationalCommand.ExecuteReaderAsync(RelationalCommandParameterObject parameterObject, CancellationToken cancellationToken)
   at Microsoft.EntityFrameworkCore.Storage.RelationalCommand.ExecuteReaderAsync(RelationalCommandParameterObject parameterObject, CancellationToken cancellationToken)
   at Microsoft.EntityFrameworkCore.Query.Internal.SingleQueryingEnumerable`1.AsyncEnumerator.InitializeReaderAsync(AsyncEnumerator enumerator, CancellationToken cancellationToken)
   at Microsoft.EntityFrameworkCore.Storage.ExecutionStrategy.<>c__DisplayClass30_0`2.<<ExecuteAsync>b__0>d.MoveNext()
--- End of stack trace from previous location ---
   at Microsoft.EntityFrameworkCore.Storage.ExecutionStrategy.ExecuteImplementationAsync[TState,TResult](Func`4 operation, Func`4 verifySucceeded, TState state, CancellationToken cancellationToken)
   at Microsoft.EntityFrameworkCore.Storage.ExecutionStrategy.ExecuteImplementationAsync[TState,TResult](Func`4 operation, Func`4 verifySucceeded, TState state, CancellationToken cancellationToken)
   at Microsoft.EntityFrameworkCore.Storage.ExecutionStrategy.ExecuteAsync[TState,TResult](TState state, Func`4 operation, Func`4 verifySucceeded, CancellationToken cancellationToken)
   at Microsoft.EntityFrameworkCore.Query.Internal.SingleQueryingEnumerable`1.AsyncEnumerator.MoveNextAsync()
ClientConnectionId:395d0200-985b-4b6f-9fb6-b1fa38b397f5
Error Number:207,State:1,Class:16
2026-07-22 20:07:54.202 +07:00 [WRN] Failed to process the job '190': an exception occurred. Retry attempt 6 of 10 will be performed in 00:12:04.
Microsoft.Data.SqlClient.SqlException (0x80131904): Invalid column name 'IsDeleted'.
Invalid column name 'Id'.
Invalid column name 'CreatedAt'.
Invalid column name 'CreatedBy'.
Invalid column name 'IsDeleted'.
Invalid column name 'UpdatedAt'.
Invalid column name 'UpdatedBy'.
   at Microsoft.Data.SqlClient.SqlCommand.<>c.<ExecuteDbDataReaderAsync>b__211_0(Task`1 result)
   at System.Threading.Tasks.ContinuationResultTaskFromResultTask`2.InnerInvoke()
   at System.Threading.ExecutionContext.RunInternal(ExecutionContext executionContext, ContextCallback callback, Object state)
--- End of stack trace from previous location ---
   at System.Threading.ExecutionContext.RunInternal(ExecutionContext executionContext, ContextCallback callback, Object state)
   at System.Threading.Tasks.Task.ExecuteWithThreadLocal(Task& currentTaskSlot, Thread threadPoolThread)
--- End of stack trace from previous location ---
   at Microsoft.EntityFrameworkCore.Storage.RelationalCommand.ExecuteReaderAsync(RelationalCommandParameterObject parameterObject, CancellationToken cancellationToken)
   at Microsoft.EntityFrameworkCore.Storage.RelationalCommand.ExecuteReaderAsync(RelationalCommandParameterObject parameterObject, CancellationToken cancellationToken)
   at Microsoft.EntityFrameworkCore.Query.Internal.SingleQueryingEnumerable`1.AsyncEnumerator.InitializeReaderAsync(AsyncEnumerator enumerator, CancellationToken cancellationToken)
   at Microsoft.EntityFrameworkCore.Storage.ExecutionStrategy.<>c__DisplayClass30_0`2.<<ExecuteAsync>b__0>d.MoveNext()
--- End of stack trace from previous location ---
   at Microsoft.EntityFrameworkCore.Storage.ExecutionStrategy.ExecuteImplementationAsync[TState,TResult](Func`4 operation, Func`4 verifySucceeded, TState state, CancellationToken cancellationToken)
   at Microsoft.EntityFrameworkCore.Storage.ExecutionStrategy.ExecuteImplementationAsync[TState,TResult](Func`4 operation, Func`4 verifySucceeded, TState state, CancellationToken cancellationToken)
   at Microsoft.EntityFrameworkCore.Storage.ExecutionStrategy.ExecuteAsync[TState,TResult](TState state, Func`4 operation, Func`4 verifySucceeded, CancellationToken cancellationToken)
   at Microsoft.EntityFrameworkCore.Query.Internal.SingleQueryingEnumerable`1.AsyncEnumerator.MoveNextAsync()
   at Microsoft.EntityFrameworkCore.Query.ShapedQueryCompilingExpressionVisitor.SingleOrDefaultAsync[TSource](IAsyncEnumerable`1 asyncEnumerable, CancellationToken cancellationToken)
   at Microsoft.EntityFrameworkCore.Query.ShapedQueryCompilingExpressionVisitor.SingleOrDefaultAsync[TSource](IAsyncEnumerable`1 asyncEnumerable, CancellationToken cancellationToken)
   at AutoWork.Persistence.Repositories.PostRepository.GetByIdWithDetailsAsync(Guid id, CancellationToken cancellationToken) in D:\EXE01\AIMarketingAssistant\src\AutoWork.Persistence\Repositories\PostRepository.cs:line 16
   at AutoWork.Infrastructure.Jobs.PublishPostJob.ExecuteAsync(Guid postId, CancellationToken cancellationToken) in D:\EXE01\AIMarketingAssistant\src\AutoWork.Infrastructure\Jobs\PublishPostJob.cs:line 26
   at InvokeStub_TaskAwaiter.GetResult(Object, Object, IntPtr*)
   at System.Reflection.MethodBaseInvoker.InvokeWithNoArgs(Object obj, BindingFlags invokeAttr)
ClientConnectionId:395d0200-985b-4b6f-9fb6-b1fa38b397f5
Error Number:207,State:1,Class:16
2026-07-22 20:08:08.953 +07:00 [INF] Executed DbCommand (2ms) [Parameters=[@__before_0='?' (DbType = DateTime2)], CommandType='"Text"', CommandTimeout='30']
SELECT [p].[Id], [p].[CreatedAt], [p].[CreatedBy], [p].[ExecutedAt], [p].[FailureReason], [p].[IsDeleted], [p].[PostChannelAccountId], [p].[PostId], [p].[RetryCount], [p].[ScheduledAt], [p].[Status], [p].[UpdatedAt], [p].[UpdatedBy], [t].[Id], [t].[ChannelAccountId], [t].[CreatedAt], [t].[CreatedBy], [t].[DayNumber], [t].[ExternalPostId], [t].[IsDeleted], [t].[ProjectId], [t].[PublishedAt], [t].[PublishedUrl], [t].[ScheduledAt], [t].[Status], [t].[TimelineId], [t].[Title], [t].[TrackingEnabled], [t].[UpdatedAt], [t].[UpdatedBy], [t].[VoiceSampleId], [t0].[Id], [t0].[Content], [t0].[ContentType], [t0].[CreatedAt], [t0].[CreatedBy], [t0].[IsDeleted], [t0].[MediaFileId], [t0].[PostId], [t0].[SortOrder], [t0].[UpdatedAt], [t0].[UpdatedBy]
FROM [PostSchedules] AS [p]
INNER JOIN (
    SELECT [p0].[Id], [p0].[ChannelAccountId], [p0].[CreatedAt], [p0].[CreatedBy], [p0].[DayNumber], [p0].[ExternalPostId], [p0].[IsDeleted], [p0].[ProjectId], [p0].[PublishedAt], [p0].[PublishedUrl], [p0].[ScheduledAt], [p0].[Status], [p0].[TimelineId], [p0].[Title], [p0].[TrackingEnabled], [p0].[UpdatedAt], [p0].[UpdatedBy], [p0].[VoiceSampleId]
    FROM [Posts] AS [p0]
    WHERE [p0].[IsDeleted] = CAST(0 AS bit)
) AS [t] ON [p].[PostId] = [t].[Id]
LEFT JOIN (
    SELECT [p1].[Id], [p1].[Content], [p1].[ContentType], [p1].[CreatedAt], [p1].[CreatedBy], [p1].[IsDeleted], [p1].[MediaFileId], [p1].[PostId], [p1].[SortOrder], [p1].[UpdatedAt], [p1].[UpdatedBy]
    FROM [PostContents] AS [p1]
    WHERE [p1].[IsDeleted] = CAST(0 AS bit)
) AS [t0] ON [t].[Id] = [t0].[PostId]
WHERE [p].[IsDeleted] = CAST(0 AS bit) AND [p].[Status] = 0 AND [p].[ScheduledAt] <= @__before_0
ORDER BY [p].[ScheduledAt], [p].[Id], [t].[Id]
2026-07-22 20:09:09.062 +07:00 [INF] Executed DbCommand (8ms) [Parameters=[@__before_0='?' (DbType = DateTime2)], CommandType='"Text"', CommandTimeout='30']
SELECT [p].[Id], [p].[CreatedAt], [p].[CreatedBy], [p].[ExecutedAt], [p].[FailureReason], [p].[IsDeleted], [p].[PostChannelAccountId], [p].[PostId], [p].[RetryCount], [p].[ScheduledAt], [p].[Status], [p].[UpdatedAt], [p].[UpdatedBy], [t].[Id], [t].[ChannelAccountId], [t].[CreatedAt], [t].[CreatedBy], [t].[DayNumber], [t].[ExternalPostId], [t].[IsDeleted], [t].[ProjectId], [t].[PublishedAt], [t].[PublishedUrl], [t].[ScheduledAt], [t].[Status], [t].[TimelineId], [t].[Title], [t].[TrackingEnabled], [t].[UpdatedAt], [t].[UpdatedBy], [t].[VoiceSampleId], [t0].[Id], [t0].[Content], [t0].[ContentType], [t0].[CreatedAt], [t0].[CreatedBy], [t0].[IsDeleted], [t0].[MediaFileId], [t0].[PostId], [t0].[SortOrder], [t0].[UpdatedAt], [t0].[UpdatedBy]
FROM [PostSchedules] AS [p]
INNER JOIN (
    SELECT [p0].[Id], [p0].[ChannelAccountId], [p0].[CreatedAt], [p0].[CreatedBy], [p0].[DayNumber], [p0].[ExternalPostId], [p0].[IsDeleted], [p0].[ProjectId], [p0].[PublishedAt], [p0].[PublishedUrl], [p0].[ScheduledAt], [p0].[Status], [p0].[TimelineId], [p0].[Title], [p0].[TrackingEnabled], [p0].[UpdatedAt], [p0].[UpdatedBy], [p0].[VoiceSampleId]
    FROM [Posts] AS [p0]
    WHERE [p0].[IsDeleted] = CAST(0 AS bit)
) AS [t] ON [p].[PostId] = [t].[Id]
LEFT JOIN (
    SELECT [p1].[Id], [p1].[Content], [p1].[ContentType], [p1].[CreatedAt], [p1].[CreatedBy], [p1].[IsDeleted], [p1].[MediaFileId], [p1].[PostId], [p1].[SortOrder], [p1].[UpdatedAt], [p1].[UpdatedBy]
    FROM [PostContents] AS [p1]
    WHERE [p1].[IsDeleted] = CAST(0 AS bit)
) AS [t0] ON [t].[Id] = [t0].[PostId]
WHERE [p].[IsDeleted] = CAST(0 AS bit) AND [p].[Status] = 0 AND [p].[ScheduledAt] <= @__before_0
ORDER BY [p].[ScheduledAt], [p].[Id], [t].[Id]
2026-07-22 20:09:38.200 +07:00 [INF] 1 servers were removed due to timeout
2026-07-22 20:10:09.126 +07:00 [INF] Executed DbCommand (8ms) [Parameters=[@__before_0='?' (DbType = DateTime2)], CommandType='"Text"', CommandTimeout='30']
SELECT [p].[Id], [p].[CreatedAt], [p].[CreatedBy], [p].[ExecutedAt], [p].[FailureReason], [p].[IsDeleted], [p].[PostChannelAccountId], [p].[PostId], [p].[RetryCount], [p].[ScheduledAt], [p].[Status], [p].[UpdatedAt], [p].[UpdatedBy], [t].[Id], [t].[ChannelAccountId], [t].[CreatedAt], [t].[CreatedBy], [t].[DayNumber], [t].[ExternalPostId], [t].[IsDeleted], [t].[ProjectId], [t].[PublishedAt], [t].[PublishedUrl], [t].[ScheduledAt], [t].[Status], [t].[TimelineId], [t].[Title], [t].[TrackingEnabled], [t].[UpdatedAt], [t].[UpdatedBy], [t].[VoiceSampleId], [t0].[Id], [t0].[Content], [t0].[ContentType], [t0].[CreatedAt], [t0].[CreatedBy], [t0].[IsDeleted], [t0].[MediaFileId], [t0].[PostId], [t0].[SortOrder], [t0].[UpdatedAt], [t0].[UpdatedBy]
FROM [PostSchedules] AS [p]
INNER JOIN (
    SELECT [p0].[Id], [p0].[ChannelAccountId], [p0].[CreatedAt], [p0].[CreatedBy], [p0].[DayNumber], [p0].[ExternalPostId], [p0].[IsDeleted], [p0].[ProjectId], [p0].[PublishedAt], [p0].[PublishedUrl], [p0].[ScheduledAt], [p0].[Status], [p0].[TimelineId], [p0].[Title], [p0].[TrackingEnabled], [p0].[UpdatedAt], [p0].[UpdatedBy], [p0].[VoiceSampleId]
    FROM [Posts] AS [p0]
    WHERE [p0].[IsDeleted] = CAST(0 AS bit)
) AS [t] ON [p].[PostId] = [t].[Id]
LEFT JOIN (
    SELECT [p1].[Id], [p1].[Content], [p1].[ContentType], [p1].[CreatedAt], [p1].[CreatedBy], [p1].[IsDeleted], [p1].[MediaFileId], [p1].[PostId], [p1].[SortOrder], [p1].[UpdatedAt], [p1].[UpdatedBy]
    FROM [PostContents] AS [p1]
    WHERE [p1].[IsDeleted] = CAST(0 AS bit)
) AS [t0] ON [t].[Id] = [t0].[PostId]
WHERE [p].[IsDeleted] = CAST(0 AS bit) AND [p].[Status] = 0 AND [p].[ScheduledAt] <= @__before_0
ORDER BY [p].[ScheduledAt], [p].[Id], [t].[Id]
2026-07-22 20:11:09.210 +07:00 [INF] Executed DbCommand (10ms) [Parameters=[@__before_0='?' (DbType = DateTime2)], CommandType='"Text"', CommandTimeout='30']
SELECT [p].[Id], [p].[CreatedAt], [p].[CreatedBy], [p].[ExecutedAt], [p].[FailureReason], [p].[IsDeleted], [p].[PostChannelAccountId], [p].[PostId], [p].[RetryCount], [p].[ScheduledAt], [p].[Status], [p].[UpdatedAt], [p].[UpdatedBy], [t].[Id], [t].[ChannelAccountId], [t].[CreatedAt], [t].[CreatedBy], [t].[DayNumber], [t].[ExternalPostId], [t].[IsDeleted], [t].[ProjectId], [t].[PublishedAt], [t].[PublishedUrl], [t].[ScheduledAt], [t].[Status], [t].[TimelineId], [t].[Title], [t].[TrackingEnabled], [t].[UpdatedAt], [t].[UpdatedBy], [t].[VoiceSampleId], [t0].[Id], [t0].[Content], [t0].[ContentType], [t0].[CreatedAt], [t0].[CreatedBy], [t0].[IsDeleted], [t0].[MediaFileId], [t0].[PostId], [t0].[SortOrder], [t0].[UpdatedAt], [t0].[UpdatedBy]
FROM [PostSchedules] AS [p]
INNER JOIN (
    SELECT [p0].[Id], [p0].[ChannelAccountId], [p0].[CreatedAt], [p0].[CreatedBy], [p0].[DayNumber], [p0].[ExternalPostId], [p0].[IsDeleted], [p0].[ProjectId], [p0].[PublishedAt], [p0].[PublishedUrl], [p0].[ScheduledAt], [p0].[Status], [p0].[TimelineId], [p0].[Title], [p0].[TrackingEnabled], [p0].[UpdatedAt], [p0].[UpdatedBy], [p0].[VoiceSampleId]
    FROM [Posts] AS [p0]
    WHERE [p0].[IsDeleted] = CAST(0 AS bit)
) AS [t] ON [p].[PostId] = [t].[Id]
LEFT JOIN (
    SELECT [p1].[Id], [p1].[Content], [p1].[ContentType], [p1].[CreatedAt], [p1].[CreatedBy], [p1].[IsDeleted], [p1].[MediaFileId], [p1].[PostId], [p1].[SortOrder], [p1].[UpdatedAt], [p1].[UpdatedBy]
    FROM [PostContents] AS [p1]
    WHERE [p1].[IsDeleted] = CAST(0 AS bit)
) AS [t0] ON [t].[Id] = [t0].[PostId]
WHERE [p].[IsDeleted] = CAST(0 AS bit) AND [p].[Status] = 0 AND [p].[ScheduledAt] <= @__before_0
ORDER BY [p].[ScheduledAt], [p].[Id], [t].[Id]
2026-07-22 20:12:09.293 +07:00 [INF] Executed DbCommand (7ms) [Parameters=[@__before_0='?' (DbType = DateTime2)], CommandType='"Text"', CommandTimeout='30']
SELECT [p].[Id], [p].[CreatedAt], [p].[CreatedBy], [p].[ExecutedAt], [p].[FailureReason], [p].[IsDeleted], [p].[PostChannelAccountId], [p].[PostId], [p].[RetryCount], [p].[ScheduledAt], [p].[Status], [p].[UpdatedAt], [p].[UpdatedBy], [t].[Id], [t].[ChannelAccountId], [t].[CreatedAt], [t].[CreatedBy], [t].[DayNumber], [t].[ExternalPostId], [t].[IsDeleted], [t].[ProjectId], [t].[PublishedAt], [t].[PublishedUrl], [t].[ScheduledAt], [t].[Status], [t].[TimelineId], [t].[Title], [t].[TrackingEnabled], [t].[UpdatedAt], [t].[UpdatedBy], [t].[VoiceSampleId], [t0].[Id], [t0].[Content], [t0].[ContentType], [t0].[CreatedAt], [t0].[CreatedBy], [t0].[IsDeleted], [t0].[MediaFileId], [t0].[PostId], [t0].[SortOrder], [t0].[UpdatedAt], [t0].[UpdatedBy]
FROM [PostSchedules] AS [p]
INNER JOIN (
    SELECT [p0].[Id], [p0].[ChannelAccountId], [p0].[CreatedAt], [p0].[CreatedBy], [p0].[DayNumber], [p0].[ExternalPostId], [p0].[IsDeleted], [p0].[ProjectId], [p0].[PublishedAt], [p0].[PublishedUrl], [p0].[ScheduledAt], [p0].[Status], [p0].[TimelineId], [p0].[Title], [p0].[TrackingEnabled], [p0].[UpdatedAt], [p0].[UpdatedBy], [p0].[VoiceSampleId]
    FROM [Posts] AS [p0]
    WHERE [p0].[IsDeleted] = CAST(0 AS bit)
) AS [t] ON [p].[PostId] = [t].[Id]
LEFT JOIN (
    SELECT [p1].[Id], [p1].[Content], [p1].[ContentType], [p1].[CreatedAt], [p1].[CreatedBy], [p1].[IsDeleted], [p1].[MediaFileId], [p1].[PostId], [p1].[SortOrder], [p1].[UpdatedAt], [p1].[UpdatedBy]
    FROM [PostContents] AS [p1]
    WHERE [p1].[IsDeleted] = CAST(0 AS bit)
) AS [t0] ON [t].[Id] = [t0].[PostId]
WHERE [p].[IsDeleted] = CAST(0 AS bit) AND [p].[Status] = 0 AND [p].[ScheduledAt] <= @__before_0
ORDER BY [p].[ScheduledAt], [p].[Id], [t].[Id]
2026-07-22 20:13:09.384 +07:00 [INF] Executed DbCommand (9ms) [Parameters=[@__before_0='?' (DbType = DateTime2)], CommandType='"Text"', CommandTimeout='30']
SELECT [p].[Id], [p].[CreatedAt], [p].[CreatedBy], [p].[ExecutedAt], [p].[FailureReason], [p].[IsDeleted], [p].[PostChannelAccountId], [p].[PostId], [p].[RetryCount], [p].[ScheduledAt], [p].[Status], [p].[UpdatedAt], [p].[UpdatedBy], [t].[Id], [t].[ChannelAccountId], [t].[CreatedAt], [t].[CreatedBy], [t].[DayNumber], [t].[ExternalPostId], [t].[IsDeleted], [t].[ProjectId], [t].[PublishedAt], [t].[PublishedUrl], [t].[ScheduledAt], [t].[Status], [t].[TimelineId], [t].[Title], [t].[TrackingEnabled], [t].[UpdatedAt], [t].[UpdatedBy], [t].[VoiceSampleId], [t0].[Id], [t0].[Content], [t0].[ContentType], [t0].[CreatedAt], [t0].[CreatedBy], [t0].[IsDeleted], [t0].[MediaFileId], [t0].[PostId], [t0].[SortOrder], [t0].[UpdatedAt], [t0].[UpdatedBy]
FROM [PostSchedules] AS [p]
INNER JOIN (
    SELECT [p0].[Id], [p0].[ChannelAccountId], [p0].[CreatedAt], [p0].[CreatedBy], [p0].[DayNumber], [p0].[ExternalPostId], [p0].[IsDeleted], [p0].[ProjectId], [p0].[PublishedAt], [p0].[PublishedUrl], [p0].[ScheduledAt], [p0].[Status], [p0].[TimelineId], [p0].[Title], [p0].[TrackingEnabled], [p0].[UpdatedAt], [p0].[UpdatedBy], [p0].[VoiceSampleId]
    FROM [Posts] AS [p0]
    WHERE [p0].[IsDeleted] = CAST(0 AS bit)
) AS [t] ON [p].[PostId] = [t].[Id]
LEFT JOIN (
    SELECT [p1].[Id], [p1].[Content], [p1].[ContentType], [p1].[CreatedAt], [p1].[CreatedBy], [p1].[IsDeleted], [p1].[MediaFileId], [p1].[PostId], [p1].[SortOrder], [p1].[UpdatedAt], [p1].[UpdatedBy]
    FROM [PostContents] AS [p1]
    WHERE [p1].[IsDeleted] = CAST(0 AS bit)
) AS [t0] ON [t].[Id] = [t0].[PostId]
WHERE [p].[IsDeleted] = CAST(0 AS bit) AND [p].[Status] = 0 AND [p].[ScheduledAt] <= @__before_0
ORDER BY [p].[ScheduledAt], [p].[Id], [t].[Id]
2026-07-22 20:14:09.508 +07:00 [INF] Executed DbCommand (13ms) [Parameters=[@__before_0='?' (DbType = DateTime2)], CommandType='"Text"', CommandTimeout='30']
SELECT [p].[Id], [p].[CreatedAt], [p].[CreatedBy], [p].[ExecutedAt], [p].[FailureReason], [p].[IsDeleted], [p].[PostChannelAccountId], [p].[PostId], [p].[RetryCount], [p].[ScheduledAt], [p].[Status], [p].[UpdatedAt], [p].[UpdatedBy], [t].[Id], [t].[ChannelAccountId], [t].[CreatedAt], [t].[CreatedBy], [t].[DayNumber], [t].[ExternalPostId], [t].[IsDeleted], [t].[ProjectId], [t].[PublishedAt], [t].[PublishedUrl], [t].[ScheduledAt], [t].[Status], [t].[TimelineId], [t].[Title], [t].[TrackingEnabled], [t].[UpdatedAt], [t].[UpdatedBy], [t].[VoiceSampleId], [t0].[Id], [t0].[Content], [t0].[ContentType], [t0].[CreatedAt], [t0].[CreatedBy], [t0].[IsDeleted], [t0].[MediaFileId], [t0].[PostId], [t0].[SortOrder], [t0].[UpdatedAt], [t0].[UpdatedBy]
FROM [PostSchedules] AS [p]
INNER JOIN (
    SELECT [p0].[Id], [p0].[ChannelAccountId], [p0].[CreatedAt], [p0].[CreatedBy], [p0].[DayNumber], [p0].[ExternalPostId], [p0].[IsDeleted], [p0].[ProjectId], [p0].[PublishedAt], [p0].[PublishedUrl], [p0].[ScheduledAt], [p0].[Status], [p0].[TimelineId], [p0].[Title], [p0].[TrackingEnabled], [p0].[UpdatedAt], [p0].[UpdatedBy], [p0].[VoiceSampleId]
    FROM [Posts] AS [p0]
    WHERE [p0].[IsDeleted] = CAST(0 AS bit)
) AS [t] ON [p].[PostId] = [t].[Id]
LEFT JOIN (
    SELECT [p1].[Id], [p1].[Content], [p1].[ContentType], [p1].[CreatedAt], [p1].[CreatedBy], [p1].[IsDeleted], [p1].[MediaFileId], [p1].[PostId], [p1].[SortOrder], [p1].[UpdatedAt], [p1].[UpdatedBy]
    FROM [PostContents] AS [p1]
    WHERE [p1].[IsDeleted] = CAST(0 AS bit)
) AS [t0] ON [t].[Id] = [t0].[PostId]
WHERE [p].[IsDeleted] = CAST(0 AS bit) AND [p].[Status] = 0 AND [p].[ScheduledAt] <= @__before_0
ORDER BY [p].[ScheduledAt], [p].[Id], [t].[Id]
2026-07-22 20:15:09.567 +07:00 [INF] Executed DbCommand (9ms) [Parameters=[@__before_0='?' (DbType = DateTime2)], CommandType='"Text"', CommandTimeout='30']
SELECT [p].[Id], [p].[CreatedAt], [p].[CreatedBy], [p].[ExecutedAt], [p].[FailureReason], [p].[IsDeleted], [p].[PostChannelAccountId], [p].[PostId], [p].[RetryCount], [p].[ScheduledAt], [p].[Status], [p].[UpdatedAt], [p].[UpdatedBy], [t].[Id], [t].[ChannelAccountId], [t].[CreatedAt], [t].[CreatedBy], [t].[DayNumber], [t].[ExternalPostId], [t].[IsDeleted], [t].[ProjectId], [t].[PublishedAt], [t].[PublishedUrl], [t].[ScheduledAt], [t].[Status], [t].[TimelineId], [t].[Title], [t].[TrackingEnabled], [t].[UpdatedAt], [t].[UpdatedBy], [t].[VoiceSampleId], [t0].[Id], [t0].[Content], [t0].[ContentType], [t0].[CreatedAt], [t0].[CreatedBy], [t0].[IsDeleted], [t0].[MediaFileId], [t0].[PostId], [t0].[SortOrder], [t0].[UpdatedAt], [t0].[UpdatedBy]
FROM [PostSchedules] AS [p]
INNER JOIN (
    SELECT [p0].[Id], [p0].[ChannelAccountId], [p0].[CreatedAt], [p0].[CreatedBy], [p0].[DayNumber], [p0].[ExternalPostId], [p0].[IsDeleted], [p0].[ProjectId], [p0].[PublishedAt], [p0].[PublishedUrl], [p0].[ScheduledAt], [p0].[Status], [p0].[TimelineId], [p0].[Title], [p0].[TrackingEnabled], [p0].[UpdatedAt], [p0].[UpdatedBy], [p0].[VoiceSampleId]
    FROM [Posts] AS [p0]
    WHERE [p0].[IsDeleted] = CAST(0 AS bit)
) AS [t] ON [p].[PostId] = [t].[Id]
LEFT JOIN (
    SELECT [p1].[Id], [p1].[Content], [p1].[ContentType], [p1].[CreatedAt], [p1].[CreatedBy], [p1].[IsDeleted], [p1].[MediaFileId], [p1].[PostId], [p1].[SortOrder], [p1].[UpdatedAt], [p1].[UpdatedBy]
    FROM [PostContents] AS [p1]
    WHERE [p1].[IsDeleted] = CAST(0 AS bit)
) AS [t0] ON [t].[Id] = [t0].[PostId]
WHERE [p].[IsDeleted] = CAST(0 AS bit) AND [p].[Status] = 0 AND [p].[ScheduledAt] <= @__before_0
ORDER BY [p].[ScheduledAt], [p].[Id], [t].[Id]
2026-07-22 20:16:09.652 +07:00 [INF] Executed DbCommand (9ms) [Parameters=[@__before_0='?' (DbType = DateTime2)], CommandType='"Text"', CommandTimeout='30']
SELECT [p].[Id], [p].[CreatedAt], [p].[CreatedBy], [p].[ExecutedAt], [p].[FailureReason], [p].[IsDeleted], [p].[PostChannelAccountId], [p].[PostId], [p].[RetryCount], [p].[ScheduledAt], [p].[Status], [p].[UpdatedAt], [p].[UpdatedBy], [t].[Id], [t].[ChannelAccountId], [t].[CreatedAt], [t].[CreatedBy], [t].[DayNumber], [t].[ExternalPostId], [t].[IsDeleted], [t].[ProjectId], [t].[PublishedAt], [t].[PublishedUrl], [t].[ScheduledAt], [t].[Status], [t].[TimelineId], [t].[Title], [t].[TrackingEnabled], [t].[UpdatedAt], [t].[UpdatedBy], [t].[VoiceSampleId], [t0].[Id], [t0].[Content], [t0].[ContentType], [t0].[CreatedAt], [t0].[CreatedBy], [t0].[IsDeleted], [t0].[MediaFileId], [t0].[PostId], [t0].[SortOrder], [t0].[UpdatedAt], [t0].[UpdatedBy]
FROM [PostSchedules] AS [p]
INNER JOIN (
    SELECT [p0].[Id], [p0].[ChannelAccountId], [p0].[CreatedAt], [p0].[CreatedBy], [p0].[DayNumber], [p0].[ExternalPostId], [p0].[IsDeleted], [p0].[ProjectId], [p0].[PublishedAt], [p0].[PublishedUrl], [p0].[ScheduledAt], [p0].[Status], [p0].[TimelineId], [p0].[Title], [p0].[TrackingEnabled], [p0].[UpdatedAt], [p0].[UpdatedBy], [p0].[VoiceSampleId]
    FROM [Posts] AS [p0]
    WHERE [p0].[IsDeleted] = CAST(0 AS bit)
) AS [t] ON [p].[PostId] = [t].[Id]
LEFT JOIN (
    SELECT [p1].[Id], [p1].[Content], [p1].[ContentType], [p1].[CreatedAt], [p1].[CreatedBy], [p1].[IsDeleted], [p1].[MediaFileId], [p1].[PostId], [p1].[SortOrder], [p1].[UpdatedAt], [p1].[UpdatedBy]
    FROM [PostContents] AS [p1]
    WHERE [p1].[IsDeleted] = CAST(0 AS bit)
) AS [t0] ON [t].[Id] = [t0].[PostId]
WHERE [p].[IsDeleted] = CAST(0 AS bit) AND [p].[Status] = 0 AND [p].[ScheduledAt] <= @__before_0
ORDER BY [p].[ScheduledAt], [p].[Id], [t].[Id]
2026-07-22 20:17:09.769 +07:00 [INF] Executed DbCommand (12ms) [Parameters=[@__before_0='?' (DbType = DateTime2)], CommandType='"Text"', CommandTimeout='30']
SELECT [p].[Id], [p].[CreatedAt], [p].[CreatedBy], [p].[ExecutedAt], [p].[FailureReason], [p].[IsDeleted], [p].[PostChannelAccountId], [p].[PostId], [p].[RetryCount], [p].[ScheduledAt], [p].[Status], [p].[UpdatedAt], [p].[UpdatedBy], [t].[Id], [t].[ChannelAccountId], [t].[CreatedAt], [t].[CreatedBy], [t].[DayNumber], [t].[ExternalPostId], [t].[IsDeleted], [t].[ProjectId], [t].[PublishedAt], [t].[PublishedUrl], [t].[ScheduledAt], [t].[Status], [t].[TimelineId], [t].[Title], [t].[TrackingEnabled], [t].[UpdatedAt], [t].[UpdatedBy], [t].[VoiceSampleId], [t0].[Id], [t0].[Content], [t0].[ContentType], [t0].[CreatedAt], [t0].[CreatedBy], [t0].[IsDeleted], [t0].[MediaFileId], [t0].[PostId], [t0].[SortOrder], [t0].[UpdatedAt], [t0].[UpdatedBy]
FROM [PostSchedules] AS [p]
INNER JOIN (
    SELECT [p0].[Id], [p0].[ChannelAccountId], [p0].[CreatedAt], [p0].[CreatedBy], [p0].[DayNumber], [p0].[ExternalPostId], [p0].[IsDeleted], [p0].[ProjectId], [p0].[PublishedAt], [p0].[PublishedUrl], [p0].[ScheduledAt], [p0].[Status], [p0].[TimelineId], [p0].[Title], [p0].[TrackingEnabled], [p0].[UpdatedAt], [p0].[UpdatedBy], [p0].[VoiceSampleId]
    FROM [Posts] AS [p0]
    WHERE [p0].[IsDeleted] = CAST(0 AS bit)
) AS [t] ON [p].[PostId] = [t].[Id]
LEFT JOIN (
    SELECT [p1].[Id], [p1].[Content], [p1].[ContentType], [p1].[CreatedAt], [p1].[CreatedBy], [p1].[IsDeleted], [p1].[MediaFileId], [p1].[PostId], [p1].[SortOrder], [p1].[UpdatedAt], [p1].[UpdatedBy]
    FROM [PostContents] AS [p1]
    WHERE [p1].[IsDeleted] = CAST(0 AS bit)
) AS [t0] ON [t].[Id] = [t0].[PostId]
WHERE [p].[IsDeleted] = CAST(0 AS bit) AND [p].[Status] = 0 AND [p].[ScheduledAt] <= @__before_0
ORDER BY [p].[ScheduledAt], [p].[Id], [t].[Id]
2026-07-22 20:18:09.880 +07:00 [INF] Executed DbCommand (9ms) [Parameters=[@__before_0='?' (DbType = DateTime2)], CommandType='"Text"', CommandTimeout='30']
SELECT [p].[Id], [p].[CreatedAt], [p].[CreatedBy], [p].[ExecutedAt], [p].[FailureReason], [p].[IsDeleted], [p].[PostChannelAccountId], [p].[PostId], [p].[RetryCount], [p].[ScheduledAt], [p].[Status], [p].[UpdatedAt], [p].[UpdatedBy], [t].[Id], [t].[ChannelAccountId], [t].[CreatedAt], [t].[CreatedBy], [t].[DayNumber], [t].[ExternalPostId], [t].[IsDeleted], [t].[ProjectId], [t].[PublishedAt], [t].[PublishedUrl], [t].[ScheduledAt], [t].[Status], [t].[TimelineId], [t].[Title], [t].[TrackingEnabled], [t].[UpdatedAt], [t].[UpdatedBy], [t].[VoiceSampleId], [t0].[Id], [t0].[Content], [t0].[ContentType], [t0].[CreatedAt], [t0].[CreatedBy], [t0].[IsDeleted], [t0].[MediaFileId], [t0].[PostId], [t0].[SortOrder], [t0].[UpdatedAt], [t0].[UpdatedBy]
FROM [PostSchedules] AS [p]
INNER JOIN (
    SELECT [p0].[Id], [p0].[ChannelAccountId], [p0].[CreatedAt], [p0].[CreatedBy], [p0].[DayNumber], [p0].[ExternalPostId], [p0].[IsDeleted], [p0].[ProjectId], [p0].[PublishedAt], [p0].[PublishedUrl], [p0].[ScheduledAt], [p0].[Status], [p0].[TimelineId], [p0].[Title], [p0].[TrackingEnabled], [p0].[UpdatedAt], [p0].[UpdatedBy], [p0].[VoiceSampleId]
    FROM [Posts] AS [p0]
    WHERE [p0].[IsDeleted] = CAST(0 AS bit)
) AS [t] ON [p].[PostId] = [t].[Id]
LEFT JOIN (
    SELECT [p1].[Id], [p1].[Content], [p1].[ContentType], [p1].[CreatedAt], [p1].[CreatedBy], [p1].[IsDeleted], [p1].[MediaFileId], [p1].[PostId], [p1].[SortOrder], [p1].[UpdatedAt], [p1].[UpdatedBy]
    FROM [PostContents] AS [p1]
    WHERE [p1].[IsDeleted] = CAST(0 AS bit)
) AS [t0] ON [t].[Id] = [t0].[PostId]
WHERE [p].[IsDeleted] = CAST(0 AS bit) AND [p].[Status] = 0 AND [p].[ScheduledAt] <= @__before_0
ORDER BY [p].[ScheduledAt], [p].[Id], [t].[Id]
2026-07-22 20:19:09.952 +07:00 [INF] Executed DbCommand (8ms) [Parameters=[@__before_0='?' (DbType = DateTime2)], CommandType='"Text"', CommandTimeout='30']
SELECT [p].[Id], [p].[CreatedAt], [p].[CreatedBy], [p].[ExecutedAt], [p].[FailureReason], [p].[IsDeleted], [p].[PostChannelAccountId], [p].[PostId], [p].[RetryCount], [p].[ScheduledAt], [p].[Status], [p].[UpdatedAt], [p].[UpdatedBy], [t].[Id], [t].[ChannelAccountId], [t].[CreatedAt], [t].[CreatedBy], [t].[DayNumber], [t].[ExternalPostId], [t].[IsDeleted], [t].[ProjectId], [t].[PublishedAt], [t].[PublishedUrl], [t].[ScheduledAt], [t].[Status], [t].[TimelineId], [t].[Title], [t].[TrackingEnabled], [t].[UpdatedAt], [t].[UpdatedBy], [t].[VoiceSampleId], [t0].[Id], [t0].[Content], [t0].[ContentType], [t0].[CreatedAt], [t0].[CreatedBy], [t0].[IsDeleted], [t0].[MediaFileId], [t0].[PostId], [t0].[SortOrder], [t0].[UpdatedAt], [t0].[UpdatedBy]
FROM [PostSchedules] AS [p]
INNER JOIN (
    SELECT [p0].[Id], [p0].[ChannelAccountId], [p0].[CreatedAt], [p0].[CreatedBy], [p0].[DayNumber], [p0].[ExternalPostId], [p0].[IsDeleted], [p0].[ProjectId], [p0].[PublishedAt], [p0].[PublishedUrl], [p0].[ScheduledAt], [p0].[Status], [p0].[TimelineId], [p0].[Title], [p0].[TrackingEnabled], [p0].[UpdatedAt], [p0].[UpdatedBy], [p0].[VoiceSampleId]
    FROM [Posts] AS [p0]
    WHERE [p0].[IsDeleted] = CAST(0 AS bit)
) AS [t] ON [p].[PostId] = [t].[Id]
LEFT JOIN (
    SELECT [p1].[Id], [p1].[Content], [p1].[ContentType], [p1].[CreatedAt], [p1].[CreatedBy], [p1].[IsDeleted], [p1].[MediaFileId], [p1].[PostId], [p1].[SortOrder], [p1].[UpdatedAt], [p1].[UpdatedBy]
    FROM [PostContents] AS [p1]
    WHERE [p1].[IsDeleted] = CAST(0 AS bit)
) AS [t0] ON [t].[Id] = [t0].[PostId]
WHERE [p].[IsDeleted] = CAST(0 AS bit) AND [p].[Status] = 0 AND [p].[ScheduledAt] <= @__before_0
ORDER BY [p].[ScheduledAt], [p].[Id], [t].[Id]
2026-07-22 20:20:09.342 +07:00 [ERR] Failed executing DbCommand (80ms) [Parameters=[@__id_0='?' (DbType = Guid)], CommandType='"Text"', CommandTimeout='30']
SELECT [t2].[Id], [t2].[ChannelAccountId], [t2].[CreatedAt], [t2].[CreatedBy], [t2].[DayNumber], [t2].[ExternalPostId], [t2].[IsDeleted], [t2].[ProjectId], [t2].[PublishedAt], [t2].[PublishedUrl], [t2].[ScheduledAt], [t2].[Status], [t2].[TimelineId], [t2].[Title], [t2].[TrackingEnabled], [t2].[UpdatedAt], [t2].[UpdatedBy], [t2].[VoiceSampleId], [t2].[Id0], [t2].[Id1], [t2].[Id2], [t3].[Id], [t3].[Content], [t3].[ContentType], [t3].[CreatedAt], [t3].[CreatedBy], [t3].[IsDeleted], [t3].[MediaFileId], [t3].[PostId], [t3].[SortOrder], [t3].[UpdatedAt], [t3].[UpdatedBy], [t2].[CreatedAt0], [t2].[CreatedBy0], [t2].[ExecutedAt], [t2].[FailureReason], [t2].[IsDeleted0], [t2].[PostChannelAccountId], [t2].[PostId], [t2].[RetryCount], [t2].[ScheduledAt0], [t2].[Status0], [t2].[UpdatedAt0], [t2].[UpdatedBy0], [t4].[Id], [t4].[Action], [t4].[CreatedAt], [t4].[CreatedBy], [t4].[Details], [t4].[IsDeleted], [t4].[Level], [t4].[Message], [t4].[PostId], [t4].[UpdatedAt], [t4].[UpdatedBy], [t2].[AccessToken], [t2].[AvatarUrl], [t2].[ChannelId], [t2].[CreatedAt1], [t2].[CreatedBy1], [t2].[ExternalId], [t2].[IsActive], [t2].[IsDeleted1], [t2].[LastSyncedAt], [t2].[Name], [t2].[ParentChannelAccountId], [t2].[ProfileUrl], [t2].[ProjectId0], [t2].[RefreshToken], [t2].[Scope], [t2].[TokenExpiresAt], [t2].[UpdatedAt1], [t2].[UpdatedBy1], [t2].[UserId], [t2].[Code], [t2].[CreatedAt2], [t2].[CreatedBy2], [t2].[Description], [t2].[IconUrl], [t2].[IsActive0], [t2].[IsDeleted2], [t2].[Name0], [t2].[SortOrder], [t2].[UpdatedAt2], [t2].[UpdatedBy2], [t5].[Id], [t5].[ChannelAccountId], [t5].[CreatedAt], [t5].[CreatedBy], [t5].[ExternalPostId], [t5].[IsDeleted], [t5].[PostId], [t5].[PublishedAt], [t5].[PublishedUrl], [t5].[Status], [t5].[UpdatedAt], [t5].[UpdatedBy], [t5].[Id0], [t5].[AccessToken], [t5].[AvatarUrl], [t5].[ChannelId], [t5].[CreatedAt0], [t5].[CreatedBy0], [t5].[ExternalId], [t5].[IsActive], [t5].[IsDeleted0], [t5].[LastSyncedAt], [t5].[Name], [t5].[ParentChannelAccountId], [t5].[ProfileUrl], [t5].[ProjectId], [t5].[RefreshToken], [t5].[Scope], [t5].[TokenExpiresAt], [t5].[UpdatedAt0], [t5].[UpdatedBy0], [t5].[UserId], [t5].[Id1], [t5].[Code], [t5].[CreatedAt1], [t5].[CreatedBy1], [t5].[Description], [t5].[IconUrl], [t5].[IsActive0], [t5].[IsDeleted1], [t5].[Name0], [t5].[SortOrder], [t5].[UpdatedAt1], [t5].[UpdatedBy1], [t8].[Id], [t8].[CreatedAt], [t8].[CreatedBy], [t8].[HashtagId], [t8].[IsDeleted], [t8].[PostId], [t8].[UpdatedAt], [t8].[UpdatedBy], [t8].[Id0], [t8].[CreatedAt0], [t8].[CreatedBy0], [t8].[IsDeleted0], [t8].[Tag], [t8].[UpdatedAt0], [t8].[UpdatedBy0]
FROM (
    SELECT TOP(1) [p].[Id], [p].[ChannelAccountId], [p].[CreatedAt], [p].[CreatedBy], [p].[DayNumber], [p].[ExternalPostId], [p].[IsDeleted], [p].[ProjectId], [p].[PublishedAt], [p].[PublishedUrl], [p].[ScheduledAt], [p].[Status], [p].[TimelineId], [p].[Title], [p].[TrackingEnabled], [p].[UpdatedAt], [p].[UpdatedBy], [p].[VoiceSampleId], [t].[Id] AS [Id0], [t].[CreatedAt] AS [CreatedAt0], [t].[CreatedBy] AS [CreatedBy0], [t].[ExecutedAt], [t].[FailureReason], [t].[IsDeleted] AS [IsDeleted0], [t].[PostChannelAccountId], [t].[PostId], [t].[RetryCount], [t].[ScheduledAt] AS [ScheduledAt0], [t].[Status] AS [Status0], [t].[UpdatedAt] AS [UpdatedAt0], [t].[UpdatedBy] AS [UpdatedBy0], [t0].[Id] AS [Id1], [t0].[AccessToken], [t0].[AvatarUrl], [t0].[ChannelId], [t0].[CreatedAt] AS [CreatedAt1], [t0].[CreatedBy] AS [CreatedBy1], [t0].[ExternalId], [t0].[IsActive], [t0].[IsDeleted] AS [IsDeleted1], [t0].[LastSyncedAt], [t0].[Name], [t0].[ParentChannelAccountId], [t0].[ProfileUrl], [t0].[ProjectId] AS [ProjectId0], [t0].[RefreshToken], [t0].[Scope], [t0].[TokenExpiresAt], [t0].[UpdatedAt] AS [UpdatedAt1], [t0].[UpdatedBy] AS [UpdatedBy1], [t0].[UserId], [t1].[Id] AS [Id2], [t1].[Code], [t1].[CreatedAt] AS [CreatedAt2], [t1].[CreatedBy] AS [CreatedBy2], [t1].[Description], [t1].[IconUrl], [t1].[IsActive] AS [IsActive0], [t1].[IsDeleted] AS [IsDeleted2], [t1].[Name] AS [Name0], [t1].[SortOrder], [t1].[UpdatedAt] AS [UpdatedAt2], [t1].[UpdatedBy] AS [UpdatedBy2]
    FROM [Posts] AS [p]
    LEFT JOIN (
        SELECT [p0].[Id], [p0].[CreatedAt], [p0].[CreatedBy], [p0].[ExecutedAt], [p0].[FailureReason], [p0].[IsDeleted], [p0].[PostChannelAccountId], [p0].[PostId], [p0].[RetryCount], [p0].[ScheduledAt], [p0].[Status], [p0].[UpdatedAt], [p0].[UpdatedBy]
        FROM [PostSchedules] AS [p0]
        WHERE [p0].[IsDeleted] = CAST(0 AS bit)
    ) AS [t] ON [p].[Id] = [t].[PostId]
    LEFT JOIN (
        SELECT [c].[Id], [c].[AccessToken], [c].[AvatarUrl], [c].[ChannelId], [c].[CreatedAt], [c].[CreatedBy], [c].[ExternalId], [c].[IsActive], [c].[IsDeleted], [c].[LastSyncedAt], [c].[Name], [c].[ParentChannelAccountId], [c].[ProfileUrl], [c].[ProjectId], [c].[RefreshToken], [c].[Scope], [c].[TokenExpiresAt], [c].[UpdatedAt], [c].[UpdatedBy], [c].[UserId]
        FROM [ChannelAccounts] AS [c]
        WHERE [c].[IsDeleted] = CAST(0 AS bit)
    ) AS [t0] ON [p].[ChannelAccountId] = [t0].[Id]
    LEFT JOIN (
        SELECT [c0].[Id], [c0].[Code], [c0].[CreatedAt], [c0].[CreatedBy], [c0].[Description], [c0].[IconUrl], [c0].[IsActive], [c0].[IsDeleted], [c0].[Name], [c0].[SortOrder], [c0].[UpdatedAt], [c0].[UpdatedBy]
        FROM [Channels] AS [c0]
        WHERE [c0].[IsDeleted] = CAST(0 AS bit)
    ) AS [t1] ON [t0].[ChannelId] = [t1].[Id]
    WHERE [p].[IsDeleted] = CAST(0 AS bit) AND [p].[Id] = @__id_0
) AS [t2]
LEFT JOIN (
    SELECT [p1].[Id], [p1].[Content], [p1].[ContentType], [p1].[CreatedAt], [p1].[CreatedBy], [p1].[IsDeleted], [p1].[MediaFileId], [p1].[PostId], [p1].[SortOrder], [p1].[UpdatedAt], [p1].[UpdatedBy]
    FROM [PostContents] AS [p1]
    WHERE [p1].[IsDeleted] = CAST(0 AS bit)
) AS [t3] ON [t2].[Id] = [t3].[PostId]
LEFT JOIN (
    SELECT [p2].[Id], [p2].[Action], [p2].[CreatedAt], [p2].[CreatedBy], [p2].[Details], [p2].[IsDeleted], [p2].[Level], [p2].[Message], [p2].[PostId], [p2].[UpdatedAt], [p2].[UpdatedBy]
    FROM [PostLogs] AS [p2]
    WHERE [p2].[IsDeleted] = CAST(0 AS bit)
) AS [t4] ON [t2].[Id] = [t4].[PostId]
LEFT JOIN (
    SELECT [p3].[Id], [p3].[ChannelAccountId], [p3].[CreatedAt], [p3].[CreatedBy], [p3].[ExternalPostId], [p3].[IsDeleted], [p3].[PostId], [p3].[PublishedAt], [p3].[PublishedUrl], [p3].[Status], [p3].[UpdatedAt], [p3].[UpdatedBy], [t6].[Id] AS [Id0], [t6].[AccessToken], [t6].[AvatarUrl], [t6].[ChannelId], [t6].[CreatedAt] AS [CreatedAt0], [t6].[CreatedBy] AS [CreatedBy0], [t6].[ExternalId], [t6].[IsActive], [t6].[IsDeleted] AS [IsDeleted0], [t6].[LastSyncedAt], [t6].[Name], [t6].[ParentChannelAccountId], [t6].[ProfileUrl], [t6].[ProjectId], [t6].[RefreshToken], [t6].[Scope], [t6].[TokenExpiresAt], [t6].[UpdatedAt] AS [UpdatedAt0], [t6].[UpdatedBy] AS [UpdatedBy0], [t6].[UserId], [t7].[Id] AS [Id1], [t7].[Code], [t7].[CreatedAt] AS [CreatedAt1], [t7].[CreatedBy] AS [CreatedBy1], [t7].[Description], [t7].[IconUrl], [t7].[IsActive] AS [IsActive0], [t7].[IsDeleted] AS [IsDeleted1], [t7].[Name] AS [Name0], [t7].[SortOrder], [t7].[UpdatedAt] AS [UpdatedAt1], [t7].[UpdatedBy] AS [UpdatedBy1]
    FROM [PostChannelAccounts] AS [p3]
    INNER JOIN (
        SELECT [c1].[Id], [c1].[AccessToken], [c1].[AvatarUrl], [c1].[ChannelId], [c1].[CreatedAt], [c1].[CreatedBy], [c1].[ExternalId], [c1].[IsActive], [c1].[IsDeleted], [c1].[LastSyncedAt], [c1].[Name], [c1].[ParentChannelAccountId], [c1].[ProfileUrl], [c1].[ProjectId], [c1].[RefreshToken], [c1].[Scope], [c1].[TokenExpiresAt], [c1].[UpdatedAt], [c1].[UpdatedBy], [c1].[UserId]
        FROM [ChannelAccounts] AS [c1]
        WHERE [c1].[IsDeleted] = CAST(0 AS bit)
    ) AS [t6] ON [p3].[ChannelAccountId] = [t6].[Id]
    INNER JOIN (
        SELECT [c2].[Id], [c2].[Code], [c2].[CreatedAt], [c2].[CreatedBy], [c2].[Description], [c2].[IconUrl], [c2].[IsActive], [c2].[IsDeleted], [c2].[Name], [c2].[SortOrder], [c2].[UpdatedAt], [c2].[UpdatedBy]
        FROM [Channels] AS [c2]
        WHERE [c2].[IsDeleted] = CAST(0 AS bit)
    ) AS [t7] ON [t6].[ChannelId] = [t7].[Id]
    WHERE [p3].[IsDeleted] = CAST(0 AS bit)
) AS [t5] ON [t2].[Id] = [t5].[PostId]
LEFT JOIN (
    SELECT [p4].[Id], [p4].[CreatedAt], [p4].[CreatedBy], [p4].[HashtagId], [p4].[IsDeleted], [p4].[PostId], [p4].[UpdatedAt], [p4].[UpdatedBy], [t9].[Id] AS [Id0], [t9].[CreatedAt] AS [CreatedAt0], [t9].[CreatedBy] AS [CreatedBy0], [t9].[IsDeleted] AS [IsDeleted0], [t9].[Tag], [t9].[UpdatedAt] AS [UpdatedAt0], [t9].[UpdatedBy] AS [UpdatedBy0]
    FROM [PostHashtags] AS [p4]
    INNER JOIN (
        SELECT [h].[Id], [h].[CreatedAt], [h].[CreatedBy], [h].[IsDeleted], [h].[Tag], [h].[UpdatedAt], [h].[UpdatedBy]
        FROM [Hashtags] AS [h]
        WHERE [h].[IsDeleted] = CAST(0 AS bit)
    ) AS [t9] ON [p4].[HashtagId] = [t9].[Id]
    WHERE [p4].[IsDeleted] = CAST(0 AS bit)
) AS [t8] ON [t2].[Id] = [t8].[PostId]
ORDER BY [t2].[Id], [t2].[Id0], [t2].[Id1], [t2].[Id2], [t3].[Id], [t4].[Id], [t5].[Id], [t5].[Id0], [t5].[Id1], [t8].[Id]
2026-07-22 20:20:09.427 +07:00 [ERR] An exception occurred while iterating over the results of a query for context type 'AutoWork.Persistence.Context.ApplicationDbContext'.
Microsoft.Data.SqlClient.SqlException (0x80131904): Invalid column name 'IsDeleted'.
Invalid column name 'Id'.
Invalid column name 'CreatedAt'.
Invalid column name 'CreatedBy'.
Invalid column name 'IsDeleted'.
Invalid column name 'UpdatedAt'.
Invalid column name 'UpdatedBy'.
   at System.Threading.Tasks.ContinuationResultTaskFromResultTask`2.InnerInvoke()
   at System.Threading.ExecutionContext.RunInternal(ExecutionContext executionContext, ContextCallback callback, Object state)
--- End of stack trace from previous location ---
   at System.Threading.ExecutionContext.RunInternal(ExecutionContext executionContext, ContextCallback callback, Object state)
   at System.Threading.Tasks.Task.ExecuteWithThreadLocal(Task& currentTaskSlot, Thread threadPoolThread)
--- End of stack trace from previous location ---
   at Microsoft.EntityFrameworkCore.Storage.RelationalCommand.ExecuteReaderAsync(RelationalCommandParameterObject parameterObject, CancellationToken cancellationToken)
   at Microsoft.EntityFrameworkCore.Storage.RelationalCommand.ExecuteReaderAsync(RelationalCommandParameterObject parameterObject, CancellationToken cancellationToken)
   at Microsoft.EntityFrameworkCore.Query.Internal.SingleQueryingEnumerable`1.AsyncEnumerator.InitializeReaderAsync(AsyncEnumerator enumerator, CancellationToken cancellationToken)
   at Microsoft.EntityFrameworkCore.Storage.ExecutionStrategy.<>c__DisplayClass30_0`2.<<ExecuteAsync>b__0>d.MoveNext()
--- End of stack trace from previous location ---
   at Microsoft.EntityFrameworkCore.Storage.ExecutionStrategy.ExecuteImplementationAsync[TState,TResult](Func`4 operation, Func`4 verifySucceeded, TState state, CancellationToken cancellationToken)
   at Microsoft.EntityFrameworkCore.Storage.ExecutionStrategy.ExecuteImplementationAsync[TState,TResult](Func`4 operation, Func`4 verifySucceeded, TState state, CancellationToken cancellationToken)
   at Microsoft.EntityFrameworkCore.Storage.ExecutionStrategy.ExecuteAsync[TState,TResult](TState state, Func`4 operation, Func`4 verifySucceeded, CancellationToken cancellationToken)
   at Microsoft.EntityFrameworkCore.Query.Internal.SingleQueryingEnumerable`1.AsyncEnumerator.MoveNextAsync()
ClientConnectionId:c2b0e9ac-2a26-4e91-8a81-589aa40feaab
Error Number:207,State:1,Class:16
Microsoft.Data.SqlClient.SqlException (0x80131904): Invalid column name 'IsDeleted'.
Invalid column name 'Id'.
Invalid column name 'CreatedAt'.
Invalid column name 'CreatedBy'.
Invalid column name 'IsDeleted'.
Invalid column name 'UpdatedAt'.
Invalid column name 'UpdatedBy'.
   at System.Threading.Tasks.ContinuationResultTaskFromResultTask`2.InnerInvoke()
   at System.Threading.ExecutionContext.RunInternal(ExecutionContext executionContext, ContextCallback callback, Object state)
--- End of stack trace from previous location ---
   at System.Threading.ExecutionContext.RunInternal(ExecutionContext executionContext, ContextCallback callback, Object state)
   at System.Threading.Tasks.Task.ExecuteWithThreadLocal(Task& currentTaskSlot, Thread threadPoolThread)
--- End of stack trace from previous location ---
   at Microsoft.EntityFrameworkCore.Storage.RelationalCommand.ExecuteReaderAsync(RelationalCommandParameterObject parameterObject, CancellationToken cancellationToken)
   at Microsoft.EntityFrameworkCore.Storage.RelationalCommand.ExecuteReaderAsync(RelationalCommandParameterObject parameterObject, CancellationToken cancellationToken)
   at Microsoft.EntityFrameworkCore.Query.Internal.SingleQueryingEnumerable`1.AsyncEnumerator.InitializeReaderAsync(AsyncEnumerator enumerator, CancellationToken cancellationToken)
   at Microsoft.EntityFrameworkCore.Storage.ExecutionStrategy.<>c__DisplayClass30_0`2.<<ExecuteAsync>b__0>d.MoveNext()
--- End of stack trace from previous location ---
   at Microsoft.EntityFrameworkCore.Storage.ExecutionStrategy.ExecuteImplementationAsync[TState,TResult](Func`4 operation, Func`4 verifySucceeded, TState state, CancellationToken cancellationToken)
   at Microsoft.EntityFrameworkCore.Storage.ExecutionStrategy.ExecuteImplementationAsync[TState,TResult](Func`4 operation, Func`4 verifySucceeded, TState state, CancellationToken cancellationToken)
   at Microsoft.EntityFrameworkCore.Storage.ExecutionStrategy.ExecuteAsync[TState,TResult](TState state, Func`4 operation, Func`4 verifySucceeded, CancellationToken cancellationToken)
   at Microsoft.EntityFrameworkCore.Query.Internal.SingleQueryingEnumerable`1.AsyncEnumerator.MoveNextAsync()
ClientConnectionId:c2b0e9ac-2a26-4e91-8a81-589aa40feaab
Error Number:207,State:1,Class:16
2026-07-22 20:20:09.561 +07:00 [WRN] Failed to process the job '190': an exception occurred. Retry attempt 7 of 10 will be performed in 00:23:50.
Microsoft.Data.SqlClient.SqlException (0x80131904): Invalid column name 'IsDeleted'.
Invalid column name 'Id'.
Invalid column name 'CreatedAt'.
Invalid column name 'CreatedBy'.
Invalid column name 'IsDeleted'.
Invalid column name 'UpdatedAt'.
Invalid column name 'UpdatedBy'.
   at System.Threading.Tasks.ContinuationResultTaskFromResultTask`2.InnerInvoke()
   at System.Threading.ExecutionContext.RunInternal(ExecutionContext executionContext, ContextCallback callback, Object state)
--- End of stack trace from previous location ---
   at System.Threading.ExecutionContext.RunInternal(ExecutionContext executionContext, ContextCallback callback, Object state)
   at System.Threading.Tasks.Task.ExecuteWithThreadLocal(Task& currentTaskSlot, Thread threadPoolThread)
--- End of stack trace from previous location ---
   at Microsoft.EntityFrameworkCore.Storage.RelationalCommand.ExecuteReaderAsync(RelationalCommandParameterObject parameterObject, CancellationToken cancellationToken)
   at Microsoft.EntityFrameworkCore.Storage.RelationalCommand.ExecuteReaderAsync(RelationalCommandParameterObject parameterObject, CancellationToken cancellationToken)
   at Microsoft.EntityFrameworkCore.Query.Internal.SingleQueryingEnumerable`1.AsyncEnumerator.InitializeReaderAsync(AsyncEnumerator enumerator, CancellationToken cancellationToken)
   at Microsoft.EntityFrameworkCore.Storage.ExecutionStrategy.<>c__DisplayClass30_0`2.<<ExecuteAsync>b__0>d.MoveNext()
--- End of stack trace from previous location ---
   at Microsoft.EntityFrameworkCore.Storage.ExecutionStrategy.ExecuteImplementationAsync[TState,TResult](Func`4 operation, Func`4 verifySucceeded, TState state, CancellationToken cancellationToken)
   at Microsoft.EntityFrameworkCore.Storage.ExecutionStrategy.ExecuteImplementationAsync[TState,TResult](Func`4 operation, Func`4 verifySucceeded, TState state, CancellationToken cancellationToken)
   at Microsoft.EntityFrameworkCore.Storage.ExecutionStrategy.ExecuteAsync[TState,TResult](TState state, Func`4 operation, Func`4 verifySucceeded, CancellationToken cancellationToken)
   at Microsoft.EntityFrameworkCore.Query.Internal.SingleQueryingEnumerable`1.AsyncEnumerator.MoveNextAsync()
   at Microsoft.EntityFrameworkCore.Query.ShapedQueryCompilingExpressionVisitor.SingleOrDefaultAsync[TSource](IAsyncEnumerable`1 asyncEnumerable, CancellationToken cancellationToken)
   at Microsoft.EntityFrameworkCore.Query.ShapedQueryCompilingExpressionVisitor.SingleOrDefaultAsync[TSource](IAsyncEnumerable`1 asyncEnumerable, CancellationToken cancellationToken)
   at AutoWork.Persistence.Repositories.PostRepository.GetByIdWithDetailsAsync(Guid id, CancellationToken cancellationToken) in D:\EXE01\AIMarketingAssistant\src\AutoWork.Persistence\Repositories\PostRepository.cs:line 16
   at AutoWork.Infrastructure.Jobs.PublishPostJob.ExecuteAsync(Guid postId, CancellationToken cancellationToken) in D:\EXE01\AIMarketingAssistant\src\AutoWork.Infrastructure\Jobs\PublishPostJob.cs:line 26
   at InvokeStub_TaskAwaiter.GetResult(Object, Object, IntPtr*)
   at System.Reflection.MethodBaseInvoker.InvokeWithNoArgs(Object obj, BindingFlags invokeAttr)
ClientConnectionId:c2b0e9ac-2a26-4e91-8a81-589aa40feaab
Error Number:207,State:1,Class:16
2026-07-22 20:20:10.027 +07:00 [INF] Executed DbCommand (8ms) [Parameters=[@__before_0='?' (DbType = DateTime2)], CommandType='"Text"', CommandTimeout='30']
SELECT [p].[Id], [p].[CreatedAt], [p].[CreatedBy], [p].[ExecutedAt], [p].[FailureReason], [p].[IsDeleted], [p].[PostChannelAccountId], [p].[PostId], [p].[RetryCount], [p].[ScheduledAt], [p].[Status], [p].[UpdatedAt], [p].[UpdatedBy], [t].[Id], [t].[ChannelAccountId], [t].[CreatedAt], [t].[CreatedBy], [t].[DayNumber], [t].[ExternalPostId], [t].[IsDeleted], [t].[ProjectId], [t].[PublishedAt], [t].[PublishedUrl], [t].[ScheduledAt], [t].[Status], [t].[TimelineId], [t].[Title], [t].[TrackingEnabled], [t].[UpdatedAt], [t].[UpdatedBy], [t].[VoiceSampleId], [t0].[Id], [t0].[Content], [t0].[ContentType], [t0].[CreatedAt], [t0].[CreatedBy], [t0].[IsDeleted], [t0].[MediaFileId], [t0].[PostId], [t0].[SortOrder], [t0].[UpdatedAt], [t0].[UpdatedBy]
FROM [PostSchedules] AS [p]
INNER JOIN (
    SELECT [p0].[Id], [p0].[ChannelAccountId], [p0].[CreatedAt], [p0].[CreatedBy], [p0].[DayNumber], [p0].[ExternalPostId], [p0].[IsDeleted], [p0].[ProjectId], [p0].[PublishedAt], [p0].[PublishedUrl], [p0].[ScheduledAt], [p0].[Status], [p0].[TimelineId], [p0].[Title], [p0].[TrackingEnabled], [p0].[UpdatedAt], [p0].[UpdatedBy], [p0].[VoiceSampleId]
    FROM [Posts] AS [p0]
    WHERE [p0].[IsDeleted] = CAST(0 AS bit)
) AS [t] ON [p].[PostId] = [t].[Id]
LEFT JOIN (
    SELECT [p1].[Id], [p1].[Content], [p1].[ContentType], [p1].[CreatedAt], [p1].[CreatedBy], [p1].[IsDeleted], [p1].[MediaFileId], [p1].[PostId], [p1].[SortOrder], [p1].[UpdatedAt], [p1].[UpdatedBy]
    FROM [PostContents] AS [p1]
    WHERE [p1].[IsDeleted] = CAST(0 AS bit)
) AS [t0] ON [t].[Id] = [t0].[PostId]
WHERE [p].[IsDeleted] = CAST(0 AS bit) AND [p].[Status] = 0 AND [p].[ScheduledAt] <= @__before_0
ORDER BY [p].[ScheduledAt], [p].[Id], [t].[Id]
2026-07-22 20:21:10.118 +07:00 [INF] Executed DbCommand (7ms) [Parameters=[@__before_0='?' (DbType = DateTime2)], CommandType='"Text"', CommandTimeout='30']
SELECT [p].[Id], [p].[CreatedAt], [p].[CreatedBy], [p].[ExecutedAt], [p].[FailureReason], [p].[IsDeleted], [p].[PostChannelAccountId], [p].[PostId], [p].[RetryCount], [p].[ScheduledAt], [p].[Status], [p].[UpdatedAt], [p].[UpdatedBy], [t].[Id], [t].[ChannelAccountId], [t].[CreatedAt], [t].[CreatedBy], [t].[DayNumber], [t].[ExternalPostId], [t].[IsDeleted], [t].[ProjectId], [t].[PublishedAt], [t].[PublishedUrl], [t].[ScheduledAt], [t].[Status], [t].[TimelineId], [t].[Title], [t].[TrackingEnabled], [t].[UpdatedAt], [t].[UpdatedBy], [t].[VoiceSampleId], [t0].[Id], [t0].[Content], [t0].[ContentType], [t0].[CreatedAt], [t0].[CreatedBy], [t0].[IsDeleted], [t0].[MediaFileId], [t0].[PostId], [t0].[SortOrder], [t0].[UpdatedAt], [t0].[UpdatedBy]
FROM [PostSchedules] AS [p]
INNER JOIN (
    SELECT [p0].[Id], [p0].[ChannelAccountId], [p0].[CreatedAt], [p0].[CreatedBy], [p0].[DayNumber], [p0].[ExternalPostId], [p0].[IsDeleted], [p0].[ProjectId], [p0].[PublishedAt], [p0].[PublishedUrl], [p0].[ScheduledAt], [p0].[Status], [p0].[TimelineId], [p0].[Title], [p0].[TrackingEnabled], [p0].[UpdatedAt], [p0].[UpdatedBy], [p0].[VoiceSampleId]
    FROM [Posts] AS [p0]
    WHERE [p0].[IsDeleted] = CAST(0 AS bit)
) AS [t] ON [p].[PostId] = [t].[Id]
LEFT JOIN (
    SELECT [p1].[Id], [p1].[Content], [p1].[ContentType], [p1].[CreatedAt], [p1].[CreatedBy], [p1].[IsDeleted], [p1].[MediaFileId], [p1].[PostId], [p1].[SortOrder], [p1].[UpdatedAt], [p1].[UpdatedBy]
    FROM [PostContents] AS [p1]
    WHERE [p1].[IsDeleted] = CAST(0 AS bit)
) AS [t0] ON [t].[Id] = [t0].[PostId]
WHERE [p].[IsDeleted] = CAST(0 AS bit) AND [p].[Status] = 0 AND [p].[ScheduledAt] <= @__before_0
ORDER BY [p].[ScheduledAt], [p].[Id], [t].[Id]
2026-07-22 20:22:10.191 +07:00 [INF] Executed DbCommand (9ms) [Parameters=[@__before_0='?' (DbType = DateTime2)], CommandType='"Text"', CommandTimeout='30']
SELECT [p].[Id], [p].[CreatedAt], [p].[CreatedBy], [p].[ExecutedAt], [p].[FailureReason], [p].[IsDeleted], [p].[PostChannelAccountId], [p].[PostId], [p].[RetryCount], [p].[ScheduledAt], [p].[Status], [p].[UpdatedAt], [p].[UpdatedBy], [t].[Id], [t].[ChannelAccountId], [t].[CreatedAt], [t].[CreatedBy], [t].[DayNumber], [t].[ExternalPostId], [t].[IsDeleted], [t].[ProjectId], [t].[PublishedAt], [t].[PublishedUrl], [t].[ScheduledAt], [t].[Status], [t].[TimelineId], [t].[Title], [t].[TrackingEnabled], [t].[UpdatedAt], [t].[UpdatedBy], [t].[VoiceSampleId], [t0].[Id], [t0].[Content], [t0].[ContentType], [t0].[CreatedAt], [t0].[CreatedBy], [t0].[IsDeleted], [t0].[MediaFileId], [t0].[PostId], [t0].[SortOrder], [t0].[UpdatedAt], [t0].[UpdatedBy]
FROM [PostSchedules] AS [p]
INNER JOIN (
    SELECT [p0].[Id], [p0].[ChannelAccountId], [p0].[CreatedAt], [p0].[CreatedBy], [p0].[DayNumber], [p0].[ExternalPostId], [p0].[IsDeleted], [p0].[ProjectId], [p0].[PublishedAt], [p0].[PublishedUrl], [p0].[ScheduledAt], [p0].[Status], [p0].[TimelineId], [p0].[Title], [p0].[TrackingEnabled], [p0].[UpdatedAt], [p0].[UpdatedBy], [p0].[VoiceSampleId]
    FROM [Posts] AS [p0]
    WHERE [p0].[IsDeleted] = CAST(0 AS bit)
) AS [t] ON [p].[PostId] = [t].[Id]
LEFT JOIN (
    SELECT [p1].[Id], [p1].[Content], [p1].[ContentType], [p1].[CreatedAt], [p1].[CreatedBy], [p1].[IsDeleted], [p1].[MediaFileId], [p1].[PostId], [p1].[SortOrder], [p1].[UpdatedAt], [p1].[UpdatedBy]
    FROM [PostContents] AS [p1]
    WHERE [p1].[IsDeleted] = CAST(0 AS bit)
) AS [t0] ON [t].[Id] = [t0].[PostId]
WHERE [p].[IsDeleted] = CAST(0 AS bit) AND [p].[Status] = 0 AND [p].[ScheduledAt] <= @__before_0
ORDER BY [p].[ScheduledAt], [p].[Id], [t].[Id]
2026-07-22 20:23:10.265 +07:00 [INF] Executed DbCommand (9ms) [Parameters=[@__before_0='?' (DbType = DateTime2)], CommandType='"Text"', CommandTimeout='30']
SELECT [p].[Id], [p].[CreatedAt], [p].[CreatedBy], [p].[ExecutedAt], [p].[FailureReason], [p].[IsDeleted], [p].[PostChannelAccountId], [p].[PostId], [p].[RetryCount], [p].[ScheduledAt], [p].[Status], [p].[UpdatedAt], [p].[UpdatedBy], [t].[Id], [t].[ChannelAccountId], [t].[CreatedAt], [t].[CreatedBy], [t].[DayNumber], [t].[ExternalPostId], [t].[IsDeleted], [t].[ProjectId], [t].[PublishedAt], [t].[PublishedUrl], [t].[ScheduledAt], [t].[Status], [t].[TimelineId], [t].[Title], [t].[TrackingEnabled], [t].[UpdatedAt], [t].[UpdatedBy], [t].[VoiceSampleId], [t0].[Id], [t0].[Content], [t0].[ContentType], [t0].[CreatedAt], [t0].[CreatedBy], [t0].[IsDeleted], [t0].[MediaFileId], [t0].[PostId], [t0].[SortOrder], [t0].[UpdatedAt], [t0].[UpdatedBy]
FROM [PostSchedules] AS [p]
INNER JOIN (
    SELECT [p0].[Id], [p0].[ChannelAccountId], [p0].[CreatedAt], [p0].[CreatedBy], [p0].[DayNumber], [p0].[ExternalPostId], [p0].[IsDeleted], [p0].[ProjectId], [p0].[PublishedAt], [p0].[PublishedUrl], [p0].[ScheduledAt], [p0].[Status], [p0].[TimelineId], [p0].[Title], [p0].[TrackingEnabled], [p0].[UpdatedAt], [p0].[UpdatedBy], [p0].[VoiceSampleId]
    FROM [Posts] AS [p0]
    WHERE [p0].[IsDeleted] = CAST(0 AS bit)
) AS [t] ON [p].[PostId] = [t].[Id]
LEFT JOIN (
    SELECT [p1].[Id], [p1].[Content], [p1].[ContentType], [p1].[CreatedAt], [p1].[CreatedBy], [p1].[IsDeleted], [p1].[MediaFileId], [p1].[PostId], [p1].[SortOrder], [p1].[UpdatedAt], [p1].[UpdatedBy]
    FROM [PostContents] AS [p1]
    WHERE [p1].[IsDeleted] = CAST(0 AS bit)
) AS [t0] ON [t].[Id] = [t0].[PostId]
WHERE [p].[IsDeleted] = CAST(0 AS bit) AND [p].[Status] = 0 AND [p].[ScheduledAt] <= @__before_0
ORDER BY [p].[ScheduledAt], [p].[Id], [t].[Id]
2026-07-22 20:24:10.353 +07:00 [INF] Executed DbCommand (8ms) [Parameters=[@__before_0='?' (DbType = DateTime2)], CommandType='"Text"', CommandTimeout='30']
SELECT [p].[Id], [p].[CreatedAt], [p].[CreatedBy], [p].[ExecutedAt], [p].[FailureReason], [p].[IsDeleted], [p].[PostChannelAccountId], [p].[PostId], [p].[RetryCount], [p].[ScheduledAt], [p].[Status], [p].[UpdatedAt], [p].[UpdatedBy], [t].[Id], [t].[ChannelAccountId], [t].[CreatedAt], [t].[CreatedBy], [t].[DayNumber], [t].[ExternalPostId], [t].[IsDeleted], [t].[ProjectId], [t].[PublishedAt], [t].[PublishedUrl], [t].[ScheduledAt], [t].[Status], [t].[TimelineId], [t].[Title], [t].[TrackingEnabled], [t].[UpdatedAt], [t].[UpdatedBy], [t].[VoiceSampleId], [t0].[Id], [t0].[Content], [t0].[ContentType], [t0].[CreatedAt], [t0].[CreatedBy], [t0].[IsDeleted], [t0].[MediaFileId], [t0].[PostId], [t0].[SortOrder], [t0].[UpdatedAt], [t0].[UpdatedBy]
FROM [PostSchedules] AS [p]
INNER JOIN (
    SELECT [p0].[Id], [p0].[ChannelAccountId], [p0].[CreatedAt], [p0].[CreatedBy], [p0].[DayNumber], [p0].[ExternalPostId], [p0].[IsDeleted], [p0].[ProjectId], [p0].[PublishedAt], [p0].[PublishedUrl], [p0].[ScheduledAt], [p0].[Status], [p0].[TimelineId], [p0].[Title], [p0].[TrackingEnabled], [p0].[UpdatedAt], [p0].[UpdatedBy], [p0].[VoiceSampleId]
    FROM [Posts] AS [p0]
    WHERE [p0].[IsDeleted] = CAST(0 AS bit)
) AS [t] ON [p].[PostId] = [t].[Id]
LEFT JOIN (
    SELECT [p1].[Id], [p1].[Content], [p1].[ContentType], [p1].[CreatedAt], [p1].[CreatedBy], [p1].[IsDeleted], [p1].[MediaFileId], [p1].[PostId], [p1].[SortOrder], [p1].[UpdatedAt], [p1].[UpdatedBy]
    FROM [PostContents] AS [p1]
    WHERE [p1].[IsDeleted] = CAST(0 AS bit)
) AS [t0] ON [t].[Id] = [t0].[PostId]
WHERE [p].[IsDeleted] = CAST(0 AS bit) AND [p].[Status] = 0 AND [p].[ScheduledAt] <= @__before_0
ORDER BY [p].[ScheduledAt], [p].[Id], [t].[Id]
2026-07-22 20:25:10.447 +07:00 [INF] Executed DbCommand (8ms) [Parameters=[@__before_0='?' (DbType = DateTime2)], CommandType='"Text"', CommandTimeout='30']
SELECT [p].[Id], [p].[CreatedAt], [p].[CreatedBy], [p].[ExecutedAt], [p].[FailureReason], [p].[IsDeleted], [p].[PostChannelAccountId], [p].[PostId], [p].[RetryCount], [p].[ScheduledAt], [p].[Status], [p].[UpdatedAt], [p].[UpdatedBy], [t].[Id], [t].[ChannelAccountId], [t].[CreatedAt], [t].[CreatedBy], [t].[DayNumber], [t].[ExternalPostId], [t].[IsDeleted], [t].[ProjectId], [t].[PublishedAt], [t].[PublishedUrl], [t].[ScheduledAt], [t].[Status], [t].[TimelineId], [t].[Title], [t].[TrackingEnabled], [t].[UpdatedAt], [t].[UpdatedBy], [t].[VoiceSampleId], [t0].[Id], [t0].[Content], [t0].[ContentType], [t0].[CreatedAt], [t0].[CreatedBy], [t0].[IsDeleted], [t0].[MediaFileId], [t0].[PostId], [t0].[SortOrder], [t0].[UpdatedAt], [t0].[UpdatedBy]
FROM [PostSchedules] AS [p]
INNER JOIN (
    SELECT [p0].[Id], [p0].[ChannelAccountId], [p0].[CreatedAt], [p0].[CreatedBy], [p0].[DayNumber], [p0].[ExternalPostId], [p0].[IsDeleted], [p0].[ProjectId], [p0].[PublishedAt], [p0].[PublishedUrl], [p0].[ScheduledAt], [p0].[Status], [p0].[TimelineId], [p0].[Title], [p0].[TrackingEnabled], [p0].[UpdatedAt], [p0].[UpdatedBy], [p0].[VoiceSampleId]
    FROM [Posts] AS [p0]
    WHERE [p0].[IsDeleted] = CAST(0 AS bit)
) AS [t] ON [p].[PostId] = [t].[Id]
LEFT JOIN (
    SELECT [p1].[Id], [p1].[Content], [p1].[ContentType], [p1].[CreatedAt], [p1].[CreatedBy], [p1].[IsDeleted], [p1].[MediaFileId], [p1].[PostId], [p1].[SortOrder], [p1].[UpdatedAt], [p1].[UpdatedBy]
    FROM [PostContents] AS [p1]
    WHERE [p1].[IsDeleted] = CAST(0 AS bit)
) AS [t0] ON [t].[Id] = [t0].[PostId]
WHERE [p].[IsDeleted] = CAST(0 AS bit) AND [p].[Status] = 0 AND [p].[ScheduledAt] <= @__before_0
ORDER BY [p].[ScheduledAt], [p].[Id], [t].[Id]
2026-07-22 20:26:10.514 +07:00 [INF] Executed DbCommand (7ms) [Parameters=[@__before_0='?' (DbType = DateTime2)], CommandType='"Text"', CommandTimeout='30']
SELECT [p].[Id], [p].[CreatedAt], [p].[CreatedBy], [p].[ExecutedAt], [p].[FailureReason], [p].[IsDeleted], [p].[PostChannelAccountId], [p].[PostId], [p].[RetryCount], [p].[ScheduledAt], [p].[Status], [p].[UpdatedAt], [p].[UpdatedBy], [t].[Id], [t].[ChannelAccountId], [t].[CreatedAt], [t].[CreatedBy], [t].[DayNumber], [t].[ExternalPostId], [t].[IsDeleted], [t].[ProjectId], [t].[PublishedAt], [t].[PublishedUrl], [t].[ScheduledAt], [t].[Status], [t].[TimelineId], [t].[Title], [t].[TrackingEnabled], [t].[UpdatedAt], [t].[UpdatedBy], [t].[VoiceSampleId], [t0].[Id], [t0].[Content], [t0].[ContentType], [t0].[CreatedAt], [t0].[CreatedBy], [t0].[IsDeleted], [t0].[MediaFileId], [t0].[PostId], [t0].[SortOrder], [t0].[UpdatedAt], [t0].[UpdatedBy]
FROM [PostSchedules] AS [p]
INNER JOIN (
    SELECT [p0].[Id], [p0].[ChannelAccountId], [p0].[CreatedAt], [p0].[CreatedBy], [p0].[DayNumber], [p0].[ExternalPostId], [p0].[IsDeleted], [p0].[ProjectId], [p0].[PublishedAt], [p0].[PublishedUrl], [p0].[ScheduledAt], [p0].[Status], [p0].[TimelineId], [p0].[Title], [p0].[TrackingEnabled], [p0].[UpdatedAt], [p0].[UpdatedBy], [p0].[VoiceSampleId]
    FROM [Posts] AS [p0]
    WHERE [p0].[IsDeleted] = CAST(0 AS bit)
) AS [t] ON [p].[PostId] = [t].[Id]
LEFT JOIN (
    SELECT [p1].[Id], [p1].[Content], [p1].[ContentType], [p1].[CreatedAt], [p1].[CreatedBy], [p1].[IsDeleted], [p1].[MediaFileId], [p1].[PostId], [p1].[SortOrder], [p1].[UpdatedAt], [p1].[UpdatedBy]
    FROM [PostContents] AS [p1]
    WHERE [p1].[IsDeleted] = CAST(0 AS bit)
) AS [t0] ON [t].[Id] = [t0].[PostId]
WHERE [p].[IsDeleted] = CAST(0 AS bit) AND [p].[Status] = 0 AND [p].[ScheduledAt] <= @__before_0
ORDER BY [p].[ScheduledAt], [p].[Id], [t].[Id]
2026-07-22 20:27:10.603 +07:00 [INF] Executed DbCommand (9ms) [Parameters=[@__before_0='?' (DbType = DateTime2)], CommandType='"Text"', CommandTimeout='30']
SELECT [p].[Id], [p].[CreatedAt], [p].[CreatedBy], [p].[ExecutedAt], [p].[FailureReason], [p].[IsDeleted], [p].[PostChannelAccountId], [p].[PostId], [p].[RetryCount], [p].[ScheduledAt], [p].[Status], [p].[UpdatedAt], [p].[UpdatedBy], [t].[Id], [t].[ChannelAccountId], [t].[CreatedAt], [t].[CreatedBy], [t].[DayNumber], [t].[ExternalPostId], [t].[IsDeleted], [t].[ProjectId], [t].[PublishedAt], [t].[PublishedUrl], [t].[ScheduledAt], [t].[Status], [t].[TimelineId], [t].[Title], [t].[TrackingEnabled], [t].[UpdatedAt], [t].[UpdatedBy], [t].[VoiceSampleId], [t0].[Id], [t0].[Content], [t0].[ContentType], [t0].[CreatedAt], [t0].[CreatedBy], [t0].[IsDeleted], [t0].[MediaFileId], [t0].[PostId], [t0].[SortOrder], [t0].[UpdatedAt], [t0].[UpdatedBy]
FROM [PostSchedules] AS [p]
INNER JOIN (
    SELECT [p0].[Id], [p0].[ChannelAccountId], [p0].[CreatedAt], [p0].[CreatedBy], [p0].[DayNumber], [p0].[ExternalPostId], [p0].[IsDeleted], [p0].[ProjectId], [p0].[PublishedAt], [p0].[PublishedUrl], [p0].[ScheduledAt], [p0].[Status], [p0].[TimelineId], [p0].[Title], [p0].[TrackingEnabled], [p0].[UpdatedAt], [p0].[UpdatedBy], [p0].[VoiceSampleId]
    FROM [Posts] AS [p0]
    WHERE [p0].[IsDeleted] = CAST(0 AS bit)
) AS [t] ON [p].[PostId] = [t].[Id]
LEFT JOIN (
    SELECT [p1].[Id], [p1].[Content], [p1].[ContentType], [p1].[CreatedAt], [p1].[CreatedBy], [p1].[IsDeleted], [p1].[MediaFileId], [p1].[PostId], [p1].[SortOrder], [p1].[UpdatedAt], [p1].[UpdatedBy]
    FROM [PostContents] AS [p1]
    WHERE [p1].[IsDeleted] = CAST(0 AS bit)
) AS [t0] ON [t].[Id] = [t0].[PostId]
WHERE [p].[IsDeleted] = CAST(0 AS bit) AND [p].[Status] = 0 AND [p].[ScheduledAt] <= @__before_0
ORDER BY [p].[ScheduledAt], [p].[Id], [t].[Id]
2026-07-22 20:28:10.700 +07:00 [INF] Executed DbCommand (10ms) [Parameters=[@__before_0='?' (DbType = DateTime2)], CommandType='"Text"', CommandTimeout='30']
SELECT [p].[Id], [p].[CreatedAt], [p].[CreatedBy], [p].[ExecutedAt], [p].[FailureReason], [p].[IsDeleted], [p].[PostChannelAccountId], [p].[PostId], [p].[RetryCount], [p].[ScheduledAt], [p].[Status], [p].[UpdatedAt], [p].[UpdatedBy], [t].[Id], [t].[ChannelAccountId], [t].[CreatedAt], [t].[CreatedBy], [t].[DayNumber], [t].[ExternalPostId], [t].[IsDeleted], [t].[ProjectId], [t].[PublishedAt], [t].[PublishedUrl], [t].[ScheduledAt], [t].[Status], [t].[TimelineId], [t].[Title], [t].[TrackingEnabled], [t].[UpdatedAt], [t].[UpdatedBy], [t].[VoiceSampleId], [t0].[Id], [t0].[Content], [t0].[ContentType], [t0].[CreatedAt], [t0].[CreatedBy], [t0].[IsDeleted], [t0].[MediaFileId], [t0].[PostId], [t0].[SortOrder], [t0].[UpdatedAt], [t0].[UpdatedBy]
FROM [PostSchedules] AS [p]
INNER JOIN (
    SELECT [p0].[Id], [p0].[ChannelAccountId], [p0].[CreatedAt], [p0].[CreatedBy], [p0].[DayNumber], [p0].[ExternalPostId], [p0].[IsDeleted], [p0].[ProjectId], [p0].[PublishedAt], [p0].[PublishedUrl], [p0].[ScheduledAt], [p0].[Status], [p0].[TimelineId], [p0].[Title], [p0].[TrackingEnabled], [p0].[UpdatedAt], [p0].[UpdatedBy], [p0].[VoiceSampleId]
    FROM [Posts] AS [p0]
    WHERE [p0].[IsDeleted] = CAST(0 AS bit)
) AS [t] ON [p].[PostId] = [t].[Id]
LEFT JOIN (
    SELECT [p1].[Id], [p1].[Content], [p1].[ContentType], [p1].[CreatedAt], [p1].[CreatedBy], [p1].[IsDeleted], [p1].[MediaFileId], [p1].[PostId], [p1].[SortOrder], [p1].[UpdatedAt], [p1].[UpdatedBy]
    FROM [PostContents] AS [p1]
    WHERE [p1].[IsDeleted] = CAST(0 AS bit)
) AS [t0] ON [t].[Id] = [t0].[PostId]
WHERE [p].[IsDeleted] = CAST(0 AS bit) AND [p].[Status] = 0 AND [p].[ScheduledAt] <= @__before_0
ORDER BY [p].[ScheduledAt], [p].[Id], [t].[Id]
2026-07-22 20:29:10.779 +07:00 [INF] Executed DbCommand (9ms) [Parameters=[@__before_0='?' (DbType = DateTime2)], CommandType='"Text"', CommandTimeout='30']
SELECT [p].[Id], [p].[CreatedAt], [p].[CreatedBy], [p].[ExecutedAt], [p].[FailureReason], [p].[IsDeleted], [p].[PostChannelAccountId], [p].[PostId], [p].[RetryCount], [p].[ScheduledAt], [p].[Status], [p].[UpdatedAt], [p].[UpdatedBy], [t].[Id], [t].[ChannelAccountId], [t].[CreatedAt], [t].[CreatedBy], [t].[DayNumber], [t].[ExternalPostId], [t].[IsDeleted], [t].[ProjectId], [t].[PublishedAt], [t].[PublishedUrl], [t].[ScheduledAt], [t].[Status], [t].[TimelineId], [t].[Title], [t].[TrackingEnabled], [t].[UpdatedAt], [t].[UpdatedBy], [t].[VoiceSampleId], [t0].[Id], [t0].[Content], [t0].[ContentType], [t0].[CreatedAt], [t0].[CreatedBy], [t0].[IsDeleted], [t0].[MediaFileId], [t0].[PostId], [t0].[SortOrder], [t0].[UpdatedAt], [t0].[UpdatedBy]
FROM [PostSchedules] AS [p]
INNER JOIN (
    SELECT [p0].[Id], [p0].[ChannelAccountId], [p0].[CreatedAt], [p0].[CreatedBy], [p0].[DayNumber], [p0].[ExternalPostId], [p0].[IsDeleted], [p0].[ProjectId], [p0].[PublishedAt], [p0].[PublishedUrl], [p0].[ScheduledAt], [p0].[Status], [p0].[TimelineId], [p0].[Title], [p0].[TrackingEnabled], [p0].[UpdatedAt], [p0].[UpdatedBy], [p0].[VoiceSampleId]
    FROM [Posts] AS [p0]
    WHERE [p0].[IsDeleted] = CAST(0 AS bit)
) AS [t] ON [p].[PostId] = [t].[Id]
LEFT JOIN (
    SELECT [p1].[Id], [p1].[Content], [p1].[ContentType], [p1].[CreatedAt], [p1].[CreatedBy], [p1].[IsDeleted], [p1].[MediaFileId], [p1].[PostId], [p1].[SortOrder], [p1].[UpdatedAt], [p1].[UpdatedBy]
    FROM [PostContents] AS [p1]
    WHERE [p1].[IsDeleted] = CAST(0 AS bit)
) AS [t0] ON [t].[Id] = [t0].[PostId]
WHERE [p].[IsDeleted] = CAST(0 AS bit) AND [p].[Status] = 0 AND [p].[ScheduledAt] <= @__before_0
ORDER BY [p].[ScheduledAt], [p].[Id], [t].[Id]
2026-07-22 20:30:10.929 +07:00 [INF] Executed DbCommand (17ms) [Parameters=[@__before_0='?' (DbType = DateTime2)], CommandType='"Text"', CommandTimeout='30']
SELECT [p].[Id], [p].[CreatedAt], [p].[CreatedBy], [p].[ExecutedAt], [p].[FailureReason], [p].[IsDeleted], [p].[PostChannelAccountId], [p].[PostId], [p].[RetryCount], [p].[ScheduledAt], [p].[Status], [p].[UpdatedAt], [p].[UpdatedBy], [t].[Id], [t].[ChannelAccountId], [t].[CreatedAt], [t].[CreatedBy], [t].[DayNumber], [t].[ExternalPostId], [t].[IsDeleted], [t].[ProjectId], [t].[PublishedAt], [t].[PublishedUrl], [t].[ScheduledAt], [t].[Status], [t].[TimelineId], [t].[Title], [t].[TrackingEnabled], [t].[UpdatedAt], [t].[UpdatedBy], [t].[VoiceSampleId], [t0].[Id], [t0].[Content], [t0].[ContentType], [t0].[CreatedAt], [t0].[CreatedBy], [t0].[IsDeleted], [t0].[MediaFileId], [t0].[PostId], [t0].[SortOrder], [t0].[UpdatedAt], [t0].[UpdatedBy]
FROM [PostSchedules] AS [p]
INNER JOIN (
    SELECT [p0].[Id], [p0].[ChannelAccountId], [p0].[CreatedAt], [p0].[CreatedBy], [p0].[DayNumber], [p0].[ExternalPostId], [p0].[IsDeleted], [p0].[ProjectId], [p0].[PublishedAt], [p0].[PublishedUrl], [p0].[ScheduledAt], [p0].[Status], [p0].[TimelineId], [p0].[Title], [p0].[TrackingEnabled], [p0].[UpdatedAt], [p0].[UpdatedBy], [p0].[VoiceSampleId]
    FROM [Posts] AS [p0]
    WHERE [p0].[IsDeleted] = CAST(0 AS bit)
) AS [t] ON [p].[PostId] = [t].[Id]
LEFT JOIN (
    SELECT [p1].[Id], [p1].[Content], [p1].[ContentType], [p1].[CreatedAt], [p1].[CreatedBy], [p1].[IsDeleted], [p1].[MediaFileId], [p1].[PostId], [p1].[SortOrder], [p1].[UpdatedAt], [p1].[UpdatedBy]
    FROM [PostContents] AS [p1]
    WHERE [p1].[IsDeleted] = CAST(0 AS bit)
) AS [t0] ON [t].[Id] = [t0].[PostId]
WHERE [p].[IsDeleted] = CAST(0 AS bit) AND [p].[Status] = 0 AND [p].[ScheduledAt] <= @__before_0
ORDER BY [p].[ScheduledAt], [p].[Id], [t].[Id]
2026-07-22 20:31:11.026 +07:00 [INF] Executed DbCommand (10ms) [Parameters=[@__before_0='?' (DbType = DateTime2)], CommandType='"Text"', CommandTimeout='30']
SELECT [p].[Id], [p].[CreatedAt], [p].[CreatedBy], [p].[ExecutedAt], [p].[FailureReason], [p].[IsDeleted], [p].[PostChannelAccountId], [p].[PostId], [p].[RetryCount], [p].[ScheduledAt], [p].[Status], [p].[UpdatedAt], [p].[UpdatedBy], [t].[Id], [t].[ChannelAccountId], [t].[CreatedAt], [t].[CreatedBy], [t].[DayNumber], [t].[ExternalPostId], [t].[IsDeleted], [t].[ProjectId], [t].[PublishedAt], [t].[PublishedUrl], [t].[ScheduledAt], [t].[Status], [t].[TimelineId], [t].[Title], [t].[TrackingEnabled], [t].[UpdatedAt], [t].[UpdatedBy], [t].[VoiceSampleId], [t0].[Id], [t0].[Content], [t0].[ContentType], [t0].[CreatedAt], [t0].[CreatedBy], [t0].[IsDeleted], [t0].[MediaFileId], [t0].[PostId], [t0].[SortOrder], [t0].[UpdatedAt], [t0].[UpdatedBy]
FROM [PostSchedules] AS [p]
INNER JOIN (
    SELECT [p0].[Id], [p0].[ChannelAccountId], [p0].[CreatedAt], [p0].[CreatedBy], [p0].[DayNumber], [p0].[ExternalPostId], [p0].[IsDeleted], [p0].[ProjectId], [p0].[PublishedAt], [p0].[PublishedUrl], [p0].[ScheduledAt], [p0].[Status], [p0].[TimelineId], [p0].[Title], [p0].[TrackingEnabled], [p0].[UpdatedAt], [p0].[UpdatedBy], [p0].[VoiceSampleId]
    FROM [Posts] AS [p0]
    WHERE [p0].[IsDeleted] = CAST(0 AS bit)
) AS [t] ON [p].[PostId] = [t].[Id]
LEFT JOIN (
    SELECT [p1].[Id], [p1].[Content], [p1].[ContentType], [p1].[CreatedAt], [p1].[CreatedBy], [p1].[IsDeleted], [p1].[MediaFileId], [p1].[PostId], [p1].[SortOrder], [p1].[UpdatedAt], [p1].[UpdatedBy]
    FROM [PostContents] AS [p1]
    WHERE [p1].[IsDeleted] = CAST(0 AS bit)
) AS [t0] ON [t].[Id] = [t0].[PostId]
WHERE [p].[IsDeleted] = CAST(0 AS bit) AND [p].[Status] = 0 AND [p].[ScheduledAt] <= @__before_0
ORDER BY [p].[ScheduledAt], [p].[Id], [t].[Id]
2026-07-22 20:32:11.118 +07:00 [INF] Executed DbCommand (10ms) [Parameters=[@__before_0='?' (DbType = DateTime2)], CommandType='"Text"', CommandTimeout='30']
SELECT [p].[Id], [p].[CreatedAt], [p].[CreatedBy], [p].[ExecutedAt], [p].[FailureReason], [p].[IsDeleted], [p].[PostChannelAccountId], [p].[PostId], [p].[RetryCount], [p].[ScheduledAt], [p].[Status], [p].[UpdatedAt], [p].[UpdatedBy], [t].[Id], [t].[ChannelAccountId], [t].[CreatedAt], [t].[CreatedBy], [t].[DayNumber], [t].[ExternalPostId], [t].[IsDeleted], [t].[ProjectId], [t].[PublishedAt], [t].[PublishedUrl], [t].[ScheduledAt], [t].[Status], [t].[TimelineId], [t].[Title], [t].[TrackingEnabled], [t].[UpdatedAt], [t].[UpdatedBy], [t].[VoiceSampleId], [t0].[Id], [t0].[Content], [t0].[ContentType], [t0].[CreatedAt], [t0].[CreatedBy], [t0].[IsDeleted], [t0].[MediaFileId], [t0].[PostId], [t0].[SortOrder], [t0].[UpdatedAt], [t0].[UpdatedBy]
FROM [PostSchedules] AS [p]
INNER JOIN (
    SELECT [p0].[Id], [p0].[ChannelAccountId], [p0].[CreatedAt], [p0].[CreatedBy], [p0].[DayNumber], [p0].[ExternalPostId], [p0].[IsDeleted], [p0].[ProjectId], [p0].[PublishedAt], [p0].[PublishedUrl], [p0].[ScheduledAt], [p0].[Status], [p0].[TimelineId], [p0].[Title], [p0].[TrackingEnabled], [p0].[UpdatedAt], [p0].[UpdatedBy], [p0].[VoiceSampleId]
    FROM [Posts] AS [p0]
    WHERE [p0].[IsDeleted] = CAST(0 AS bit)
) AS [t] ON [p].[PostId] = [t].[Id]
LEFT JOIN (
    SELECT [p1].[Id], [p1].[Content], [p1].[ContentType], [p1].[CreatedAt], [p1].[CreatedBy], [p1].[IsDeleted], [p1].[MediaFileId], [p1].[PostId], [p1].[SortOrder], [p1].[UpdatedAt], [p1].[UpdatedBy]
    FROM [PostContents] AS [p1]
    WHERE [p1].[IsDeleted] = CAST(0 AS bit)
) AS [t0] ON [t].[Id] = [t0].[PostId]
WHERE [p].[IsDeleted] = CAST(0 AS bit) AND [p].[Status] = 0 AND [p].[ScheduledAt] <= @__before_0
ORDER BY [p].[ScheduledAt], [p].[Id], [t].[Id]
2026-07-22 20:33:11.213 +07:00 [INF] Executed DbCommand (9ms) [Parameters=[@__before_0='?' (DbType = DateTime2)], CommandType='"Text"', CommandTimeout='30']
SELECT [p].[Id], [p].[CreatedAt], [p].[CreatedBy], [p].[ExecutedAt], [p].[FailureReason], [p].[IsDeleted], [p].[PostChannelAccountId], [p].[PostId], [p].[RetryCount], [p].[ScheduledAt], [p].[Status], [p].[UpdatedAt], [p].[UpdatedBy], [t].[Id], [t].[ChannelAccountId], [t].[CreatedAt], [t].[CreatedBy], [t].[DayNumber], [t].[ExternalPostId], [t].[IsDeleted], [t].[ProjectId], [t].[PublishedAt], [t].[PublishedUrl], [t].[ScheduledAt], [t].[Status], [t].[TimelineId], [t].[Title], [t].[TrackingEnabled], [t].[UpdatedAt], [t].[UpdatedBy], [t].[VoiceSampleId], [t0].[Id], [t0].[Content], [t0].[ContentType], [t0].[CreatedAt], [t0].[CreatedBy], [t0].[IsDeleted], [t0].[MediaFileId], [t0].[PostId], [t0].[SortOrder], [t0].[UpdatedAt], [t0].[UpdatedBy]
FROM [PostSchedules] AS [p]
INNER JOIN (
    SELECT [p0].[Id], [p0].[ChannelAccountId], [p0].[CreatedAt], [p0].[CreatedBy], [p0].[DayNumber], [p0].[ExternalPostId], [p0].[IsDeleted], [p0].[ProjectId], [p0].[PublishedAt], [p0].[PublishedUrl], [p0].[ScheduledAt], [p0].[Status], [p0].[TimelineId], [p0].[Title], [p0].[TrackingEnabled], [p0].[UpdatedAt], [p0].[UpdatedBy], [p0].[VoiceSampleId]
    FROM [Posts] AS [p0]
    WHERE [p0].[IsDeleted] = CAST(0 AS bit)
) AS [t] ON [p].[PostId] = [t].[Id]
LEFT JOIN (
    SELECT [p1].[Id], [p1].[Content], [p1].[ContentType], [p1].[CreatedAt], [p1].[CreatedBy], [p1].[IsDeleted], [p1].[MediaFileId], [p1].[PostId], [p1].[SortOrder], [p1].[UpdatedAt], [p1].[UpdatedBy]
    FROM [PostContents] AS [p1]
    WHERE [p1].[IsDeleted] = CAST(0 AS bit)
) AS [t0] ON [t].[Id] = [t0].[PostId]
WHERE [p].[IsDeleted] = CAST(0 AS bit) AND [p].[Status] = 0 AND [p].[ScheduledAt] <= @__before_0
ORDER BY [p].[ScheduledAt], [p].[Id], [t].[Id]
2026-07-22 20:34:11.332 +07:00 [INF] Executed DbCommand (16ms) [Parameters=[@__before_0='?' (DbType = DateTime2)], CommandType='"Text"', CommandTimeout='30']
SELECT [p].[Id], [p].[CreatedAt], [p].[CreatedBy], [p].[ExecutedAt], [p].[FailureReason], [p].[IsDeleted], [p].[PostChannelAccountId], [p].[PostId], [p].[RetryCount], [p].[ScheduledAt], [p].[Status], [p].[UpdatedAt], [p].[UpdatedBy], [t].[Id], [t].[ChannelAccountId], [t].[CreatedAt], [t].[CreatedBy], [t].[DayNumber], [t].[ExternalPostId], [t].[IsDeleted], [t].[ProjectId], [t].[PublishedAt], [t].[PublishedUrl], [t].[ScheduledAt], [t].[Status], [t].[TimelineId], [t].[Title], [t].[TrackingEnabled], [t].[UpdatedAt], [t].[UpdatedBy], [t].[VoiceSampleId], [t0].[Id], [t0].[Content], [t0].[ContentType], [t0].[CreatedAt], [t0].[CreatedBy], [t0].[IsDeleted], [t0].[MediaFileId], [t0].[PostId], [t0].[SortOrder], [t0].[UpdatedAt], [t0].[UpdatedBy]
FROM [PostSchedules] AS [p]
INNER JOIN (
    SELECT [p0].[Id], [p0].[ChannelAccountId], [p0].[CreatedAt], [p0].[CreatedBy], [p0].[DayNumber], [p0].[ExternalPostId], [p0].[IsDeleted], [p0].[ProjectId], [p0].[PublishedAt], [p0].[PublishedUrl], [p0].[ScheduledAt], [p0].[Status], [p0].[TimelineId], [p0].[Title], [p0].[TrackingEnabled], [p0].[UpdatedAt], [p0].[UpdatedBy], [p0].[VoiceSampleId]
    FROM [Posts] AS [p0]
    WHERE [p0].[IsDeleted] = CAST(0 AS bit)
) AS [t] ON [p].[PostId] = [t].[Id]
LEFT JOIN (
    SELECT [p1].[Id], [p1].[Content], [p1].[ContentType], [p1].[CreatedAt], [p1].[CreatedBy], [p1].[IsDeleted], [p1].[MediaFileId], [p1].[PostId], [p1].[SortOrder], [p1].[UpdatedAt], [p1].[UpdatedBy]
    FROM [PostContents] AS [p1]
    WHERE [p1].[IsDeleted] = CAST(0 AS bit)
) AS [t0] ON [t].[Id] = [t0].[PostId]
WHERE [p].[IsDeleted] = CAST(0 AS bit) AND [p].[Status] = 0 AND [p].[ScheduledAt] <= @__before_0
ORDER BY [p].[ScheduledAt], [p].[Id], [t].[Id]
2026-07-22 20:35:11.460 +07:00 [INF] Executed DbCommand (16ms) [Parameters=[@__before_0='?' (DbType = DateTime2)], CommandType='"Text"', CommandTimeout='30']
SELECT [p].[Id], [p].[CreatedAt], [p].[CreatedBy], [p].[ExecutedAt], [p].[FailureReason], [p].[IsDeleted], [p].[PostChannelAccountId], [p].[PostId], [p].[RetryCount], [p].[ScheduledAt], [p].[Status], [p].[UpdatedAt], [p].[UpdatedBy], [t].[Id], [t].[ChannelAccountId], [t].[CreatedAt], [t].[CreatedBy], [t].[DayNumber], [t].[ExternalPostId], [t].[IsDeleted], [t].[ProjectId], [t].[PublishedAt], [t].[PublishedUrl], [t].[ScheduledAt], [t].[Status], [t].[TimelineId], [t].[Title], [t].[TrackingEnabled], [t].[UpdatedAt], [t].[UpdatedBy], [t].[VoiceSampleId], [t0].[Id], [t0].[Content], [t0].[ContentType], [t0].[CreatedAt], [t0].[CreatedBy], [t0].[IsDeleted], [t0].[MediaFileId], [t0].[PostId], [t0].[SortOrder], [t0].[UpdatedAt], [t0].[UpdatedBy]
FROM [PostSchedules] AS [p]
INNER JOIN (
    SELECT [p0].[Id], [p0].[ChannelAccountId], [p0].[CreatedAt], [p0].[CreatedBy], [p0].[DayNumber], [p0].[ExternalPostId], [p0].[IsDeleted], [p0].[ProjectId], [p0].[PublishedAt], [p0].[PublishedUrl], [p0].[ScheduledAt], [p0].[Status], [p0].[TimelineId], [p0].[Title], [p0].[TrackingEnabled], [p0].[UpdatedAt], [p0].[UpdatedBy], [p0].[VoiceSampleId]
    FROM [Posts] AS [p0]
    WHERE [p0].[IsDeleted] = CAST(0 AS bit)
) AS [t] ON [p].[PostId] = [t].[Id]
LEFT JOIN (
    SELECT [p1].[Id], [p1].[Content], [p1].[ContentType], [p1].[CreatedAt], [p1].[CreatedBy], [p1].[IsDeleted], [p1].[MediaFileId], [p1].[PostId], [p1].[SortOrder], [p1].[UpdatedAt], [p1].[UpdatedBy]
    FROM [PostContents] AS [p1]
    WHERE [p1].[IsDeleted] = CAST(0 AS bit)
) AS [t0] ON [t].[Id] = [t0].[PostId]
WHERE [p].[IsDeleted] = CAST(0 AS bit) AND [p].[Status] = 0 AND [p].[ScheduledAt] <= @__before_0
ORDER BY [p].[ScheduledAt], [p].[Id], [t].[Id]
2026-07-22 20:36:11.557 +07:00 [INF] Executed DbCommand (8ms) [Parameters=[@__before_0='?' (DbType = DateTime2)], CommandType='"Text"', CommandTimeout='30']
SELECT [p].[Id], [p].[CreatedAt], [p].[CreatedBy], [p].[ExecutedAt], [p].[FailureReason], [p].[IsDeleted], [p].[PostChannelAccountId], [p].[PostId], [p].[RetryCount], [p].[ScheduledAt], [p].[Status], [p].[UpdatedAt], [p].[UpdatedBy], [t].[Id], [t].[ChannelAccountId], [t].[CreatedAt], [t].[CreatedBy], [t].[DayNumber], [t].[ExternalPostId], [t].[IsDeleted], [t].[ProjectId], [t].[PublishedAt], [t].[PublishedUrl], [t].[ScheduledAt], [t].[Status], [t].[TimelineId], [t].[Title], [t].[TrackingEnabled], [t].[UpdatedAt], [t].[UpdatedBy], [t].[VoiceSampleId], [t0].[Id], [t0].[Content], [t0].[ContentType], [t0].[CreatedAt], [t0].[CreatedBy], [t0].[IsDeleted], [t0].[MediaFileId], [t0].[PostId], [t0].[SortOrder], [t0].[UpdatedAt], [t0].[UpdatedBy]
FROM [PostSchedules] AS [p]
INNER JOIN (
    SELECT [p0].[Id], [p0].[ChannelAccountId], [p0].[CreatedAt], [p0].[CreatedBy], [p0].[DayNumber], [p0].[ExternalPostId], [p0].[IsDeleted], [p0].[ProjectId], [p0].[PublishedAt], [p0].[PublishedUrl], [p0].[ScheduledAt], [p0].[Status], [p0].[TimelineId], [p0].[Title], [p0].[TrackingEnabled], [p0].[UpdatedAt], [p0].[UpdatedBy], [p0].[VoiceSampleId]
    FROM [Posts] AS [p0]
    WHERE [p0].[IsDeleted] = CAST(0 AS bit)
) AS [t] ON [p].[PostId] = [t].[Id]
LEFT JOIN (
    SELECT [p1].[Id], [p1].[Content], [p1].[ContentType], [p1].[CreatedAt], [p1].[CreatedBy], [p1].[IsDeleted], [p1].[MediaFileId], [p1].[PostId], [p1].[SortOrder], [p1].[UpdatedAt], [p1].[UpdatedBy]
    FROM [PostContents] AS [p1]
    WHERE [p1].[IsDeleted] = CAST(0 AS bit)
) AS [t0] ON [t].[Id] = [t0].[PostId]
WHERE [p].[IsDeleted] = CAST(0 AS bit) AND [p].[Status] = 0 AND [p].[ScheduledAt] <= @__before_0
ORDER BY [p].[ScheduledAt], [p].[Id], [t].[Id]
2026-07-22 20:37:11.635 +07:00 [INF] Executed DbCommand (8ms) [Parameters=[@__before_0='?' (DbType = DateTime2)], CommandType='"Text"', CommandTimeout='30']
SELECT [p].[Id], [p].[CreatedAt], [p].[CreatedBy], [p].[ExecutedAt], [p].[FailureReason], [p].[IsDeleted], [p].[PostChannelAccountId], [p].[PostId], [p].[RetryCount], [p].[ScheduledAt], [p].[Status], [p].[UpdatedAt], [p].[UpdatedBy], [t].[Id], [t].[ChannelAccountId], [t].[CreatedAt], [t].[CreatedBy], [t].[DayNumber], [t].[ExternalPostId], [t].[IsDeleted], [t].[ProjectId], [t].[PublishedAt], [t].[PublishedUrl], [t].[ScheduledAt], [t].[Status], [t].[TimelineId], [t].[Title], [t].[TrackingEnabled], [t].[UpdatedAt], [t].[UpdatedBy], [t].[VoiceSampleId], [t0].[Id], [t0].[Content], [t0].[ContentType], [t0].[CreatedAt], [t0].[CreatedBy], [t0].[IsDeleted], [t0].[MediaFileId], [t0].[PostId], [t0].[SortOrder], [t0].[UpdatedAt], [t0].[UpdatedBy]
FROM [PostSchedules] AS [p]
INNER JOIN (
    SELECT [p0].[Id], [p0].[ChannelAccountId], [p0].[CreatedAt], [p0].[CreatedBy], [p0].[DayNumber], [p0].[ExternalPostId], [p0].[IsDeleted], [p0].[ProjectId], [p0].[PublishedAt], [p0].[PublishedUrl], [p0].[ScheduledAt], [p0].[Status], [p0].[TimelineId], [p0].[Title], [p0].[TrackingEnabled], [p0].[UpdatedAt], [p0].[UpdatedBy], [p0].[VoiceSampleId]
    FROM [Posts] AS [p0]
    WHERE [p0].[IsDeleted] = CAST(0 AS bit)
) AS [t] ON [p].[PostId] = [t].[Id]
LEFT JOIN (
    SELECT [p1].[Id], [p1].[Content], [p1].[ContentType], [p1].[CreatedAt], [p1].[CreatedBy], [p1].[IsDeleted], [p1].[MediaFileId], [p1].[PostId], [p1].[SortOrder], [p1].[UpdatedAt], [p1].[UpdatedBy]
    FROM [PostContents] AS [p1]
    WHERE [p1].[IsDeleted] = CAST(0 AS bit)
) AS [t0] ON [t].[Id] = [t0].[PostId]
WHERE [p].[IsDeleted] = CAST(0 AS bit) AND [p].[Status] = 0 AND [p].[ScheduledAt] <= @__before_0
ORDER BY [p].[ScheduledAt], [p].[Id], [t].[Id]
2026-07-22 20:38:11.737 +07:00 [INF] Executed DbCommand (9ms) [Parameters=[@__before_0='?' (DbType = DateTime2)], CommandType='"Text"', CommandTimeout='30']
SELECT [p].[Id], [p].[CreatedAt], [p].[CreatedBy], [p].[ExecutedAt], [p].[FailureReason], [p].[IsDeleted], [p].[PostChannelAccountId], [p].[PostId], [p].[RetryCount], [p].[ScheduledAt], [p].[Status], [p].[UpdatedAt], [p].[UpdatedBy], [t].[Id], [t].[ChannelAccountId], [t].[CreatedAt], [t].[CreatedBy], [t].[DayNumber], [t].[ExternalPostId], [t].[IsDeleted], [t].[ProjectId], [t].[PublishedAt], [t].[PublishedUrl], [t].[ScheduledAt], [t].[Status], [t].[TimelineId], [t].[Title], [t].[TrackingEnabled], [t].[UpdatedAt], [t].[UpdatedBy], [t].[VoiceSampleId], [t0].[Id], [t0].[Content], [t0].[ContentType], [t0].[CreatedAt], [t0].[CreatedBy], [t0].[IsDeleted], [t0].[MediaFileId], [t0].[PostId], [t0].[SortOrder], [t0].[UpdatedAt], [t0].[UpdatedBy]
FROM [PostSchedules] AS [p]
INNER JOIN (
    SELECT [p0].[Id], [p0].[ChannelAccountId], [p0].[CreatedAt], [p0].[CreatedBy], [p0].[DayNumber], [p0].[ExternalPostId], [p0].[IsDeleted], [p0].[ProjectId], [p0].[PublishedAt], [p0].[PublishedUrl], [p0].[ScheduledAt], [p0].[Status], [p0].[TimelineId], [p0].[Title], [p0].[TrackingEnabled], [p0].[UpdatedAt], [p0].[UpdatedBy], [p0].[VoiceSampleId]
    FROM [Posts] AS [p0]
    WHERE [p0].[IsDeleted] = CAST(0 AS bit)
) AS [t] ON [p].[PostId] = [t].[Id]
LEFT JOIN (
    SELECT [p1].[Id], [p1].[Content], [p1].[ContentType], [p1].[CreatedAt], [p1].[CreatedBy], [p1].[IsDeleted], [p1].[MediaFileId], [p1].[PostId], [p1].[SortOrder], [p1].[UpdatedAt], [p1].[UpdatedBy]
    FROM [PostContents] AS [p1]
    WHERE [p1].[IsDeleted] = CAST(0 AS bit)
) AS [t0] ON [t].[Id] = [t0].[PostId]
WHERE [p].[IsDeleted] = CAST(0 AS bit) AND [p].[Status] = 0 AND [p].[ScheduledAt] <= @__before_0
ORDER BY [p].[ScheduledAt], [p].[Id], [t].[Id]
2026-07-22 20:39:11.820 +07:00 [INF] Executed DbCommand (7ms) [Parameters=[@__before_0='?' (DbType = DateTime2)], CommandType='"Text"', CommandTimeout='30']
SELECT [p].[Id], [p].[CreatedAt], [p].[CreatedBy], [p].[ExecutedAt], [p].[FailureReason], [p].[IsDeleted], [p].[PostChannelAccountId], [p].[PostId], [p].[RetryCount], [p].[ScheduledAt], [p].[Status], [p].[UpdatedAt], [p].[UpdatedBy], [t].[Id], [t].[ChannelAccountId], [t].[CreatedAt], [t].[CreatedBy], [t].[DayNumber], [t].[ExternalPostId], [t].[IsDeleted], [t].[ProjectId], [t].[PublishedAt], [t].[PublishedUrl], [t].[ScheduledAt], [t].[Status], [t].[TimelineId], [t].[Title], [t].[TrackingEnabled], [t].[UpdatedAt], [t].[UpdatedBy], [t].[VoiceSampleId], [t0].[Id], [t0].[Content], [t0].[ContentType], [t0].[CreatedAt], [t0].[CreatedBy], [t0].[IsDeleted], [t0].[MediaFileId], [t0].[PostId], [t0].[SortOrder], [t0].[UpdatedAt], [t0].[UpdatedBy]
FROM [PostSchedules] AS [p]
INNER JOIN (
    SELECT [p0].[Id], [p0].[ChannelAccountId], [p0].[CreatedAt], [p0].[CreatedBy], [p0].[DayNumber], [p0].[ExternalPostId], [p0].[IsDeleted], [p0].[ProjectId], [p0].[PublishedAt], [p0].[PublishedUrl], [p0].[ScheduledAt], [p0].[Status], [p0].[TimelineId], [p0].[Title], [p0].[TrackingEnabled], [p0].[UpdatedAt], [p0].[UpdatedBy], [p0].[VoiceSampleId]
    FROM [Posts] AS [p0]
    WHERE [p0].[IsDeleted] = CAST(0 AS bit)
) AS [t] ON [p].[PostId] = [t].[Id]
LEFT JOIN (
    SELECT [p1].[Id], [p1].[Content], [p1].[ContentType], [p1].[CreatedAt], [p1].[CreatedBy], [p1].[IsDeleted], [p1].[MediaFileId], [p1].[PostId], [p1].[SortOrder], [p1].[UpdatedAt], [p1].[UpdatedBy]
    FROM [PostContents] AS [p1]
    WHERE [p1].[IsDeleted] = CAST(0 AS bit)
) AS [t0] ON [t].[Id] = [t0].[PostId]
WHERE [p].[IsDeleted] = CAST(0 AS bit) AND [p].[Status] = 0 AND [p].[ScheduledAt] <= @__before_0
ORDER BY [p].[ScheduledAt], [p].[Id], [t].[Id]
2026-07-22 20:40:11.908 +07:00 [INF] Executed DbCommand (8ms) [Parameters=[@__before_0='?' (DbType = DateTime2)], CommandType='"Text"', CommandTimeout='30']
SELECT [p].[Id], [p].[CreatedAt], [p].[CreatedBy], [p].[ExecutedAt], [p].[FailureReason], [p].[IsDeleted], [p].[PostChannelAccountId], [p].[PostId], [p].[RetryCount], [p].[ScheduledAt], [p].[Status], [p].[UpdatedAt], [p].[UpdatedBy], [t].[Id], [t].[ChannelAccountId], [t].[CreatedAt], [t].[CreatedBy], [t].[DayNumber], [t].[ExternalPostId], [t].[IsDeleted], [t].[ProjectId], [t].[PublishedAt], [t].[PublishedUrl], [t].[ScheduledAt], [t].[Status], [t].[TimelineId], [t].[Title], [t].[TrackingEnabled], [t].[UpdatedAt], [t].[UpdatedBy], [t].[VoiceSampleId], [t0].[Id], [t0].[Content], [t0].[ContentType], [t0].[CreatedAt], [t0].[CreatedBy], [t0].[IsDeleted], [t0].[MediaFileId], [t0].[PostId], [t0].[SortOrder], [t0].[UpdatedAt], [t0].[UpdatedBy]
FROM [PostSchedules] AS [p]
INNER JOIN (
    SELECT [p0].[Id], [p0].[ChannelAccountId], [p0].[CreatedAt], [p0].[CreatedBy], [p0].[DayNumber], [p0].[ExternalPostId], [p0].[IsDeleted], [p0].[ProjectId], [p0].[PublishedAt], [p0].[PublishedUrl], [p0].[ScheduledAt], [p0].[Status], [p0].[TimelineId], [p0].[Title], [p0].[TrackingEnabled], [p0].[UpdatedAt], [p0].[UpdatedBy], [p0].[VoiceSampleId]
    FROM [Posts] AS [p0]
    WHERE [p0].[IsDeleted] = CAST(0 AS bit)
) AS [t] ON [p].[PostId] = [t].[Id]
LEFT JOIN (
    SELECT [p1].[Id], [p1].[Content], [p1].[ContentType], [p1].[CreatedAt], [p1].[CreatedBy], [p1].[IsDeleted], [p1].[MediaFileId], [p1].[PostId], [p1].[SortOrder], [p1].[UpdatedAt], [p1].[UpdatedBy]
    FROM [PostContents] AS [p1]
    WHERE [p1].[IsDeleted] = CAST(0 AS bit)
) AS [t0] ON [t].[Id] = [t0].[PostId]
WHERE [p].[IsDeleted] = CAST(0 AS bit) AND [p].[Status] = 0 AND [p].[ScheduledAt] <= @__before_0
ORDER BY [p].[ScheduledAt], [p].[Id], [t].[Id]
2026-07-22 20:41:11.982 +07:00 [INF] Executed DbCommand (9ms) [Parameters=[@__before_0='?' (DbType = DateTime2)], CommandType='"Text"', CommandTimeout='30']
SELECT [p].[Id], [p].[CreatedAt], [p].[CreatedBy], [p].[ExecutedAt], [p].[FailureReason], [p].[IsDeleted], [p].[PostChannelAccountId], [p].[PostId], [p].[RetryCount], [p].[ScheduledAt], [p].[Status], [p].[UpdatedAt], [p].[UpdatedBy], [t].[Id], [t].[ChannelAccountId], [t].[CreatedAt], [t].[CreatedBy], [t].[DayNumber], [t].[ExternalPostId], [t].[IsDeleted], [t].[ProjectId], [t].[PublishedAt], [t].[PublishedUrl], [t].[ScheduledAt], [t].[Status], [t].[TimelineId], [t].[Title], [t].[TrackingEnabled], [t].[UpdatedAt], [t].[UpdatedBy], [t].[VoiceSampleId], [t0].[Id], [t0].[Content], [t0].[ContentType], [t0].[CreatedAt], [t0].[CreatedBy], [t0].[IsDeleted], [t0].[MediaFileId], [t0].[PostId], [t0].[SortOrder], [t0].[UpdatedAt], [t0].[UpdatedBy]
FROM [PostSchedules] AS [p]
INNER JOIN (
    SELECT [p0].[Id], [p0].[ChannelAccountId], [p0].[CreatedAt], [p0].[CreatedBy], [p0].[DayNumber], [p0].[ExternalPostId], [p0].[IsDeleted], [p0].[ProjectId], [p0].[PublishedAt], [p0].[PublishedUrl], [p0].[ScheduledAt], [p0].[Status], [p0].[TimelineId], [p0].[Title], [p0].[TrackingEnabled], [p0].[UpdatedAt], [p0].[UpdatedBy], [p0].[VoiceSampleId]
    FROM [Posts] AS [p0]
    WHERE [p0].[IsDeleted] = CAST(0 AS bit)
) AS [t] ON [p].[PostId] = [t].[Id]
LEFT JOIN (
    SELECT [p1].[Id], [p1].[Content], [p1].[ContentType], [p1].[CreatedAt], [p1].[CreatedBy], [p1].[IsDeleted], [p1].[MediaFileId], [p1].[PostId], [p1].[SortOrder], [p1].[UpdatedAt], [p1].[UpdatedBy]
    FROM [PostContents] AS [p1]
    WHERE [p1].[IsDeleted] = CAST(0 AS bit)
) AS [t0] ON [t].[Id] = [t0].[PostId]
WHERE [p].[IsDeleted] = CAST(0 AS bit) AND [p].[Status] = 0 AND [p].[ScheduledAt] <= @__before_0
ORDER BY [p].[ScheduledAt], [p].[Id], [t].[Id]
2026-07-22 20:42:12.060 +07:00 [INF] Executed DbCommand (16ms) [Parameters=[@__before_0='?' (DbType = DateTime2)], CommandType='"Text"', CommandTimeout='30']
SELECT [p].[Id], [p].[CreatedAt], [p].[CreatedBy], [p].[ExecutedAt], [p].[FailureReason], [p].[IsDeleted], [p].[PostChannelAccountId], [p].[PostId], [p].[RetryCount], [p].[ScheduledAt], [p].[Status], [p].[UpdatedAt], [p].[UpdatedBy], [t].[Id], [t].[ChannelAccountId], [t].[CreatedAt], [t].[CreatedBy], [t].[DayNumber], [t].[ExternalPostId], [t].[IsDeleted], [t].[ProjectId], [t].[PublishedAt], [t].[PublishedUrl], [t].[ScheduledAt], [t].[Status], [t].[TimelineId], [t].[Title], [t].[TrackingEnabled], [t].[UpdatedAt], [t].[UpdatedBy], [t].[VoiceSampleId], [t0].[Id], [t0].[Content], [t0].[ContentType], [t0].[CreatedAt], [t0].[CreatedBy], [t0].[IsDeleted], [t0].[MediaFileId], [t0].[PostId], [t0].[SortOrder], [t0].[UpdatedAt], [t0].[UpdatedBy]
FROM [PostSchedules] AS [p]
INNER JOIN (
    SELECT [p0].[Id], [p0].[ChannelAccountId], [p0].[CreatedAt], [p0].[CreatedBy], [p0].[DayNumber], [p0].[ExternalPostId], [p0].[IsDeleted], [p0].[ProjectId], [p0].[PublishedAt], [p0].[PublishedUrl], [p0].[ScheduledAt], [p0].[Status], [p0].[TimelineId], [p0].[Title], [p0].[TrackingEnabled], [p0].[UpdatedAt], [p0].[UpdatedBy], [p0].[VoiceSampleId]
    FROM [Posts] AS [p0]
    WHERE [p0].[IsDeleted] = CAST(0 AS bit)
) AS [t] ON [p].[PostId] = [t].[Id]
LEFT JOIN (
    SELECT [p1].[Id], [p1].[Content], [p1].[ContentType], [p1].[CreatedAt], [p1].[CreatedBy], [p1].[IsDeleted], [p1].[MediaFileId], [p1].[PostId], [p1].[SortOrder], [p1].[UpdatedAt], [p1].[UpdatedBy]
    FROM [PostContents] AS [p1]
    WHERE [p1].[IsDeleted] = CAST(0 AS bit)
) AS [t0] ON [t].[Id] = [t0].[PostId]
WHERE [p].[IsDeleted] = CAST(0 AS bit) AND [p].[Status] = 0 AND [p].[ScheduledAt] <= @__before_0
ORDER BY [p].[ScheduledAt], [p].[Id], [t].[Id]
2026-07-22 20:43:12.161 +07:00 [INF] Executed DbCommand (9ms) [Parameters=[@__before_0='?' (DbType = DateTime2)], CommandType='"Text"', CommandTimeout='30']
SELECT [p].[Id], [p].[CreatedAt], [p].[CreatedBy], [p].[ExecutedAt], [p].[FailureReason], [p].[IsDeleted], [p].[PostChannelAccountId], [p].[PostId], [p].[RetryCount], [p].[ScheduledAt], [p].[Status], [p].[UpdatedAt], [p].[UpdatedBy], [t].[Id], [t].[ChannelAccountId], [t].[CreatedAt], [t].[CreatedBy], [t].[DayNumber], [t].[ExternalPostId], [t].[IsDeleted], [t].[ProjectId], [t].[PublishedAt], [t].[PublishedUrl], [t].[ScheduledAt], [t].[Status], [t].[TimelineId], [t].[Title], [t].[TrackingEnabled], [t].[UpdatedAt], [t].[UpdatedBy], [t].[VoiceSampleId], [t0].[Id], [t0].[Content], [t0].[ContentType], [t0].[CreatedAt], [t0].[CreatedBy], [t0].[IsDeleted], [t0].[MediaFileId], [t0].[PostId], [t0].[SortOrder], [t0].[UpdatedAt], [t0].[UpdatedBy]
FROM [PostSchedules] AS [p]
INNER JOIN (
    SELECT [p0].[Id], [p0].[ChannelAccountId], [p0].[CreatedAt], [p0].[CreatedBy], [p0].[DayNumber], [p0].[ExternalPostId], [p0].[IsDeleted], [p0].[ProjectId], [p0].[PublishedAt], [p0].[PublishedUrl], [p0].[ScheduledAt], [p0].[Status], [p0].[TimelineId], [p0].[Title], [p0].[TrackingEnabled], [p0].[UpdatedAt], [p0].[UpdatedBy], [p0].[VoiceSampleId]
    FROM [Posts] AS [p0]
    WHERE [p0].[IsDeleted] = CAST(0 AS bit)
) AS [t] ON [p].[PostId] = [t].[Id]
LEFT JOIN (
    SELECT [p1].[Id], [p1].[Content], [p1].[ContentType], [p1].[CreatedAt], [p1].[CreatedBy], [p1].[IsDeleted], [p1].[MediaFileId], [p1].[PostId], [p1].[SortOrder], [p1].[UpdatedAt], [p1].[UpdatedBy]
    FROM [PostContents] AS [p1]
    WHERE [p1].[IsDeleted] = CAST(0 AS bit)
) AS [t0] ON [t].[Id] = [t0].[PostId]
WHERE [p].[IsDeleted] = CAST(0 AS bit) AND [p].[Status] = 0 AND [p].[ScheduledAt] <= @__before_0
ORDER BY [p].[ScheduledAt], [p].[Id], [t].[Id]
2026-07-22 20:44:10.407 +07:00 [ERR] Failed executing DbCommand (90ms) [Parameters=[@__id_0='?' (DbType = Guid)], CommandType='"Text"', CommandTimeout='30']
SELECT [t2].[Id], [t2].[ChannelAccountId], [t2].[CreatedAt], [t2].[CreatedBy], [t2].[DayNumber], [t2].[ExternalPostId], [t2].[IsDeleted], [t2].[ProjectId], [t2].[PublishedAt], [t2].[PublishedUrl], [t2].[ScheduledAt], [t2].[Status], [t2].[TimelineId], [t2].[Title], [t2].[TrackingEnabled], [t2].[UpdatedAt], [t2].[UpdatedBy], [t2].[VoiceSampleId], [t2].[Id0], [t2].[Id1], [t2].[Id2], [t3].[Id], [t3].[Content], [t3].[ContentType], [t3].[CreatedAt], [t3].[CreatedBy], [t3].[IsDeleted], [t3].[MediaFileId], [t3].[PostId], [t3].[SortOrder], [t3].[UpdatedAt], [t3].[UpdatedBy], [t2].[CreatedAt0], [t2].[CreatedBy0], [t2].[ExecutedAt], [t2].[FailureReason], [t2].[IsDeleted0], [t2].[PostChannelAccountId], [t2].[PostId], [t2].[RetryCount], [t2].[ScheduledAt0], [t2].[Status0], [t2].[UpdatedAt0], [t2].[UpdatedBy0], [t4].[Id], [t4].[Action], [t4].[CreatedAt], [t4].[CreatedBy], [t4].[Details], [t4].[IsDeleted], [t4].[Level], [t4].[Message], [t4].[PostId], [t4].[UpdatedAt], [t4].[UpdatedBy], [t2].[AccessToken], [t2].[AvatarUrl], [t2].[ChannelId], [t2].[CreatedAt1], [t2].[CreatedBy1], [t2].[ExternalId], [t2].[IsActive], [t2].[IsDeleted1], [t2].[LastSyncedAt], [t2].[Name], [t2].[ParentChannelAccountId], [t2].[ProfileUrl], [t2].[ProjectId0], [t2].[RefreshToken], [t2].[Scope], [t2].[TokenExpiresAt], [t2].[UpdatedAt1], [t2].[UpdatedBy1], [t2].[UserId], [t2].[Code], [t2].[CreatedAt2], [t2].[CreatedBy2], [t2].[Description], [t2].[IconUrl], [t2].[IsActive0], [t2].[IsDeleted2], [t2].[Name0], [t2].[SortOrder], [t2].[UpdatedAt2], [t2].[UpdatedBy2], [t5].[Id], [t5].[ChannelAccountId], [t5].[CreatedAt], [t5].[CreatedBy], [t5].[ExternalPostId], [t5].[IsDeleted], [t5].[PostId], [t5].[PublishedAt], [t5].[PublishedUrl], [t5].[Status], [t5].[UpdatedAt], [t5].[UpdatedBy], [t5].[Id0], [t5].[AccessToken], [t5].[AvatarUrl], [t5].[ChannelId], [t5].[CreatedAt0], [t5].[CreatedBy0], [t5].[ExternalId], [t5].[IsActive], [t5].[IsDeleted0], [t5].[LastSyncedAt], [t5].[Name], [t5].[ParentChannelAccountId], [t5].[ProfileUrl], [t5].[ProjectId], [t5].[RefreshToken], [t5].[Scope], [t5].[TokenExpiresAt], [t5].[UpdatedAt0], [t5].[UpdatedBy0], [t5].[UserId], [t5].[Id1], [t5].[Code], [t5].[CreatedAt1], [t5].[CreatedBy1], [t5].[Description], [t5].[IconUrl], [t5].[IsActive0], [t5].[IsDeleted1], [t5].[Name0], [t5].[SortOrder], [t5].[UpdatedAt1], [t5].[UpdatedBy1], [t8].[Id], [t8].[CreatedAt], [t8].[CreatedBy], [t8].[HashtagId], [t8].[IsDeleted], [t8].[PostId], [t8].[UpdatedAt], [t8].[UpdatedBy], [t8].[Id0], [t8].[CreatedAt0], [t8].[CreatedBy0], [t8].[IsDeleted0], [t8].[Tag], [t8].[UpdatedAt0], [t8].[UpdatedBy0]
FROM (
    SELECT TOP(1) [p].[Id], [p].[ChannelAccountId], [p].[CreatedAt], [p].[CreatedBy], [p].[DayNumber], [p].[ExternalPostId], [p].[IsDeleted], [p].[ProjectId], [p].[PublishedAt], [p].[PublishedUrl], [p].[ScheduledAt], [p].[Status], [p].[TimelineId], [p].[Title], [p].[TrackingEnabled], [p].[UpdatedAt], [p].[UpdatedBy], [p].[VoiceSampleId], [t].[Id] AS [Id0], [t].[CreatedAt] AS [CreatedAt0], [t].[CreatedBy] AS [CreatedBy0], [t].[ExecutedAt], [t].[FailureReason], [t].[IsDeleted] AS [IsDeleted0], [t].[PostChannelAccountId], [t].[PostId], [t].[RetryCount], [t].[ScheduledAt] AS [ScheduledAt0], [t].[Status] AS [Status0], [t].[UpdatedAt] AS [UpdatedAt0], [t].[UpdatedBy] AS [UpdatedBy0], [t0].[Id] AS [Id1], [t0].[AccessToken], [t0].[AvatarUrl], [t0].[ChannelId], [t0].[CreatedAt] AS [CreatedAt1], [t0].[CreatedBy] AS [CreatedBy1], [t0].[ExternalId], [t0].[IsActive], [t0].[IsDeleted] AS [IsDeleted1], [t0].[LastSyncedAt], [t0].[Name], [t0].[ParentChannelAccountId], [t0].[ProfileUrl], [t0].[ProjectId] AS [ProjectId0], [t0].[RefreshToken], [t0].[Scope], [t0].[TokenExpiresAt], [t0].[UpdatedAt] AS [UpdatedAt1], [t0].[UpdatedBy] AS [UpdatedBy1], [t0].[UserId], [t1].[Id] AS [Id2], [t1].[Code], [t1].[CreatedAt] AS [CreatedAt2], [t1].[CreatedBy] AS [CreatedBy2], [t1].[Description], [t1].[IconUrl], [t1].[IsActive] AS [IsActive0], [t1].[IsDeleted] AS [IsDeleted2], [t1].[Name] AS [Name0], [t1].[SortOrder], [t1].[UpdatedAt] AS [UpdatedAt2], [t1].[UpdatedBy] AS [UpdatedBy2]
    FROM [Posts] AS [p]
    LEFT JOIN (
        SELECT [p0].[Id], [p0].[CreatedAt], [p0].[CreatedBy], [p0].[ExecutedAt], [p0].[FailureReason], [p0].[IsDeleted], [p0].[PostChannelAccountId], [p0].[PostId], [p0].[RetryCount], [p0].[ScheduledAt], [p0].[Status], [p0].[UpdatedAt], [p0].[UpdatedBy]
        FROM [PostSchedules] AS [p0]
        WHERE [p0].[IsDeleted] = CAST(0 AS bit)
    ) AS [t] ON [p].[Id] = [t].[PostId]
    LEFT JOIN (
        SELECT [c].[Id], [c].[AccessToken], [c].[AvatarUrl], [c].[ChannelId], [c].[CreatedAt], [c].[CreatedBy], [c].[ExternalId], [c].[IsActive], [c].[IsDeleted], [c].[LastSyncedAt], [c].[Name], [c].[ParentChannelAccountId], [c].[ProfileUrl], [c].[ProjectId], [c].[RefreshToken], [c].[Scope], [c].[TokenExpiresAt], [c].[UpdatedAt], [c].[UpdatedBy], [c].[UserId]
        FROM [ChannelAccounts] AS [c]
        WHERE [c].[IsDeleted] = CAST(0 AS bit)
    ) AS [t0] ON [p].[ChannelAccountId] = [t0].[Id]
    LEFT JOIN (
        SELECT [c0].[Id], [c0].[Code], [c0].[CreatedAt], [c0].[CreatedBy], [c0].[Description], [c0].[IconUrl], [c0].[IsActive], [c0].[IsDeleted], [c0].[Name], [c0].[SortOrder], [c0].[UpdatedAt], [c0].[UpdatedBy]
        FROM [Channels] AS [c0]
        WHERE [c0].[IsDeleted] = CAST(0 AS bit)
    ) AS [t1] ON [t0].[ChannelId] = [t1].[Id]
    WHERE [p].[IsDeleted] = CAST(0 AS bit) AND [p].[Id] = @__id_0
) AS [t2]
LEFT JOIN (
    SELECT [p1].[Id], [p1].[Content], [p1].[ContentType], [p1].[CreatedAt], [p1].[CreatedBy], [p1].[IsDeleted], [p1].[MediaFileId], [p1].[PostId], [p1].[SortOrder], [p1].[UpdatedAt], [p1].[UpdatedBy]
    FROM [PostContents] AS [p1]
    WHERE [p1].[IsDeleted] = CAST(0 AS bit)
) AS [t3] ON [t2].[Id] = [t3].[PostId]
LEFT JOIN (
    SELECT [p2].[Id], [p2].[Action], [p2].[CreatedAt], [p2].[CreatedBy], [p2].[Details], [p2].[IsDeleted], [p2].[Level], [p2].[Message], [p2].[PostId], [p2].[UpdatedAt], [p2].[UpdatedBy]
    FROM [PostLogs] AS [p2]
    WHERE [p2].[IsDeleted] = CAST(0 AS bit)
) AS [t4] ON [t2].[Id] = [t4].[PostId]
LEFT JOIN (
    SELECT [p3].[Id], [p3].[ChannelAccountId], [p3].[CreatedAt], [p3].[CreatedBy], [p3].[ExternalPostId], [p3].[IsDeleted], [p3].[PostId], [p3].[PublishedAt], [p3].[PublishedUrl], [p3].[Status], [p3].[UpdatedAt], [p3].[UpdatedBy], [t6].[Id] AS [Id0], [t6].[AccessToken], [t6].[AvatarUrl], [t6].[ChannelId], [t6].[CreatedAt] AS [CreatedAt0], [t6].[CreatedBy] AS [CreatedBy0], [t6].[ExternalId], [t6].[IsActive], [t6].[IsDeleted] AS [IsDeleted0], [t6].[LastSyncedAt], [t6].[Name], [t6].[ParentChannelAccountId], [t6].[ProfileUrl], [t6].[ProjectId], [t6].[RefreshToken], [t6].[Scope], [t6].[TokenExpiresAt], [t6].[UpdatedAt] AS [UpdatedAt0], [t6].[UpdatedBy] AS [UpdatedBy0], [t6].[UserId], [t7].[Id] AS [Id1], [t7].[Code], [t7].[CreatedAt] AS [CreatedAt1], [t7].[CreatedBy] AS [CreatedBy1], [t7].[Description], [t7].[IconUrl], [t7].[IsActive] AS [IsActive0], [t7].[IsDeleted] AS [IsDeleted1], [t7].[Name] AS [Name0], [t7].[SortOrder], [t7].[UpdatedAt] AS [UpdatedAt1], [t7].[UpdatedBy] AS [UpdatedBy1]
    FROM [PostChannelAccounts] AS [p3]
    INNER JOIN (
        SELECT [c1].[Id], [c1].[AccessToken], [c1].[AvatarUrl], [c1].[ChannelId], [c1].[CreatedAt], [c1].[CreatedBy], [c1].[ExternalId], [c1].[IsActive], [c1].[IsDeleted], [c1].[LastSyncedAt], [c1].[Name], [c1].[ParentChannelAccountId], [c1].[ProfileUrl], [c1].[ProjectId], [c1].[RefreshToken], [c1].[Scope], [c1].[TokenExpiresAt], [c1].[UpdatedAt], [c1].[UpdatedBy], [c1].[UserId]
        FROM [ChannelAccounts] AS [c1]
        WHERE [c1].[IsDeleted] = CAST(0 AS bit)
    ) AS [t6] ON [p3].[ChannelAccountId] = [t6].[Id]
    INNER JOIN (
        SELECT [c2].[Id], [c2].[Code], [c2].[CreatedAt], [c2].[CreatedBy], [c2].[Description], [c2].[IconUrl], [c2].[IsActive], [c2].[IsDeleted], [c2].[Name], [c2].[SortOrder], [c2].[UpdatedAt], [c2].[UpdatedBy]
        FROM [Channels] AS [c2]
        WHERE [c2].[IsDeleted] = CAST(0 AS bit)
    ) AS [t7] ON [t6].[ChannelId] = [t7].[Id]
    WHERE [p3].[IsDeleted] = CAST(0 AS bit)
) AS [t5] ON [t2].[Id] = [t5].[PostId]
LEFT JOIN (
    SELECT [p4].[Id], [p4].[CreatedAt], [p4].[CreatedBy], [p4].[HashtagId], [p4].[IsDeleted], [p4].[PostId], [p4].[UpdatedAt], [p4].[UpdatedBy], [t9].[Id] AS [Id0], [t9].[CreatedAt] AS [CreatedAt0], [t9].[CreatedBy] AS [CreatedBy0], [t9].[IsDeleted] AS [IsDeleted0], [t9].[Tag], [t9].[UpdatedAt] AS [UpdatedAt0], [t9].[UpdatedBy] AS [UpdatedBy0]
    FROM [PostHashtags] AS [p4]
    INNER JOIN (
        SELECT [h].[Id], [h].[CreatedAt], [h].[CreatedBy], [h].[IsDeleted], [h].[Tag], [h].[UpdatedAt], [h].[UpdatedBy]
        FROM [Hashtags] AS [h]
        WHERE [h].[IsDeleted] = CAST(0 AS bit)
    ) AS [t9] ON [p4].[HashtagId] = [t9].[Id]
    WHERE [p4].[IsDeleted] = CAST(0 AS bit)
) AS [t8] ON [t2].[Id] = [t8].[PostId]
ORDER BY [t2].[Id], [t2].[Id0], [t2].[Id1], [t2].[Id2], [t3].[Id], [t4].[Id], [t5].[Id], [t5].[Id0], [t5].[Id1], [t8].[Id]
2026-07-22 20:44:10.504 +07:00 [ERR] An exception occurred while iterating over the results of a query for context type 'AutoWork.Persistence.Context.ApplicationDbContext'.
Microsoft.Data.SqlClient.SqlException (0x80131904): Invalid column name 'IsDeleted'.
Invalid column name 'Id'.
Invalid column name 'CreatedAt'.
Invalid column name 'CreatedBy'.
Invalid column name 'IsDeleted'.
Invalid column name 'UpdatedAt'.
Invalid column name 'UpdatedBy'.
   at System.Threading.Tasks.ContinuationResultTaskFromResultTask`2.InnerInvoke()
   at System.Threading.ExecutionContext.RunInternal(ExecutionContext executionContext, ContextCallback callback, Object state)
--- End of stack trace from previous location ---
   at System.Threading.ExecutionContext.RunInternal(ExecutionContext executionContext, ContextCallback callback, Object state)
   at System.Threading.Tasks.Task.ExecuteWithThreadLocal(Task& currentTaskSlot, Thread threadPoolThread)
--- End of stack trace from previous location ---
   at Microsoft.EntityFrameworkCore.Storage.RelationalCommand.ExecuteReaderAsync(RelationalCommandParameterObject parameterObject, CancellationToken cancellationToken)
   at Microsoft.EntityFrameworkCore.Storage.RelationalCommand.ExecuteReaderAsync(RelationalCommandParameterObject parameterObject, CancellationToken cancellationToken)
   at Microsoft.EntityFrameworkCore.Query.Internal.SingleQueryingEnumerable`1.AsyncEnumerator.InitializeReaderAsync(AsyncEnumerator enumerator, CancellationToken cancellationToken)
   at Microsoft.EntityFrameworkCore.Storage.ExecutionStrategy.<>c__DisplayClass30_0`2.<<ExecuteAsync>b__0>d.MoveNext()
--- End of stack trace from previous location ---
   at Microsoft.EntityFrameworkCore.Storage.ExecutionStrategy.ExecuteImplementationAsync[TState,TResult](Func`4 operation, Func`4 verifySucceeded, TState state, CancellationToken cancellationToken)
   at Microsoft.EntityFrameworkCore.Storage.ExecutionStrategy.ExecuteImplementationAsync[TState,TResult](Func`4 operation, Func`4 verifySucceeded, TState state, CancellationToken cancellationToken)
   at Microsoft.EntityFrameworkCore.Storage.ExecutionStrategy.ExecuteAsync[TState,TResult](TState state, Func`4 operation, Func`4 verifySucceeded, CancellationToken cancellationToken)
   at Microsoft.EntityFrameworkCore.Query.Internal.SingleQueryingEnumerable`1.AsyncEnumerator.MoveNextAsync()
ClientConnectionId:c2b0e9ac-2a26-4e91-8a81-589aa40feaab
Error Number:207,State:1,Class:16
Microsoft.Data.SqlClient.SqlException (0x80131904): Invalid column name 'IsDeleted'.
Invalid column name 'Id'.
Invalid column name 'CreatedAt'.
Invalid column name 'CreatedBy'.
Invalid column name 'IsDeleted'.
Invalid column name 'UpdatedAt'.
Invalid column name 'UpdatedBy'.
   at System.Threading.Tasks.ContinuationResultTaskFromResultTask`2.InnerInvoke()
   at System.Threading.ExecutionContext.RunInternal(ExecutionContext executionContext, ContextCallback callback, Object state)
--- End of stack trace from previous location ---
   at System.Threading.ExecutionContext.RunInternal(ExecutionContext executionContext, ContextCallback callback, Object state)
   at System.Threading.Tasks.Task.ExecuteWithThreadLocal(Task& currentTaskSlot, Thread threadPoolThread)
--- End of stack trace from previous location ---
   at Microsoft.EntityFrameworkCore.Storage.RelationalCommand.ExecuteReaderAsync(RelationalCommandParameterObject parameterObject, CancellationToken cancellationToken)
   at Microsoft.EntityFrameworkCore.Storage.RelationalCommand.ExecuteReaderAsync(RelationalCommandParameterObject parameterObject, CancellationToken cancellationToken)
   at Microsoft.EntityFrameworkCore.Query.Internal.SingleQueryingEnumerable`1.AsyncEnumerator.InitializeReaderAsync(AsyncEnumerator enumerator, CancellationToken cancellationToken)
   at Microsoft.EntityFrameworkCore.Storage.ExecutionStrategy.<>c__DisplayClass30_0`2.<<ExecuteAsync>b__0>d.MoveNext()
--- End of stack trace from previous location ---
   at Microsoft.EntityFrameworkCore.Storage.ExecutionStrategy.ExecuteImplementationAsync[TState,TResult](Func`4 operation, Func`4 verifySucceeded, TState state, CancellationToken cancellationToken)
   at Microsoft.EntityFrameworkCore.Storage.ExecutionStrategy.ExecuteImplementationAsync[TState,TResult](Func`4 operation, Func`4 verifySucceeded, TState state, CancellationToken cancellationToken)
   at Microsoft.EntityFrameworkCore.Storage.ExecutionStrategy.ExecuteAsync[TState,TResult](TState state, Func`4 operation, Func`4 verifySucceeded, CancellationToken cancellationToken)
   at Microsoft.EntityFrameworkCore.Query.Internal.SingleQueryingEnumerable`1.AsyncEnumerator.MoveNextAsync()
ClientConnectionId:c2b0e9ac-2a26-4e91-8a81-589aa40feaab
Error Number:207,State:1,Class:16
2026-07-22 20:44:10.650 +07:00 [WRN] Failed to process the job '190': an exception occurred. Retry attempt 8 of 10 will be performed in 00:43:44.
Microsoft.Data.SqlClient.SqlException (0x80131904): Invalid column name 'IsDeleted'.
Invalid column name 'Id'.
Invalid column name 'CreatedAt'.
Invalid column name 'CreatedBy'.
Invalid column name 'IsDeleted'.
Invalid column name 'UpdatedAt'.
Invalid column name 'UpdatedBy'.
   at System.Threading.Tasks.ContinuationResultTaskFromResultTask`2.InnerInvoke()
   at System.Threading.ExecutionContext.RunInternal(ExecutionContext executionContext, ContextCallback callback, Object state)
--- End of stack trace from previous location ---
   at System.Threading.ExecutionContext.RunInternal(ExecutionContext executionContext, ContextCallback callback, Object state)
   at System.Threading.Tasks.Task.ExecuteWithThreadLocal(Task& currentTaskSlot, Thread threadPoolThread)
--- End of stack trace from previous location ---
   at Microsoft.EntityFrameworkCore.Storage.RelationalCommand.ExecuteReaderAsync(RelationalCommandParameterObject parameterObject, CancellationToken cancellationToken)
   at Microsoft.EntityFrameworkCore.Storage.RelationalCommand.ExecuteReaderAsync(RelationalCommandParameterObject parameterObject, CancellationToken cancellationToken)
   at Microsoft.EntityFrameworkCore.Query.Internal.SingleQueryingEnumerable`1.AsyncEnumerator.InitializeReaderAsync(AsyncEnumerator enumerator, CancellationToken cancellationToken)
   at Microsoft.EntityFrameworkCore.Storage.ExecutionStrategy.<>c__DisplayClass30_0`2.<<ExecuteAsync>b__0>d.MoveNext()
--- End of stack trace from previous location ---
   at Microsoft.EntityFrameworkCore.Storage.ExecutionStrategy.ExecuteImplementationAsync[TState,TResult](Func`4 operation, Func`4 verifySucceeded, TState state, CancellationToken cancellationToken)
   at Microsoft.EntityFrameworkCore.Storage.ExecutionStrategy.ExecuteImplementationAsync[TState,TResult](Func`4 operation, Func`4 verifySucceeded, TState state, CancellationToken cancellationToken)
   at Microsoft.EntityFrameworkCore.Storage.ExecutionStrategy.ExecuteAsync[TState,TResult](TState state, Func`4 operation, Func`4 verifySucceeded, CancellationToken cancellationToken)
   at Microsoft.EntityFrameworkCore.Query.Internal.SingleQueryingEnumerable`1.AsyncEnumerator.MoveNextAsync()
   at Microsoft.EntityFrameworkCore.Query.ShapedQueryCompilingExpressionVisitor.SingleOrDefaultAsync[TSource](IAsyncEnumerable`1 asyncEnumerable, CancellationToken cancellationToken)
   at Microsoft.EntityFrameworkCore.Query.ShapedQueryCompilingExpressionVisitor.SingleOrDefaultAsync[TSource](IAsyncEnumerable`1 asyncEnumerable, CancellationToken cancellationToken)
   at AutoWork.Persistence.Repositories.PostRepository.GetByIdWithDetailsAsync(Guid id, CancellationToken cancellationToken) in D:\EXE01\AIMarketingAssistant\src\AutoWork.Persistence\Repositories\PostRepository.cs:line 16
   at AutoWork.Infrastructure.Jobs.PublishPostJob.ExecuteAsync(Guid postId, CancellationToken cancellationToken) in D:\EXE01\AIMarketingAssistant\src\AutoWork.Infrastructure\Jobs\PublishPostJob.cs:line 26
   at InvokeStub_TaskAwaiter.GetResult(Object, Object, IntPtr*)
   at System.Reflection.MethodBaseInvoker.InvokeWithNoArgs(Object obj, BindingFlags invokeAttr)
ClientConnectionId:c2b0e9ac-2a26-4e91-8a81-589aa40feaab
Error Number:207,State:1,Class:16
2026-07-22 20:44:12.228 +07:00 [INF] Executed DbCommand (8ms) [Parameters=[@__before_0='?' (DbType = DateTime2)], CommandType='"Text"', CommandTimeout='30']
SELECT [p].[Id], [p].[CreatedAt], [p].[CreatedBy], [p].[ExecutedAt], [p].[FailureReason], [p].[IsDeleted], [p].[PostChannelAccountId], [p].[PostId], [p].[RetryCount], [p].[ScheduledAt], [p].[Status], [p].[UpdatedAt], [p].[UpdatedBy], [t].[Id], [t].[ChannelAccountId], [t].[CreatedAt], [t].[CreatedBy], [t].[DayNumber], [t].[ExternalPostId], [t].[IsDeleted], [t].[ProjectId], [t].[PublishedAt], [t].[PublishedUrl], [t].[ScheduledAt], [t].[Status], [t].[TimelineId], [t].[Title], [t].[TrackingEnabled], [t].[UpdatedAt], [t].[UpdatedBy], [t].[VoiceSampleId], [t0].[Id], [t0].[Content], [t0].[ContentType], [t0].[CreatedAt], [t0].[CreatedBy], [t0].[IsDeleted], [t0].[MediaFileId], [t0].[PostId], [t0].[SortOrder], [t0].[UpdatedAt], [t0].[UpdatedBy]
FROM [PostSchedules] AS [p]
INNER JOIN (
    SELECT [p0].[Id], [p0].[ChannelAccountId], [p0].[CreatedAt], [p0].[CreatedBy], [p0].[DayNumber], [p0].[ExternalPostId], [p0].[IsDeleted], [p0].[ProjectId], [p0].[PublishedAt], [p0].[PublishedUrl], [p0].[ScheduledAt], [p0].[Status], [p0].[TimelineId], [p0].[Title], [p0].[TrackingEnabled], [p0].[UpdatedAt], [p0].[UpdatedBy], [p0].[VoiceSampleId]
    FROM [Posts] AS [p0]
    WHERE [p0].[IsDeleted] = CAST(0 AS bit)
) AS [t] ON [p].[PostId] = [t].[Id]
LEFT JOIN (
    SELECT [p1].[Id], [p1].[Content], [p1].[ContentType], [p1].[CreatedAt], [p1].[CreatedBy], [p1].[IsDeleted], [p1].[MediaFileId], [p1].[PostId], [p1].[SortOrder], [p1].[UpdatedAt], [p1].[UpdatedBy]
    FROM [PostContents] AS [p1]
    WHERE [p1].[IsDeleted] = CAST(0 AS bit)
) AS [t0] ON [t].[Id] = [t0].[PostId]
WHERE [p].[IsDeleted] = CAST(0 AS bit) AND [p].[Status] = 0 AND [p].[ScheduledAt] <= @__before_0
ORDER BY [p].[ScheduledAt], [p].[Id], [t].[Id]
2026-07-22 20:49:58.074 +07:00 [WRN] No store type was specified for the decimal property 'TotalEarnings' on entity type 'Affiliate'. This will cause values to be silently truncated if they do not fit in the default precision and scale. Explicitly specify the SQL server column type that can accommodate all the values in 'OnModelCreating' using 'HasColumnType', specify precision and scale using 'HasPrecision', or configure a value converter using 'HasConversion'.
2026-07-22 20:49:59.572 +07:00 [INF] Detected FlowMate/SQL schema without EF history — applying compat layer and skipping MigrateAsync.
2026-07-22 20:49:59.670 +07:00 [INF] Executed DbCommand (32ms) [Parameters=[], CommandType='"Text"', CommandTimeout='30']
IF COL_LENGTH('dbo.Posts', 'ChannelAccountId') IS NULL
    ALTER TABLE dbo.Posts ADD ChannelAccountId UNIQUEIDENTIFIER NULL;
2026-07-22 20:49:59.728 +07:00 [INF] Executed DbCommand (4ms) [Parameters=[], CommandType='"Text"', CommandTimeout='30']
IF COL_LENGTH('dbo.Posts', 'ExternalPostId') IS NULL
    ALTER TABLE dbo.Posts ADD ExternalPostId NVARCHAR(128) NULL;
2026-07-22 20:49:59.745 +07:00 [INF] Executed DbCommand (2ms) [Parameters=[], CommandType='"Text"', CommandTimeout='30']
IF COL_LENGTH('dbo.Posts', 'PublishedUrl') IS NULL
    ALTER TABLE dbo.Posts ADD PublishedUrl NVARCHAR(1000) NULL;
2026-07-22 20:49:59.857 +07:00 [INF] Executed DbCommand (12ms) [Parameters=[], CommandType='"Text"', CommandTimeout='30']
IF COL_LENGTH('dbo.Posts', 'PublishedAt') IS NULL
    ALTER TABLE dbo.Posts ADD PublishedAt DATETIME2 NULL;
2026-07-22 20:50:00.143 +07:00 [INF] Executed DbCommand (2ms) [Parameters=[], CommandType='"Text"', CommandTimeout='30']
IF COL_LENGTH('dbo.PostSchedules', 'PostId') IS NULL
    ALTER TABLE dbo.PostSchedules ADD PostId UNIQUEIDENTIFIER NULL;
2026-07-22 20:50:00.199 +07:00 [INF] Executed DbCommand (3ms) [Parameters=[], CommandType='"Text"', CommandTimeout='30']
IF COL_LENGTH('dbo.PostSchedules', 'PostChannelAccountId') IS NOT NULL
   AND COLUMNPROPERTY(OBJECT_ID('dbo.PostSchedules'), 'PostChannelAccountId', 'AllowsNull') = 0
BEGIN
    ALTER TABLE dbo.PostSchedules ALTER COLUMN PostChannelAccountId UNIQUEIDENTIFIER NULL;
END
2026-07-22 20:50:00.211 +07:00 [INF] Executed DbCommand (3ms) [Parameters=[], CommandType='"Text"', CommandTimeout='30']
IF COL_LENGTH('dbo.ChannelAccounts', 'ParentChannelAccountId') IS NULL
    ALTER TABLE dbo.ChannelAccounts ADD ParentChannelAccountId UNIQUEIDENTIFIER NULL;
2026-07-22 20:50:00.225 +07:00 [INF] Executed DbCommand (4ms) [Parameters=[], CommandType='"Text"', CommandTimeout='30']
IF COL_LENGTH('dbo.ChannelAccounts', 'AccessToken') IS NULL
    ALTER TABLE dbo.ChannelAccounts ADD AccessToken NVARCHAR(MAX) NULL;
2026-07-22 20:50:00.261 +07:00 [INF] Executed DbCommand (16ms) [Parameters=[], CommandType='"Text"', CommandTimeout='30']
IF COL_LENGTH('dbo.ChannelAccounts', 'RefreshToken') IS NULL
    ALTER TABLE dbo.ChannelAccounts ADD RefreshToken NVARCHAR(MAX) NULL;
2026-07-22 20:50:00.298 +07:00 [INF] Executed DbCommand (4ms) [Parameters=[], CommandType='"Text"', CommandTimeout='30']
IF COL_LENGTH('dbo.ChannelAccounts', 'TokenExpiresAt') IS NULL
    ALTER TABLE dbo.ChannelAccounts ADD TokenExpiresAt DATETIME2 NULL;
2026-07-22 20:50:00.310 +07:00 [INF] Executed DbCommand (2ms) [Parameters=[], CommandType='"Text"', CommandTimeout='30']
IF COL_LENGTH('dbo.ChannelAccounts', 'Scope') IS NULL
    ALTER TABLE dbo.ChannelAccounts ADD Scope NVARCHAR(500) NULL;
2026-07-22 20:50:00.329 +07:00 [INF] Executed DbCommand (5ms) [Parameters=[], CommandType='"Text"', CommandTimeout='30']
IF COL_LENGTH('dbo.Posts', 'VoiceSampleId') IS NULL
    ALTER TABLE dbo.Posts ADD VoiceSampleId UNIQUEIDENTIFIER NULL;
2026-07-22 20:50:00.401 +07:00 [INF] Executed DbCommand (1ms) [Parameters=[], CommandType='"Text"', CommandTimeout='30']
IF COL_LENGTH('dbo.Posts', 'DayNumber') IS NULL
    ALTER TABLE dbo.Posts ADD DayNumber INT NULL;
2026-07-22 20:50:00.427 +07:00 [INF] Executed DbCommand (6ms) [Parameters=[], CommandType='"Text"', CommandTimeout='30']
IF COL_LENGTH('dbo.Posts', 'TrackingEnabled') IS NULL
    ALTER TABLE dbo.Posts ADD TrackingEnabled BIT NOT NULL DEFAULT CAST(1 AS BIT);
2026-07-22 20:50:00.454 +07:00 [INF] Executed DbCommand (3ms) [Parameters=[], CommandType='"Text"', CommandTimeout='30']
IF COL_LENGTH('dbo.MediaFiles', 'ProductId') IS NULL
    ALTER TABLE dbo.MediaFiles ADD ProductId UNIQUEIDENTIFIER NULL;
2026-07-22 20:50:00.472 +07:00 [INF] Executed DbCommand (5ms) [Parameters=[], CommandType='"Text"', CommandTimeout='30']
IF COL_LENGTH('dbo.MediaFiles', 'StoragePath') IS NULL
    ALTER TABLE dbo.MediaFiles ADD StoragePath NVARCHAR(1000) NOT NULL DEFAULT '';
2026-07-22 20:50:00.509 +07:00 [INF] Executed DbCommand (2ms) [Parameters=[], CommandType='"Text"', CommandTimeout='30']
IF COL_LENGTH('dbo.FacebookAccounts', 'ProjectId') IS NULL
    ALTER TABLE dbo.FacebookAccounts ADD ProjectId UNIQUEIDENTIFIER NOT NULL
        DEFAULT '00000000-0000-0000-0000-000000000000';
2026-07-22 20:50:00.529 +07:00 [INF] Executed DbCommand (2ms) [Parameters=[], CommandType='"Text"', CommandTimeout='30']
IF COL_LENGTH('dbo.Campaigns', 'ProductDescription') IS NULL
    ALTER TABLE dbo.Campaigns ADD ProductDescription NVARCHAR(MAX) NULL;
2026-07-22 20:50:00.565 +07:00 [INF] Executed DbCommand (6ms) [Parameters=[], CommandType='"Text"', CommandTimeout='30']
IF OBJECT_ID('dbo.ProjectMembers') IS NULL
CREATE TABLE dbo.ProjectMembers (
    Id UNIQUEIDENTIFIER NOT NULL PRIMARY KEY, ProjectId UNIQUEIDENTIFIER NOT NULL,
    UserId UNIQUEIDENTIFIER NOT NULL, Role NVARCHAR(20) NOT NULL DEFAULT 'Member',
    InvitedAt DATETIME2 NULL, JoinedAt DATETIME2 NULL,
    CreatedAt DATETIME2 NOT NULL, UpdatedAt DATETIME2 NULL,
    CreatedBy UNIQUEIDENTIFIER NULL, UpdatedBy UNIQUEIDENTIFIER NULL, IsDeleted BIT NOT NULL DEFAULT 0,
    CONSTRAINT FK_ProjectMembers_Projects FOREIGN KEY (ProjectId) REFERENCES dbo.Projects(Id),
    CONSTRAINT FK_ProjectMembers_Users FOREIGN KEY (UserId) REFERENCES dbo.Users(Id));
2026-07-22 20:50:00.586 +07:00 [INF] Executed DbCommand (14ms) [Parameters=[], CommandType='"Text"', CommandTimeout='30']
IF OBJECT_ID('dbo.ProjectMembers') IS NOT NULL AND NOT EXISTS (SELECT 1 FROM sys.indexes WHERE name = 'IX_ProjectMembers_ProjectId_UserId')
    CREATE UNIQUE INDEX IX_ProjectMembers_ProjectId_UserId ON dbo.ProjectMembers(ProjectId, UserId);
2026-07-22 20:50:00.593 +07:00 [INF] Executed DbCommand (1ms) [Parameters=[], CommandType='"Text"', CommandTimeout='30']
IF OBJECT_ID('dbo.VoiceSampleTemplates') IS NULL
CREATE TABLE dbo.VoiceSampleTemplates (
    Id UNIQUEIDENTIFIER NOT NULL PRIMARY KEY, SampleText NVARCHAR(500) NOT NULL,
    CreatedAt DATETIME2 NOT NULL, UpdatedAt DATETIME2 NULL,
    CreatedBy UNIQUEIDENTIFIER NULL, UpdatedBy UNIQUEIDENTIFIER NULL, IsDeleted BIT NOT NULL DEFAULT 0);
2026-07-22 20:50:00.602 +07:00 [INF] Executed DbCommand (1ms) [Parameters=[], CommandType='"Text"', CommandTimeout='30']
IF OBJECT_ID('dbo.BrandStyles') IS NULL
CREATE TABLE dbo.BrandStyles (
    Id UNIQUEIDENTIFIER NOT NULL PRIMARY KEY, StyleName NVARCHAR(50) NOT NULL,
    CreatedAt DATETIME2 NOT NULL, UpdatedAt DATETIME2 NULL,
    CreatedBy UNIQUEIDENTIFIER NULL, UpdatedBy UNIQUEIDENTIFIER NULL, IsDeleted BIT NOT NULL DEFAULT 0);
2026-07-22 20:50:00.616 +07:00 [INF] Executed DbCommand (9ms) [Parameters=[], CommandType='"Text"', CommandTimeout='30']
IF OBJECT_ID('dbo.BrandStyles') IS NOT NULL AND NOT EXISTS (SELECT 1 FROM sys.indexes WHERE name = 'IX_BrandStyles_StyleName')
    CREATE UNIQUE INDEX IX_BrandStyles_StyleName ON dbo.BrandStyles(StyleName);
2026-07-22 20:50:00.623 +07:00 [INF] Executed DbCommand (3ms) [Parameters=[], CommandType='"Text"', CommandTimeout='30']
IF OBJECT_ID('dbo.ToneKeywords') IS NULL
CREATE TABLE dbo.ToneKeywords (
    Id UNIQUEIDENTIFIER NOT NULL PRIMARY KEY, Keyword NVARCHAR(50) NOT NULL,
    CreatedAt DATETIME2 NOT NULL, UpdatedAt DATETIME2 NULL,
    CreatedBy UNIQUEIDENTIFIER NULL, UpdatedBy UNIQUEIDENTIFIER NULL, IsDeleted BIT NOT NULL DEFAULT 0);
2026-07-22 20:50:00.643 +07:00 [INF] Executed DbCommand (15ms) [Parameters=[], CommandType='"Text"', CommandTimeout='30']
IF OBJECT_ID('dbo.ToneKeywords') IS NOT NULL AND NOT EXISTS (SELECT 1 FROM sys.indexes WHERE name = 'IX_ToneKeywords_Keyword')
    CREATE UNIQUE INDEX IX_ToneKeywords_Keyword ON dbo.ToneKeywords(Keyword);
2026-07-22 20:50:00.652 +07:00 [INF] Executed DbCommand (2ms) [Parameters=[], CommandType='"Text"', CommandTimeout='30']
IF OBJECT_ID('dbo.CtaTemplates') IS NULL
CREATE TABLE dbo.CtaTemplates (
    Id UNIQUEIDENTIFIER NOT NULL PRIMARY KEY, CtaText NVARCHAR(100) NOT NULL,
    CreatedAt DATETIME2 NOT NULL, UpdatedAt DATETIME2 NULL,
    CreatedBy UNIQUEIDENTIFIER NULL, UpdatedBy UNIQUEIDENTIFIER NULL, IsDeleted BIT NOT NULL DEFAULT 0);
2026-07-22 20:50:00.674 +07:00 [INF] Executed DbCommand (17ms) [Parameters=[], CommandType='"Text"', CommandTimeout='30']
IF OBJECT_ID('dbo.CtaTemplates') IS NOT NULL AND NOT EXISTS (SELECT 1 FROM sys.indexes WHERE name = 'IX_CtaTemplates_CtaText')
    CREATE UNIQUE INDEX IX_CtaTemplates_CtaText ON dbo.CtaTemplates(CtaText);
2026-07-22 20:50:00.682 +07:00 [INF] Executed DbCommand (2ms) [Parameters=[], CommandType='"Text"', CommandTimeout='30']
IF OBJECT_ID('dbo.Hashtags') IS NULL
CREATE TABLE dbo.Hashtags (
    Id UNIQUEIDENTIFIER NOT NULL PRIMARY KEY, Tag NVARCHAR(50) NOT NULL,
    CreatedAt DATETIME2 NOT NULL, UpdatedAt DATETIME2 NULL,
    CreatedBy UNIQUEIDENTIFIER NULL, UpdatedBy UNIQUEIDENTIFIER NULL, IsDeleted BIT NOT NULL DEFAULT 0);
2026-07-22 20:50:00.727 +07:00 [INF] Executed DbCommand (23ms) [Parameters=[], CommandType='"Text"', CommandTimeout='30']
IF OBJECT_ID('dbo.Hashtags') IS NOT NULL AND NOT EXISTS (SELECT 1 FROM sys.indexes WHERE name = 'IX_Hashtags_Tag')
    CREATE UNIQUE INDEX IX_Hashtags_Tag ON dbo.Hashtags(Tag);
2026-07-22 20:50:00.758 +07:00 [INF] Executed DbCommand (6ms) [Parameters=[], CommandType='"Text"', CommandTimeout='30']
IF OBJECT_ID('dbo.BrandProfiles') IS NULL
CREATE TABLE dbo.BrandProfiles (
    Id UNIQUEIDENTIFIER NOT NULL PRIMARY KEY, ProjectId UNIQUEIDENTIFIER NOT NULL,
    LogoUrl NVARCHAR(500) NULL, BusinessName NVARCHAR(150) NOT NULL, BrandName NVARCHAR(150) NOT NULL,
    Industry NVARCHAR(100) NULL, FoundingYear SMALLINT NULL, ShortDescription NVARCHAR(1000) NULL,
    Address NVARCHAR(300) NULL, ContactPhone NVARCHAR(20) NULL, ContactEmail NVARCHAR(255) NULL,
    Website NVARCHAR(255) NULL, VoiceSampleId UNIQUEIDENTIFIER NULL,
    CreatedAt DATETIME2 NOT NULL, UpdatedAt DATETIME2 NULL,
    CreatedBy UNIQUEIDENTIFIER NULL, UpdatedBy UNIQUEIDENTIFIER NULL, IsDeleted BIT NOT NULL DEFAULT 0,
    CONSTRAINT FK_BrandProfiles_Projects FOREIGN KEY (ProjectId) REFERENCES dbo.Projects(Id),
    CONSTRAINT FK_BrandProfiles_VoiceSampleTemplates FOREIGN KEY (VoiceSampleId) REFERENCES dbo.VoiceSampleTemplates(Id));
2026-07-22 20:50:00.782 +07:00 [INF] Executed DbCommand (19ms) [Parameters=[], CommandType='"Text"', CommandTimeout='30']
IF OBJECT_ID('dbo.BrandProfiles') IS NOT NULL AND NOT EXISTS (SELECT 1 FROM sys.indexes WHERE name = 'IX_BrandProfiles_ProjectId')
    CREATE UNIQUE INDEX IX_BrandProfiles_ProjectId ON dbo.BrandProfiles(ProjectId);
2026-07-22 20:50:00.794 +07:00 [INF] Executed DbCommand (2ms) [Parameters=[], CommandType='"Text"', CommandTimeout='30']
IF OBJECT_ID('dbo.BrandProfileStyles') IS NULL
CREATE TABLE dbo.BrandProfileStyles (
    Id UNIQUEIDENTIFIER NOT NULL PRIMARY KEY, BrandProfileId UNIQUEIDENTIFIER NOT NULL, StyleId UNIQUEIDENTIFIER NOT NULL,
    CreatedAt DATETIME2 NOT NULL, UpdatedAt DATETIME2 NULL,
    CreatedBy UNIQUEIDENTIFIER NULL, UpdatedBy UNIQUEIDENTIFIER NULL, IsDeleted BIT NOT NULL DEFAULT 0,
    CONSTRAINT FK_BrandProfileStyles_BrandProfiles FOREIGN KEY (BrandProfileId) REFERENCES dbo.BrandProfiles(Id),
    CONSTRAINT FK_BrandProfileStyles_BrandStyles FOREIGN KEY (StyleId) REFERENCES dbo.BrandStyles(Id));
2026-07-22 20:50:00.816 +07:00 [INF] Executed DbCommand (13ms) [Parameters=[], CommandType='"Text"', CommandTimeout='30']
IF OBJECT_ID('dbo.BrandProfileStyles') IS NOT NULL AND NOT EXISTS (SELECT 1 FROM sys.indexes WHERE name = 'IX_BrandProfileStyles_BrandProfileId_StyleId')
    CREATE UNIQUE INDEX IX_BrandProfileStyles_BrandProfileId_StyleId ON dbo.BrandProfileStyles(BrandProfileId, StyleId);
2026-07-22 20:50:00.832 +07:00 [INF] Executed DbCommand (7ms) [Parameters=[], CommandType='"Text"', CommandTimeout='30']
IF OBJECT_ID('dbo.BrandProfileKeywords') IS NULL
CREATE TABLE dbo.BrandProfileKeywords (
    Id UNIQUEIDENTIFIER NOT NULL PRIMARY KEY, BrandProfileId UNIQUEIDENTIFIER NOT NULL, ToneKeywordId UNIQUEIDENTIFIER NOT NULL,
    CreatedAt DATETIME2 NOT NULL, UpdatedAt DATETIME2 NULL,
    CreatedBy UNIQUEIDENTIFIER NULL, UpdatedBy UNIQUEIDENTIFIER NULL, IsDeleted BIT NOT NULL DEFAULT 0,
    CONSTRAINT FK_BrandProfileKeywords_BrandProfiles FOREIGN KEY (BrandProfileId) REFERENCES dbo.BrandProfiles(Id),
    CONSTRAINT FK_BrandProfileKeywords_ToneKeywords FOREIGN KEY (ToneKeywordId) REFERENCES dbo.ToneKeywords(Id));
2026-07-22 20:50:00.858 +07:00 [INF] Executed DbCommand (15ms) [Parameters=[], CommandType='"Text"', CommandTimeout='30']
IF OBJECT_ID('dbo.BrandProfileKeywords') IS NOT NULL AND NOT EXISTS (SELECT 1 FROM sys.indexes WHERE name = 'IX_BrandProfileKeywords_BrandProfileId_ToneKeywordId')
    CREATE UNIQUE INDEX IX_BrandProfileKeywords_BrandProfileId_ToneKeywordId ON dbo.BrandProfileKeywords(BrandProfileId, ToneKeywordId);
2026-07-22 20:50:00.870 +07:00 [INF] Executed DbCommand (3ms) [Parameters=[], CommandType='"Text"', CommandTimeout='30']
IF OBJECT_ID('dbo.BrandCtas') IS NULL
CREATE TABLE dbo.BrandCtas (
    Id UNIQUEIDENTIFIER NOT NULL PRIMARY KEY, BrandProfileId UNIQUEIDENTIFIER NOT NULL, CtaId UNIQUEIDENTIFIER NOT NULL,
    CreatedAt DATETIME2 NOT NULL, UpdatedAt DATETIME2 NULL,
    CreatedBy UNIQUEIDENTIFIER NULL, UpdatedBy UNIQUEIDENTIFIER NULL, IsDeleted BIT NOT NULL DEFAULT 0,
    CONSTRAINT FK_BrandCtas_BrandProfiles FOREIGN KEY (BrandProfileId) REFERENCES dbo.BrandProfiles(Id),
    CONSTRAINT FK_BrandCtas_CtaTemplates FOREIGN KEY (CtaId) REFERENCES dbo.CtaTemplates(Id));
2026-07-22 20:50:00.894 +07:00 [INF] Executed DbCommand (20ms) [Parameters=[], CommandType='"Text"', CommandTimeout='30']
IF OBJECT_ID('dbo.BrandCtas') IS NOT NULL AND NOT EXISTS (SELECT 1 FROM sys.indexes WHERE name = 'IX_BrandCtas_BrandProfileId_CtaId')
    CREATE UNIQUE INDEX IX_BrandCtas_BrandProfileId_CtaId ON dbo.BrandCtas(BrandProfileId, CtaId);
2026-07-22 20:50:00.909 +07:00 [INF] Executed DbCommand (2ms) [Parameters=[], CommandType='"Text"', CommandTimeout='30']
IF OBJECT_ID('dbo.BrandHashtags') IS NULL
CREATE TABLE dbo.BrandHashtags (
    Id UNIQUEIDENTIFIER NOT NULL PRIMARY KEY, BrandProfileId UNIQUEIDENTIFIER NOT NULL, HashtagId UNIQUEIDENTIFIER NOT NULL,
    CreatedAt DATETIME2 NOT NULL, UpdatedAt DATETIME2 NULL,
    CreatedBy UNIQUEIDENTIFIER NULL, UpdatedBy UNIQUEIDENTIFIER NULL, IsDeleted BIT NOT NULL DEFAULT 0,
    CONSTRAINT FK_BrandHashtags_BrandProfiles FOREIGN KEY (BrandProfileId) REFERENCES dbo.BrandProfiles(Id),
    CONSTRAINT FK_BrandHashtags_Hashtags FOREIGN KEY (HashtagId) REFERENCES dbo.Hashtags(Id));
2026-07-22 20:50:00.930 +07:00 [INF] Executed DbCommand (15ms) [Parameters=[], CommandType='"Text"', CommandTimeout='30']
IF OBJECT_ID('dbo.BrandHashtags') IS NOT NULL AND NOT EXISTS (SELECT 1 FROM sys.indexes WHERE name = 'IX_BrandHashtags_BrandProfileId_HashtagId')
    CREATE UNIQUE INDEX IX_BrandHashtags_BrandProfileId_HashtagId ON dbo.BrandHashtags(BrandProfileId, HashtagId);
2026-07-22 20:50:00.941 +07:00 [INF] Executed DbCommand (3ms) [Parameters=[], CommandType='"Text"', CommandTimeout='30']
IF OBJECT_ID('dbo.BrandColors') IS NULL
CREATE TABLE dbo.BrandColors (
    Id UNIQUEIDENTIFIER NOT NULL PRIMARY KEY, BrandProfileId UNIQUEIDENTIFIER NOT NULL,
    ColorHex NVARCHAR(9) NOT NULL, ColorType NVARCHAR(20) NOT NULL DEFAULT 'Secondary', SortOrder INT NOT NULL DEFAULT 0,
    CreatedAt DATETIME2 NOT NULL, UpdatedAt DATETIME2 NULL,
    CreatedBy UNIQUEIDENTIFIER NULL, UpdatedBy UNIQUEIDENTIFIER NULL, IsDeleted BIT NOT NULL DEFAULT 0,
    CONSTRAINT FK_BrandColors_BrandProfiles FOREIGN KEY (BrandProfileId) REFERENCES dbo.BrandProfiles(Id));
2026-07-22 20:50:00.946 +07:00 [INF] Executed DbCommand (1ms) [Parameters=[], CommandType='"Text"', CommandTimeout='30']
IF OBJECT_ID('dbo.BrandFonts') IS NULL
CREATE TABLE dbo.BrandFonts (
    Id UNIQUEIDENTIFIER NOT NULL PRIMARY KEY, BrandProfileId UNIQUEIDENTIFIER NOT NULL,
    FontName NVARCHAR(100) NOT NULL, UsageType NVARCHAR(20) NOT NULL,
    CreatedAt DATETIME2 NOT NULL, UpdatedAt DATETIME2 NULL,
    CreatedBy UNIQUEIDENTIFIER NULL, UpdatedBy UNIQUEIDENTIFIER NULL, IsDeleted BIT NOT NULL DEFAULT 0,
    CONSTRAINT FK_BrandFonts_BrandProfiles FOREIGN KEY (BrandProfileId) REFERENCES dbo.BrandProfiles(Id));
2026-07-22 20:50:00.958 +07:00 [INF] Executed DbCommand (2ms) [Parameters=[], CommandType='"Text"', CommandTimeout='30']
IF OBJECT_ID('dbo.ProductCategories') IS NULL
CREATE TABLE dbo.ProductCategories (
    Id UNIQUEIDENTIFIER NOT NULL PRIMARY KEY, BrandProfileId UNIQUEIDENTIFIER NOT NULL, CategoryName NVARCHAR(100) NOT NULL,
    CreatedAt DATETIME2 NOT NULL, UpdatedAt DATETIME2 NULL,
    CreatedBy UNIQUEIDENTIFIER NULL, UpdatedBy UNIQUEIDENTIFIER NULL, IsDeleted BIT NOT NULL DEFAULT 0,
    CONSTRAINT FK_ProductCategories_BrandProfiles FOREIGN KEY (BrandProfileId) REFERENCES dbo.BrandProfiles(Id));
2026-07-22 20:50:00.986 +07:00 [INF] Executed DbCommand (22ms) [Parameters=[], CommandType='"Text"', CommandTimeout='30']
IF OBJECT_ID('dbo.ProductCategories') IS NOT NULL AND NOT EXISTS (SELECT 1 FROM sys.indexes WHERE name = 'IX_ProductCategories_BrandProfileId_CategoryName')
    CREATE UNIQUE INDEX IX_ProductCategories_BrandProfileId_CategoryName ON dbo.ProductCategories(BrandProfileId, CategoryName);
2026-07-22 20:50:01.005 +07:00 [INF] Executed DbCommand (2ms) [Parameters=[], CommandType='"Text"', CommandTimeout='30']
IF OBJECT_ID('dbo.Products') IS NULL
CREATE TABLE dbo.Products (
    Id UNIQUEIDENTIFIER NOT NULL PRIMARY KEY, BrandProfileId UNIQUEIDENTIFIER NOT NULL, ProductCategoryId UNIQUEIDENTIFIER NULL,
    ProductName NVARCHAR(200) NOT NULL, Price DECIMAL(18,2) NULL, AiGeneratedDescription NVARCHAR(MAX) NULL,
    CreatedAt DATETIME2 NOT NULL, UpdatedAt DATETIME2 NULL,
    CreatedBy UNIQUEIDENTIFIER NULL, UpdatedBy UNIQUEIDENTIFIER NULL, IsDeleted BIT NOT NULL DEFAULT 0,
    CONSTRAINT FK_Products_BrandProfiles FOREIGN KEY (BrandProfileId) REFERENCES dbo.BrandProfiles(Id),
    CONSTRAINT FK_Products_ProductCategories FOREIGN KEY (ProductCategoryId) REFERENCES dbo.ProductCategories(Id));
2026-07-22 20:50:01.038 +07:00 [INF] Executed DbCommand (24ms) [Parameters=[], CommandType='"Text"', CommandTimeout='30']
IF NOT EXISTS (SELECT 1 FROM sys.foreign_keys WHERE name = 'FK_MediaFiles_Products_ProductId') AND OBJECT_ID('dbo.Products') IS NOT NULL
    ALTER TABLE dbo.MediaFiles ADD CONSTRAINT FK_MediaFiles_Products_ProductId FOREIGN KEY (ProductId) REFERENCES dbo.Products(Id);
2026-07-22 20:50:01.052 +07:00 [INF] Executed DbCommand (2ms) [Parameters=[], CommandType='"Text"', CommandTimeout='30']
IF OBJECT_ID('dbo.CampaignGoals') IS NULL
CREATE TABLE dbo.CampaignGoals (
    Id UNIQUEIDENTIFIER NOT NULL PRIMARY KEY, GoalName NVARCHAR(100) NOT NULL,
    CreatedAt DATETIME2 NOT NULL, UpdatedAt DATETIME2 NULL,
    CreatedBy UNIQUEIDENTIFIER NULL, UpdatedBy UNIQUEIDENTIFIER NULL, IsDeleted BIT NOT NULL DEFAULT 0);
2026-07-22 20:50:01.073 +07:00 [INF] Executed DbCommand (14ms) [Parameters=[], CommandType='"Text"', CommandTimeout='30']
IF OBJECT_ID('dbo.CampaignGoals') IS NOT NULL AND NOT EXISTS (SELECT 1 FROM sys.indexes WHERE name = 'IX_CampaignGoals_GoalName')
    CREATE UNIQUE INDEX IX_CampaignGoals_GoalName ON dbo.CampaignGoals(GoalName);
2026-07-22 20:50:01.081 +07:00 [INF] Executed DbCommand (2ms) [Parameters=[], CommandType='"Text"', CommandTimeout='30']
IF OBJECT_ID('dbo.PromotionTypes') IS NULL
CREATE TABLE dbo.PromotionTypes (
    Id UNIQUEIDENTIFIER NOT NULL PRIMARY KEY, TypeName NVARCHAR(100) NOT NULL,
    CreatedAt DATETIME2 NOT NULL, UpdatedAt DATETIME2 NULL,
    CreatedBy UNIQUEIDENTIFIER NULL, UpdatedBy UNIQUEIDENTIFIER NULL, IsDeleted BIT NOT NULL DEFAULT 0);
2026-07-22 20:50:01.103 +07:00 [INF] Executed DbCommand (15ms) [Parameters=[], CommandType='"Text"', CommandTimeout='30']
IF OBJECT_ID('dbo.PromotionTypes') IS NOT NULL AND NOT EXISTS (SELECT 1 FROM sys.indexes WHERE name = 'IX_PromotionTypes_TypeName')
    CREATE UNIQUE INDEX IX_PromotionTypes_TypeName ON dbo.PromotionTypes(TypeName);
2026-07-22 20:50:01.115 +07:00 [INF] Executed DbCommand (5ms) [Parameters=[], CommandType='"Text"', CommandTimeout='30']
IF OBJECT_ID('dbo.TimelineTemplateTypes') IS NULL
CREATE TABLE dbo.TimelineTemplateTypes (
    Id UNIQUEIDENTIFIER NOT NULL PRIMARY KEY, TypeName NVARCHAR(50) NOT NULL, Description NVARCHAR(300) NULL,
    CreatedAt DATETIME2 NOT NULL, UpdatedAt DATETIME2 NULL,
    CreatedBy UNIQUEIDENTIFIER NULL, UpdatedBy UNIQUEIDENTIFIER NULL, IsDeleted BIT NOT NULL DEFAULT 0);
2026-07-22 20:50:01.148 +07:00 [INF] Executed DbCommand (21ms) [Parameters=[], CommandType='"Text"', CommandTimeout='30']
IF OBJECT_ID('dbo.TimelineTemplateTypes') IS NOT NULL AND NOT EXISTS (SELECT 1 FROM sys.indexes WHERE name = 'IX_TimelineTemplateTypes_TypeName')
    CREATE UNIQUE INDEX IX_TimelineTemplateTypes_TypeName ON dbo.TimelineTemplateTypes(TypeName);
2026-07-22 20:50:01.161 +07:00 [INF] Executed DbCommand (2ms) [Parameters=[], CommandType='"Text"', CommandTimeout='30']
IF OBJECT_ID('dbo.Campaigns') IS NULL
CREATE TABLE dbo.Campaigns (
    Id UNIQUEIDENTIFIER NOT NULL PRIMARY KEY, ProjectId UNIQUEIDENTIFIER NOT NULL, Name NVARCHAR(200) NOT NULL,
    GoalId UNIQUEIDENTIFIER NOT NULL, PromotionTypeId UNIQUEIDENTIFIER NOT NULL,
    DiscountPercent DECIMAL(5,2) NULL, DiscountAmount DECIMAL(18,2) NULL, MinOrderAmount DECIMAL(18,2) NULL,
    StartDate DATE NOT NULL, EndDate DATE NOT NULL, NumberOfPosts INT NOT NULL DEFAULT 1, Status INT NOT NULL,
    CreatedAt DATETIME2 NOT NULL, UpdatedAt DATETIME2 NULL,
    CreatedBy UNIQUEIDENTIFIER NULL, UpdatedBy UNIQUEIDENTIFIER NULL, IsDeleted BIT NOT NULL DEFAULT 0,
    CONSTRAINT FK_Campaigns_Projects FOREIGN KEY (ProjectId) REFERENCES dbo.Projects(Id),
    CONSTRAINT FK_Campaigns_CampaignGoals FOREIGN KEY (GoalId) REFERENCES dbo.CampaignGoals(Id),
    CONSTRAINT FK_Campaigns_PromotionTypes FOREIGN KEY (PromotionTypeId) REFERENCES dbo.PromotionTypes(Id),
    CONSTRAINT CK_Campaigns_Dates CHECK (EndDate >= StartDate),
    CONSTRAINT CK_Campaigns_NumberOfPosts CHECK (NumberOfPosts > 0));
2026-07-22 20:50:01.170 +07:00 [INF] Executed DbCommand (3ms) [Parameters=[], CommandType='"Text"', CommandTimeout='30']
IF OBJECT_ID('dbo.CampaignChannelAccounts') IS NULL
CREATE TABLE dbo.CampaignChannelAccounts (
    Id UNIQUEIDENTIFIER NOT NULL PRIMARY KEY, CampaignId UNIQUEIDENTIFIER NOT NULL, ChannelAccountId UNIQUEIDENTIFIER NOT NULL,
    CreatedAt DATETIME2 NOT NULL, UpdatedAt DATETIME2 NULL,
    CreatedBy UNIQUEIDENTIFIER NULL, UpdatedBy UNIQUEIDENTIFIER NULL, IsDeleted BIT NOT NULL DEFAULT 0,
    CONSTRAINT FK_CampaignChannelAccounts_Campaigns FOREIGN KEY (CampaignId) REFERENCES dbo.Campaigns(Id),
    CONSTRAINT FK_CampaignChannelAccounts_ChannelAccounts FOREIGN KEY (ChannelAccountId) REFERENCES dbo.ChannelAccounts(Id));
2026-07-22 20:50:01.198 +07:00 [INF] Executed DbCommand (21ms) [Parameters=[], CommandType='"Text"', CommandTimeout='30']
IF OBJECT_ID('dbo.CampaignChannelAccounts') IS NOT NULL AND NOT EXISTS (SELECT 1 FROM sys.indexes WHERE name = 'IX_CampaignChannelAccounts_CampaignId_ChannelAccountId')
    CREATE UNIQUE INDEX IX_CampaignChannelAccounts_CampaignId_ChannelAccountId ON dbo.CampaignChannelAccounts(CampaignId, ChannelAccountId);
2026-07-22 20:50:01.204 +07:00 [INF] Executed DbCommand (2ms) [Parameters=[], CommandType='"Text"', CommandTimeout='30']
IF OBJECT_ID('dbo.Timelines') IS NULL
CREATE TABLE dbo.Timelines (
    Id UNIQUEIDENTIFIER NOT NULL PRIMARY KEY, ProjectId UNIQUEIDENTIFIER NOT NULL, CampaignId UNIQUEIDENTIFIER NULL,
    Name NVARCHAR(200) NOT NULL, TemplateTypeId UNIQUEIDENTIFIER NOT NULL,
    StartDate DATE NOT NULL, EndDate DATE NOT NULL, Status INT NOT NULL,
    CreatedAt DATETIME2 NOT NULL, UpdatedAt DATETIME2 NULL,
    CreatedBy UNIQUEIDENTIFIER NULL, UpdatedBy UNIQUEIDENTIFIER NULL, IsDeleted BIT NOT NULL DEFAULT 0,
    CONSTRAINT FK_Timelines_Projects FOREIGN KEY (ProjectId) REFERENCES dbo.Projects(Id),
    CONSTRAINT FK_Timelines_Campaigns FOREIGN KEY (CampaignId) REFERENCES dbo.Campaigns(Id),
    CONSTRAINT FK_Timelines_TimelineTemplateTypes FOREIGN KEY (TemplateTypeId) REFERENCES dbo.TimelineTemplateTypes(Id),
    CONSTRAINT CK_Timelines_Dates CHECK (EndDate >= StartDate));
2026-07-22 20:50:01.232 +07:00 [INF] Executed DbCommand (15ms) [Parameters=[], CommandType='"Text"', CommandTimeout='30']
IF NOT EXISTS (SELECT 1 FROM sys.foreign_keys WHERE name = 'FK_Posts_Timelines_TimelineId') AND OBJECT_ID('dbo.Timelines') IS NOT NULL
    ALTER TABLE dbo.Posts ADD CONSTRAINT FK_Posts_Timelines_TimelineId FOREIGN KEY (TimelineId) REFERENCES dbo.Timelines(Id);
2026-07-22 20:50:01.247 +07:00 [INF] Executed DbCommand (11ms) [Parameters=[], CommandType='"Text"', CommandTimeout='30']
IF NOT EXISTS (SELECT 1 FROM sys.foreign_keys WHERE name = 'FK_Posts_VoiceSampleTemplates_VoiceSampleId') AND OBJECT_ID('dbo.VoiceSampleTemplates') IS NOT NULL
    ALTER TABLE dbo.Posts ADD CONSTRAINT FK_Posts_VoiceSampleTemplates_VoiceSampleId FOREIGN KEY (VoiceSampleId) REFERENCES dbo.VoiceSampleTemplates(Id);
2026-07-22 20:50:01.254 +07:00 [INF] Executed DbCommand (2ms) [Parameters=[], CommandType='"Text"', CommandTimeout='30']
IF OBJECT_ID('dbo.PostHashtags') IS NULL
CREATE TABLE dbo.PostHashtags (
    Id UNIQUEIDENTIFIER NOT NULL PRIMARY KEY, PostId UNIQUEIDENTIFIER NOT NULL, HashtagId UNIQUEIDENTIFIER NOT NULL,
    CreatedAt DATETIME2 NOT NULL, UpdatedAt DATETIME2 NULL,
    CreatedBy UNIQUEIDENTIFIER NULL, UpdatedBy UNIQUEIDENTIFIER NULL, IsDeleted BIT NOT NULL DEFAULT 0,
    CONSTRAINT FK_PostHashtags_Posts FOREIGN KEY (PostId) REFERENCES dbo.Posts(Id),
    CONSTRAINT FK_PostHashtags_Hashtags FOREIGN KEY (HashtagId) REFERENCES dbo.Hashtags(Id));
2026-07-22 20:50:01.262 +07:00 [INF] Executed DbCommand (2ms) [Parameters=[], CommandType='"Text"', CommandTimeout='30']
IF OBJECT_ID('dbo.PostChannelAccounts') IS NULL
CREATE TABLE dbo.PostChannelAccounts (
    Id UNIQUEIDENTIFIER NOT NULL PRIMARY KEY, PostId UNIQUEIDENTIFIER NOT NULL, ChannelAccountId UNIQUEIDENTIFIER NOT NULL,
    Status INT NOT NULL, ExternalPostId NVARCHAR(128) NULL, PublishedUrl NVARCHAR(1000) NULL, PublishedAt DATETIME2 NULL,
    CreatedAt DATETIME2 NOT NULL, UpdatedAt DATETIME2 NULL,
    CreatedBy UNIQUEIDENTIFIER NULL, UpdatedBy UNIQUEIDENTIFIER NULL, IsDeleted BIT NOT NULL DEFAULT 0,
    CONSTRAINT FK_PostChannelAccounts_Posts FOREIGN KEY (PostId) REFERENCES dbo.Posts(Id),
    CONSTRAINT FK_PostChannelAccounts_ChannelAccounts FOREIGN KEY (ChannelAccountId) REFERENCES dbo.ChannelAccounts(Id));
2026-07-22 20:50:01.279 +07:00 [INF] Executed DbCommand (13ms) [Parameters=[], CommandType='"Text"', CommandTimeout='30']
IF OBJECT_ID('dbo.PostChannelAccounts') IS NOT NULL AND NOT EXISTS (SELECT 1 FROM sys.indexes WHERE name = 'IX_PostChannelAccounts_PostId_ChannelAccountId')
    CREATE UNIQUE INDEX IX_PostChannelAccounts_PostId_ChannelAccountId ON dbo.PostChannelAccounts(PostId, ChannelAccountId);
2026-07-22 20:50:01.294 +07:00 [INF] Executed DbCommand (11ms) [Parameters=[], CommandType='"Text"', CommandTimeout='30']
IF NOT EXISTS (SELECT 1 FROM sys.foreign_keys WHERE name = 'FK_PostSchedules_PostChannelAccounts_PostChannelAccountId') AND OBJECT_ID('dbo.PostChannelAccounts') IS NOT NULL
    ALTER TABLE dbo.PostSchedules ADD CONSTRAINT FK_PostSchedules_PostChannelAccounts_PostChannelAccountId FOREIGN KEY (PostChannelAccountId) REFERENCES dbo.PostChannelAccounts(Id);
2026-07-22 20:50:01.303 +07:00 [INF] Executed DbCommand (2ms) [Parameters=[], CommandType='"Text"', CommandTimeout='30']
IF OBJECT_ID('dbo.PostAnalytics') IS NULL
CREATE TABLE dbo.PostAnalytics (
    Id UNIQUEIDENTIFIER NOT NULL PRIMARY KEY, PostChannelAccountId UNIQUEIDENTIFIER NOT NULL,
    Reach INT NOT NULL DEFAULT 0, Likes INT NOT NULL DEFAULT 0, Comments INT NOT NULL DEFAULT 0, Shares INT NOT NULL DEFAULT 0,
    RecordedAt DATETIME2 NOT NULL,
    CreatedAt DATETIME2 NOT NULL, UpdatedAt DATETIME2 NULL,
    CreatedBy UNIQUEIDENTIFIER NULL, UpdatedBy UNIQUEIDENTIFIER NULL, IsDeleted BIT NOT NULL DEFAULT 0,
    CONSTRAINT FK_PostAnalytics_PostChannelAccounts FOREIGN KEY (PostChannelAccountId) REFERENCES dbo.PostChannelAccounts(Id));
2026-07-22 20:50:01.326 +07:00 [INF] Executed DbCommand (15ms) [Parameters=[], CommandType='"Text"', CommandTimeout='30']
IF OBJECT_ID('dbo.PostAnalytics') IS NOT NULL AND NOT EXISTS (SELECT 1 FROM sys.indexes WHERE name = 'IX_PostAnalytics_PostChannelAccountId')
    CREATE UNIQUE INDEX IX_PostAnalytics_PostChannelAccountId ON dbo.PostAnalytics(PostChannelAccountId);
2026-07-22 20:50:01.329 +07:00 [INF] FlowMate EF compatibility layer applied.
2026-07-22 20:50:01.750 +07:00 [INF] Executed DbCommand (8ms) [Parameters=[], CommandType='"Text"', CommandTimeout='30']
SELECT CASE
    WHEN EXISTS (
        SELECT 1
        FROM [Roles] AS [r]
        WHERE [r].[IsDeleted] = CAST(0 AS bit)) THEN CAST(1 AS bit)
    ELSE CAST(0 AS bit)
END
2026-07-22 20:50:01.800 +07:00 [INF] Executed DbCommand (5ms) [Parameters=[], CommandType='"Text"', CommandTimeout='30']
SELECT CASE
    WHEN EXISTS (
        SELECT 1
        FROM [Permissions] AS [p]
        WHERE [p].[IsDeleted] = CAST(0 AS bit)) THEN CAST(1 AS bit)
    ELSE CAST(0 AS bit)
END
2026-07-22 20:50:01.827 +07:00 [INF] Executed DbCommand (6ms) [Parameters=[], CommandType='"Text"', CommandTimeout='30']
SELECT CASE
    WHEN EXISTS (
        SELECT 1
        FROM [RolePermissions] AS [r]
        WHERE [r].[IsDeleted] = CAST(0 AS bit) AND [r].[RoleId] = '33333333-3333-3333-3333-333333333333') THEN CAST(1 AS bit)
    ELSE CAST(0 AS bit)
END
2026-07-22 20:50:01.845 +07:00 [INF] Executed DbCommand (4ms) [Parameters=[], CommandType='"Text"', CommandTimeout='30']
SELECT CASE
    WHEN EXISTS (
        SELECT 1
        FROM [Plans] AS [p]
        WHERE [p].[IsDeleted] = CAST(0 AS bit)) THEN CAST(1 AS bit)
    ELSE CAST(0 AS bit)
END
2026-07-22 20:50:01.859 +07:00 [INF] Executed DbCommand (3ms) [Parameters=[], CommandType='"Text"', CommandTimeout='30']
SELECT CASE
    WHEN EXISTS (
        SELECT 1
        FROM [Channels] AS [c]
        WHERE [c].[IsDeleted] = CAST(0 AS bit)) THEN CAST(1 AS bit)
    ELSE CAST(0 AS bit)
END
2026-07-22 20:50:01.872 +07:00 [INF] Executed DbCommand (5ms) [Parameters=[], CommandType='"Text"', CommandTimeout='30']
SELECT CASE
    WHEN EXISTS (
        SELECT 1
        FROM [BrandStyles] AS [b]
        WHERE [b].[IsDeleted] = CAST(0 AS bit)) THEN CAST(1 AS bit)
    ELSE CAST(0 AS bit)
END
2026-07-22 20:50:01.885 +07:00 [INF] Executed DbCommand (4ms) [Parameters=[], CommandType='"Text"', CommandTimeout='30']
SELECT CASE
    WHEN EXISTS (
        SELECT 1
        FROM [ToneKeywords] AS [t]
        WHERE [t].[IsDeleted] = CAST(0 AS bit)) THEN CAST(1 AS bit)
    ELSE CAST(0 AS bit)
END
2026-07-22 20:50:01.899 +07:00 [INF] Executed DbCommand (5ms) [Parameters=[], CommandType='"Text"', CommandTimeout='30']
SELECT CASE
    WHEN EXISTS (
        SELECT 1
        FROM [VoiceSampleTemplates] AS [v]
        WHERE [v].[IsDeleted] = CAST(0 AS bit)) THEN CAST(1 AS bit)
    ELSE CAST(0 AS bit)
END
2026-07-22 20:50:01.913 +07:00 [INF] Executed DbCommand (6ms) [Parameters=[], CommandType='"Text"', CommandTimeout='30']
SELECT CASE
    WHEN EXISTS (
        SELECT 1
        FROM [CtaTemplates] AS [c]
        WHERE [c].[IsDeleted] = CAST(0 AS bit)) THEN CAST(1 AS bit)
    ELSE CAST(0 AS bit)
END
2026-07-22 20:50:01.927 +07:00 [INF] Executed DbCommand (6ms) [Parameters=[], CommandType='"Text"', CommandTimeout='30']
SELECT CASE
    WHEN EXISTS (
        SELECT 1
        FROM [CampaignGoals] AS [c]
        WHERE [c].[IsDeleted] = CAST(0 AS bit)) THEN CAST(1 AS bit)
    ELSE CAST(0 AS bit)
END
2026-07-22 20:50:01.941 +07:00 [INF] Executed DbCommand (6ms) [Parameters=[], CommandType='"Text"', CommandTimeout='30']
SELECT CASE
    WHEN EXISTS (
        SELECT 1
        FROM [PromotionTypes] AS [p]
        WHERE [p].[IsDeleted] = CAST(0 AS bit)) THEN CAST(1 AS bit)
    ELSE CAST(0 AS bit)
END
2026-07-22 20:50:01.953 +07:00 [INF] Executed DbCommand (4ms) [Parameters=[], CommandType='"Text"', CommandTimeout='30']
SELECT CASE
    WHEN EXISTS (
        SELECT 1
        FROM [TimelineTemplateTypes] AS [t]
        WHERE [t].[IsDeleted] = CAST(0 AS bit)) THEN CAST(1 AS bit)
    ELSE CAST(0 AS bit)
END
2026-07-22 20:50:01.969 +07:00 [INF] Executed DbCommand (5ms) [Parameters=[], CommandType='"Text"', CommandTimeout='30']
SELECT CASE
    WHEN EXISTS (
        SELECT 1
        FROM [Settings] AS [s]
        WHERE [s].[IsDeleted] = CAST(0 AS bit)) THEN CAST(1 AS bit)
    ELSE CAST(0 AS bit)
END
2026-07-22 20:50:01.997 +07:00 [INF] Executed DbCommand (5ms) [Parameters=[], CommandType='"Text"', CommandTimeout='30']
SELECT CASE
    WHEN EXISTS (
        SELECT 1
        FROM [AiPrompts] AS [a]
        WHERE [a].[IsDeleted] = CAST(0 AS bit)) THEN CAST(1 AS bit)
    ELSE CAST(0 AS bit)
END
2026-07-22 20:50:02.019 +07:00 [INF] Executed DbCommand (3ms) [Parameters=[], CommandType='"Text"', CommandTimeout='30']
SELECT CASE
    WHEN EXISTS (
        SELECT 1
        FROM [AiPrompts] AS [a]
        WHERE [a].[IsDeleted] = CAST(0 AS bit) AND [a].[Name] = N'Facebook Fanpage Bán Hàng') THEN CAST(1 AS bit)
    ELSE CAST(0 AS bit)
END
2026-07-22 20:50:02.036 +07:00 [INF] Executed DbCommand (6ms) [Parameters=[], CommandType='"Text"', CommandTimeout='30']
SELECT CASE
    WHEN EXISTS (
        SELECT 1
        FROM [Users] AS [u]
        WHERE [u].[IsDeleted] = CAST(0 AS bit) AND [u].[Email] = N'admin@autowork.com') THEN CAST(1 AS bit)
    ELSE CAST(0 AS bit)
END
2026-07-22 20:50:02.049 +07:00 [INF] Executed DbCommand (5ms) [Parameters=[], CommandType='"Text"', CommandTimeout='30']
SELECT CASE
    WHEN EXISTS (
        SELECT 1
        FROM [Users] AS [u]
        WHERE [u].[IsDeleted] = CAST(0 AS bit) AND [u].[Email] = N'demo@autowork.com') THEN CAST(1 AS bit)
    ELSE CAST(0 AS bit)
END
2026-07-22 20:50:02.066 +07:00 [INF] Executed DbCommand (4ms) [Parameters=[], CommandType='"Text"', CommandTimeout='30']
SELECT CASE
    WHEN EXISTS (
        SELECT 1
        FROM [Projects] AS [p]
        WHERE [p].[IsDeleted] = CAST(0 AS bit) AND [p].[Id] = '13131313-1313-1313-1313-131313131313') THEN CAST(1 AS bit)
    ELSE CAST(0 AS bit)
END
2026-07-22 20:50:02.079 +07:00 [INF] Executed DbCommand (5ms) [Parameters=[], CommandType='"Text"', CommandTimeout='30']
SELECT CASE
    WHEN EXISTS (
        SELECT 1
        FROM [Posts] AS [p]
        WHERE [p].[IsDeleted] = CAST(0 AS bit) AND [p].[ProjectId] = '13131313-1313-1313-1313-131313131313') THEN CAST(1 AS bit)
    ELSE CAST(0 AS bit)
END
2026-07-22 20:50:02.101 +07:00 [INF] Database seed completed successfully.
2026-07-22 20:50:02.356 +07:00 [INF] Start installing Hangfire SQL objects...
2026-07-22 20:50:02.573 +07:00 [INF] Hangfire SQL objects installed.
2026-07-22 20:50:03.047 +07:00 [WRN] The WebRootPath was not found: D:\EXE01\AIMarketingAssistant\src\AutoWork.API\wwwroot. Static files may be unavailable.
2026-07-22 20:50:03.200 +07:00 [INF] Now listening on: https://localhost:7165
2026-07-22 20:50:03.402 +07:00 [INF] Starting Hangfire Server using job storage: 'SQL Server: localhost@FlowMateDB'
2026-07-22 20:50:03.406 +07:00 [INF] Using the following options for SQL Server job storage: Queue poll interval: 00:00:15.
2026-07-22 20:50:03.411 +07:00 [INF] Using the following options for Hangfire Server:
    Worker count: 20
    Listening queues: 'default'
    Shutdown timeout: 00:00:15
    Schedule polling interval: 00:00:15
2026-07-22 20:50:03.450 +07:00 [INF] Application started. Press Ctrl+C to shut down.
2026-07-22 20:50:03.453 +07:00 [INF] Hosting environment: Development
2026-07-22 20:50:03.456 +07:00 [INF] Content root path: D:\EXE01\AIMarketingAssistant\src\AutoWork.API
2026-07-22 20:50:03.484 +07:00 [INF] Server laptop-g044c7b0:22960:16520aad successfully announced in 33.1894 ms
2026-07-22 20:50:03.498 +07:00 [INF] Server laptop-g044c7b0:22960:16520aad is starting the registered dispatchers: ServerWatchdog, ServerJobCancellationWatcher, ExpirationManager, CountersAggregator, SqlServerHeartbeatProcess, Worker, DelayedJobScheduler, RecurringJobScheduler...
2026-07-22 20:50:03.679 +07:00 [INF] Server laptop-g044c7b0:22960:16520aad all the dispatchers started
2026-07-22 20:50:08.374 +07:00 [INF] Executed DbCommand (40ms) [Parameters=[@__before_0='?' (DbType = DateTime2)], CommandType='"Text"', CommandTimeout='30']
SELECT [p].[Id], [p].[CreatedAt], [p].[CreatedBy], [p].[ExecutedAt], [p].[FailureReason], [p].[IsDeleted], [p].[PostChannelAccountId], [p].[PostId], [p].[RetryCount], [p].[ScheduledAt], [p].[Status], [p].[UpdatedAt], [p].[UpdatedBy], [t].[Id], [t].[ChannelAccountId], [t].[CreatedAt], [t].[CreatedBy], [t].[DayNumber], [t].[ExternalPostId], [t].[IsDeleted], [t].[ProjectId], [t].[PublishedAt], [t].[PublishedUrl], [t].[ScheduledAt], [t].[Status], [t].[TimelineId], [t].[Title], [t].[TrackingEnabled], [t].[UpdatedAt], [t].[UpdatedBy], [t].[VoiceSampleId], [t0].[Id], [t0].[Content], [t0].[ContentType], [t0].[CreatedAt], [t0].[CreatedBy], [t0].[IsDeleted], [t0].[MediaFileId], [t0].[PostId], [t0].[SortOrder], [t0].[UpdatedAt], [t0].[UpdatedBy]
FROM [PostSchedules] AS [p]
INNER JOIN (
    SELECT [p0].[Id], [p0].[ChannelAccountId], [p0].[CreatedAt], [p0].[CreatedBy], [p0].[DayNumber], [p0].[ExternalPostId], [p0].[IsDeleted], [p0].[ProjectId], [p0].[PublishedAt], [p0].[PublishedUrl], [p0].[ScheduledAt], [p0].[Status], [p0].[TimelineId], [p0].[Title], [p0].[TrackingEnabled], [p0].[UpdatedAt], [p0].[UpdatedBy], [p0].[VoiceSampleId]
    FROM [Posts] AS [p0]
    WHERE [p0].[IsDeleted] = CAST(0 AS bit)
) AS [t] ON [p].[PostId] = [t].[Id]
LEFT JOIN (
    SELECT [p1].[Id], [p1].[Content], [p1].[ContentType], [p1].[CreatedAt], [p1].[CreatedBy], [p1].[IsDeleted], [p1].[MediaFileId], [p1].[PostId], [p1].[SortOrder], [p1].[UpdatedAt], [p1].[UpdatedBy]
    FROM [PostContents] AS [p1]
    WHERE [p1].[IsDeleted] = CAST(0 AS bit)
) AS [t0] ON [t].[Id] = [t0].[PostId]
WHERE [p].[IsDeleted] = CAST(0 AS bit) AND [p].[Status] = 0 AND [p].[ScheduledAt] <= @__before_0
ORDER BY [p].[ScheduledAt], [p].[Id], [t].[Id]
2026-07-22 20:50:21.351 +07:00 [WRN] Stopping the server due to DomainUnload or ProcessExit event...
2026-07-22 20:50:21.355 +07:00 [INF] Server laptop-g044c7b0:22960:16520aad caught stopping signal...
2026-07-22 20:50:21.480 +07:00 [INF] Server laptop-g044c7b0:22960:16520aad caught stopped signal...
2026-07-22 20:50:21.567 +07:00 [WRN] Server laptop-g044c7b0:22960:16520aad caught shutdown signal...
2026-07-22 20:50:21.574 +07:00 [INF] Server laptop-g044c7b0:22960:16520aad All dispatchers stopped
2026-07-22 20:50:21.628 +07:00 [INF] Server laptop-g044c7b0:22960:16520aad successfully reported itself as stopped in 12.2426 ms
2026-07-22 20:50:21.629 +07:00 [INF] Server laptop-g044c7b0:22960:16520aad has been stopped in total 163.015 ms
2026-07-22 22:24:07.669 +07:00 [WRN] No store type was specified for the decimal property 'TotalEarnings' on entity type 'Affiliate'. This will cause values to be silently truncated if they do not fit in the default precision and scale. Explicitly specify the SQL server column type that can accommodate all the values in 'OnModelCreating' using 'HasColumnType', specify precision and scale using 'HasPrecision', or configure a value converter using 'HasConversion'.
2026-07-22 22:24:09.544 +07:00 [INF] Detected FlowMate/SQL schema without EF history — applying compat layer and skipping MigrateAsync.
2026-07-22 22:24:09.599 +07:00 [INF] Executed DbCommand (18ms) [Parameters=[], CommandType='"Text"', CommandTimeout='30']
IF COL_LENGTH('dbo.Posts', 'ChannelAccountId') IS NULL
    ALTER TABLE dbo.Posts ADD ChannelAccountId UNIQUEIDENTIFIER NULL;
2026-07-22 22:24:09.611 +07:00 [INF] Executed DbCommand (2ms) [Parameters=[], CommandType='"Text"', CommandTimeout='30']
IF COL_LENGTH('dbo.Posts', 'ExternalPostId') IS NULL
    ALTER TABLE dbo.Posts ADD ExternalPostId NVARCHAR(128) NULL;
2026-07-22 22:24:09.618 +07:00 [INF] Executed DbCommand (2ms) [Parameters=[], CommandType='"Text"', CommandTimeout='30']
IF COL_LENGTH('dbo.Posts', 'PublishedUrl') IS NULL
    ALTER TABLE dbo.Posts ADD PublishedUrl NVARCHAR(1000) NULL;
2026-07-22 22:24:09.621 +07:00 [INF] Executed DbCommand (1ms) [Parameters=[], CommandType='"Text"', CommandTimeout='30']
IF COL_LENGTH('dbo.Posts', 'PublishedAt') IS NULL
    ALTER TABLE dbo.Posts ADD PublishedAt DATETIME2 NULL;
2026-07-22 22:24:09.626 +07:00 [INF] Executed DbCommand (1ms) [Parameters=[], CommandType='"Text"', CommandTimeout='30']
IF COL_LENGTH('dbo.PostSchedules', 'PostId') IS NULL
    ALTER TABLE dbo.PostSchedules ADD PostId UNIQUEIDENTIFIER NULL;
2026-07-22 22:24:09.630 +07:00 [INF] Executed DbCommand (1ms) [Parameters=[], CommandType='"Text"', CommandTimeout='30']
IF COL_LENGTH('dbo.PostSchedules', 'PostChannelAccountId') IS NOT NULL
   AND COLUMNPROPERTY(OBJECT_ID('dbo.PostSchedules'), 'PostChannelAccountId', 'AllowsNull') = 0
BEGIN
    ALTER TABLE dbo.PostSchedules ALTER COLUMN PostChannelAccountId UNIQUEIDENTIFIER NULL;
END
2026-07-22 22:24:09.634 +07:00 [INF] Executed DbCommand (1ms) [Parameters=[], CommandType='"Text"', CommandTimeout='30']
IF COL_LENGTH('dbo.ChannelAccounts', 'ParentChannelAccountId') IS NULL
    ALTER TABLE dbo.ChannelAccounts ADD ParentChannelAccountId UNIQUEIDENTIFIER NULL;
2026-07-22 22:24:09.638 +07:00 [INF] Executed DbCommand (1ms) [Parameters=[], CommandType='"Text"', CommandTimeout='30']
IF COL_LENGTH('dbo.ChannelAccounts', 'AccessToken') IS NULL
    ALTER TABLE dbo.ChannelAccounts ADD AccessToken NVARCHAR(MAX) NULL;
2026-07-22 22:24:09.643 +07:00 [INF] Executed DbCommand (1ms) [Parameters=[], CommandType='"Text"', CommandTimeout='30']
IF COL_LENGTH('dbo.ChannelAccounts', 'RefreshToken') IS NULL
    ALTER TABLE dbo.ChannelAccounts ADD RefreshToken NVARCHAR(MAX) NULL;
2026-07-22 22:24:09.647 +07:00 [INF] Executed DbCommand (1ms) [Parameters=[], CommandType='"Text"', CommandTimeout='30']
IF COL_LENGTH('dbo.ChannelAccounts', 'TokenExpiresAt') IS NULL
    ALTER TABLE dbo.ChannelAccounts ADD TokenExpiresAt DATETIME2 NULL;
2026-07-22 22:24:09.650 +07:00 [INF] Executed DbCommand (1ms) [Parameters=[], CommandType='"Text"', CommandTimeout='30']
IF COL_LENGTH('dbo.ChannelAccounts', 'Scope') IS NULL
    ALTER TABLE dbo.ChannelAccounts ADD Scope NVARCHAR(500) NULL;
2026-07-22 22:24:09.653 +07:00 [INF] Executed DbCommand (1ms) [Parameters=[], CommandType='"Text"', CommandTimeout='30']
IF COL_LENGTH('dbo.Posts', 'VoiceSampleId') IS NULL
    ALTER TABLE dbo.Posts ADD VoiceSampleId UNIQUEIDENTIFIER NULL;
2026-07-22 22:24:09.659 +07:00 [INF] Executed DbCommand (2ms) [Parameters=[], CommandType='"Text"', CommandTimeout='30']
IF COL_LENGTH('dbo.Posts', 'DayNumber') IS NULL
    ALTER TABLE dbo.Posts ADD DayNumber INT NULL;
2026-07-22 22:24:09.663 +07:00 [INF] Executed DbCommand (1ms) [Parameters=[], CommandType='"Text"', CommandTimeout='30']
IF COL_LENGTH('dbo.Posts', 'TrackingEnabled') IS NULL
    ALTER TABLE dbo.Posts ADD TrackingEnabled BIT NOT NULL DEFAULT CAST(1 AS BIT);
2026-07-22 22:24:09.670 +07:00 [INF] Executed DbCommand (3ms) [Parameters=[], CommandType='"Text"', CommandTimeout='30']
IF COL_LENGTH('dbo.MediaFiles', 'ProductId') IS NULL
    ALTER TABLE dbo.MediaFiles ADD ProductId UNIQUEIDENTIFIER NULL;
2026-07-22 22:24:09.675 +07:00 [INF] Executed DbCommand (2ms) [Parameters=[], CommandType='"Text"', CommandTimeout='30']
IF COL_LENGTH('dbo.MediaFiles', 'StoragePath') IS NULL
    ALTER TABLE dbo.MediaFiles ADD StoragePath NVARCHAR(1000) NOT NULL DEFAULT '';
2026-07-22 22:24:09.681 +07:00 [INF] Executed DbCommand (2ms) [Parameters=[], CommandType='"Text"', CommandTimeout='30']
IF COL_LENGTH('dbo.FacebookAccounts', 'ProjectId') IS NULL
    ALTER TABLE dbo.FacebookAccounts ADD ProjectId UNIQUEIDENTIFIER NOT NULL
        DEFAULT '00000000-0000-0000-0000-000000000000';
2026-07-22 22:24:09.687 +07:00 [INF] Executed DbCommand (3ms) [Parameters=[], CommandType='"Text"', CommandTimeout='30']
IF COL_LENGTH('dbo.Campaigns', 'ProductDescription') IS NULL
    ALTER TABLE dbo.Campaigns ADD ProductDescription NVARCHAR(MAX) NULL;
2026-07-22 22:24:09.695 +07:00 [INF] Executed DbCommand (2ms) [Parameters=[], CommandType='"Text"', CommandTimeout='30']
IF OBJECT_ID('dbo.ProjectMembers') IS NULL
CREATE TABLE dbo.ProjectMembers (
    Id UNIQUEIDENTIFIER NOT NULL PRIMARY KEY, ProjectId UNIQUEIDENTIFIER NOT NULL,
    UserId UNIQUEIDENTIFIER NOT NULL, Role NVARCHAR(20) NOT NULL DEFAULT 'Member',
    InvitedAt DATETIME2 NULL, JoinedAt DATETIME2 NULL,
    CreatedAt DATETIME2 NOT NULL, UpdatedAt DATETIME2 NULL,
    CreatedBy UNIQUEIDENTIFIER NULL, UpdatedBy UNIQUEIDENTIFIER NULL, IsDeleted BIT NOT NULL DEFAULT 0,
    CONSTRAINT FK_ProjectMembers_Projects FOREIGN KEY (ProjectId) REFERENCES dbo.Projects(Id),
    CONSTRAINT FK_ProjectMembers_Users FOREIGN KEY (UserId) REFERENCES dbo.Users(Id));
2026-07-22 22:24:09.720 +07:00 [INF] Executed DbCommand (21ms) [Parameters=[], CommandType='"Text"', CommandTimeout='30']
IF OBJECT_ID('dbo.ProjectMembers') IS NOT NULL AND NOT EXISTS (SELECT 1 FROM sys.indexes WHERE name = 'IX_ProjectMembers_ProjectId_UserId')
    CREATE UNIQUE INDEX IX_ProjectMembers_ProjectId_UserId ON dbo.ProjectMembers(ProjectId, UserId);
2026-07-22 22:24:09.727 +07:00 [INF] Executed DbCommand (2ms) [Parameters=[], CommandType='"Text"', CommandTimeout='30']
IF OBJECT_ID('dbo.VoiceSampleTemplates') IS NULL
CREATE TABLE dbo.VoiceSampleTemplates (
    Id UNIQUEIDENTIFIER NOT NULL PRIMARY KEY, SampleText NVARCHAR(500) NOT NULL,
    CreatedAt DATETIME2 NOT NULL, UpdatedAt DATETIME2 NULL,
    CreatedBy UNIQUEIDENTIFIER NULL, UpdatedBy UNIQUEIDENTIFIER NULL, IsDeleted BIT NOT NULL DEFAULT 0);
2026-07-22 22:24:09.732 +07:00 [INF] Executed DbCommand (2ms) [Parameters=[], CommandType='"Text"', CommandTimeout='30']
IF OBJECT_ID('dbo.BrandStyles') IS NULL
CREATE TABLE dbo.BrandStyles (
    Id UNIQUEIDENTIFIER NOT NULL PRIMARY KEY, StyleName NVARCHAR(50) NOT NULL,
    CreatedAt DATETIME2 NOT NULL, UpdatedAt DATETIME2 NULL,
    CreatedBy UNIQUEIDENTIFIER NULL, UpdatedBy UNIQUEIDENTIFIER NULL, IsDeleted BIT NOT NULL DEFAULT 0);
2026-07-22 22:24:09.751 +07:00 [INF] Executed DbCommand (12ms) [Parameters=[], CommandType='"Text"', CommandTimeout='30']
IF OBJECT_ID('dbo.BrandStyles') IS NOT NULL AND NOT EXISTS (SELECT 1 FROM sys.indexes WHERE name = 'IX_BrandStyles_StyleName')
    CREATE UNIQUE INDEX IX_BrandStyles_StyleName ON dbo.BrandStyles(StyleName);
2026-07-22 22:24:09.758 +07:00 [INF] Executed DbCommand (2ms) [Parameters=[], CommandType='"Text"', CommandTimeout='30']
IF OBJECT_ID('dbo.ToneKeywords') IS NULL
CREATE TABLE dbo.ToneKeywords (
    Id UNIQUEIDENTIFIER NOT NULL PRIMARY KEY, Keyword NVARCHAR(50) NOT NULL,
    CreatedAt DATETIME2 NOT NULL, UpdatedAt DATETIME2 NULL,
    CreatedBy UNIQUEIDENTIFIER NULL, UpdatedBy UNIQUEIDENTIFIER NULL, IsDeleted BIT NOT NULL DEFAULT 0);
2026-07-22 22:24:09.772 +07:00 [INF] Executed DbCommand (11ms) [Parameters=[], CommandType='"Text"', CommandTimeout='30']
IF OBJECT_ID('dbo.ToneKeywords') IS NOT NULL AND NOT EXISTS (SELECT 1 FROM sys.indexes WHERE name = 'IX_ToneKeywords_Keyword')
    CREATE UNIQUE INDEX IX_ToneKeywords_Keyword ON dbo.ToneKeywords(Keyword);
2026-07-22 22:24:09.780 +07:00 [INF] Executed DbCommand (2ms) [Parameters=[], CommandType='"Text"', CommandTimeout='30']
IF OBJECT_ID('dbo.CtaTemplates') IS NULL
CREATE TABLE dbo.CtaTemplates (
    Id UNIQUEIDENTIFIER NOT NULL PRIMARY KEY, CtaText NVARCHAR(100) NOT NULL,
    CreatedAt DATETIME2 NOT NULL, UpdatedAt DATETIME2 NULL,
    CreatedBy UNIQUEIDENTIFIER NULL, UpdatedBy UNIQUEIDENTIFIER NULL, IsDeleted BIT NOT NULL DEFAULT 0);
2026-07-22 22:24:09.795 +07:00 [INF] Executed DbCommand (10ms) [Parameters=[], CommandType='"Text"', CommandTimeout='30']
IF OBJECT_ID('dbo.CtaTemplates') IS NOT NULL AND NOT EXISTS (SELECT 1 FROM sys.indexes WHERE name = 'IX_CtaTemplates_CtaText')
    CREATE UNIQUE INDEX IX_CtaTemplates_CtaText ON dbo.CtaTemplates(CtaText);
2026-07-22 22:24:09.803 +07:00 [INF] Executed DbCommand (2ms) [Parameters=[], CommandType='"Text"', CommandTimeout='30']
IF OBJECT_ID('dbo.Hashtags') IS NULL
CREATE TABLE dbo.Hashtags (
    Id UNIQUEIDENTIFIER NOT NULL PRIMARY KEY, Tag NVARCHAR(50) NOT NULL,
    CreatedAt DATETIME2 NOT NULL, UpdatedAt DATETIME2 NULL,
    CreatedBy UNIQUEIDENTIFIER NULL, UpdatedBy UNIQUEIDENTIFIER NULL, IsDeleted BIT NOT NULL DEFAULT 0);
2026-07-22 22:24:09.818 +07:00 [INF] Executed DbCommand (11ms) [Parameters=[], CommandType='"Text"', CommandTimeout='30']
IF OBJECT_ID('dbo.Hashtags') IS NOT NULL AND NOT EXISTS (SELECT 1 FROM sys.indexes WHERE name = 'IX_Hashtags_Tag')
    CREATE UNIQUE INDEX IX_Hashtags_Tag ON dbo.Hashtags(Tag);
2026-07-22 22:24:09.824 +07:00 [INF] Executed DbCommand (2ms) [Parameters=[], CommandType='"Text"', CommandTimeout='30']
IF OBJECT_ID('dbo.BrandProfiles') IS NULL
CREATE TABLE dbo.BrandProfiles (
    Id UNIQUEIDENTIFIER NOT NULL PRIMARY KEY, ProjectId UNIQUEIDENTIFIER NOT NULL,
    LogoUrl NVARCHAR(500) NULL, BusinessName NVARCHAR(150) NOT NULL, BrandName NVARCHAR(150) NOT NULL,
    Industry NVARCHAR(100) NULL, FoundingYear SMALLINT NULL, ShortDescription NVARCHAR(1000) NULL,
    Address NVARCHAR(300) NULL, ContactPhone NVARCHAR(20) NULL, ContactEmail NVARCHAR(255) NULL,
    Website NVARCHAR(255) NULL, VoiceSampleId UNIQUEIDENTIFIER NULL,
    CreatedAt DATETIME2 NOT NULL, UpdatedAt DATETIME2 NULL,
    CreatedBy UNIQUEIDENTIFIER NULL, UpdatedBy UNIQUEIDENTIFIER NULL, IsDeleted BIT NOT NULL DEFAULT 0,
    CONSTRAINT FK_BrandProfiles_Projects FOREIGN KEY (ProjectId) REFERENCES dbo.Projects(Id),
    CONSTRAINT FK_BrandProfiles_VoiceSampleTemplates FOREIGN KEY (VoiceSampleId) REFERENCES dbo.VoiceSampleTemplates(Id));
2026-07-22 22:24:09.839 +07:00 [INF] Executed DbCommand (10ms) [Parameters=[], CommandType='"Text"', CommandTimeout='30']
IF OBJECT_ID('dbo.BrandProfiles') IS NOT NULL AND NOT EXISTS (SELECT 1 FROM sys.indexes WHERE name = 'IX_BrandProfiles_ProjectId')
    CREATE UNIQUE INDEX IX_BrandProfiles_ProjectId ON dbo.BrandProfiles(ProjectId);
2026-07-22 22:24:09.844 +07:00 [INF] Executed DbCommand (2ms) [Parameters=[], CommandType='"Text"', CommandTimeout='30']
IF OBJECT_ID('dbo.BrandProfileStyles') IS NULL
CREATE TABLE dbo.BrandProfileStyles (
    Id UNIQUEIDENTIFIER NOT NULL PRIMARY KEY, BrandProfileId UNIQUEIDENTIFIER NOT NULL, StyleId UNIQUEIDENTIFIER NOT NULL,
    CreatedAt DATETIME2 NOT NULL, UpdatedAt DATETIME2 NULL,
    CreatedBy UNIQUEIDENTIFIER NULL, UpdatedBy UNIQUEIDENTIFIER NULL, IsDeleted BIT NOT NULL DEFAULT 0,
    CONSTRAINT FK_BrandProfileStyles_BrandProfiles FOREIGN KEY (BrandProfileId) REFERENCES dbo.BrandProfiles(Id),
    CONSTRAINT FK_BrandProfileStyles_BrandStyles FOREIGN KEY (StyleId) REFERENCES dbo.BrandStyles(Id));
2026-07-22 22:24:09.859 +07:00 [INF] Executed DbCommand (10ms) [Parameters=[], CommandType='"Text"', CommandTimeout='30']
IF OBJECT_ID('dbo.BrandProfileStyles') IS NOT NULL AND NOT EXISTS (SELECT 1 FROM sys.indexes WHERE name = 'IX_BrandProfileStyles_BrandProfileId_StyleId')
    CREATE UNIQUE INDEX IX_BrandProfileStyles_BrandProfileId_StyleId ON dbo.BrandProfileStyles(BrandProfileId, StyleId);
2026-07-22 22:24:09.868 +07:00 [INF] Executed DbCommand (4ms) [Parameters=[], CommandType='"Text"', CommandTimeout='30']
IF OBJECT_ID('dbo.BrandProfileKeywords') IS NULL
CREATE TABLE dbo.BrandProfileKeywords (
    Id UNIQUEIDENTIFIER NOT NULL PRIMARY KEY, BrandProfileId UNIQUEIDENTIFIER NOT NULL, ToneKeywordId UNIQUEIDENTIFIER NOT NULL,
    CreatedAt DATETIME2 NOT NULL, UpdatedAt DATETIME2 NULL,
    CreatedBy UNIQUEIDENTIFIER NULL, UpdatedBy UNIQUEIDENTIFIER NULL, IsDeleted BIT NOT NULL DEFAULT 0,
    CONSTRAINT FK_BrandProfileKeywords_BrandProfiles FOREIGN KEY (BrandProfileId) REFERENCES dbo.BrandProfiles(Id),
    CONSTRAINT FK_BrandProfileKeywords_ToneKeywords FOREIGN KEY (ToneKeywordId) REFERENCES dbo.ToneKeywords(Id));
2026-07-22 22:24:09.883 +07:00 [INF] Executed DbCommand (10ms) [Parameters=[], CommandType='"Text"', CommandTimeout='30']
IF OBJECT_ID('dbo.BrandProfileKeywords') IS NOT NULL AND NOT EXISTS (SELECT 1 FROM sys.indexes WHERE name = 'IX_BrandProfileKeywords_BrandProfileId_ToneKeywordId')
    CREATE UNIQUE INDEX IX_BrandProfileKeywords_BrandProfileId_ToneKeywordId ON dbo.BrandProfileKeywords(BrandProfileId, ToneKeywordId);
2026-07-22 22:24:09.889 +07:00 [INF] Executed DbCommand (3ms) [Parameters=[], CommandType='"Text"', CommandTimeout='30']
IF OBJECT_ID('dbo.BrandCtas') IS NULL
CREATE TABLE dbo.BrandCtas (
    Id UNIQUEIDENTIFIER NOT NULL PRIMARY KEY, BrandProfileId UNIQUEIDENTIFIER NOT NULL, CtaId UNIQUEIDENTIFIER NOT NULL,
    CreatedAt DATETIME2 NOT NULL, UpdatedAt DATETIME2 NULL,
    CreatedBy UNIQUEIDENTIFIER NULL, UpdatedBy UNIQUEIDENTIFIER NULL, IsDeleted BIT NOT NULL DEFAULT 0,
    CONSTRAINT FK_BrandCtas_BrandProfiles FOREIGN KEY (BrandProfileId) REFERENCES dbo.BrandProfiles(Id),
    CONSTRAINT FK_BrandCtas_CtaTemplates FOREIGN KEY (CtaId) REFERENCES dbo.CtaTemplates(Id));
2026-07-22 22:24:09.903 +07:00 [INF] Executed DbCommand (9ms) [Parameters=[], CommandType='"Text"', CommandTimeout='30']
IF OBJECT_ID('dbo.BrandCtas') IS NOT NULL AND NOT EXISTS (SELECT 1 FROM sys.indexes WHERE name = 'IX_BrandCtas_BrandProfileId_CtaId')
    CREATE UNIQUE INDEX IX_BrandCtas_BrandProfileId_CtaId ON dbo.BrandCtas(BrandProfileId, CtaId);
2026-07-22 22:24:09.910 +07:00 [INF] Executed DbCommand (2ms) [Parameters=[], CommandType='"Text"', CommandTimeout='30']
IF OBJECT_ID('dbo.BrandHashtags') IS NULL
CREATE TABLE dbo.BrandHashtags (
    Id UNIQUEIDENTIFIER NOT NULL PRIMARY KEY, BrandProfileId UNIQUEIDENTIFIER NOT NULL, HashtagId UNIQUEIDENTIFIER NOT NULL,
    CreatedAt DATETIME2 NOT NULL, UpdatedAt DATETIME2 NULL,
    CreatedBy UNIQUEIDENTIFIER NULL, UpdatedBy UNIQUEIDENTIFIER NULL, IsDeleted BIT NOT NULL DEFAULT 0,
    CONSTRAINT FK_BrandHashtags_BrandProfiles FOREIGN KEY (BrandProfileId) REFERENCES dbo.BrandProfiles(Id),
    CONSTRAINT FK_BrandHashtags_Hashtags FOREIGN KEY (HashtagId) REFERENCES dbo.Hashtags(Id));
2026-07-22 22:24:09.927 +07:00 [INF] Executed DbCommand (11ms) [Parameters=[], CommandType='"Text"', CommandTimeout='30']
IF OBJECT_ID('dbo.BrandHashtags') IS NOT NULL AND NOT EXISTS (SELECT 1 FROM sys.indexes WHERE name = 'IX_BrandHashtags_BrandProfileId_HashtagId')
    CREATE UNIQUE INDEX IX_BrandHashtags_BrandProfileId_HashtagId ON dbo.BrandHashtags(BrandProfileId, HashtagId);
2026-07-22 22:24:09.934 +07:00 [INF] Executed DbCommand (2ms) [Parameters=[], CommandType='"Text"', CommandTimeout='30']
IF OBJECT_ID('dbo.BrandColors') IS NULL
CREATE TABLE dbo.BrandColors (
    Id UNIQUEIDENTIFIER NOT NULL PRIMARY KEY, BrandProfileId UNIQUEIDENTIFIER NOT NULL,
    ColorHex NVARCHAR(9) NOT NULL, ColorType NVARCHAR(20) NOT NULL DEFAULT 'Secondary', SortOrder INT NOT NULL DEFAULT 0,
    CreatedAt DATETIME2 NOT NULL, UpdatedAt DATETIME2 NULL,
    CreatedBy UNIQUEIDENTIFIER NULL, UpdatedBy UNIQUEIDENTIFIER NULL, IsDeleted BIT NOT NULL DEFAULT 0,
    CONSTRAINT FK_BrandColors_BrandProfiles FOREIGN KEY (BrandProfileId) REFERENCES dbo.BrandProfiles(Id));
2026-07-22 22:24:09.940 +07:00 [INF] Executed DbCommand (2ms) [Parameters=[], CommandType='"Text"', CommandTimeout='30']
IF OBJECT_ID('dbo.BrandFonts') IS NULL
CREATE TABLE dbo.BrandFonts (
    Id UNIQUEIDENTIFIER NOT NULL PRIMARY KEY, BrandProfileId UNIQUEIDENTIFIER NOT NULL,
    FontName NVARCHAR(100) NOT NULL, UsageType NVARCHAR(20) NOT NULL,
    CreatedAt DATETIME2 NOT NULL, UpdatedAt DATETIME2 NULL,
    CreatedBy UNIQUEIDENTIFIER NULL, UpdatedBy UNIQUEIDENTIFIER NULL, IsDeleted BIT NOT NULL DEFAULT 0,
    CONSTRAINT FK_BrandFonts_BrandProfiles FOREIGN KEY (BrandProfileId) REFERENCES dbo.BrandProfiles(Id));
2026-07-22 22:24:09.947 +07:00 [INF] Executed DbCommand (3ms) [Parameters=[], CommandType='"Text"', CommandTimeout='30']
IF OBJECT_ID('dbo.ProductCategories') IS NULL
CREATE TABLE dbo.ProductCategories (
    Id UNIQUEIDENTIFIER NOT NULL PRIMARY KEY, BrandProfileId UNIQUEIDENTIFIER NOT NULL, CategoryName NVARCHAR(100) NOT NULL,
    CreatedAt DATETIME2 NOT NULL, UpdatedAt DATETIME2 NULL,
    CreatedBy UNIQUEIDENTIFIER NULL, UpdatedBy UNIQUEIDENTIFIER NULL, IsDeleted BIT NOT NULL DEFAULT 0,
    CONSTRAINT FK_ProductCategories_BrandProfiles FOREIGN KEY (BrandProfileId) REFERENCES dbo.BrandProfiles(Id));
2026-07-22 22:24:09.963 +07:00 [INF] Executed DbCommand (11ms) [Parameters=[], CommandType='"Text"', CommandTimeout='30']
IF OBJECT_ID('dbo.ProductCategories') IS NOT NULL AND NOT EXISTS (SELECT 1 FROM sys.indexes WHERE name = 'IX_ProductCategories_BrandProfileId_CategoryName')
    CREATE UNIQUE INDEX IX_ProductCategories_BrandProfileId_CategoryName ON dbo.ProductCategories(BrandProfileId, CategoryName);
2026-07-22 22:24:09.970 +07:00 [INF] Executed DbCommand (3ms) [Parameters=[], CommandType='"Text"', CommandTimeout='30']
IF OBJECT_ID('dbo.Products') IS NULL
CREATE TABLE dbo.Products (
    Id UNIQUEIDENTIFIER NOT NULL PRIMARY KEY, BrandProfileId UNIQUEIDENTIFIER NOT NULL, ProductCategoryId UNIQUEIDENTIFIER NULL,
    ProductName NVARCHAR(200) NOT NULL, Price DECIMAL(18,2) NULL, AiGeneratedDescription NVARCHAR(MAX) NULL,
    CreatedAt DATETIME2 NOT NULL, UpdatedAt DATETIME2 NULL,
    CreatedBy UNIQUEIDENTIFIER NULL, UpdatedBy UNIQUEIDENTIFIER NULL, IsDeleted BIT NOT NULL DEFAULT 0,
    CONSTRAINT FK_Products_BrandProfiles FOREIGN KEY (BrandProfileId) REFERENCES dbo.BrandProfiles(Id),
    CONSTRAINT FK_Products_ProductCategories FOREIGN KEY (ProductCategoryId) REFERENCES dbo.ProductCategories(Id));
2026-07-22 22:24:09.982 +07:00 [INF] Executed DbCommand (8ms) [Parameters=[], CommandType='"Text"', CommandTimeout='30']
IF NOT EXISTS (SELECT 1 FROM sys.foreign_keys WHERE name = 'FK_MediaFiles_Products_ProductId') AND OBJECT_ID('dbo.Products') IS NOT NULL
    ALTER TABLE dbo.MediaFiles ADD CONSTRAINT FK_MediaFiles_Products_ProductId FOREIGN KEY (ProductId) REFERENCES dbo.Products(Id);
2026-07-22 22:24:09.989 +07:00 [INF] Executed DbCommand (3ms) [Parameters=[], CommandType='"Text"', CommandTimeout='30']
IF OBJECT_ID('dbo.CampaignGoals') IS NULL
CREATE TABLE dbo.CampaignGoals (
    Id UNIQUEIDENTIFIER NOT NULL PRIMARY KEY, GoalName NVARCHAR(100) NOT NULL,
    CreatedAt DATETIME2 NOT NULL, UpdatedAt DATETIME2 NULL,
    CreatedBy UNIQUEIDENTIFIER NULL, UpdatedBy UNIQUEIDENTIFIER NULL, IsDeleted BIT NOT NULL DEFAULT 0);
2026-07-22 22:24:10.006 +07:00 [INF] Executed DbCommand (11ms) [Parameters=[], CommandType='"Text"', CommandTimeout='30']
IF OBJECT_ID('dbo.CampaignGoals') IS NOT NULL AND NOT EXISTS (SELECT 1 FROM sys.indexes WHERE name = 'IX_CampaignGoals_GoalName')
    CREATE UNIQUE INDEX IX_CampaignGoals_GoalName ON dbo.CampaignGoals(GoalName);
2026-07-22 22:24:10.014 +07:00 [INF] Executed DbCommand (3ms) [Parameters=[], CommandType='"Text"', CommandTimeout='30']
IF OBJECT_ID('dbo.PromotionTypes') IS NULL
CREATE TABLE dbo.PromotionTypes (
    Id UNIQUEIDENTIFIER NOT NULL PRIMARY KEY, TypeName NVARCHAR(100) NOT NULL,
    CreatedAt DATETIME2 NOT NULL, UpdatedAt DATETIME2 NULL,
    CreatedBy UNIQUEIDENTIFIER NULL, UpdatedBy UNIQUEIDENTIFIER NULL, IsDeleted BIT NOT NULL DEFAULT 0);
2026-07-22 22:24:10.030 +07:00 [INF] Executed DbCommand (11ms) [Parameters=[], CommandType='"Text"', CommandTimeout='30']
IF OBJECT_ID('dbo.PromotionTypes') IS NOT NULL AND NOT EXISTS (SELECT 1 FROM sys.indexes WHERE name = 'IX_PromotionTypes_TypeName')
    CREATE UNIQUE INDEX IX_PromotionTypes_TypeName ON dbo.PromotionTypes(TypeName);
2026-07-22 22:24:10.039 +07:00 [INF] Executed DbCommand (2ms) [Parameters=[], CommandType='"Text"', CommandTimeout='30']
IF OBJECT_ID('dbo.TimelineTemplateTypes') IS NULL
CREATE TABLE dbo.TimelineTemplateTypes (
    Id UNIQUEIDENTIFIER NOT NULL PRIMARY KEY, TypeName NVARCHAR(50) NOT NULL, Description NVARCHAR(300) NULL,
    CreatedAt DATETIME2 NOT NULL, UpdatedAt DATETIME2 NULL,
    CreatedBy UNIQUEIDENTIFIER NULL, UpdatedBy UNIQUEIDENTIFIER NULL, IsDeleted BIT NOT NULL DEFAULT 0);
2026-07-22 22:24:10.065 +07:00 [INF] Executed DbCommand (19ms) [Parameters=[], CommandType='"Text"', CommandTimeout='30']
IF OBJECT_ID('dbo.TimelineTemplateTypes') IS NOT NULL AND NOT EXISTS (SELECT 1 FROM sys.indexes WHERE name = 'IX_TimelineTemplateTypes_TypeName')
    CREATE UNIQUE INDEX IX_TimelineTemplateTypes_TypeName ON dbo.TimelineTemplateTypes(TypeName);
2026-07-22 22:24:10.086 +07:00 [INF] Executed DbCommand (3ms) [Parameters=[], CommandType='"Text"', CommandTimeout='30']
IF OBJECT_ID('dbo.Campaigns') IS NULL
CREATE TABLE dbo.Campaigns (
    Id UNIQUEIDENTIFIER NOT NULL PRIMARY KEY, ProjectId UNIQUEIDENTIFIER NOT NULL, Name NVARCHAR(200) NOT NULL,
    GoalId UNIQUEIDENTIFIER NOT NULL, PromotionTypeId UNIQUEIDENTIFIER NOT NULL,
    DiscountPercent DECIMAL(5,2) NULL, DiscountAmount DECIMAL(18,2) NULL, MinOrderAmount DECIMAL(18,2) NULL,
    StartDate DATE NOT NULL, EndDate DATE NOT NULL, NumberOfPosts INT NOT NULL DEFAULT 1, Status INT NOT NULL,
    CreatedAt DATETIME2 NOT NULL, UpdatedAt DATETIME2 NULL,
    CreatedBy UNIQUEIDENTIFIER NULL, UpdatedBy UNIQUEIDENTIFIER NULL, IsDeleted BIT NOT NULL DEFAULT 0,
    CONSTRAINT FK_Campaigns_Projects FOREIGN KEY (ProjectId) REFERENCES dbo.Projects(Id),
    CONSTRAINT FK_Campaigns_CampaignGoals FOREIGN KEY (GoalId) REFERENCES dbo.CampaignGoals(Id),
    CONSTRAINT FK_Campaigns_PromotionTypes FOREIGN KEY (PromotionTypeId) REFERENCES dbo.PromotionTypes(Id),
    CONSTRAINT CK_Campaigns_Dates CHECK (EndDate >= StartDate),
    CONSTRAINT CK_Campaigns_NumberOfPosts CHECK (NumberOfPosts > 0));
2026-07-22 22:24:10.106 +07:00 [INF] Executed DbCommand (3ms) [Parameters=[], CommandType='"Text"', CommandTimeout='30']
IF OBJECT_ID('dbo.CampaignChannelAccounts') IS NULL
CREATE TABLE dbo.CampaignChannelAccounts (
    Id UNIQUEIDENTIFIER NOT NULL PRIMARY KEY, CampaignId UNIQUEIDENTIFIER NOT NULL, ChannelAccountId UNIQUEIDENTIFIER NOT NULL,
    CreatedAt DATETIME2 NOT NULL, UpdatedAt DATETIME2 NULL,
    CreatedBy UNIQUEIDENTIFIER NULL, UpdatedBy UNIQUEIDENTIFIER NULL, IsDeleted BIT NOT NULL DEFAULT 0,
    CONSTRAINT FK_CampaignChannelAccounts_Campaigns FOREIGN KEY (CampaignId) REFERENCES dbo.Campaigns(Id),
    CONSTRAINT FK_CampaignChannelAccounts_ChannelAccounts FOREIGN KEY (ChannelAccountId) REFERENCES dbo.ChannelAccounts(Id));
2026-07-22 22:24:10.148 +07:00 [INF] Executed DbCommand (22ms) [Parameters=[], CommandType='"Text"', CommandTimeout='30']
IF OBJECT_ID('dbo.CampaignChannelAccounts') IS NOT NULL AND NOT EXISTS (SELECT 1 FROM sys.indexes WHERE name = 'IX_CampaignChannelAccounts_CampaignId_ChannelAccountId')
    CREATE UNIQUE INDEX IX_CampaignChannelAccounts_CampaignId_ChannelAccountId ON dbo.CampaignChannelAccounts(CampaignId, ChannelAccountId);
2026-07-22 22:24:10.156 +07:00 [INF] Executed DbCommand (2ms) [Parameters=[], CommandType='"Text"', CommandTimeout='30']
IF OBJECT_ID('dbo.Timelines') IS NULL
CREATE TABLE dbo.Timelines (
    Id UNIQUEIDENTIFIER NOT NULL PRIMARY KEY, ProjectId UNIQUEIDENTIFIER NOT NULL, CampaignId UNIQUEIDENTIFIER NULL,
    Name NVARCHAR(200) NOT NULL, TemplateTypeId UNIQUEIDENTIFIER NOT NULL,
    StartDate DATE NOT NULL, EndDate DATE NOT NULL, Status INT NOT NULL,
    CreatedAt DATETIME2 NOT NULL, UpdatedAt DATETIME2 NULL,
    CreatedBy UNIQUEIDENTIFIER NULL, UpdatedBy UNIQUEIDENTIFIER NULL, IsDeleted BIT NOT NULL DEFAULT 0,
    CONSTRAINT FK_Timelines_Projects FOREIGN KEY (ProjectId) REFERENCES dbo.Projects(Id),
    CONSTRAINT FK_Timelines_Campaigns FOREIGN KEY (CampaignId) REFERENCES dbo.Campaigns(Id),
    CONSTRAINT FK_Timelines_TimelineTemplateTypes FOREIGN KEY (TemplateTypeId) REFERENCES dbo.TimelineTemplateTypes(Id),
    CONSTRAINT CK_Timelines_Dates CHECK (EndDate >= StartDate));
2026-07-22 22:24:10.176 +07:00 [INF] Executed DbCommand (14ms) [Parameters=[], CommandType='"Text"', CommandTimeout='30']
IF NOT EXISTS (SELECT 1 FROM sys.foreign_keys WHERE name = 'FK_Posts_Timelines_TimelineId') AND OBJECT_ID('dbo.Timelines') IS NOT NULL
    ALTER TABLE dbo.Posts ADD CONSTRAINT FK_Posts_Timelines_TimelineId FOREIGN KEY (TimelineId) REFERENCES dbo.Timelines(Id);
2026-07-22 22:24:10.195 +07:00 [INF] Executed DbCommand (15ms) [Parameters=[], CommandType='"Text"', CommandTimeout='30']
IF NOT EXISTS (SELECT 1 FROM sys.foreign_keys WHERE name = 'FK_Posts_VoiceSampleTemplates_VoiceSampleId') AND OBJECT_ID('dbo.VoiceSampleTemplates') IS NOT NULL
    ALTER TABLE dbo.Posts ADD CONSTRAINT FK_Posts_VoiceSampleTemplates_VoiceSampleId FOREIGN KEY (VoiceSampleId) REFERENCES dbo.VoiceSampleTemplates(Id);
2026-07-22 22:24:10.203 +07:00 [INF] Executed DbCommand (4ms) [Parameters=[], CommandType='"Text"', CommandTimeout='30']
IF OBJECT_ID('dbo.PostHashtags') IS NULL
CREATE TABLE dbo.PostHashtags (
    Id UNIQUEIDENTIFIER NOT NULL PRIMARY KEY, PostId UNIQUEIDENTIFIER NOT NULL, HashtagId UNIQUEIDENTIFIER NOT NULL,
    CreatedAt DATETIME2 NOT NULL, UpdatedAt DATETIME2 NULL,
    CreatedBy UNIQUEIDENTIFIER NULL, UpdatedBy UNIQUEIDENTIFIER NULL, IsDeleted BIT NOT NULL DEFAULT 0,
    CONSTRAINT FK_PostHashtags_Posts FOREIGN KEY (PostId) REFERENCES dbo.Posts(Id),
    CONSTRAINT FK_PostHashtags_Hashtags FOREIGN KEY (HashtagId) REFERENCES dbo.Hashtags(Id));
2026-07-22 22:24:10.210 +07:00 [INF] Executed DbCommand (3ms) [Parameters=[], CommandType='"Text"', CommandTimeout='30']
IF OBJECT_ID('dbo.PostChannelAccounts') IS NULL
CREATE TABLE dbo.PostChannelAccounts (
    Id UNIQUEIDENTIFIER NOT NULL PRIMARY KEY, PostId UNIQUEIDENTIFIER NOT NULL, ChannelAccountId UNIQUEIDENTIFIER NOT NULL,
    Status INT NOT NULL, ExternalPostId NVARCHAR(128) NULL, PublishedUrl NVARCHAR(1000) NULL, PublishedAt DATETIME2 NULL,
    CreatedAt DATETIME2 NOT NULL, UpdatedAt DATETIME2 NULL,
    CreatedBy UNIQUEIDENTIFIER NULL, UpdatedBy UNIQUEIDENTIFIER NULL, IsDeleted BIT NOT NULL DEFAULT 0,
    CONSTRAINT FK_PostChannelAccounts_Posts FOREIGN KEY (PostId) REFERENCES dbo.Posts(Id),
    CONSTRAINT FK_PostChannelAccounts_ChannelAccounts FOREIGN KEY (ChannelAccountId) REFERENCES dbo.ChannelAccounts(Id));
2026-07-22 22:24:10.228 +07:00 [INF] Executed DbCommand (15ms) [Parameters=[], CommandType='"Text"', CommandTimeout='30']
IF OBJECT_ID('dbo.PostChannelAccounts') IS NOT NULL AND NOT EXISTS (SELECT 1 FROM sys.indexes WHERE name = 'IX_PostChannelAccounts_PostId_ChannelAccountId')
    CREATE UNIQUE INDEX IX_PostChannelAccounts_PostId_ChannelAccountId ON dbo.PostChannelAccounts(PostId, ChannelAccountId);
2026-07-22 22:24:10.245 +07:00 [INF] Executed DbCommand (12ms) [Parameters=[], CommandType='"Text"', CommandTimeout='30']
IF NOT EXISTS (SELECT 1 FROM sys.foreign_keys WHERE name = 'FK_PostSchedules_PostChannelAccounts_PostChannelAccountId') AND OBJECT_ID('dbo.PostChannelAccounts') IS NOT NULL
    ALTER TABLE dbo.PostSchedules ADD CONSTRAINT FK_PostSchedules_PostChannelAccounts_PostChannelAccountId FOREIGN KEY (PostChannelAccountId) REFERENCES dbo.PostChannelAccounts(Id);
2026-07-22 22:24:10.252 +07:00 [INF] Executed DbCommand (3ms) [Parameters=[], CommandType='"Text"', CommandTimeout='30']
IF OBJECT_ID('dbo.PostAnalytics') IS NULL
CREATE TABLE dbo.PostAnalytics (
    Id UNIQUEIDENTIFIER NOT NULL PRIMARY KEY, PostChannelAccountId UNIQUEIDENTIFIER NOT NULL,
    Reach INT NOT NULL DEFAULT 0, Likes INT NOT NULL DEFAULT 0, Comments INT NOT NULL DEFAULT 0, Shares INT NOT NULL DEFAULT 0,
    RecordedAt DATETIME2 NOT NULL,
    CreatedAt DATETIME2 NOT NULL, UpdatedAt DATETIME2 NULL,
    CreatedBy UNIQUEIDENTIFIER NULL, UpdatedBy UNIQUEIDENTIFIER NULL, IsDeleted BIT NOT NULL DEFAULT 0,
    CONSTRAINT FK_PostAnalytics_PostChannelAccounts FOREIGN KEY (PostChannelAccountId) REFERENCES dbo.PostChannelAccounts(Id));
2026-07-22 22:24:10.264 +07:00 [INF] Executed DbCommand (9ms) [Parameters=[], CommandType='"Text"', CommandTimeout='30']
IF OBJECT_ID('dbo.PostAnalytics') IS NOT NULL AND NOT EXISTS (SELECT 1 FROM sys.indexes WHERE name = 'IX_PostAnalytics_PostChannelAccountId')
    CREATE UNIQUE INDEX IX_PostAnalytics_PostChannelAccountId ON dbo.PostAnalytics(PostChannelAccountId);
2026-07-22 22:24:10.268 +07:00 [INF] FlowMate EF compatibility layer applied.
2026-07-22 22:24:10.863 +07:00 [INF] Executed DbCommand (8ms) [Parameters=[], CommandType='"Text"', CommandTimeout='30']
SELECT CASE
    WHEN EXISTS (
        SELECT 1
        FROM [Roles] AS [r]
        WHERE [r].[IsDeleted] = CAST(0 AS bit)) THEN CAST(1 AS bit)
    ELSE CAST(0 AS bit)
END
2026-07-22 22:24:10.915 +07:00 [INF] Executed DbCommand (5ms) [Parameters=[], CommandType='"Text"', CommandTimeout='30']
SELECT CASE
    WHEN EXISTS (
        SELECT 1
        FROM [Permissions] AS [p]
        WHERE [p].[IsDeleted] = CAST(0 AS bit)) THEN CAST(1 AS bit)
    ELSE CAST(0 AS bit)
END
2026-07-22 22:24:10.952 +07:00 [INF] Executed DbCommand (8ms) [Parameters=[], CommandType='"Text"', CommandTimeout='30']
SELECT CASE
    WHEN EXISTS (
        SELECT 1
        FROM [RolePermissions] AS [r]
        WHERE [r].[IsDeleted] = CAST(0 AS bit) AND [r].[RoleId] = '33333333-3333-3333-3333-333333333333') THEN CAST(1 AS bit)
    ELSE CAST(0 AS bit)
END
2026-07-22 22:24:10.972 +07:00 [INF] Executed DbCommand (6ms) [Parameters=[], CommandType='"Text"', CommandTimeout='30']
SELECT CASE
    WHEN EXISTS (
        SELECT 1
        FROM [Plans] AS [p]
        WHERE [p].[IsDeleted] = CAST(0 AS bit)) THEN CAST(1 AS bit)
    ELSE CAST(0 AS bit)
END
2026-07-22 22:24:10.995 +07:00 [INF] Executed DbCommand (8ms) [Parameters=[], CommandType='"Text"', CommandTimeout='30']
SELECT CASE
    WHEN EXISTS (
        SELECT 1
        FROM [Channels] AS [c]
        WHERE [c].[IsDeleted] = CAST(0 AS bit)) THEN CAST(1 AS bit)
    ELSE CAST(0 AS bit)
END
2026-07-22 22:24:11.012 +07:00 [INF] Executed DbCommand (5ms) [Parameters=[], CommandType='"Text"', CommandTimeout='30']
SELECT CASE
    WHEN EXISTS (
        SELECT 1
        FROM [BrandStyles] AS [b]
        WHERE [b].[IsDeleted] = CAST(0 AS bit)) THEN CAST(1 AS bit)
    ELSE CAST(0 AS bit)
END
2026-07-22 22:24:11.028 +07:00 [INF] Executed DbCommand (5ms) [Parameters=[], CommandType='"Text"', CommandTimeout='30']
SELECT CASE
    WHEN EXISTS (
        SELECT 1
        FROM [ToneKeywords] AS [t]
        WHERE [t].[IsDeleted] = CAST(0 AS bit)) THEN CAST(1 AS bit)
    ELSE CAST(0 AS bit)
END
2026-07-22 22:24:11.043 +07:00 [INF] Executed DbCommand (5ms) [Parameters=[], CommandType='"Text"', CommandTimeout='30']
SELECT CASE
    WHEN EXISTS (
        SELECT 1
        FROM [VoiceSampleTemplates] AS [v]
        WHERE [v].[IsDeleted] = CAST(0 AS bit)) THEN CAST(1 AS bit)
    ELSE CAST(0 AS bit)
END
2026-07-22 22:24:11.056 +07:00 [INF] Executed DbCommand (5ms) [Parameters=[], CommandType='"Text"', CommandTimeout='30']
SELECT CASE
    WHEN EXISTS (
        SELECT 1
        FROM [CtaTemplates] AS [c]
        WHERE [c].[IsDeleted] = CAST(0 AS bit)) THEN CAST(1 AS bit)
    ELSE CAST(0 AS bit)
END
2026-07-22 22:24:11.072 +07:00 [INF] Executed DbCommand (6ms) [Parameters=[], CommandType='"Text"', CommandTimeout='30']
SELECT CASE
    WHEN EXISTS (
        SELECT 1
        FROM [CampaignGoals] AS [c]
        WHERE [c].[IsDeleted] = CAST(0 AS bit)) THEN CAST(1 AS bit)
    ELSE CAST(0 AS bit)
END
2026-07-22 22:24:11.085 +07:00 [INF] Executed DbCommand (5ms) [Parameters=[], CommandType='"Text"', CommandTimeout='30']
SELECT CASE
    WHEN EXISTS (
        SELECT 1
        FROM [PromotionTypes] AS [p]
        WHERE [p].[IsDeleted] = CAST(0 AS bit)) THEN CAST(1 AS bit)
    ELSE CAST(0 AS bit)
END
2026-07-22 22:24:11.098 +07:00 [INF] Executed DbCommand (5ms) [Parameters=[], CommandType='"Text"', CommandTimeout='30']
SELECT CASE
    WHEN EXISTS (
        SELECT 1
        FROM [TimelineTemplateTypes] AS [t]
        WHERE [t].[IsDeleted] = CAST(0 AS bit)) THEN CAST(1 AS bit)
    ELSE CAST(0 AS bit)
END
2026-07-22 22:24:11.113 +07:00 [INF] Executed DbCommand (5ms) [Parameters=[], CommandType='"Text"', CommandTimeout='30']
SELECT CASE
    WHEN EXISTS (
        SELECT 1
        FROM [Settings] AS [s]
        WHERE [s].[IsDeleted] = CAST(0 AS bit)) THEN CAST(1 AS bit)
    ELSE CAST(0 AS bit)
END
2026-07-22 22:24:11.126 +07:00 [INF] Executed DbCommand (4ms) [Parameters=[], CommandType='"Text"', CommandTimeout='30']
SELECT CASE
    WHEN EXISTS (
        SELECT 1
        FROM [AiPrompts] AS [a]
        WHERE [a].[IsDeleted] = CAST(0 AS bit)) THEN CAST(1 AS bit)
    ELSE CAST(0 AS bit)
END
2026-07-22 22:24:11.137 +07:00 [INF] Executed DbCommand (3ms) [Parameters=[], CommandType='"Text"', CommandTimeout='30']
SELECT CASE
    WHEN EXISTS (
        SELECT 1
        FROM [AiPrompts] AS [a]
        WHERE [a].[IsDeleted] = CAST(0 AS bit) AND [a].[Name] = N'Facebook Fanpage Bán Hàng') THEN CAST(1 AS bit)
    ELSE CAST(0 AS bit)
END
2026-07-22 22:24:11.155 +07:00 [INF] Executed DbCommand (7ms) [Parameters=[], CommandType='"Text"', CommandTimeout='30']
SELECT CASE
    WHEN EXISTS (
        SELECT 1
        FROM [Users] AS [u]
        WHERE [u].[IsDeleted] = CAST(0 AS bit) AND [u].[Email] = N'admin@autowork.com') THEN CAST(1 AS bit)
    ELSE CAST(0 AS bit)
END
2026-07-22 22:24:11.170 +07:00 [INF] Executed DbCommand (4ms) [Parameters=[], CommandType='"Text"', CommandTimeout='30']
SELECT CASE
    WHEN EXISTS (
        SELECT 1
        FROM [Users] AS [u]
        WHERE [u].[IsDeleted] = CAST(0 AS bit) AND [u].[Email] = N'demo@autowork.com') THEN CAST(1 AS bit)
    ELSE CAST(0 AS bit)
END
2026-07-22 22:24:11.181 +07:00 [INF] Executed DbCommand (5ms) [Parameters=[], CommandType='"Text"', CommandTimeout='30']
SELECT CASE
    WHEN EXISTS (
        SELECT 1
        FROM [Projects] AS [p]
        WHERE [p].[IsDeleted] = CAST(0 AS bit) AND [p].[Id] = '13131313-1313-1313-1313-131313131313') THEN CAST(1 AS bit)
    ELSE CAST(0 AS bit)
END
2026-07-22 22:24:11.195 +07:00 [INF] Executed DbCommand (4ms) [Parameters=[], CommandType='"Text"', CommandTimeout='30']
SELECT CASE
    WHEN EXISTS (
        SELECT 1
        FROM [Posts] AS [p]
        WHERE [p].[IsDeleted] = CAST(0 AS bit) AND [p].[ProjectId] = '13131313-1313-1313-1313-131313131313') THEN CAST(1 AS bit)
    ELSE CAST(0 AS bit)
END
2026-07-22 22:24:11.219 +07:00 [INF] Database seed completed successfully.
2026-07-22 22:24:11.508 +07:00 [INF] Start installing Hangfire SQL objects...
2026-07-22 22:24:11.784 +07:00 [INF] Hangfire SQL objects installed.
2026-07-22 22:24:12.371 +07:00 [WRN] The WebRootPath was not found: D:\EXE01\AIMarketingAssistant\src\AutoWork.API\wwwroot. Static files may be unavailable.
2026-07-22 22:24:12.587 +07:00 [INF] Now listening on: https://localhost:7165
2026-07-22 22:24:12.913 +07:00 [INF] Starting Hangfire Server using job storage: 'SQL Server: localhost@FlowMateDB'
2026-07-22 22:24:12.925 +07:00 [INF] Using the following options for SQL Server job storage: Queue poll interval: 00:00:15.
2026-07-22 22:24:12.928 +07:00 [INF] Using the following options for Hangfire Server:
    Worker count: 20
    Listening queues: 'default'
    Shutdown timeout: 00:00:15
    Schedule polling interval: 00:00:15
2026-07-22 22:24:13.175 +07:00 [INF] Application started. Press Ctrl+C to shut down.
2026-07-22 22:24:13.177 +07:00 [INF] Hosting environment: Development
2026-07-22 22:24:13.186 +07:00 [INF] Content root path: D:\EXE01\AIMarketingAssistant\src\AutoWork.API
2026-07-22 22:24:13.226 +07:00 [INF] Server laptop-g044c7b0:14280:1c987db2 successfully announced in 46.026 ms
2026-07-22 22:24:13.254 +07:00 [INF] Server laptop-g044c7b0:14280:1c987db2 is starting the registered dispatchers: ServerWatchdog, ServerJobCancellationWatcher, ExpirationManager, CountersAggregator, SqlServerHeartbeatProcess, Worker, DelayedJobScheduler, RecurringJobScheduler...
2026-07-22 22:24:13.305 +07:00 [INF] 1 servers were removed due to timeout
2026-07-22 22:24:13.745 +07:00 [INF] Server laptop-g044c7b0:14280:1c987db2 all the dispatchers started
2026-07-22 22:24:16.002 +07:00 [INF] Executed DbCommand (59ms) [Parameters=[@__before_0='?' (DbType = DateTime2)], CommandType='"Text"', CommandTimeout='30']
SELECT [p].[Id], [p].[CreatedAt], [p].[CreatedBy], [p].[ExecutedAt], [p].[FailureReason], [p].[IsDeleted], [p].[PostChannelAccountId], [p].[PostId], [p].[RetryCount], [p].[ScheduledAt], [p].[Status], [p].[UpdatedAt], [p].[UpdatedBy], [t].[Id], [t].[ChannelAccountId], [t].[CreatedAt], [t].[CreatedBy], [t].[DayNumber], [t].[ExternalPostId], [t].[IsDeleted], [t].[ProjectId], [t].[PublishedAt], [t].[PublishedUrl], [t].[ScheduledAt], [t].[Status], [t].[TimelineId], [t].[Title], [t].[TrackingEnabled], [t].[UpdatedAt], [t].[UpdatedBy], [t].[VoiceSampleId], [t0].[Id], [t0].[Content], [t0].[ContentType], [t0].[CreatedAt], [t0].[CreatedBy], [t0].[IsDeleted], [t0].[MediaFileId], [t0].[PostId], [t0].[SortOrder], [t0].[UpdatedAt], [t0].[UpdatedBy]
FROM [PostSchedules] AS [p]
INNER JOIN (
    SELECT [p0].[Id], [p0].[ChannelAccountId], [p0].[CreatedAt], [p0].[CreatedBy], [p0].[DayNumber], [p0].[ExternalPostId], [p0].[IsDeleted], [p0].[ProjectId], [p0].[PublishedAt], [p0].[PublishedUrl], [p0].[ScheduledAt], [p0].[Status], [p0].[TimelineId], [p0].[Title], [p0].[TrackingEnabled], [p0].[UpdatedAt], [p0].[UpdatedBy], [p0].[VoiceSampleId]
    FROM [Posts] AS [p0]
    WHERE [p0].[IsDeleted] = CAST(0 AS bit)
) AS [t] ON [p].[PostId] = [t].[Id]
LEFT JOIN (
    SELECT [p1].[Id], [p1].[Content], [p1].[ContentType], [p1].[CreatedAt], [p1].[CreatedBy], [p1].[IsDeleted], [p1].[MediaFileId], [p1].[PostId], [p1].[SortOrder], [p1].[UpdatedAt], [p1].[UpdatedBy]
    FROM [PostContents] AS [p1]
    WHERE [p1].[IsDeleted] = CAST(0 AS bit)
) AS [t0] ON [t].[Id] = [t0].[PostId]
WHERE [p].[IsDeleted] = CAST(0 AS bit) AND [p].[Status] = 0 AND [p].[ScheduledAt] <= @__before_0
ORDER BY [p].[ScheduledAt], [p].[Id], [t].[Id]
2026-07-22 22:24:16.755 +07:00 [WRN] Compiling a query which loads related collections for more than one collection navigation, either via 'Include' or through projection, but no 'QuerySplittingBehavior' has been configured. By default, Entity Framework will use 'QuerySplittingBehavior.SingleQuery', which can potentially result in slow query performance. See https://go.microsoft.com/fwlink/?linkid=2134277 for more information. To identify the query that's triggering this warning call 'ConfigureWarnings(w => w.Throw(RelationalEventId.MultipleCollectionIncludeWarning))'.
2026-07-22 22:24:18.203 +07:00 [ERR] Failed executing DbCommand (939ms) [Parameters=[@__id_0='?' (DbType = Guid)], CommandType='"Text"', CommandTimeout='30']
SELECT [t2].[Id], [t2].[ChannelAccountId], [t2].[CreatedAt], [t2].[CreatedBy], [t2].[DayNumber], [t2].[ExternalPostId], [t2].[IsDeleted], [t2].[ProjectId], [t2].[PublishedAt], [t2].[PublishedUrl], [t2].[ScheduledAt], [t2].[Status], [t2].[TimelineId], [t2].[Title], [t2].[TrackingEnabled], [t2].[UpdatedAt], [t2].[UpdatedBy], [t2].[VoiceSampleId], [t2].[Id0], [t2].[Id1], [t2].[Id2], [t3].[Id], [t3].[Content], [t3].[ContentType], [t3].[CreatedAt], [t3].[CreatedBy], [t3].[IsDeleted], [t3].[MediaFileId], [t3].[PostId], [t3].[SortOrder], [t3].[UpdatedAt], [t3].[UpdatedBy], [t2].[CreatedAt0], [t2].[CreatedBy0], [t2].[ExecutedAt], [t2].[FailureReason], [t2].[IsDeleted0], [t2].[PostChannelAccountId], [t2].[PostId], [t2].[RetryCount], [t2].[ScheduledAt0], [t2].[Status0], [t2].[UpdatedAt0], [t2].[UpdatedBy0], [t4].[Id], [t4].[Action], [t4].[CreatedAt], [t4].[CreatedBy], [t4].[Details], [t4].[IsDeleted], [t4].[Level], [t4].[Message], [t4].[PostId], [t4].[UpdatedAt], [t4].[UpdatedBy], [t2].[AccessToken], [t2].[AvatarUrl], [t2].[ChannelId], [t2].[CreatedAt1], [t2].[CreatedBy1], [t2].[ExternalId], [t2].[IsActive], [t2].[IsDeleted1], [t2].[LastSyncedAt], [t2].[Name], [t2].[ParentChannelAccountId], [t2].[ProfileUrl], [t2].[ProjectId0], [t2].[RefreshToken], [t2].[Scope], [t2].[TokenExpiresAt], [t2].[UpdatedAt1], [t2].[UpdatedBy1], [t2].[UserId], [t2].[Code], [t2].[CreatedAt2], [t2].[CreatedBy2], [t2].[Description], [t2].[IconUrl], [t2].[IsActive0], [t2].[IsDeleted2], [t2].[Name0], [t2].[SortOrder], [t2].[UpdatedAt2], [t2].[UpdatedBy2], [t5].[Id], [t5].[ChannelAccountId], [t5].[CreatedAt], [t5].[CreatedBy], [t5].[ExternalPostId], [t5].[IsDeleted], [t5].[PostId], [t5].[PublishedAt], [t5].[PublishedUrl], [t5].[Status], [t5].[UpdatedAt], [t5].[UpdatedBy], [t5].[Id0], [t5].[AccessToken], [t5].[AvatarUrl], [t5].[ChannelId], [t5].[CreatedAt0], [t5].[CreatedBy0], [t5].[ExternalId], [t5].[IsActive], [t5].[IsDeleted0], [t5].[LastSyncedAt], [t5].[Name], [t5].[ParentChannelAccountId], [t5].[ProfileUrl], [t5].[ProjectId], [t5].[RefreshToken], [t5].[Scope], [t5].[TokenExpiresAt], [t5].[UpdatedAt0], [t5].[UpdatedBy0], [t5].[UserId], [t5].[Id1], [t5].[Code], [t5].[CreatedAt1], [t5].[CreatedBy1], [t5].[Description], [t5].[IconUrl], [t5].[IsActive0], [t5].[IsDeleted1], [t5].[Name0], [t5].[SortOrder], [t5].[UpdatedAt1], [t5].[UpdatedBy1], [t8].[Id], [t8].[CreatedAt], [t8].[CreatedBy], [t8].[HashtagId], [t8].[IsDeleted], [t8].[PostId], [t8].[UpdatedAt], [t8].[UpdatedBy], [t8].[Id0], [t8].[CreatedAt0], [t8].[CreatedBy0], [t8].[IsDeleted0], [t8].[Tag], [t8].[UpdatedAt0], [t8].[UpdatedBy0]
FROM (
    SELECT TOP(1) [p].[Id], [p].[ChannelAccountId], [p].[CreatedAt], [p].[CreatedBy], [p].[DayNumber], [p].[ExternalPostId], [p].[IsDeleted], [p].[ProjectId], [p].[PublishedAt], [p].[PublishedUrl], [p].[ScheduledAt], [p].[Status], [p].[TimelineId], [p].[Title], [p].[TrackingEnabled], [p].[UpdatedAt], [p].[UpdatedBy], [p].[VoiceSampleId], [t].[Id] AS [Id0], [t].[CreatedAt] AS [CreatedAt0], [t].[CreatedBy] AS [CreatedBy0], [t].[ExecutedAt], [t].[FailureReason], [t].[IsDeleted] AS [IsDeleted0], [t].[PostChannelAccountId], [t].[PostId], [t].[RetryCount], [t].[ScheduledAt] AS [ScheduledAt0], [t].[Status] AS [Status0], [t].[UpdatedAt] AS [UpdatedAt0], [t].[UpdatedBy] AS [UpdatedBy0], [t0].[Id] AS [Id1], [t0].[AccessToken], [t0].[AvatarUrl], [t0].[ChannelId], [t0].[CreatedAt] AS [CreatedAt1], [t0].[CreatedBy] AS [CreatedBy1], [t0].[ExternalId], [t0].[IsActive], [t0].[IsDeleted] AS [IsDeleted1], [t0].[LastSyncedAt], [t0].[Name], [t0].[ParentChannelAccountId], [t0].[ProfileUrl], [t0].[ProjectId] AS [ProjectId0], [t0].[RefreshToken], [t0].[Scope], [t0].[TokenExpiresAt], [t0].[UpdatedAt] AS [UpdatedAt1], [t0].[UpdatedBy] AS [UpdatedBy1], [t0].[UserId], [t1].[Id] AS [Id2], [t1].[Code], [t1].[CreatedAt] AS [CreatedAt2], [t1].[CreatedBy] AS [CreatedBy2], [t1].[Description], [t1].[IconUrl], [t1].[IsActive] AS [IsActive0], [t1].[IsDeleted] AS [IsDeleted2], [t1].[Name] AS [Name0], [t1].[SortOrder], [t1].[UpdatedAt] AS [UpdatedAt2], [t1].[UpdatedBy] AS [UpdatedBy2]
    FROM [Posts] AS [p]
    LEFT JOIN (
        SELECT [p0].[Id], [p0].[CreatedAt], [p0].[CreatedBy], [p0].[ExecutedAt], [p0].[FailureReason], [p0].[IsDeleted], [p0].[PostChannelAccountId], [p0].[PostId], [p0].[RetryCount], [p0].[ScheduledAt], [p0].[Status], [p0].[UpdatedAt], [p0].[UpdatedBy]
        FROM [PostSchedules] AS [p0]
        WHERE [p0].[IsDeleted] = CAST(0 AS bit)
    ) AS [t] ON [p].[Id] = [t].[PostId]
    LEFT JOIN (
        SELECT [c].[Id], [c].[AccessToken], [c].[AvatarUrl], [c].[ChannelId], [c].[CreatedAt], [c].[CreatedBy], [c].[ExternalId], [c].[IsActive], [c].[IsDeleted], [c].[LastSyncedAt], [c].[Name], [c].[ParentChannelAccountId], [c].[ProfileUrl], [c].[ProjectId], [c].[RefreshToken], [c].[Scope], [c].[TokenExpiresAt], [c].[UpdatedAt], [c].[UpdatedBy], [c].[UserId]
        FROM [ChannelAccounts] AS [c]
        WHERE [c].[IsDeleted] = CAST(0 AS bit)
    ) AS [t0] ON [p].[ChannelAccountId] = [t0].[Id]
    LEFT JOIN (
        SELECT [c0].[Id], [c0].[Code], [c0].[CreatedAt], [c0].[CreatedBy], [c0].[Description], [c0].[IconUrl], [c0].[IsActive], [c0].[IsDeleted], [c0].[Name], [c0].[SortOrder], [c0].[UpdatedAt], [c0].[UpdatedBy]
        FROM [Channels] AS [c0]
        WHERE [c0].[IsDeleted] = CAST(0 AS bit)
    ) AS [t1] ON [t0].[ChannelId] = [t1].[Id]
    WHERE [p].[IsDeleted] = CAST(0 AS bit) AND [p].[Id] = @__id_0
) AS [t2]
LEFT JOIN (
    SELECT [p1].[Id], [p1].[Content], [p1].[ContentType], [p1].[CreatedAt], [p1].[CreatedBy], [p1].[IsDeleted], [p1].[MediaFileId], [p1].[PostId], [p1].[SortOrder], [p1].[UpdatedAt], [p1].[UpdatedBy]
    FROM [PostContents] AS [p1]
    WHERE [p1].[IsDeleted] = CAST(0 AS bit)
) AS [t3] ON [t2].[Id] = [t3].[PostId]
LEFT JOIN (
    SELECT [p2].[Id], [p2].[Action], [p2].[CreatedAt], [p2].[CreatedBy], [p2].[Details], [p2].[IsDeleted], [p2].[Level], [p2].[Message], [p2].[PostId], [p2].[UpdatedAt], [p2].[UpdatedBy]
    FROM [PostLogs] AS [p2]
    WHERE [p2].[IsDeleted] = CAST(0 AS bit)
) AS [t4] ON [t2].[Id] = [t4].[PostId]
LEFT JOIN (
    SELECT [p3].[Id], [p3].[ChannelAccountId], [p3].[CreatedAt], [p3].[CreatedBy], [p3].[ExternalPostId], [p3].[IsDeleted], [p3].[PostId], [p3].[PublishedAt], [p3].[PublishedUrl], [p3].[Status], [p3].[UpdatedAt], [p3].[UpdatedBy], [t6].[Id] AS [Id0], [t6].[AccessToken], [t6].[AvatarUrl], [t6].[ChannelId], [t6].[CreatedAt] AS [CreatedAt0], [t6].[CreatedBy] AS [CreatedBy0], [t6].[ExternalId], [t6].[IsActive], [t6].[IsDeleted] AS [IsDeleted0], [t6].[LastSyncedAt], [t6].[Name], [t6].[ParentChannelAccountId], [t6].[ProfileUrl], [t6].[ProjectId], [t6].[RefreshToken], [t6].[Scope], [t6].[TokenExpiresAt], [t6].[UpdatedAt] AS [UpdatedAt0], [t6].[UpdatedBy] AS [UpdatedBy0], [t6].[UserId], [t7].[Id] AS [Id1], [t7].[Code], [t7].[CreatedAt] AS [CreatedAt1], [t7].[CreatedBy] AS [CreatedBy1], [t7].[Description], [t7].[IconUrl], [t7].[IsActive] AS [IsActive0], [t7].[IsDeleted] AS [IsDeleted1], [t7].[Name] AS [Name0], [t7].[SortOrder], [t7].[UpdatedAt] AS [UpdatedAt1], [t7].[UpdatedBy] AS [UpdatedBy1]
    FROM [PostChannelAccounts] AS [p3]
    INNER JOIN (
        SELECT [c1].[Id], [c1].[AccessToken], [c1].[AvatarUrl], [c1].[ChannelId], [c1].[CreatedAt], [c1].[CreatedBy], [c1].[ExternalId], [c1].[IsActive], [c1].[IsDeleted], [c1].[LastSyncedAt], [c1].[Name], [c1].[ParentChannelAccountId], [c1].[ProfileUrl], [c1].[ProjectId], [c1].[RefreshToken], [c1].[Scope], [c1].[TokenExpiresAt], [c1].[UpdatedAt], [c1].[UpdatedBy], [c1].[UserId]
        FROM [ChannelAccounts] AS [c1]
        WHERE [c1].[IsDeleted] = CAST(0 AS bit)
    ) AS [t6] ON [p3].[ChannelAccountId] = [t6].[Id]
    INNER JOIN (
        SELECT [c2].[Id], [c2].[Code], [c2].[CreatedAt], [c2].[CreatedBy], [c2].[Description], [c2].[IconUrl], [c2].[IsActive], [c2].[IsDeleted], [c2].[Name], [c2].[SortOrder], [c2].[UpdatedAt], [c2].[UpdatedBy]
        FROM [Channels] AS [c2]
        WHERE [c2].[IsDeleted] = CAST(0 AS bit)
    ) AS [t7] ON [t6].[ChannelId] = [t7].[Id]
    WHERE [p3].[IsDeleted] = CAST(0 AS bit)
) AS [t5] ON [t2].[Id] = [t5].[PostId]
LEFT JOIN (
    SELECT [p4].[Id], [p4].[CreatedAt], [p4].[CreatedBy], [p4].[HashtagId], [p4].[IsDeleted], [p4].[PostId], [p4].[UpdatedAt], [p4].[UpdatedBy], [t9].[Id] AS [Id0], [t9].[CreatedAt] AS [CreatedAt0], [t9].[CreatedBy] AS [CreatedBy0], [t9].[IsDeleted] AS [IsDeleted0], [t9].[Tag], [t9].[UpdatedAt] AS [UpdatedAt0], [t9].[UpdatedBy] AS [UpdatedBy0]
    FROM [PostHashtags] AS [p4]
    INNER JOIN (
        SELECT [h].[Id], [h].[CreatedAt], [h].[CreatedBy], [h].[IsDeleted], [h].[Tag], [h].[UpdatedAt], [h].[UpdatedBy]
        FROM [Hashtags] AS [h]
        WHERE [h].[IsDeleted] = CAST(0 AS bit)
    ) AS [t9] ON [p4].[HashtagId] = [t9].[Id]
    WHERE [p4].[IsDeleted] = CAST(0 AS bit)
) AS [t8] ON [t2].[Id] = [t8].[PostId]
ORDER BY [t2].[Id], [t2].[Id0], [t2].[Id1], [t2].[Id2], [t3].[Id], [t4].[Id], [t5].[Id], [t5].[Id0], [t5].[Id1], [t8].[Id]
2026-07-22 22:24:18.928 +07:00 [ERR] An exception occurred while iterating over the results of a query for context type 'AutoWork.Persistence.Context.ApplicationDbContext'.
Microsoft.Data.SqlClient.SqlException (0x80131904): Invalid column name 'IsDeleted'.
Invalid column name 'Id'.
Invalid column name 'CreatedAt'.
Invalid column name 'CreatedBy'.
Invalid column name 'IsDeleted'.
Invalid column name 'UpdatedAt'.
Invalid column name 'UpdatedBy'.
   at Microsoft.Data.SqlClient.SqlCommand.<>c.<ExecuteDbDataReaderAsync>b__211_0(Task`1 result)
   at System.Threading.Tasks.ContinuationResultTaskFromResultTask`2.InnerInvoke()
   at System.Threading.ExecutionContext.RunInternal(ExecutionContext executionContext, ContextCallback callback, Object state)
--- End of stack trace from previous location ---
   at System.Threading.ExecutionContext.RunInternal(ExecutionContext executionContext, ContextCallback callback, Object state)
   at System.Threading.Tasks.Task.ExecuteWithThreadLocal(Task& currentTaskSlot, Thread threadPoolThread)
--- End of stack trace from previous location ---
   at Microsoft.EntityFrameworkCore.Storage.RelationalCommand.ExecuteReaderAsync(RelationalCommandParameterObject parameterObject, CancellationToken cancellationToken)
   at Microsoft.EntityFrameworkCore.Storage.RelationalCommand.ExecuteReaderAsync(RelationalCommandParameterObject parameterObject, CancellationToken cancellationToken)
   at Microsoft.EntityFrameworkCore.Query.Internal.SingleQueryingEnumerable`1.AsyncEnumerator.InitializeReaderAsync(AsyncEnumerator enumerator, CancellationToken cancellationToken)
   at Microsoft.EntityFrameworkCore.Storage.ExecutionStrategy.<>c__DisplayClass30_0`2.<<ExecuteAsync>b__0>d.MoveNext()
--- End of stack trace from previous location ---
   at Microsoft.EntityFrameworkCore.Storage.ExecutionStrategy.ExecuteImplementationAsync[TState,TResult](Func`4 operation, Func`4 verifySucceeded, TState state, CancellationToken cancellationToken)
   at Microsoft.EntityFrameworkCore.Storage.ExecutionStrategy.ExecuteImplementationAsync[TState,TResult](Func`4 operation, Func`4 verifySucceeded, TState state, CancellationToken cancellationToken)
   at Microsoft.EntityFrameworkCore.Storage.ExecutionStrategy.ExecuteAsync[TState,TResult](TState state, Func`4 operation, Func`4 verifySucceeded, CancellationToken cancellationToken)
   at Microsoft.EntityFrameworkCore.Query.Internal.SingleQueryingEnumerable`1.AsyncEnumerator.MoveNextAsync()
ClientConnectionId:734c04e8-a030-48e3-8ec8-0f8c57369e48
Error Number:207,State:1,Class:16
Microsoft.Data.SqlClient.SqlException (0x80131904): Invalid column name 'IsDeleted'.
Invalid column name 'Id'.
Invalid column name 'CreatedAt'.
Invalid column name 'CreatedBy'.
Invalid column name 'IsDeleted'.
Invalid column name 'UpdatedAt'.
Invalid column name 'UpdatedBy'.
   at Microsoft.Data.SqlClient.SqlCommand.<>c.<ExecuteDbDataReaderAsync>b__211_0(Task`1 result)
   at System.Threading.Tasks.ContinuationResultTaskFromResultTask`2.InnerInvoke()
   at System.Threading.ExecutionContext.RunInternal(ExecutionContext executionContext, ContextCallback callback, Object state)
--- End of stack trace from previous location ---
   at System.Threading.ExecutionContext.RunInternal(ExecutionContext executionContext, ContextCallback callback, Object state)
   at System.Threading.Tasks.Task.ExecuteWithThreadLocal(Task& currentTaskSlot, Thread threadPoolThread)
--- End of stack trace from previous location ---
   at Microsoft.EntityFrameworkCore.Storage.RelationalCommand.ExecuteReaderAsync(RelationalCommandParameterObject parameterObject, CancellationToken cancellationToken)
   at Microsoft.EntityFrameworkCore.Storage.RelationalCommand.ExecuteReaderAsync(RelationalCommandParameterObject parameterObject, CancellationToken cancellationToken)
   at Microsoft.EntityFrameworkCore.Query.Internal.SingleQueryingEnumerable`1.AsyncEnumerator.InitializeReaderAsync(AsyncEnumerator enumerator, CancellationToken cancellationToken)
   at Microsoft.EntityFrameworkCore.Storage.ExecutionStrategy.<>c__DisplayClass30_0`2.<<ExecuteAsync>b__0>d.MoveNext()
--- End of stack trace from previous location ---
   at Microsoft.EntityFrameworkCore.Storage.ExecutionStrategy.ExecuteImplementationAsync[TState,TResult](Func`4 operation, Func`4 verifySucceeded, TState state, CancellationToken cancellationToken)
   at Microsoft.EntityFrameworkCore.Storage.ExecutionStrategy.ExecuteImplementationAsync[TState,TResult](Func`4 operation, Func`4 verifySucceeded, TState state, CancellationToken cancellationToken)
   at Microsoft.EntityFrameworkCore.Storage.ExecutionStrategy.ExecuteAsync[TState,TResult](TState state, Func`4 operation, Func`4 verifySucceeded, CancellationToken cancellationToken)
   at Microsoft.EntityFrameworkCore.Query.Internal.SingleQueryingEnumerable`1.AsyncEnumerator.MoveNextAsync()
ClientConnectionId:734c04e8-a030-48e3-8ec8-0f8c57369e48
Error Number:207,State:1,Class:16
2026-07-22 22:24:19.529 +07:00 [WRN] Failed to process the job '190': an exception occurred. Retry attempt 9 of 10 will be performed in 01:08:40.
Microsoft.Data.SqlClient.SqlException (0x80131904): Invalid column name 'IsDeleted'.
Invalid column name 'Id'.
Invalid column name 'CreatedAt'.
Invalid column name 'CreatedBy'.
Invalid column name 'IsDeleted'.
Invalid column name 'UpdatedAt'.
Invalid column name 'UpdatedBy'.
   at Microsoft.Data.SqlClient.SqlCommand.<>c.<ExecuteDbDataReaderAsync>b__211_0(Task`1 result)
   at System.Threading.Tasks.ContinuationResultTaskFromResultTask`2.InnerInvoke()
   at System.Threading.ExecutionContext.RunInternal(ExecutionContext executionContext, ContextCallback callback, Object state)
--- End of stack trace from previous location ---
   at System.Threading.ExecutionContext.RunInternal(ExecutionContext executionContext, ContextCallback callback, Object state)
   at System.Threading.Tasks.Task.ExecuteWithThreadLocal(Task& currentTaskSlot, Thread threadPoolThread)
--- End of stack trace from previous location ---
   at Microsoft.EntityFrameworkCore.Storage.RelationalCommand.ExecuteReaderAsync(RelationalCommandParameterObject parameterObject, CancellationToken cancellationToken)
   at Microsoft.EntityFrameworkCore.Storage.RelationalCommand.ExecuteReaderAsync(RelationalCommandParameterObject parameterObject, CancellationToken cancellationToken)
   at Microsoft.EntityFrameworkCore.Query.Internal.SingleQueryingEnumerable`1.AsyncEnumerator.InitializeReaderAsync(AsyncEnumerator enumerator, CancellationToken cancellationToken)
   at Microsoft.EntityFrameworkCore.Storage.ExecutionStrategy.<>c__DisplayClass30_0`2.<<ExecuteAsync>b__0>d.MoveNext()
--- End of stack trace from previous location ---
   at Microsoft.EntityFrameworkCore.Storage.ExecutionStrategy.ExecuteImplementationAsync[TState,TResult](Func`4 operation, Func`4 verifySucceeded, TState state, CancellationToken cancellationToken)
   at Microsoft.EntityFrameworkCore.Storage.ExecutionStrategy.ExecuteImplementationAsync[TState,TResult](Func`4 operation, Func`4 verifySucceeded, TState state, CancellationToken cancellationToken)
   at Microsoft.EntityFrameworkCore.Storage.ExecutionStrategy.ExecuteAsync[TState,TResult](TState state, Func`4 operation, Func`4 verifySucceeded, CancellationToken cancellationToken)
   at Microsoft.EntityFrameworkCore.Query.Internal.SingleQueryingEnumerable`1.AsyncEnumerator.MoveNextAsync()
   at Microsoft.EntityFrameworkCore.Query.ShapedQueryCompilingExpressionVisitor.SingleOrDefaultAsync[TSource](IAsyncEnumerable`1 asyncEnumerable, CancellationToken cancellationToken)
   at Microsoft.EntityFrameworkCore.Query.ShapedQueryCompilingExpressionVisitor.SingleOrDefaultAsync[TSource](IAsyncEnumerable`1 asyncEnumerable, CancellationToken cancellationToken)
   at AutoWork.Persistence.Repositories.PostRepository.GetByIdWithDetailsAsync(Guid id, CancellationToken cancellationToken) in D:\EXE01\AIMarketingAssistant\src\AutoWork.Persistence\Repositories\PostRepository.cs:line 16
   at AutoWork.Infrastructure.Jobs.PublishPostJob.ExecuteAsync(Guid postId, CancellationToken cancellationToken) in D:\EXE01\AIMarketingAssistant\src\AutoWork.Infrastructure\Jobs\PublishPostJob.cs:line 26
   at InvokeStub_TaskAwaiter.GetResult(Object, Object, IntPtr*)
   at System.Reflection.MethodBaseInvoker.InvokeWithNoArgs(Object obj, BindingFlags invokeAttr)
ClientConnectionId:734c04e8-a030-48e3-8ec8-0f8c57369e48
Error Number:207,State:1,Class:16
2026-07-22 22:25:15.207 +07:00 [INF] Executed DbCommand (14ms) [Parameters=[@__before_0='?' (DbType = DateTime2)], CommandType='"Text"', CommandTimeout='30']
SELECT [p].[Id], [p].[CreatedAt], [p].[CreatedBy], [p].[ExecutedAt], [p].[FailureReason], [p].[IsDeleted], [p].[PostChannelAccountId], [p].[PostId], [p].[RetryCount], [p].[ScheduledAt], [p].[Status], [p].[UpdatedAt], [p].[UpdatedBy], [t].[Id], [t].[ChannelAccountId], [t].[CreatedAt], [t].[CreatedBy], [t].[DayNumber], [t].[ExternalPostId], [t].[IsDeleted], [t].[ProjectId], [t].[PublishedAt], [t].[PublishedUrl], [t].[ScheduledAt], [t].[Status], [t].[TimelineId], [t].[Title], [t].[TrackingEnabled], [t].[UpdatedAt], [t].[UpdatedBy], [t].[VoiceSampleId], [t0].[Id], [t0].[Content], [t0].[ContentType], [t0].[CreatedAt], [t0].[CreatedBy], [t0].[IsDeleted], [t0].[MediaFileId], [t0].[PostId], [t0].[SortOrder], [t0].[UpdatedAt], [t0].[UpdatedBy]
FROM [PostSchedules] AS [p]
INNER JOIN (
    SELECT [p0].[Id], [p0].[ChannelAccountId], [p0].[CreatedAt], [p0].[CreatedBy], [p0].[DayNumber], [p0].[ExternalPostId], [p0].[IsDeleted], [p0].[ProjectId], [p0].[PublishedAt], [p0].[PublishedUrl], [p0].[ScheduledAt], [p0].[Status], [p0].[TimelineId], [p0].[Title], [p0].[TrackingEnabled], [p0].[UpdatedAt], [p0].[UpdatedBy], [p0].[VoiceSampleId]
    FROM [Posts] AS [p0]
    WHERE [p0].[IsDeleted] = CAST(0 AS bit)
) AS [t] ON [p].[PostId] = [t].[Id]
LEFT JOIN (
    SELECT [p1].[Id], [p1].[Content], [p1].[ContentType], [p1].[CreatedAt], [p1].[CreatedBy], [p1].[IsDeleted], [p1].[MediaFileId], [p1].[PostId], [p1].[SortOrder], [p1].[UpdatedAt], [p1].[UpdatedBy]
    FROM [PostContents] AS [p1]
    WHERE [p1].[IsDeleted] = CAST(0 AS bit)
) AS [t0] ON [t].[Id] = [t0].[PostId]
WHERE [p].[IsDeleted] = CAST(0 AS bit) AND [p].[Status] = 0 AND [p].[ScheduledAt] <= @__before_0
ORDER BY [p].[ScheduledAt], [p].[Id], [t].[Id]
2026-07-22 22:26:00.515 +07:00 [INF] Executed DbCommand (20ms) [Parameters=[@__before_0='?' (DbType = DateTime2)], CommandType='"Text"', CommandTimeout='30']
SELECT [p].[Id], [p].[CreatedAt], [p].[CreatedBy], [p].[ExecutedAt], [p].[FailureReason], [p].[IsDeleted], [p].[PostChannelAccountId], [p].[PostId], [p].[RetryCount], [p].[ScheduledAt], [p].[Status], [p].[UpdatedAt], [p].[UpdatedBy], [t].[Id], [t].[ChannelAccountId], [t].[CreatedAt], [t].[CreatedBy], [t].[DayNumber], [t].[ExternalPostId], [t].[IsDeleted], [t].[ProjectId], [t].[PublishedAt], [t].[PublishedUrl], [t].[ScheduledAt], [t].[Status], [t].[TimelineId], [t].[Title], [t].[TrackingEnabled], [t].[UpdatedAt], [t].[UpdatedBy], [t].[VoiceSampleId], [t0].[Id], [t0].[Content], [t0].[ContentType], [t0].[CreatedAt], [t0].[CreatedBy], [t0].[IsDeleted], [t0].[MediaFileId], [t0].[PostId], [t0].[SortOrder], [t0].[UpdatedAt], [t0].[UpdatedBy]
FROM [PostSchedules] AS [p]
INNER JOIN (
    SELECT [p0].[Id], [p0].[ChannelAccountId], [p0].[CreatedAt], [p0].[CreatedBy], [p0].[DayNumber], [p0].[ExternalPostId], [p0].[IsDeleted], [p0].[ProjectId], [p0].[PublishedAt], [p0].[PublishedUrl], [p0].[ScheduledAt], [p0].[Status], [p0].[TimelineId], [p0].[Title], [p0].[TrackingEnabled], [p0].[UpdatedAt], [p0].[UpdatedBy], [p0].[VoiceSampleId]
    FROM [Posts] AS [p0]
    WHERE [p0].[IsDeleted] = CAST(0 AS bit)
) AS [t] ON [p].[PostId] = [t].[Id]
LEFT JOIN (
    SELECT [p1].[Id], [p1].[Content], [p1].[ContentType], [p1].[CreatedAt], [p1].[CreatedBy], [p1].[IsDeleted], [p1].[MediaFileId], [p1].[PostId], [p1].[SortOrder], [p1].[UpdatedAt], [p1].[UpdatedBy]
    FROM [PostContents] AS [p1]
    WHERE [p1].[IsDeleted] = CAST(0 AS bit)
) AS [t0] ON [t].[Id] = [t0].[PostId]
WHERE [p].[IsDeleted] = CAST(0 AS bit) AND [p].[Status] = 0 AND [p].[ScheduledAt] <= @__before_0
ORDER BY [p].[ScheduledAt], [p].[Id], [t].[Id]
2026-07-22 22:27:00.592 +07:00 [INF] Executed DbCommand (33ms) [Parameters=[@__before_0='?' (DbType = DateTime2)], CommandType='"Text"', CommandTimeout='30']
SELECT [p].[Id], [p].[CreatedAt], [p].[CreatedBy], [p].[ExecutedAt], [p].[FailureReason], [p].[IsDeleted], [p].[PostChannelAccountId], [p].[PostId], [p].[RetryCount], [p].[ScheduledAt], [p].[Status], [p].[UpdatedAt], [p].[UpdatedBy], [t].[Id], [t].[ChannelAccountId], [t].[CreatedAt], [t].[CreatedBy], [t].[DayNumber], [t].[ExternalPostId], [t].[IsDeleted], [t].[ProjectId], [t].[PublishedAt], [t].[PublishedUrl], [t].[ScheduledAt], [t].[Status], [t].[TimelineId], [t].[Title], [t].[TrackingEnabled], [t].[UpdatedAt], [t].[UpdatedBy], [t].[VoiceSampleId], [t0].[Id], [t0].[Content], [t0].[ContentType], [t0].[CreatedAt], [t0].[CreatedBy], [t0].[IsDeleted], [t0].[MediaFileId], [t0].[PostId], [t0].[SortOrder], [t0].[UpdatedAt], [t0].[UpdatedBy]
FROM [PostSchedules] AS [p]
INNER JOIN (
    SELECT [p0].[Id], [p0].[ChannelAccountId], [p0].[CreatedAt], [p0].[CreatedBy], [p0].[DayNumber], [p0].[ExternalPostId], [p0].[IsDeleted], [p0].[ProjectId], [p0].[PublishedAt], [p0].[PublishedUrl], [p0].[ScheduledAt], [p0].[Status], [p0].[TimelineId], [p0].[Title], [p0].[TrackingEnabled], [p0].[UpdatedAt], [p0].[UpdatedBy], [p0].[VoiceSampleId]
    FROM [Posts] AS [p0]
    WHERE [p0].[IsDeleted] = CAST(0 AS bit)
) AS [t] ON [p].[PostId] = [t].[Id]
LEFT JOIN (
    SELECT [p1].[Id], [p1].[Content], [p1].[ContentType], [p1].[CreatedAt], [p1].[CreatedBy], [p1].[IsDeleted], [p1].[MediaFileId], [p1].[PostId], [p1].[SortOrder], [p1].[UpdatedAt], [p1].[UpdatedBy]
    FROM [PostContents] AS [p1]
    WHERE [p1].[IsDeleted] = CAST(0 AS bit)
) AS [t0] ON [t].[Id] = [t0].[PostId]
WHERE [p].[IsDeleted] = CAST(0 AS bit) AND [p].[Status] = 0 AND [p].[ScheduledAt] <= @__before_0
ORDER BY [p].[ScheduledAt], [p].[Id], [t].[Id]
2026-07-22 22:40:39.370 +07:00 [WRN] No store type was specified for the decimal property 'TotalEarnings' on entity type 'Affiliate'. This will cause values to be silently truncated if they do not fit in the default precision and scale. Explicitly specify the SQL server column type that can accommodate all the values in 'OnModelCreating' using 'HasColumnType', specify precision and scale using 'HasPrecision', or configure a value converter using 'HasConversion'.
2026-07-22 22:40:40.938 +07:00 [INF] Detected FlowMate/SQL schema without EF history — applying compat layer and skipping MigrateAsync.
2026-07-22 22:40:41.003 +07:00 [INF] Executed DbCommand (23ms) [Parameters=[], CommandType='"Text"', CommandTimeout='30']
IF COL_LENGTH('dbo.Posts', 'ChannelAccountId') IS NULL
    ALTER TABLE dbo.Posts ADD ChannelAccountId UNIQUEIDENTIFIER NULL;
2026-07-22 22:40:41.020 +07:00 [INF] Executed DbCommand (2ms) [Parameters=[], CommandType='"Text"', CommandTimeout='30']
IF COL_LENGTH('dbo.Posts', 'ExternalPostId') IS NULL
    ALTER TABLE dbo.Posts ADD ExternalPostId NVARCHAR(128) NULL;
2026-07-22 22:40:41.031 +07:00 [INF] Executed DbCommand (1ms) [Parameters=[], CommandType='"Text"', CommandTimeout='30']
IF COL_LENGTH('dbo.Posts', 'PublishedUrl') IS NULL
    ALTER TABLE dbo.Posts ADD PublishedUrl NVARCHAR(1000) NULL;
2026-07-22 22:40:41.037 +07:00 [INF] Executed DbCommand (1ms) [Parameters=[], CommandType='"Text"', CommandTimeout='30']
IF COL_LENGTH('dbo.Posts', 'PublishedAt') IS NULL
    ALTER TABLE dbo.Posts ADD PublishedAt DATETIME2 NULL;
2026-07-22 22:40:41.044 +07:00 [INF] Executed DbCommand (2ms) [Parameters=[], CommandType='"Text"', CommandTimeout='30']
IF COL_LENGTH('dbo.PostSchedules', 'PostId') IS NULL
    ALTER TABLE dbo.PostSchedules ADD PostId UNIQUEIDENTIFIER NULL;
2026-07-22 22:40:41.050 +07:00 [INF] Executed DbCommand (1ms) [Parameters=[], CommandType='"Text"', CommandTimeout='30']
IF COL_LENGTH('dbo.PostSchedules', 'PostChannelAccountId') IS NOT NULL
   AND COLUMNPROPERTY(OBJECT_ID('dbo.PostSchedules'), 'PostChannelAccountId', 'AllowsNull') = 0
BEGIN
    ALTER TABLE dbo.PostSchedules ALTER COLUMN PostChannelAccountId UNIQUEIDENTIFIER NULL;
END
2026-07-22 22:40:41.057 +07:00 [INF] Executed DbCommand (2ms) [Parameters=[], CommandType='"Text"', CommandTimeout='30']
IF COL_LENGTH('dbo.ChannelAccounts', 'ParentChannelAccountId') IS NULL
    ALTER TABLE dbo.ChannelAccounts ADD ParentChannelAccountId UNIQUEIDENTIFIER NULL;
2026-07-22 22:40:41.062 +07:00 [INF] Executed DbCommand (1ms) [Parameters=[], CommandType='"Text"', CommandTimeout='30']
IF COL_LENGTH('dbo.ChannelAccounts', 'AccessToken') IS NULL
    ALTER TABLE dbo.ChannelAccounts ADD AccessToken NVARCHAR(MAX) NULL;
2026-07-22 22:40:41.069 +07:00 [INF] Executed DbCommand (2ms) [Parameters=[], CommandType='"Text"', CommandTimeout='30']
IF COL_LENGTH('dbo.ChannelAccounts', 'RefreshToken') IS NULL
    ALTER TABLE dbo.ChannelAccounts ADD RefreshToken NVARCHAR(MAX) NULL;
2026-07-22 22:40:41.076 +07:00 [INF] Executed DbCommand (1ms) [Parameters=[], CommandType='"Text"', CommandTimeout='30']
IF COL_LENGTH('dbo.ChannelAccounts', 'TokenExpiresAt') IS NULL
    ALTER TABLE dbo.ChannelAccounts ADD TokenExpiresAt DATETIME2 NULL;
2026-07-22 22:40:41.081 +07:00 [INF] Executed DbCommand (1ms) [Parameters=[], CommandType='"Text"', CommandTimeout='30']
IF COL_LENGTH('dbo.ChannelAccounts', 'Scope') IS NULL
    ALTER TABLE dbo.ChannelAccounts ADD Scope NVARCHAR(500) NULL;
2026-07-22 22:40:41.086 +07:00 [INF] Executed DbCommand (1ms) [Parameters=[], CommandType='"Text"', CommandTimeout='30']
IF COL_LENGTH('dbo.Posts', 'VoiceSampleId') IS NULL
    ALTER TABLE dbo.Posts ADD VoiceSampleId UNIQUEIDENTIFIER NULL;
2026-07-22 22:40:41.092 +07:00 [INF] Executed DbCommand (2ms) [Parameters=[], CommandType='"Text"', CommandTimeout='30']
IF COL_LENGTH('dbo.Posts', 'DayNumber') IS NULL
    ALTER TABLE dbo.Posts ADD DayNumber INT NULL;
2026-07-22 22:40:41.097 +07:00 [INF] Executed DbCommand (1ms) [Parameters=[], CommandType='"Text"', CommandTimeout='30']
IF COL_LENGTH('dbo.Posts', 'TrackingEnabled') IS NULL
    ALTER TABLE dbo.Posts ADD TrackingEnabled BIT NOT NULL DEFAULT CAST(1 AS BIT);
2026-07-22 22:40:41.105 +07:00 [INF] Executed DbCommand (3ms) [Parameters=[], CommandType='"Text"', CommandTimeout='30']
IF COL_LENGTH('dbo.MediaFiles', 'ProductId') IS NULL
    ALTER TABLE dbo.MediaFiles ADD ProductId UNIQUEIDENTIFIER NULL;
2026-07-22 22:40:41.117 +07:00 [INF] Executed DbCommand (3ms) [Parameters=[], CommandType='"Text"', CommandTimeout='30']
IF COL_LENGTH('dbo.MediaFiles', 'StoragePath') IS NULL
    ALTER TABLE dbo.MediaFiles ADD StoragePath NVARCHAR(1000) NOT NULL DEFAULT '';
2026-07-22 22:40:41.125 +07:00 [INF] Executed DbCommand (2ms) [Parameters=[], CommandType='"Text"', CommandTimeout='30']
IF COL_LENGTH('dbo.FacebookAccounts', 'ProjectId') IS NULL
    ALTER TABLE dbo.FacebookAccounts ADD ProjectId UNIQUEIDENTIFIER NOT NULL
        DEFAULT '00000000-0000-0000-0000-000000000000';
2026-07-22 22:40:41.136 +07:00 [INF] Executed DbCommand (4ms) [Parameters=[], CommandType='"Text"', CommandTimeout='30']
IF COL_LENGTH('dbo.Campaigns', 'ProductDescription') IS NULL
    ALTER TABLE dbo.Campaigns ADD ProductDescription NVARCHAR(MAX) NULL;
2026-07-22 22:40:41.146 +07:00 [INF] Executed DbCommand (4ms) [Parameters=[], CommandType='"Text"', CommandTimeout='30']
IF OBJECT_ID('dbo.ProjectMembers') IS NULL
CREATE TABLE dbo.ProjectMembers (
    Id UNIQUEIDENTIFIER NOT NULL PRIMARY KEY, ProjectId UNIQUEIDENTIFIER NOT NULL,
    UserId UNIQUEIDENTIFIER NOT NULL, Role NVARCHAR(20) NOT NULL DEFAULT 'Member',
    InvitedAt DATETIME2 NULL, JoinedAt DATETIME2 NULL,
    CreatedAt DATETIME2 NOT NULL, UpdatedAt DATETIME2 NULL,
    CreatedBy UNIQUEIDENTIFIER NULL, UpdatedBy UNIQUEIDENTIFIER NULL, IsDeleted BIT NOT NULL DEFAULT 0,
    CONSTRAINT FK_ProjectMembers_Projects FOREIGN KEY (ProjectId) REFERENCES dbo.Projects(Id),
    CONSTRAINT FK_ProjectMembers_Users FOREIGN KEY (UserId) REFERENCES dbo.Users(Id));
2026-07-22 22:40:41.172 +07:00 [INF] Executed DbCommand (20ms) [Parameters=[], CommandType='"Text"', CommandTimeout='30']
IF OBJECT_ID('dbo.ProjectMembers') IS NOT NULL AND NOT EXISTS (SELECT 1 FROM sys.indexes WHERE name = 'IX_ProjectMembers_ProjectId_UserId')
    CREATE UNIQUE INDEX IX_ProjectMembers_ProjectId_UserId ON dbo.ProjectMembers(ProjectId, UserId);
2026-07-22 22:40:41.178 +07:00 [INF] Executed DbCommand (3ms) [Parameters=[], CommandType='"Text"', CommandTimeout='30']
IF OBJECT_ID('dbo.VoiceSampleTemplates') IS NULL
CREATE TABLE dbo.VoiceSampleTemplates (
    Id UNIQUEIDENTIFIER NOT NULL PRIMARY KEY, SampleText NVARCHAR(500) NOT NULL,
    CreatedAt DATETIME2 NOT NULL, UpdatedAt DATETIME2 NULL,
    CreatedBy UNIQUEIDENTIFIER NULL, UpdatedBy UNIQUEIDENTIFIER NULL, IsDeleted BIT NOT NULL DEFAULT 0);
2026-07-22 22:40:41.187 +07:00 [INF] Executed DbCommand (2ms) [Parameters=[], CommandType='"Text"', CommandTimeout='30']
IF OBJECT_ID('dbo.BrandStyles') IS NULL
CREATE TABLE dbo.BrandStyles (
    Id UNIQUEIDENTIFIER NOT NULL PRIMARY KEY, StyleName NVARCHAR(50) NOT NULL,
    CreatedAt DATETIME2 NOT NULL, UpdatedAt DATETIME2 NULL,
    CreatedBy UNIQUEIDENTIFIER NULL, UpdatedBy UNIQUEIDENTIFIER NULL, IsDeleted BIT NOT NULL DEFAULT 0);
2026-07-22 22:40:41.208 +07:00 [INF] Executed DbCommand (11ms) [Parameters=[], CommandType='"Text"', CommandTimeout='30']
IF OBJECT_ID('dbo.BrandStyles') IS NOT NULL AND NOT EXISTS (SELECT 1 FROM sys.indexes WHERE name = 'IX_BrandStyles_StyleName')
    CREATE UNIQUE INDEX IX_BrandStyles_StyleName ON dbo.BrandStyles(StyleName);
2026-07-22 22:40:41.216 +07:00 [INF] Executed DbCommand (2ms) [Parameters=[], CommandType='"Text"', CommandTimeout='30']
IF OBJECT_ID('dbo.ToneKeywords') IS NULL
CREATE TABLE dbo.ToneKeywords (
    Id UNIQUEIDENTIFIER NOT NULL PRIMARY KEY, Keyword NVARCHAR(50) NOT NULL,
    CreatedAt DATETIME2 NOT NULL, UpdatedAt DATETIME2 NULL,
    CreatedBy UNIQUEIDENTIFIER NULL, UpdatedBy UNIQUEIDENTIFIER NULL, IsDeleted BIT NOT NULL DEFAULT 0);
2026-07-22 22:40:41.230 +07:00 [INF] Executed DbCommand (10ms) [Parameters=[], CommandType='"Text"', CommandTimeout='30']
IF OBJECT_ID('dbo.ToneKeywords') IS NOT NULL AND NOT EXISTS (SELECT 1 FROM sys.indexes WHERE name = 'IX_ToneKeywords_Keyword')
    CREATE UNIQUE INDEX IX_ToneKeywords_Keyword ON dbo.ToneKeywords(Keyword);
2026-07-22 22:40:41.239 +07:00 [INF] Executed DbCommand (3ms) [Parameters=[], CommandType='"Text"', CommandTimeout='30']
IF OBJECT_ID('dbo.CtaTemplates') IS NULL
CREATE TABLE dbo.CtaTemplates (
    Id UNIQUEIDENTIFIER NOT NULL PRIMARY KEY, CtaText NVARCHAR(100) NOT NULL,
    CreatedAt DATETIME2 NOT NULL, UpdatedAt DATETIME2 NULL,
    CreatedBy UNIQUEIDENTIFIER NULL, UpdatedBy UNIQUEIDENTIFIER NULL, IsDeleted BIT NOT NULL DEFAULT 0);
2026-07-22 22:40:41.254 +07:00 [INF] Executed DbCommand (10ms) [Parameters=[], CommandType='"Text"', CommandTimeout='30']
IF OBJECT_ID('dbo.CtaTemplates') IS NOT NULL AND NOT EXISTS (SELECT 1 FROM sys.indexes WHERE name = 'IX_CtaTemplates_CtaText')
    CREATE UNIQUE INDEX IX_CtaTemplates_CtaText ON dbo.CtaTemplates(CtaText);
2026-07-22 22:40:41.262 +07:00 [INF] Executed DbCommand (3ms) [Parameters=[], CommandType='"Text"', CommandTimeout='30']
IF OBJECT_ID('dbo.Hashtags') IS NULL
CREATE TABLE dbo.Hashtags (
    Id UNIQUEIDENTIFIER NOT NULL PRIMARY KEY, Tag NVARCHAR(50) NOT NULL,
    CreatedAt DATETIME2 NOT NULL, UpdatedAt DATETIME2 NULL,
    CreatedBy UNIQUEIDENTIFIER NULL, UpdatedBy UNIQUEIDENTIFIER NULL, IsDeleted BIT NOT NULL DEFAULT 0);
2026-07-22 22:40:41.279 +07:00 [INF] Executed DbCommand (12ms) [Parameters=[], CommandType='"Text"', CommandTimeout='30']
IF OBJECT_ID('dbo.Hashtags') IS NOT NULL AND NOT EXISTS (SELECT 1 FROM sys.indexes WHERE name = 'IX_Hashtags_Tag')
    CREATE UNIQUE INDEX IX_Hashtags_Tag ON dbo.Hashtags(Tag);
2026-07-22 22:40:41.284 +07:00 [INF] Executed DbCommand (2ms) [Parameters=[], CommandType='"Text"', CommandTimeout='30']
IF OBJECT_ID('dbo.BrandProfiles') IS NULL
CREATE TABLE dbo.BrandProfiles (
    Id UNIQUEIDENTIFIER NOT NULL PRIMARY KEY, ProjectId UNIQUEIDENTIFIER NOT NULL,
    LogoUrl NVARCHAR(500) NULL, BusinessName NVARCHAR(150) NOT NULL, BrandName NVARCHAR(150) NOT NULL,
    Industry NVARCHAR(100) NULL, FoundingYear SMALLINT NULL, ShortDescription NVARCHAR(1000) NULL,
    Address NVARCHAR(300) NULL, ContactPhone NVARCHAR(20) NULL, ContactEmail NVARCHAR(255) NULL,
    Website NVARCHAR(255) NULL, VoiceSampleId UNIQUEIDENTIFIER NULL,
    CreatedAt DATETIME2 NOT NULL, UpdatedAt DATETIME2 NULL,
    CreatedBy UNIQUEIDENTIFIER NULL, UpdatedBy UNIQUEIDENTIFIER NULL, IsDeleted BIT NOT NULL DEFAULT 0,
    CONSTRAINT FK_BrandProfiles_Projects FOREIGN KEY (ProjectId) REFERENCES dbo.Projects(Id),
    CONSTRAINT FK_BrandProfiles_VoiceSampleTemplates FOREIGN KEY (VoiceSampleId) REFERENCES dbo.VoiceSampleTemplates(Id));
2026-07-22 22:40:41.297 +07:00 [INF] Executed DbCommand (9ms) [Parameters=[], CommandType='"Text"', CommandTimeout='30']
IF OBJECT_ID('dbo.BrandProfiles') IS NOT NULL AND NOT EXISTS (SELECT 1 FROM sys.indexes WHERE name = 'IX_BrandProfiles_ProjectId')
    CREATE UNIQUE INDEX IX_BrandProfiles_ProjectId ON dbo.BrandProfiles(ProjectId);
2026-07-22 22:40:41.303 +07:00 [INF] Executed DbCommand (1ms) [Parameters=[], CommandType='"Text"', CommandTimeout='30']
IF OBJECT_ID('dbo.BrandProfileStyles') IS NULL
CREATE TABLE dbo.BrandProfileStyles (
    Id UNIQUEIDENTIFIER NOT NULL PRIMARY KEY, BrandProfileId UNIQUEIDENTIFIER NOT NULL, StyleId UNIQUEIDENTIFIER NOT NULL,
    CreatedAt DATETIME2 NOT NULL, UpdatedAt DATETIME2 NULL,
    CreatedBy UNIQUEIDENTIFIER NULL, UpdatedBy UNIQUEIDENTIFIER NULL, IsDeleted BIT NOT NULL DEFAULT 0,
    CONSTRAINT FK_BrandProfileStyles_BrandProfiles FOREIGN KEY (BrandProfileId) REFERENCES dbo.BrandProfiles(Id),
    CONSTRAINT FK_BrandProfileStyles_BrandStyles FOREIGN KEY (StyleId) REFERENCES dbo.BrandStyles(Id));
2026-07-22 22:40:41.319 +07:00 [INF] Executed DbCommand (12ms) [Parameters=[], CommandType='"Text"', CommandTimeout='30']
IF OBJECT_ID('dbo.BrandProfileStyles') IS NOT NULL AND NOT EXISTS (SELECT 1 FROM sys.indexes WHERE name = 'IX_BrandProfileStyles_BrandProfileId_StyleId')
    CREATE UNIQUE INDEX IX_BrandProfileStyles_BrandProfileId_StyleId ON dbo.BrandProfileStyles(BrandProfileId, StyleId);
2026-07-22 22:40:41.328 +07:00 [INF] Executed DbCommand (2ms) [Parameters=[], CommandType='"Text"', CommandTimeout='30']
IF OBJECT_ID('dbo.BrandProfileKeywords') IS NULL
CREATE TABLE dbo.BrandProfileKeywords (
    Id UNIQUEIDENTIFIER NOT NULL PRIMARY KEY, BrandProfileId UNIQUEIDENTIFIER NOT NULL, ToneKeywordId UNIQUEIDENTIFIER NOT NULL,
    CreatedAt DATETIME2 NOT NULL, UpdatedAt DATETIME2 NULL,
    CreatedBy UNIQUEIDENTIFIER NULL, UpdatedBy UNIQUEIDENTIFIER NULL, IsDeleted BIT NOT NULL DEFAULT 0,
    CONSTRAINT FK_BrandProfileKeywords_BrandProfiles FOREIGN KEY (BrandProfileId) REFERENCES dbo.BrandProfiles(Id),
    CONSTRAINT FK_BrandProfileKeywords_ToneKeywords FOREIGN KEY (ToneKeywordId) REFERENCES dbo.ToneKeywords(Id));
2026-07-22 22:40:41.342 +07:00 [INF] Executed DbCommand (10ms) [Parameters=[], CommandType='"Text"', CommandTimeout='30']
IF OBJECT_ID('dbo.BrandProfileKeywords') IS NOT NULL AND NOT EXISTS (SELECT 1 FROM sys.indexes WHERE name = 'IX_BrandProfileKeywords_BrandProfileId_ToneKeywordId')
    CREATE UNIQUE INDEX IX_BrandProfileKeywords_BrandProfileId_ToneKeywordId ON dbo.BrandProfileKeywords(BrandProfileId, ToneKeywordId);
2026-07-22 22:40:41.347 +07:00 [INF] Executed DbCommand (1ms) [Parameters=[], CommandType='"Text"', CommandTimeout='30']
IF OBJECT_ID('dbo.BrandCtas') IS NULL
CREATE TABLE dbo.BrandCtas (
    Id UNIQUEIDENTIFIER NOT NULL PRIMARY KEY, BrandProfileId UNIQUEIDENTIFIER NOT NULL, CtaId UNIQUEIDENTIFIER NOT NULL,
    CreatedAt DATETIME2 NOT NULL, UpdatedAt DATETIME2 NULL,
    CreatedBy UNIQUEIDENTIFIER NULL, UpdatedBy UNIQUEIDENTIFIER NULL, IsDeleted BIT NOT NULL DEFAULT 0,
    CONSTRAINT FK_BrandCtas_BrandProfiles FOREIGN KEY (BrandProfileId) REFERENCES dbo.BrandProfiles(Id),
    CONSTRAINT FK_BrandCtas_CtaTemplates FOREIGN KEY (CtaId) REFERENCES dbo.CtaTemplates(Id));
2026-07-22 22:40:41.362 +07:00 [INF] Executed DbCommand (9ms) [Parameters=[], CommandType='"Text"', CommandTimeout='30']
IF OBJECT_ID('dbo.BrandCtas') IS NOT NULL AND NOT EXISTS (SELECT 1 FROM sys.indexes WHERE name = 'IX_BrandCtas_BrandProfileId_CtaId')
    CREATE UNIQUE INDEX IX_BrandCtas_BrandProfileId_CtaId ON dbo.BrandCtas(BrandProfileId, CtaId);
2026-07-22 22:40:41.370 +07:00 [INF] Executed DbCommand (3ms) [Parameters=[], CommandType='"Text"', CommandTimeout='30']
IF OBJECT_ID('dbo.BrandHashtags') IS NULL
CREATE TABLE dbo.BrandHashtags (
    Id UNIQUEIDENTIFIER NOT NULL PRIMARY KEY, BrandProfileId UNIQUEIDENTIFIER NOT NULL, HashtagId UNIQUEIDENTIFIER NOT NULL,
    CreatedAt DATETIME2 NOT NULL, UpdatedAt DATETIME2 NULL,
    CreatedBy UNIQUEIDENTIFIER NULL, UpdatedBy UNIQUEIDENTIFIER NULL, IsDeleted BIT NOT NULL DEFAULT 0,
    CONSTRAINT FK_BrandHashtags_BrandProfiles FOREIGN KEY (BrandProfileId) REFERENCES dbo.BrandProfiles(Id),
    CONSTRAINT FK_BrandHashtags_Hashtags FOREIGN KEY (HashtagId) REFERENCES dbo.Hashtags(Id));
2026-07-22 22:40:41.383 +07:00 [INF] Executed DbCommand (8ms) [Parameters=[], CommandType='"Text"', CommandTimeout='30']
IF OBJECT_ID('dbo.BrandHashtags') IS NOT NULL AND NOT EXISTS (SELECT 1 FROM sys.indexes WHERE name = 'IX_BrandHashtags_BrandProfileId_HashtagId')
    CREATE UNIQUE INDEX IX_BrandHashtags_BrandProfileId_HashtagId ON dbo.BrandHashtags(BrandProfileId, HashtagId);
2026-07-22 22:40:41.390 +07:00 [INF] Executed DbCommand (2ms) [Parameters=[], CommandType='"Text"', CommandTimeout='30']
IF OBJECT_ID('dbo.BrandColors') IS NULL
CREATE TABLE dbo.BrandColors (
    Id UNIQUEIDENTIFIER NOT NULL PRIMARY KEY, BrandProfileId UNIQUEIDENTIFIER NOT NULL,
    ColorHex NVARCHAR(9) NOT NULL, ColorType NVARCHAR(20) NOT NULL DEFAULT 'Secondary', SortOrder INT NOT NULL DEFAULT 0,
    CreatedAt DATETIME2 NOT NULL, UpdatedAt DATETIME2 NULL,
    CreatedBy UNIQUEIDENTIFIER NULL, UpdatedBy UNIQUEIDENTIFIER NULL, IsDeleted BIT NOT NULL DEFAULT 0,
    CONSTRAINT FK_BrandColors_BrandProfiles FOREIGN KEY (BrandProfileId) REFERENCES dbo.BrandProfiles(Id));
2026-07-22 22:40:41.396 +07:00 [INF] Executed DbCommand (2ms) [Parameters=[], CommandType='"Text"', CommandTimeout='30']
IF OBJECT_ID('dbo.BrandFonts') IS NULL
CREATE TABLE dbo.BrandFonts (
    Id UNIQUEIDENTIFIER NOT NULL PRIMARY KEY, BrandProfileId UNIQUEIDENTIFIER NOT NULL,
    FontName NVARCHAR(100) NOT NULL, UsageType NVARCHAR(20) NOT NULL,
    CreatedAt DATETIME2 NOT NULL, UpdatedAt DATETIME2 NULL,
    CreatedBy UNIQUEIDENTIFIER NULL, UpdatedBy UNIQUEIDENTIFIER NULL, IsDeleted BIT NOT NULL DEFAULT 0,
    CONSTRAINT FK_BrandFonts_BrandProfiles FOREIGN KEY (BrandProfileId) REFERENCES dbo.BrandProfiles(Id));
2026-07-22 22:40:41.403 +07:00 [INF] Executed DbCommand (2ms) [Parameters=[], CommandType='"Text"', CommandTimeout='30']
IF OBJECT_ID('dbo.ProductCategories') IS NULL
CREATE TABLE dbo.ProductCategories (
    Id UNIQUEIDENTIFIER NOT NULL PRIMARY KEY, BrandProfileId UNIQUEIDENTIFIER NOT NULL, CategoryName NVARCHAR(100) NOT NULL,
    CreatedAt DATETIME2 NOT NULL, UpdatedAt DATETIME2 NULL,
    CreatedBy UNIQUEIDENTIFIER NULL, UpdatedBy UNIQUEIDENTIFIER NULL, IsDeleted BIT NOT NULL DEFAULT 0,
    CONSTRAINT FK_ProductCategories_BrandProfiles FOREIGN KEY (BrandProfileId) REFERENCES dbo.BrandProfiles(Id));
2026-07-22 22:40:41.417 +07:00 [INF] Executed DbCommand (9ms) [Parameters=[], CommandType='"Text"', CommandTimeout='30']
IF OBJECT_ID('dbo.ProductCategories') IS NOT NULL AND NOT EXISTS (SELECT 1 FROM sys.indexes WHERE name = 'IX_ProductCategories_BrandProfileId_CategoryName')
    CREATE UNIQUE INDEX IX_ProductCategories_BrandProfileId_CategoryName ON dbo.ProductCategories(BrandProfileId, CategoryName);
2026-07-22 22:40:41.422 +07:00 [INF] Executed DbCommand (1ms) [Parameters=[], CommandType='"Text"', CommandTimeout='30']
IF OBJECT_ID('dbo.Products') IS NULL
CREATE TABLE dbo.Products (
    Id UNIQUEIDENTIFIER NOT NULL PRIMARY KEY, BrandProfileId UNIQUEIDENTIFIER NOT NULL, ProductCategoryId UNIQUEIDENTIFIER NULL,
    ProductName NVARCHAR(200) NOT NULL, Price DECIMAL(18,2) NULL, AiGeneratedDescription NVARCHAR(MAX) NULL,
    CreatedAt DATETIME2 NOT NULL, UpdatedAt DATETIME2 NULL,
    CreatedBy UNIQUEIDENTIFIER NULL, UpdatedBy UNIQUEIDENTIFIER NULL, IsDeleted BIT NOT NULL DEFAULT 0,
    CONSTRAINT FK_Products_BrandProfiles FOREIGN KEY (BrandProfileId) REFERENCES dbo.BrandProfiles(Id),
    CONSTRAINT FK_Products_ProductCategories FOREIGN KEY (ProductCategoryId) REFERENCES dbo.ProductCategories(Id));
2026-07-22 22:40:41.441 +07:00 [INF] Executed DbCommand (14ms) [Parameters=[], CommandType='"Text"', CommandTimeout='30']
IF NOT EXISTS (SELECT 1 FROM sys.foreign_keys WHERE name = 'FK_MediaFiles_Products_ProductId') AND OBJECT_ID('dbo.Products') IS NOT NULL
    ALTER TABLE dbo.MediaFiles ADD CONSTRAINT FK_MediaFiles_Products_ProductId FOREIGN KEY (ProductId) REFERENCES dbo.Products(Id);
2026-07-22 22:40:41.448 +07:00 [INF] Executed DbCommand (2ms) [Parameters=[], CommandType='"Text"', CommandTimeout='30']
IF OBJECT_ID('dbo.CampaignGoals') IS NULL
CREATE TABLE dbo.CampaignGoals (
    Id UNIQUEIDENTIFIER NOT NULL PRIMARY KEY, GoalName NVARCHAR(100) NOT NULL,
    CreatedAt DATETIME2 NOT NULL, UpdatedAt DATETIME2 NULL,
    CreatedBy UNIQUEIDENTIFIER NULL, UpdatedBy UNIQUEIDENTIFIER NULL, IsDeleted BIT NOT NULL DEFAULT 0);
2026-07-22 22:40:41.457 +07:00 [INF] Executed DbCommand (6ms) [Parameters=[], CommandType='"Text"', CommandTimeout='30']
IF OBJECT_ID('dbo.CampaignGoals') IS NOT NULL AND NOT EXISTS (SELECT 1 FROM sys.indexes WHERE name = 'IX_CampaignGoals_GoalName')
    CREATE UNIQUE INDEX IX_CampaignGoals_GoalName ON dbo.CampaignGoals(GoalName);
2026-07-22 22:40:41.465 +07:00 [INF] Executed DbCommand (2ms) [Parameters=[], CommandType='"Text"', CommandTimeout='30']
IF OBJECT_ID('dbo.PromotionTypes') IS NULL
CREATE TABLE dbo.PromotionTypes (
    Id UNIQUEIDENTIFIER NOT NULL PRIMARY KEY, TypeName NVARCHAR(100) NOT NULL,
    CreatedAt DATETIME2 NOT NULL, UpdatedAt DATETIME2 NULL,
    CreatedBy UNIQUEIDENTIFIER NULL, UpdatedBy UNIQUEIDENTIFIER NULL, IsDeleted BIT NOT NULL DEFAULT 0);
2026-07-22 22:40:41.484 +07:00 [INF] Executed DbCommand (14ms) [Parameters=[], CommandType='"Text"', CommandTimeout='30']
IF OBJECT_ID('dbo.PromotionTypes') IS NOT NULL AND NOT EXISTS (SELECT 1 FROM sys.indexes WHERE name = 'IX_PromotionTypes_TypeName')
    CREATE UNIQUE INDEX IX_PromotionTypes_TypeName ON dbo.PromotionTypes(TypeName);
2026-07-22 22:40:41.491 +07:00 [INF] Executed DbCommand (3ms) [Parameters=[], CommandType='"Text"', CommandTimeout='30']
IF OBJECT_ID('dbo.TimelineTemplateTypes') IS NULL
CREATE TABLE dbo.TimelineTemplateTypes (
    Id UNIQUEIDENTIFIER NOT NULL PRIMARY KEY, TypeName NVARCHAR(50) NOT NULL, Description NVARCHAR(300) NULL,
    CreatedAt DATETIME2 NOT NULL, UpdatedAt DATETIME2 NULL,
    CreatedBy UNIQUEIDENTIFIER NULL, UpdatedBy UNIQUEIDENTIFIER NULL, IsDeleted BIT NOT NULL DEFAULT 0);
2026-07-22 22:40:41.501 +07:00 [INF] Executed DbCommand (6ms) [Parameters=[], CommandType='"Text"', CommandTimeout='30']
IF OBJECT_ID('dbo.TimelineTemplateTypes') IS NOT NULL AND NOT EXISTS (SELECT 1 FROM sys.indexes WHERE name = 'IX_TimelineTemplateTypes_TypeName')
    CREATE UNIQUE INDEX IX_TimelineTemplateTypes_TypeName ON dbo.TimelineTemplateTypes(TypeName);
2026-07-22 22:40:41.507 +07:00 [INF] Executed DbCommand (1ms) [Parameters=[], CommandType='"Text"', CommandTimeout='30']
IF OBJECT_ID('dbo.Campaigns') IS NULL
CREATE TABLE dbo.Campaigns (
    Id UNIQUEIDENTIFIER NOT NULL PRIMARY KEY, ProjectId UNIQUEIDENTIFIER NOT NULL, Name NVARCHAR(200) NOT NULL,
    GoalId UNIQUEIDENTIFIER NOT NULL, PromotionTypeId UNIQUEIDENTIFIER NOT NULL,
    DiscountPercent DECIMAL(5,2) NULL, DiscountAmount DECIMAL(18,2) NULL, MinOrderAmount DECIMAL(18,2) NULL,
    StartDate DATE NOT NULL, EndDate DATE NOT NULL, NumberOfPosts INT NOT NULL DEFAULT 1, Status INT NOT NULL,
    CreatedAt DATETIME2 NOT NULL, UpdatedAt DATETIME2 NULL,
    CreatedBy UNIQUEIDENTIFIER NULL, UpdatedBy UNIQUEIDENTIFIER NULL, IsDeleted BIT NOT NULL DEFAULT 0,
    CONSTRAINT FK_Campaigns_Projects FOREIGN KEY (ProjectId) REFERENCES dbo.Projects(Id),
    CONSTRAINT FK_Campaigns_CampaignGoals FOREIGN KEY (GoalId) REFERENCES dbo.CampaignGoals(Id),
    CONSTRAINT FK_Campaigns_PromotionTypes FOREIGN KEY (PromotionTypeId) REFERENCES dbo.PromotionTypes(Id),
    CONSTRAINT CK_Campaigns_Dates CHECK (EndDate >= StartDate),
    CONSTRAINT CK_Campaigns_NumberOfPosts CHECK (NumberOfPosts > 0));
2026-07-22 22:40:41.513 +07:00 [INF] Executed DbCommand (1ms) [Parameters=[], CommandType='"Text"', CommandTimeout='30']
IF OBJECT_ID('dbo.CampaignChannelAccounts') IS NULL
CREATE TABLE dbo.CampaignChannelAccounts (
    Id UNIQUEIDENTIFIER NOT NULL PRIMARY KEY, CampaignId UNIQUEIDENTIFIER NOT NULL, ChannelAccountId UNIQUEIDENTIFIER NOT NULL,
    CreatedAt DATETIME2 NOT NULL, UpdatedAt DATETIME2 NULL,
    CreatedBy UNIQUEIDENTIFIER NULL, UpdatedBy UNIQUEIDENTIFIER NULL, IsDeleted BIT NOT NULL DEFAULT 0,
    CONSTRAINT FK_CampaignChannelAccounts_Campaigns FOREIGN KEY (CampaignId) REFERENCES dbo.Campaigns(Id),
    CONSTRAINT FK_CampaignChannelAccounts_ChannelAccounts FOREIGN KEY (ChannelAccountId) REFERENCES dbo.ChannelAccounts(Id));
2026-07-22 22:40:41.526 +07:00 [INF] Executed DbCommand (9ms) [Parameters=[], CommandType='"Text"', CommandTimeout='30']
IF OBJECT_ID('dbo.CampaignChannelAccounts') IS NOT NULL AND NOT EXISTS (SELECT 1 FROM sys.indexes WHERE name = 'IX_CampaignChannelAccounts_CampaignId_ChannelAccountId')
    CREATE UNIQUE INDEX IX_CampaignChannelAccounts_CampaignId_ChannelAccountId ON dbo.CampaignChannelAccounts(CampaignId, ChannelAccountId);
2026-07-22 22:40:41.532 +07:00 [INF] Executed DbCommand (2ms) [Parameters=[], CommandType='"Text"', CommandTimeout='30']
IF OBJECT_ID('dbo.Timelines') IS NULL
CREATE TABLE dbo.Timelines (
    Id UNIQUEIDENTIFIER NOT NULL PRIMARY KEY, ProjectId UNIQUEIDENTIFIER NOT NULL, CampaignId UNIQUEIDENTIFIER NULL,
    Name NVARCHAR(200) NOT NULL, TemplateTypeId UNIQUEIDENTIFIER NOT NULL,
    StartDate DATE NOT NULL, EndDate DATE NOT NULL, Status INT NOT NULL,
    CreatedAt DATETIME2 NOT NULL, UpdatedAt DATETIME2 NULL,
    CreatedBy UNIQUEIDENTIFIER NULL, UpdatedBy UNIQUEIDENTIFIER NULL, IsDeleted BIT NOT NULL DEFAULT 0,
    CONSTRAINT FK_Timelines_Projects FOREIGN KEY (ProjectId) REFERENCES dbo.Projects(Id),
    CONSTRAINT FK_Timelines_Campaigns FOREIGN KEY (CampaignId) REFERENCES dbo.Campaigns(Id),
    CONSTRAINT FK_Timelines_TimelineTemplateTypes FOREIGN KEY (TemplateTypeId) REFERENCES dbo.TimelineTemplateTypes(Id),
    CONSTRAINT CK_Timelines_Dates CHECK (EndDate >= StartDate));
2026-07-22 22:40:41.543 +07:00 [INF] Executed DbCommand (7ms) [Parameters=[], CommandType='"Text"', CommandTimeout='30']
IF NOT EXISTS (SELECT 1 FROM sys.foreign_keys WHERE name = 'FK_Posts_Timelines_TimelineId') AND OBJECT_ID('dbo.Timelines') IS NOT NULL
    ALTER TABLE dbo.Posts ADD CONSTRAINT FK_Posts_Timelines_TimelineId FOREIGN KEY (TimelineId) REFERENCES dbo.Timelines(Id);
2026-07-22 22:40:41.553 +07:00 [INF] Executed DbCommand (7ms) [Parameters=[], CommandType='"Text"', CommandTimeout='30']
IF NOT EXISTS (SELECT 1 FROM sys.foreign_keys WHERE name = 'FK_Posts_VoiceSampleTemplates_VoiceSampleId') AND OBJECT_ID('dbo.VoiceSampleTemplates') IS NOT NULL
    ALTER TABLE dbo.Posts ADD CONSTRAINT FK_Posts_VoiceSampleTemplates_VoiceSampleId FOREIGN KEY (VoiceSampleId) REFERENCES dbo.VoiceSampleTemplates(Id);
2026-07-22 22:40:41.559 +07:00 [INF] Executed DbCommand (1ms) [Parameters=[], CommandType='"Text"', CommandTimeout='30']
IF OBJECT_ID('dbo.PostHashtags') IS NULL
CREATE TABLE dbo.PostHashtags (
    Id UNIQUEIDENTIFIER NOT NULL PRIMARY KEY, PostId UNIQUEIDENTIFIER NOT NULL, HashtagId UNIQUEIDENTIFIER NOT NULL,
    CreatedAt DATETIME2 NOT NULL, UpdatedAt DATETIME2 NULL,
    CreatedBy UNIQUEIDENTIFIER NULL, UpdatedBy UNIQUEIDENTIFIER NULL, IsDeleted BIT NOT NULL DEFAULT 0,
    CONSTRAINT FK_PostHashtags_Posts FOREIGN KEY (PostId) REFERENCES dbo.Posts(Id),
    CONSTRAINT FK_PostHashtags_Hashtags FOREIGN KEY (HashtagId) REFERENCES dbo.Hashtags(Id));
2026-07-22 22:40:41.565 +07:00 [INF] Executed DbCommand (2ms) [Parameters=[], CommandType='"Text"', CommandTimeout='30']
IF OBJECT_ID('dbo.PostChannelAccounts') IS NULL
CREATE TABLE dbo.PostChannelAccounts (
    Id UNIQUEIDENTIFIER NOT NULL PRIMARY KEY, PostId UNIQUEIDENTIFIER NOT NULL, ChannelAccountId UNIQUEIDENTIFIER NOT NULL,
    Status INT NOT NULL, ExternalPostId NVARCHAR(128) NULL, PublishedUrl NVARCHAR(1000) NULL, PublishedAt DATETIME2 NULL,
    CreatedAt DATETIME2 NOT NULL, UpdatedAt DATETIME2 NULL,
    CreatedBy UNIQUEIDENTIFIER NULL, UpdatedBy UNIQUEIDENTIFIER NULL, IsDeleted BIT NOT NULL DEFAULT 0,
    CONSTRAINT FK_PostChannelAccounts_Posts FOREIGN KEY (PostId) REFERENCES dbo.Posts(Id),
    CONSTRAINT FK_PostChannelAccounts_ChannelAccounts FOREIGN KEY (ChannelAccountId) REFERENCES dbo.ChannelAccounts(Id));
2026-07-22 22:40:41.577 +07:00 [INF] Executed DbCommand (9ms) [Parameters=[], CommandType='"Text"', CommandTimeout='30']
IF OBJECT_ID('dbo.PostChannelAccounts') IS NOT NULL AND NOT EXISTS (SELECT 1 FROM sys.indexes WHERE name = 'IX_PostChannelAccounts_PostId_ChannelAccountId')
    CREATE UNIQUE INDEX IX_PostChannelAccounts_PostId_ChannelAccountId ON dbo.PostChannelAccounts(PostId, ChannelAccountId);
2026-07-22 22:40:41.590 +07:00 [INF] Executed DbCommand (10ms) [Parameters=[], CommandType='"Text"', CommandTimeout='30']
IF NOT EXISTS (SELECT 1 FROM sys.foreign_keys WHERE name = 'FK_PostSchedules_PostChannelAccounts_PostChannelAccountId') AND OBJECT_ID('dbo.PostChannelAccounts') IS NOT NULL
    ALTER TABLE dbo.PostSchedules ADD CONSTRAINT FK_PostSchedules_PostChannelAccounts_PostChannelAccountId FOREIGN KEY (PostChannelAccountId) REFERENCES dbo.PostChannelAccounts(Id);
2026-07-22 22:40:41.597 +07:00 [INF] Executed DbCommand (2ms) [Parameters=[], CommandType='"Text"', CommandTimeout='30']
IF OBJECT_ID('dbo.PostAnalytics') IS NULL
CREATE TABLE dbo.PostAnalytics (
    Id UNIQUEIDENTIFIER NOT NULL PRIMARY KEY, PostChannelAccountId UNIQUEIDENTIFIER NOT NULL,
    Reach INT NOT NULL DEFAULT 0, Likes INT NOT NULL DEFAULT 0, Comments INT NOT NULL DEFAULT 0, Shares INT NOT NULL DEFAULT 0,
    RecordedAt DATETIME2 NOT NULL,
    CreatedAt DATETIME2 NOT NULL, UpdatedAt DATETIME2 NULL,
    CreatedBy UNIQUEIDENTIFIER NULL, UpdatedBy UNIQUEIDENTIFIER NULL, IsDeleted BIT NOT NULL DEFAULT 0,
    CONSTRAINT FK_PostAnalytics_PostChannelAccounts FOREIGN KEY (PostChannelAccountId) REFERENCES dbo.PostChannelAccounts(Id));
2026-07-22 22:40:41.615 +07:00 [INF] Executed DbCommand (15ms) [Parameters=[], CommandType='"Text"', CommandTimeout='30']
IF OBJECT_ID('dbo.PostAnalytics') IS NOT NULL AND NOT EXISTS (SELECT 1 FROM sys.indexes WHERE name = 'IX_PostAnalytics_PostChannelAccountId')
    CREATE UNIQUE INDEX IX_PostAnalytics_PostChannelAccountId ON dbo.PostAnalytics(PostChannelAccountId);
2026-07-22 22:40:41.619 +07:00 [INF] FlowMate EF compatibility layer applied.
2026-07-22 22:40:41.968 +07:00 [INF] Executed DbCommand (7ms) [Parameters=[], CommandType='"Text"', CommandTimeout='30']
SELECT CASE
    WHEN EXISTS (
        SELECT 1
        FROM [Roles] AS [r]
        WHERE [r].[IsDeleted] = CAST(0 AS bit)) THEN CAST(1 AS bit)
    ELSE CAST(0 AS bit)
END
2026-07-22 22:40:42.024 +07:00 [INF] Executed DbCommand (6ms) [Parameters=[], CommandType='"Text"', CommandTimeout='30']
SELECT CASE
    WHEN EXISTS (
        SELECT 1
        FROM [Permissions] AS [p]
        WHERE [p].[IsDeleted] = CAST(0 AS bit)) THEN CAST(1 AS bit)
    ELSE CAST(0 AS bit)
END
2026-07-22 22:40:42.050 +07:00 [INF] Executed DbCommand (7ms) [Parameters=[], CommandType='"Text"', CommandTimeout='30']
SELECT CASE
    WHEN EXISTS (
        SELECT 1
        FROM [RolePermissions] AS [r]
        WHERE [r].[IsDeleted] = CAST(0 AS bit) AND [r].[RoleId] = '33333333-3333-3333-3333-333333333333') THEN CAST(1 AS bit)
    ELSE CAST(0 AS bit)
END
2026-07-22 22:40:42.067 +07:00 [INF] Executed DbCommand (4ms) [Parameters=[], CommandType='"Text"', CommandTimeout='30']
SELECT CASE
    WHEN EXISTS (
        SELECT 1
        FROM [Plans] AS [p]
        WHERE [p].[IsDeleted] = CAST(0 AS bit)) THEN CAST(1 AS bit)
    ELSE CAST(0 AS bit)
END
2026-07-22 22:40:42.082 +07:00 [INF] Executed DbCommand (4ms) [Parameters=[], CommandType='"Text"', CommandTimeout='30']
SELECT CASE
    WHEN EXISTS (
        SELECT 1
        FROM [Channels] AS [c]
        WHERE [c].[IsDeleted] = CAST(0 AS bit)) THEN CAST(1 AS bit)
    ELSE CAST(0 AS bit)
END
2026-07-22 22:40:42.097 +07:00 [INF] Executed DbCommand (4ms) [Parameters=[], CommandType='"Text"', CommandTimeout='30']
SELECT CASE
    WHEN EXISTS (
        SELECT 1
        FROM [BrandStyles] AS [b]
        WHERE [b].[IsDeleted] = CAST(0 AS bit)) THEN CAST(1 AS bit)
    ELSE CAST(0 AS bit)
END
2026-07-22 22:40:42.108 +07:00 [INF] Executed DbCommand (4ms) [Parameters=[], CommandType='"Text"', CommandTimeout='30']
SELECT CASE
    WHEN EXISTS (
        SELECT 1
        FROM [ToneKeywords] AS [t]
        WHERE [t].[IsDeleted] = CAST(0 AS bit)) THEN CAST(1 AS bit)
    ELSE CAST(0 AS bit)
END
2026-07-22 22:40:42.121 +07:00 [INF] Executed DbCommand (3ms) [Parameters=[], CommandType='"Text"', CommandTimeout='30']
SELECT CASE
    WHEN EXISTS (
        SELECT 1
        FROM [VoiceSampleTemplates] AS [v]
        WHERE [v].[IsDeleted] = CAST(0 AS bit)) THEN CAST(1 AS bit)
    ELSE CAST(0 AS bit)
END
2026-07-22 22:40:42.142 +07:00 [INF] Executed DbCommand (9ms) [Parameters=[], CommandType='"Text"', CommandTimeout='30']
SELECT CASE
    WHEN EXISTS (
        SELECT 1
        FROM [CtaTemplates] AS [c]
        WHERE [c].[IsDeleted] = CAST(0 AS bit)) THEN CAST(1 AS bit)
    ELSE CAST(0 AS bit)
END
2026-07-22 22:40:42.187 +07:00 [INF] Executed DbCommand (21ms) [Parameters=[], CommandType='"Text"', CommandTimeout='30']
SELECT CASE
    WHEN EXISTS (
        SELECT 1
        FROM [CampaignGoals] AS [c]
        WHERE [c].[IsDeleted] = CAST(0 AS bit)) THEN CAST(1 AS bit)
    ELSE CAST(0 AS bit)
END
2026-07-22 22:40:42.227 +07:00 [INF] Executed DbCommand (9ms) [Parameters=[], CommandType='"Text"', CommandTimeout='30']
SELECT CASE
    WHEN EXISTS (
        SELECT 1
        FROM [PromotionTypes] AS [p]
        WHERE [p].[IsDeleted] = CAST(0 AS bit)) THEN CAST(1 AS bit)
    ELSE CAST(0 AS bit)
END
2026-07-22 22:40:42.273 +07:00 [INF] Executed DbCommand (10ms) [Parameters=[], CommandType='"Text"', CommandTimeout='30']
SELECT CASE
    WHEN EXISTS (
        SELECT 1
        FROM [TimelineTemplateTypes] AS [t]
        WHERE [t].[IsDeleted] = CAST(0 AS bit)) THEN CAST(1 AS bit)
    ELSE CAST(0 AS bit)
END
2026-07-22 22:40:42.303 +07:00 [INF] Executed DbCommand (10ms) [Parameters=[], CommandType='"Text"', CommandTimeout='30']
SELECT CASE
    WHEN EXISTS (
        SELECT 1
        FROM [Settings] AS [s]
        WHERE [s].[IsDeleted] = CAST(0 AS bit)) THEN CAST(1 AS bit)
    ELSE CAST(0 AS bit)
END
2026-07-22 22:40:42.321 +07:00 [INF] Executed DbCommand (5ms) [Parameters=[], CommandType='"Text"', CommandTimeout='30']
SELECT CASE
    WHEN EXISTS (
        SELECT 1
        FROM [AiPrompts] AS [a]
        WHERE [a].[IsDeleted] = CAST(0 AS bit)) THEN CAST(1 AS bit)
    ELSE CAST(0 AS bit)
END
2026-07-22 22:40:42.338 +07:00 [INF] Executed DbCommand (6ms) [Parameters=[], CommandType='"Text"', CommandTimeout='30']
SELECT CASE
    WHEN EXISTS (
        SELECT 1
        FROM [AiPrompts] AS [a]
        WHERE [a].[IsDeleted] = CAST(0 AS bit) AND [a].[Name] = N'Facebook Fanpage Bán Hàng') THEN CAST(1 AS bit)
    ELSE CAST(0 AS bit)
END
2026-07-22 22:40:42.359 +07:00 [INF] Executed DbCommand (7ms) [Parameters=[], CommandType='"Text"', CommandTimeout='30']
SELECT CASE
    WHEN EXISTS (
        SELECT 1
        FROM [Users] AS [u]
        WHERE [u].[IsDeleted] = CAST(0 AS bit) AND [u].[Email] = N'admin@autowork.com') THEN CAST(1 AS bit)
    ELSE CAST(0 AS bit)
END
2026-07-22 22:40:42.374 +07:00 [INF] Executed DbCommand (4ms) [Parameters=[], CommandType='"Text"', CommandTimeout='30']
SELECT CASE
    WHEN EXISTS (
        SELECT 1
        FROM [Users] AS [u]
        WHERE [u].[IsDeleted] = CAST(0 AS bit) AND [u].[Email] = N'demo@autowork.com') THEN CAST(1 AS bit)
    ELSE CAST(0 AS bit)
END
2026-07-22 22:40:42.389 +07:00 [INF] Executed DbCommand (5ms) [Parameters=[], CommandType='"Text"', CommandTimeout='30']
SELECT CASE
    WHEN EXISTS (
        SELECT 1
        FROM [Projects] AS [p]
        WHERE [p].[IsDeleted] = CAST(0 AS bit) AND [p].[Id] = '13131313-1313-1313-1313-131313131313') THEN CAST(1 AS bit)
    ELSE CAST(0 AS bit)
END
2026-07-22 22:40:42.411 +07:00 [INF] Executed DbCommand (8ms) [Parameters=[], CommandType='"Text"', CommandTimeout='30']
SELECT CASE
    WHEN EXISTS (
        SELECT 1
        FROM [Posts] AS [p]
        WHERE [p].[IsDeleted] = CAST(0 AS bit) AND [p].[ProjectId] = '13131313-1313-1313-1313-131313131313') THEN CAST(1 AS bit)
    ELSE CAST(0 AS bit)
END
2026-07-22 22:40:42.458 +07:00 [INF] Database seed completed successfully.
2026-07-22 22:40:42.758 +07:00 [INF] Start installing Hangfire SQL objects...
2026-07-22 22:40:42.972 +07:00 [INF] Hangfire SQL objects installed.
2026-07-22 22:40:43.319 +07:00 [WRN] The WebRootPath was not found: D:\EXE01\AIMarketingAssistant\src\AutoWork.API\wwwroot. Static files may be unavailable.
2026-07-22 22:40:43.455 +07:00 [INF] Now listening on: https://localhost:7165
2026-07-22 22:40:43.631 +07:00 [INF] Starting Hangfire Server using job storage: 'SQL Server: localhost@FlowMateDB'
2026-07-22 22:40:43.635 +07:00 [INF] Using the following options for SQL Server job storage: Queue poll interval: 00:00:15.
2026-07-22 22:40:43.639 +07:00 [INF] Using the following options for Hangfire Server:
    Worker count: 20
    Listening queues: 'default'
    Shutdown timeout: 00:00:15
    Schedule polling interval: 00:00:15
2026-07-22 22:40:43.673 +07:00 [INF] Application started. Press Ctrl+C to shut down.
2026-07-22 22:40:43.679 +07:00 [INF] Hosting environment: Development
2026-07-22 22:40:43.688 +07:00 [INF] Content root path: D:\EXE01\AIMarketingAssistant\src\AutoWork.API
2026-07-22 22:40:43.708 +07:00 [INF] Server laptop-g044c7b0:36200:f64855a5 successfully announced in 31.8878 ms
2026-07-22 22:40:43.747 +07:00 [INF] Server laptop-g044c7b0:36200:f64855a5 is starting the registered dispatchers: ServerWatchdog, ServerJobCancellationWatcher, ExpirationManager, CountersAggregator, SqlServerHeartbeatProcess, Worker, DelayedJobScheduler, RecurringJobScheduler...
2026-07-22 22:40:43.780 +07:00 [INF] 1 servers were removed due to timeout
2026-07-22 22:40:44.100 +07:00 [INF] Server laptop-g044c7b0:36200:f64855a5 all the dispatchers started
2026-07-22 22:40:45.721 +07:00 [INF] Executed DbCommand (32ms) [Parameters=[@__before_0='?' (DbType = DateTime2)], CommandType='"Text"', CommandTimeout='30']
SELECT [p].[Id], [p].[CreatedAt], [p].[CreatedBy], [p].[ExecutedAt], [p].[FailureReason], [p].[IsDeleted], [p].[PostChannelAccountId], [p].[PostId], [p].[RetryCount], [p].[ScheduledAt], [p].[Status], [p].[UpdatedAt], [p].[UpdatedBy], [t].[Id], [t].[ChannelAccountId], [t].[CreatedAt], [t].[CreatedBy], [t].[DayNumber], [t].[ExternalPostId], [t].[IsDeleted], [t].[ProjectId], [t].[PublishedAt], [t].[PublishedUrl], [t].[ScheduledAt], [t].[Status], [t].[TimelineId], [t].[Title], [t].[TrackingEnabled], [t].[UpdatedAt], [t].[UpdatedBy], [t].[VoiceSampleId], [t0].[Id], [t0].[Content], [t0].[ContentType], [t0].[CreatedAt], [t0].[CreatedBy], [t0].[IsDeleted], [t0].[MediaFileId], [t0].[PostId], [t0].[SortOrder], [t0].[UpdatedAt], [t0].[UpdatedBy]
FROM [PostSchedules] AS [p]
INNER JOIN (
    SELECT [p0].[Id], [p0].[ChannelAccountId], [p0].[CreatedAt], [p0].[CreatedBy], [p0].[DayNumber], [p0].[ExternalPostId], [p0].[IsDeleted], [p0].[ProjectId], [p0].[PublishedAt], [p0].[PublishedUrl], [p0].[ScheduledAt], [p0].[Status], [p0].[TimelineId], [p0].[Title], [p0].[TrackingEnabled], [p0].[UpdatedAt], [p0].[UpdatedBy], [p0].[VoiceSampleId]
    FROM [Posts] AS [p0]
    WHERE [p0].[IsDeleted] = CAST(0 AS bit)
) AS [t] ON [p].[PostId] = [t].[Id]
LEFT JOIN (
    SELECT [p1].[Id], [p1].[Content], [p1].[ContentType], [p1].[CreatedAt], [p1].[CreatedBy], [p1].[IsDeleted], [p1].[MediaFileId], [p1].[PostId], [p1].[SortOrder], [p1].[UpdatedAt], [p1].[UpdatedBy]
    FROM [PostContents] AS [p1]
    WHERE [p1].[IsDeleted] = CAST(0 AS bit)
) AS [t0] ON [t].[Id] = [t0].[PostId]
WHERE [p].[IsDeleted] = CAST(0 AS bit) AND [p].[Status] = 0 AND [p].[ScheduledAt] <= @__before_0
ORDER BY [p].[ScheduledAt], [p].[Id], [t].[Id]
2026-07-22 22:41:14.725 +07:00 [INF] Executed DbCommand (10ms) [Parameters=[@__before_0='?' (DbType = DateTime2)], CommandType='"Text"', CommandTimeout='30']
SELECT [p].[Id], [p].[CreatedAt], [p].[CreatedBy], [p].[ExecutedAt], [p].[FailureReason], [p].[IsDeleted], [p].[PostChannelAccountId], [p].[PostId], [p].[RetryCount], [p].[ScheduledAt], [p].[Status], [p].[UpdatedAt], [p].[UpdatedBy], [t].[Id], [t].[ChannelAccountId], [t].[CreatedAt], [t].[CreatedBy], [t].[DayNumber], [t].[ExternalPostId], [t].[IsDeleted], [t].[ProjectId], [t].[PublishedAt], [t].[PublishedUrl], [t].[ScheduledAt], [t].[Status], [t].[TimelineId], [t].[Title], [t].[TrackingEnabled], [t].[UpdatedAt], [t].[UpdatedBy], [t].[VoiceSampleId], [t0].[Id], [t0].[Content], [t0].[ContentType], [t0].[CreatedAt], [t0].[CreatedBy], [t0].[IsDeleted], [t0].[MediaFileId], [t0].[PostId], [t0].[SortOrder], [t0].[UpdatedAt], [t0].[UpdatedBy]
FROM [PostSchedules] AS [p]
INNER JOIN (
    SELECT [p0].[Id], [p0].[ChannelAccountId], [p0].[CreatedAt], [p0].[CreatedBy], [p0].[DayNumber], [p0].[ExternalPostId], [p0].[IsDeleted], [p0].[ProjectId], [p0].[PublishedAt], [p0].[PublishedUrl], [p0].[ScheduledAt], [p0].[Status], [p0].[TimelineId], [p0].[Title], [p0].[TrackingEnabled], [p0].[UpdatedAt], [p0].[UpdatedBy], [p0].[VoiceSampleId]
    FROM [Posts] AS [p0]
    WHERE [p0].[IsDeleted] = CAST(0 AS bit)
) AS [t] ON [p].[PostId] = [t].[Id]
LEFT JOIN (
    SELECT [p1].[Id], [p1].[Content], [p1].[ContentType], [p1].[CreatedAt], [p1].[CreatedBy], [p1].[IsDeleted], [p1].[MediaFileId], [p1].[PostId], [p1].[SortOrder], [p1].[UpdatedAt], [p1].[UpdatedBy]
    FROM [PostContents] AS [p1]
    WHERE [p1].[IsDeleted] = CAST(0 AS bit)
) AS [t0] ON [t].[Id] = [t0].[PostId]
WHERE [p].[IsDeleted] = CAST(0 AS bit) AND [p].[Status] = 0 AND [p].[ScheduledAt] <= @__before_0
ORDER BY [p].[ScheduledAt], [p].[Id], [t].[Id]
2026-07-22 22:42:14.896 +07:00 [INF] Executed DbCommand (32ms) [Parameters=[@__before_0='?' (DbType = DateTime2)], CommandType='"Text"', CommandTimeout='30']
SELECT [p].[Id], [p].[CreatedAt], [p].[CreatedBy], [p].[ExecutedAt], [p].[FailureReason], [p].[IsDeleted], [p].[PostChannelAccountId], [p].[PostId], [p].[RetryCount], [p].[ScheduledAt], [p].[Status], [p].[UpdatedAt], [p].[UpdatedBy], [t].[Id], [t].[ChannelAccountId], [t].[CreatedAt], [t].[CreatedBy], [t].[DayNumber], [t].[ExternalPostId], [t].[IsDeleted], [t].[ProjectId], [t].[PublishedAt], [t].[PublishedUrl], [t].[ScheduledAt], [t].[Status], [t].[TimelineId], [t].[Title], [t].[TrackingEnabled], [t].[UpdatedAt], [t].[UpdatedBy], [t].[VoiceSampleId], [t0].[Id], [t0].[Content], [t0].[ContentType], [t0].[CreatedAt], [t0].[CreatedBy], [t0].[IsDeleted], [t0].[MediaFileId], [t0].[PostId], [t0].[SortOrder], [t0].[UpdatedAt], [t0].[UpdatedBy]
FROM [PostSchedules] AS [p]
INNER JOIN (
    SELECT [p0].[Id], [p0].[ChannelAccountId], [p0].[CreatedAt], [p0].[CreatedBy], [p0].[DayNumber], [p0].[ExternalPostId], [p0].[IsDeleted], [p0].[ProjectId], [p0].[PublishedAt], [p0].[PublishedUrl], [p0].[ScheduledAt], [p0].[Status], [p0].[TimelineId], [p0].[Title], [p0].[TrackingEnabled], [p0].[UpdatedAt], [p0].[UpdatedBy], [p0].[VoiceSampleId]
    FROM [Posts] AS [p0]
    WHERE [p0].[IsDeleted] = CAST(0 AS bit)
) AS [t] ON [p].[PostId] = [t].[Id]
LEFT JOIN (
    SELECT [p1].[Id], [p1].[Content], [p1].[ContentType], [p1].[CreatedAt], [p1].[CreatedBy], [p1].[IsDeleted], [p1].[MediaFileId], [p1].[PostId], [p1].[SortOrder], [p1].[UpdatedAt], [p1].[UpdatedBy]
    FROM [PostContents] AS [p1]
    WHERE [p1].[IsDeleted] = CAST(0 AS bit)
) AS [t0] ON [t].[Id] = [t0].[PostId]
WHERE [p].[IsDeleted] = CAST(0 AS bit) AND [p].[Status] = 0 AND [p].[ScheduledAt] <= @__before_0
ORDER BY [p].[ScheduledAt], [p].[Id], [t].[Id]
2026-07-22 22:43:14.907 +07:00 [INF] Executed DbCommand (9ms) [Parameters=[@__before_0='?' (DbType = DateTime2)], CommandType='"Text"', CommandTimeout='30']
SELECT [p].[Id], [p].[CreatedAt], [p].[CreatedBy], [p].[ExecutedAt], [p].[FailureReason], [p].[IsDeleted], [p].[PostChannelAccountId], [p].[PostId], [p].[RetryCount], [p].[ScheduledAt], [p].[Status], [p].[UpdatedAt], [p].[UpdatedBy], [t].[Id], [t].[ChannelAccountId], [t].[CreatedAt], [t].[CreatedBy], [t].[DayNumber], [t].[ExternalPostId], [t].[IsDeleted], [t].[ProjectId], [t].[PublishedAt], [t].[PublishedUrl], [t].[ScheduledAt], [t].[Status], [t].[TimelineId], [t].[Title], [t].[TrackingEnabled], [t].[UpdatedAt], [t].[UpdatedBy], [t].[VoiceSampleId], [t0].[Id], [t0].[Content], [t0].[ContentType], [t0].[CreatedAt], [t0].[CreatedBy], [t0].[IsDeleted], [t0].[MediaFileId], [t0].[PostId], [t0].[SortOrder], [t0].[UpdatedAt], [t0].[UpdatedBy]
FROM [PostSchedules] AS [p]
INNER JOIN (
    SELECT [p0].[Id], [p0].[ChannelAccountId], [p0].[CreatedAt], [p0].[CreatedBy], [p0].[DayNumber], [p0].[ExternalPostId], [p0].[IsDeleted], [p0].[ProjectId], [p0].[PublishedAt], [p0].[PublishedUrl], [p0].[ScheduledAt], [p0].[Status], [p0].[TimelineId], [p0].[Title], [p0].[TrackingEnabled], [p0].[UpdatedAt], [p0].[UpdatedBy], [p0].[VoiceSampleId]
    FROM [Posts] AS [p0]
    WHERE [p0].[IsDeleted] = CAST(0 AS bit)
) AS [t] ON [p].[PostId] = [t].[Id]
LEFT JOIN (
    SELECT [p1].[Id], [p1].[Content], [p1].[ContentType], [p1].[CreatedAt], [p1].[CreatedBy], [p1].[IsDeleted], [p1].[MediaFileId], [p1].[PostId], [p1].[SortOrder], [p1].[UpdatedAt], [p1].[UpdatedBy]
    FROM [PostContents] AS [p1]
    WHERE [p1].[IsDeleted] = CAST(0 AS bit)
) AS [t0] ON [t].[Id] = [t0].[PostId]
WHERE [p].[IsDeleted] = CAST(0 AS bit) AND [p].[Status] = 0 AND [p].[ScheduledAt] <= @__before_0
ORDER BY [p].[ScheduledAt], [p].[Id], [t].[Id]
2026-07-22 22:44:15.024 +07:00 [INF] Executed DbCommand (11ms) [Parameters=[@__before_0='?' (DbType = DateTime2)], CommandType='"Text"', CommandTimeout='30']
SELECT [p].[Id], [p].[CreatedAt], [p].[CreatedBy], [p].[ExecutedAt], [p].[FailureReason], [p].[IsDeleted], [p].[PostChannelAccountId], [p].[PostId], [p].[RetryCount], [p].[ScheduledAt], [p].[Status], [p].[UpdatedAt], [p].[UpdatedBy], [t].[Id], [t].[ChannelAccountId], [t].[CreatedAt], [t].[CreatedBy], [t].[DayNumber], [t].[ExternalPostId], [t].[IsDeleted], [t].[ProjectId], [t].[PublishedAt], [t].[PublishedUrl], [t].[ScheduledAt], [t].[Status], [t].[TimelineId], [t].[Title], [t].[TrackingEnabled], [t].[UpdatedAt], [t].[UpdatedBy], [t].[VoiceSampleId], [t0].[Id], [t0].[Content], [t0].[ContentType], [t0].[CreatedAt], [t0].[CreatedBy], [t0].[IsDeleted], [t0].[MediaFileId], [t0].[PostId], [t0].[SortOrder], [t0].[UpdatedAt], [t0].[UpdatedBy]
FROM [PostSchedules] AS [p]
INNER JOIN (
    SELECT [p0].[Id], [p0].[ChannelAccountId], [p0].[CreatedAt], [p0].[CreatedBy], [p0].[DayNumber], [p0].[ExternalPostId], [p0].[IsDeleted], [p0].[ProjectId], [p0].[PublishedAt], [p0].[PublishedUrl], [p0].[ScheduledAt], [p0].[Status], [p0].[TimelineId], [p0].[Title], [p0].[TrackingEnabled], [p0].[UpdatedAt], [p0].[UpdatedBy], [p0].[VoiceSampleId]
    FROM [Posts] AS [p0]
    WHERE [p0].[IsDeleted] = CAST(0 AS bit)
) AS [t] ON [p].[PostId] = [t].[Id]
LEFT JOIN (
    SELECT [p1].[Id], [p1].[Content], [p1].[ContentType], [p1].[CreatedAt], [p1].[CreatedBy], [p1].[IsDeleted], [p1].[MediaFileId], [p1].[PostId], [p1].[SortOrder], [p1].[UpdatedAt], [p1].[UpdatedBy]
    FROM [PostContents] AS [p1]
    WHERE [p1].[IsDeleted] = CAST(0 AS bit)
) AS [t0] ON [t].[Id] = [t0].[PostId]
WHERE [p].[IsDeleted] = CAST(0 AS bit) AND [p].[Status] = 0 AND [p].[ScheduledAt] <= @__before_0
ORDER BY [p].[ScheduledAt], [p].[Id], [t].[Id]
2026-07-22 22:45:15.137 +07:00 [INF] Executed DbCommand (15ms) [Parameters=[@__before_0='?' (DbType = DateTime2)], CommandType='"Text"', CommandTimeout='30']
SELECT [p].[Id], [p].[CreatedAt], [p].[CreatedBy], [p].[ExecutedAt], [p].[FailureReason], [p].[IsDeleted], [p].[PostChannelAccountId], [p].[PostId], [p].[RetryCount], [p].[ScheduledAt], [p].[Status], [p].[UpdatedAt], [p].[UpdatedBy], [t].[Id], [t].[ChannelAccountId], [t].[CreatedAt], [t].[CreatedBy], [t].[DayNumber], [t].[ExternalPostId], [t].[IsDeleted], [t].[ProjectId], [t].[PublishedAt], [t].[PublishedUrl], [t].[ScheduledAt], [t].[Status], [t].[TimelineId], [t].[Title], [t].[TrackingEnabled], [t].[UpdatedAt], [t].[UpdatedBy], [t].[VoiceSampleId], [t0].[Id], [t0].[Content], [t0].[ContentType], [t0].[CreatedAt], [t0].[CreatedBy], [t0].[IsDeleted], [t0].[MediaFileId], [t0].[PostId], [t0].[SortOrder], [t0].[UpdatedAt], [t0].[UpdatedBy]
FROM [PostSchedules] AS [p]
INNER JOIN (
    SELECT [p0].[Id], [p0].[ChannelAccountId], [p0].[CreatedAt], [p0].[CreatedBy], [p0].[DayNumber], [p0].[ExternalPostId], [p0].[IsDeleted], [p0].[ProjectId], [p0].[PublishedAt], [p0].[PublishedUrl], [p0].[ScheduledAt], [p0].[Status], [p0].[TimelineId], [p0].[Title], [p0].[TrackingEnabled], [p0].[UpdatedAt], [p0].[UpdatedBy], [p0].[VoiceSampleId]
    FROM [Posts] AS [p0]
    WHERE [p0].[IsDeleted] = CAST(0 AS bit)
) AS [t] ON [p].[PostId] = [t].[Id]
LEFT JOIN (
    SELECT [p1].[Id], [p1].[Content], [p1].[ContentType], [p1].[CreatedAt], [p1].[CreatedBy], [p1].[IsDeleted], [p1].[MediaFileId], [p1].[PostId], [p1].[SortOrder], [p1].[UpdatedAt], [p1].[UpdatedBy]
    FROM [PostContents] AS [p1]
    WHERE [p1].[IsDeleted] = CAST(0 AS bit)
) AS [t0] ON [t].[Id] = [t0].[PostId]
WHERE [p].[IsDeleted] = CAST(0 AS bit) AND [p].[Status] = 0 AND [p].[ScheduledAt] <= @__before_0
ORDER BY [p].[ScheduledAt], [p].[Id], [t].[Id]
2026-07-22 22:46:00.461 +07:00 [INF] Executed DbCommand (18ms) [Parameters=[@__before_0='?' (DbType = DateTime2)], CommandType='"Text"', CommandTimeout='30']
SELECT [p].[Id], [p].[CreatedAt], [p].[CreatedBy], [p].[ExecutedAt], [p].[FailureReason], [p].[IsDeleted], [p].[PostChannelAccountId], [p].[PostId], [p].[RetryCount], [p].[ScheduledAt], [p].[Status], [p].[UpdatedAt], [p].[UpdatedBy], [t].[Id], [t].[ChannelAccountId], [t].[CreatedAt], [t].[CreatedBy], [t].[DayNumber], [t].[ExternalPostId], [t].[IsDeleted], [t].[ProjectId], [t].[PublishedAt], [t].[PublishedUrl], [t].[ScheduledAt], [t].[Status], [t].[TimelineId], [t].[Title], [t].[TrackingEnabled], [t].[UpdatedAt], [t].[UpdatedBy], [t].[VoiceSampleId], [t0].[Id], [t0].[Content], [t0].[ContentType], [t0].[CreatedAt], [t0].[CreatedBy], [t0].[IsDeleted], [t0].[MediaFileId], [t0].[PostId], [t0].[SortOrder], [t0].[UpdatedAt], [t0].[UpdatedBy]
FROM [PostSchedules] AS [p]
INNER JOIN (
    SELECT [p0].[Id], [p0].[ChannelAccountId], [p0].[CreatedAt], [p0].[CreatedBy], [p0].[DayNumber], [p0].[ExternalPostId], [p0].[IsDeleted], [p0].[ProjectId], [p0].[PublishedAt], [p0].[PublishedUrl], [p0].[ScheduledAt], [p0].[Status], [p0].[TimelineId], [p0].[Title], [p0].[TrackingEnabled], [p0].[UpdatedAt], [p0].[UpdatedBy], [p0].[VoiceSampleId]
    FROM [Posts] AS [p0]
    WHERE [p0].[IsDeleted] = CAST(0 AS bit)
) AS [t] ON [p].[PostId] = [t].[Id]
LEFT JOIN (
    SELECT [p1].[Id], [p1].[Content], [p1].[ContentType], [p1].[CreatedAt], [p1].[CreatedBy], [p1].[IsDeleted], [p1].[MediaFileId], [p1].[PostId], [p1].[SortOrder], [p1].[UpdatedAt], [p1].[UpdatedBy]
    FROM [PostContents] AS [p1]
    WHERE [p1].[IsDeleted] = CAST(0 AS bit)
) AS [t0] ON [t].[Id] = [t0].[PostId]
WHERE [p].[IsDeleted] = CAST(0 AS bit) AND [p].[Status] = 0 AND [p].[ScheduledAt] <= @__before_0
ORDER BY [p].[ScheduledAt], [p].[Id], [t].[Id]
2026-07-22 22:46:04.298 +07:00 [INF] HTTP POST /api/auth/login started
2026-07-22 22:46:04.635 +07:00 [INF] Handling LoginCommand {"Request":{"Email":"demo@autowork.com","Password":"Demo@123!","$type":"LoginRequest"},"$type":"LoginCommand"}
2026-07-22 22:46:04.774 +07:00 [INF] Executed DbCommand (11ms) [Parameters=[@__ToLower_0='?' (Size = 256)], CommandType='"Text"', CommandTimeout='30']
SELECT TOP(1) [u].[Id], [u].[AvatarUrl], [u].[CreatedAt], [u].[CreatedBy], [u].[Email], [u].[FacebookId], [u].[FirstName], [u].[GoogleId], [u].[IsActive], [u].[IsDeleted], [u].[LastLoginAt], [u].[LastName], [u].[PasswordHash], [u].[Phone], [u].[ReferralCode], [u].[ReferredByUserId], [u].[UpdatedAt], [u].[UpdatedBy]
FROM [Users] AS [u]
WHERE [u].[IsDeleted] = CAST(0 AS bit) AND LOWER([u].[Email]) = @__ToLower_0
2026-07-22 22:46:05.096 +07:00 [INF] Executed DbCommand (15ms) [Parameters=[@__id_0='?' (DbType = Guid)], CommandType='"Text"', CommandTimeout='30']
SELECT [t].[Id], [t].[AvatarUrl], [t].[CreatedAt], [t].[CreatedBy], [t].[Email], [t].[FacebookId], [t].[FirstName], [t].[GoogleId], [t].[IsActive], [t].[IsDeleted], [t].[LastLoginAt], [t].[LastName], [t].[PasswordHash], [t].[Phone], [t].[ReferralCode], [t].[ReferredByUserId], [t].[UpdatedAt], [t].[UpdatedBy], [t0].[Id], [t0].[CreatedAt], [t0].[CreatedBy], [t0].[IsDeleted], [t0].[RoleId], [t0].[UpdatedAt], [t0].[UpdatedBy], [t0].[UserId], [t0].[Id0], [t0].[CreatedAt0], [t0].[CreatedBy0], [t0].[Description], [t0].[IsDeleted0], [t0].[IsSystem], [t0].[Name], [t0].[UpdatedAt0], [t0].[UpdatedBy0]
FROM (
    SELECT TOP(1) [u].[Id], [u].[AvatarUrl], [u].[CreatedAt], [u].[CreatedBy], [u].[Email], [u].[FacebookId], [u].[FirstName], [u].[GoogleId], [u].[IsActive], [u].[IsDeleted], [u].[LastLoginAt], [u].[LastName], [u].[PasswordHash], [u].[Phone], [u].[ReferralCode], [u].[ReferredByUserId], [u].[UpdatedAt], [u].[UpdatedBy]
    FROM [Users] AS [u]
    WHERE [u].[IsDeleted] = CAST(0 AS bit) AND [u].[Id] = @__id_0
) AS [t]
LEFT JOIN (
    SELECT [u0].[Id], [u0].[CreatedAt], [u0].[CreatedBy], [u0].[IsDeleted], [u0].[RoleId], [u0].[UpdatedAt], [u0].[UpdatedBy], [u0].[UserId], [t1].[Id] AS [Id0], [t1].[CreatedAt] AS [CreatedAt0], [t1].[CreatedBy] AS [CreatedBy0], [t1].[Description], [t1].[IsDeleted] AS [IsDeleted0], [t1].[IsSystem], [t1].[Name], [t1].[UpdatedAt] AS [UpdatedAt0], [t1].[UpdatedBy] AS [UpdatedBy0]
    FROM [UserRoles] AS [u0]
    INNER JOIN (
        SELECT [r].[Id], [r].[CreatedAt], [r].[CreatedBy], [r].[Description], [r].[IsDeleted], [r].[IsSystem], [r].[Name], [r].[UpdatedAt], [r].[UpdatedBy]
        FROM [Roles] AS [r]
        WHERE [r].[IsDeleted] = CAST(0 AS bit)
    ) AS [t1] ON [u0].[RoleId] = [t1].[Id]
    WHERE [u0].[IsDeleted] = CAST(0 AS bit)
) AS [t0] ON [t].[Id] = [t0].[UserId]
ORDER BY [t].[Id], [t0].[Id]
2026-07-22 22:46:05.919 +07:00 [INF] Executed DbCommand (36ms) [Parameters=[@p0='?' (DbType = Guid), @p1='?' (DbType = DateTime2), @p2='?' (DbType = Guid), @p3='?' (Size = 4000), @p4='?' (DbType = DateTime2), @p5='?' (DbType = Boolean), @p6='?' (Size = 512), @p7='?' (DbType = DateTime2), @p8='?' (Size = 512), @p9='?' (DbType = DateTime2), @p10='?' (DbType = Guid), @p11='?' (DbType = Guid), @p29='?' (DbType = Guid), @p12='?' (Size = 500), @p13='?' (DbType = DateTime2), @p14='?' (DbType = Guid), @p15='?' (Size = 256), @p16='?' (Size = 128), @p17='?' (Size = 100), @p18='?' (Size = 128), @p19='?' (DbType = Boolean), @p20='?' (DbType = Boolean), @p21='?' (DbType = DateTime2), @p22='?' (Size = 100), @p23='?' (Size = 512), @p24='?' (Size = 20), @p25='?' (Size = 32), @p26='?' (DbType = Guid), @p27='?' (DbType = DateTime2), @p28='?' (DbType = Guid)], CommandType='"Text"', CommandTimeout='30']
SET NOCOUNT ON;
INSERT INTO [RefreshTokens] ([Id], [CreatedAt], [CreatedBy], [CreatedByIp], [ExpiresAt], [IsRevoked], [ReplacedByToken], [RevokedAt], [Token], [UpdatedAt], [UpdatedBy], [UserId])
OUTPUT INSERTED.[IsDeleted]
VALUES (@p0, @p1, @p2, @p3, @p4, @p5, @p6, @p7, @p8, @p9, @p10, @p11);
UPDATE [Users] SET [AvatarUrl] = @p12, [CreatedAt] = @p13, [CreatedBy] = @p14, [Email] = @p15, [FacebookId] = @p16, [FirstName] = @p17, [GoogleId] = @p18, [IsActive] = @p19, [IsDeleted] = @p20, [LastLoginAt] = @p21, [LastName] = @p22, [PasswordHash] = @p23, [Phone] = @p24, [ReferralCode] = @p25, [ReferredByUserId] = @p26, [UpdatedAt] = @p27, [UpdatedBy] = @p28
OUTPUT 1
WHERE [Id] = @p29;
2026-07-22 22:46:06.099 +07:00 [INF] Handled LoginCommand in 1445ms
2026-07-22 22:46:06.226 +07:00 [INF] HTTP POST /api/auth/login responded 200 in 1928.4073ms
2026-07-22 22:46:24.125 +07:00 [INF] HTTP POST /api/auth/login started
2026-07-22 22:46:24.160 +07:00 [INF] Handling LoginCommand {"Request":{"Email":"demo@autowork.com","Password":"Demo@123!","$type":"LoginRequest"},"$type":"LoginCommand"}
2026-07-22 22:46:24.171 +07:00 [INF] Executed DbCommand (2ms) [Parameters=[@__ToLower_0='?' (Size = 256)], CommandType='"Text"', CommandTimeout='30']
SELECT TOP(1) [u].[Id], [u].[AvatarUrl], [u].[CreatedAt], [u].[CreatedBy], [u].[Email], [u].[FacebookId], [u].[FirstName], [u].[GoogleId], [u].[IsActive], [u].[IsDeleted], [u].[LastLoginAt], [u].[LastName], [u].[PasswordHash], [u].[Phone], [u].[ReferralCode], [u].[ReferredByUserId], [u].[UpdatedAt], [u].[UpdatedBy]
FROM [Users] AS [u]
WHERE [u].[IsDeleted] = CAST(0 AS bit) AND LOWER([u].[Email]) = @__ToLower_0
2026-07-22 22:46:24.192 +07:00 [INF] Executed DbCommand (2ms) [Parameters=[@__id_0='?' (DbType = Guid)], CommandType='"Text"', CommandTimeout='30']
SELECT [t].[Id], [t].[AvatarUrl], [t].[CreatedAt], [t].[CreatedBy], [t].[Email], [t].[FacebookId], [t].[FirstName], [t].[GoogleId], [t].[IsActive], [t].[IsDeleted], [t].[LastLoginAt], [t].[LastName], [t].[PasswordHash], [t].[Phone], [t].[ReferralCode], [t].[ReferredByUserId], [t].[UpdatedAt], [t].[UpdatedBy], [t0].[Id], [t0].[CreatedAt], [t0].[CreatedBy], [t0].[IsDeleted], [t0].[RoleId], [t0].[UpdatedAt], [t0].[UpdatedBy], [t0].[UserId], [t0].[Id0], [t0].[CreatedAt0], [t0].[CreatedBy0], [t0].[Description], [t0].[IsDeleted0], [t0].[IsSystem], [t0].[Name], [t0].[UpdatedAt0], [t0].[UpdatedBy0]
FROM (
    SELECT TOP(1) [u].[Id], [u].[AvatarUrl], [u].[CreatedAt], [u].[CreatedBy], [u].[Email], [u].[FacebookId], [u].[FirstName], [u].[GoogleId], [u].[IsActive], [u].[IsDeleted], [u].[LastLoginAt], [u].[LastName], [u].[PasswordHash], [u].[Phone], [u].[ReferralCode], [u].[ReferredByUserId], [u].[UpdatedAt], [u].[UpdatedBy]
    FROM [Users] AS [u]
    WHERE [u].[IsDeleted] = CAST(0 AS bit) AND [u].[Id] = @__id_0
) AS [t]
LEFT JOIN (
    SELECT [u0].[Id], [u0].[CreatedAt], [u0].[CreatedBy], [u0].[IsDeleted], [u0].[RoleId], [u0].[UpdatedAt], [u0].[UpdatedBy], [u0].[UserId], [t1].[Id] AS [Id0], [t1].[CreatedAt] AS [CreatedAt0], [t1].[CreatedBy] AS [CreatedBy0], [t1].[Description], [t1].[IsDeleted] AS [IsDeleted0], [t1].[IsSystem], [t1].[Name], [t1].[UpdatedAt] AS [UpdatedAt0], [t1].[UpdatedBy] AS [UpdatedBy0]
    FROM [UserRoles] AS [u0]
    INNER JOIN (
        SELECT [r].[Id], [r].[CreatedAt], [r].[CreatedBy], [r].[Description], [r].[IsDeleted], [r].[IsSystem], [r].[Name], [r].[UpdatedAt], [r].[UpdatedBy]
        FROM [Roles] AS [r]
        WHERE [r].[IsDeleted] = CAST(0 AS bit)
    ) AS [t1] ON [u0].[RoleId] = [t1].[Id]
    WHERE [u0].[IsDeleted] = CAST(0 AS bit)
) AS [t0] ON [t].[Id] = [t0].[UserId]
ORDER BY [t].[Id], [t0].[Id]
2026-07-22 22:46:24.203 +07:00 [INF] Executed DbCommand (2ms) [Parameters=[@p0='?' (DbType = Guid), @p1='?' (DbType = DateTime2), @p2='?' (DbType = Guid), @p3='?' (Size = 4000), @p4='?' (DbType = DateTime2), @p5='?' (DbType = Boolean), @p6='?' (Size = 512), @p7='?' (DbType = DateTime2), @p8='?' (Size = 512), @p9='?' (DbType = DateTime2), @p10='?' (DbType = Guid), @p11='?' (DbType = Guid), @p29='?' (DbType = Guid), @p12='?' (Size = 500), @p13='?' (DbType = DateTime2), @p14='?' (DbType = Guid), @p15='?' (Size = 256), @p16='?' (Size = 128), @p17='?' (Size = 100), @p18='?' (Size = 128), @p19='?' (DbType = Boolean), @p20='?' (DbType = Boolean), @p21='?' (DbType = DateTime2), @p22='?' (Size = 100), @p23='?' (Size = 512), @p24='?' (Size = 20), @p25='?' (Size = 32), @p26='?' (DbType = Guid), @p27='?' (DbType = DateTime2), @p28='?' (DbType = Guid)], CommandType='"Text"', CommandTimeout='30']
SET NOCOUNT ON;
INSERT INTO [RefreshTokens] ([Id], [CreatedAt], [CreatedBy], [CreatedByIp], [ExpiresAt], [IsRevoked], [ReplacedByToken], [RevokedAt], [Token], [UpdatedAt], [UpdatedBy], [UserId])
OUTPUT INSERTED.[IsDeleted]
VALUES (@p0, @p1, @p2, @p3, @p4, @p5, @p6, @p7, @p8, @p9, @p10, @p11);
UPDATE [Users] SET [AvatarUrl] = @p12, [CreatedAt] = @p13, [CreatedBy] = @p14, [Email] = @p15, [FacebookId] = @p16, [FirstName] = @p17, [GoogleId] = @p18, [IsActive] = @p19, [IsDeleted] = @p20, [LastLoginAt] = @p21, [LastName] = @p22, [PasswordHash] = @p23, [Phone] = @p24, [ReferralCode] = @p25, [ReferredByUserId] = @p26, [UpdatedAt] = @p27, [UpdatedBy] = @p28
OUTPUT 1
WHERE [Id] = @p29;
2026-07-22 22:46:24.209 +07:00 [INF] Handled LoginCommand in 42ms
2026-07-22 22:46:24.213 +07:00 [INF] HTTP POST /api/auth/login responded 200 in 88.3897ms
2026-07-22 22:47:01.129 +07:00 [INF] Executed DbCommand (46ms) [Parameters=[@__before_0='?' (DbType = DateTime2)], CommandType='"Text"', CommandTimeout='30']
SELECT [p].[Id], [p].[CreatedAt], [p].[CreatedBy], [p].[ExecutedAt], [p].[FailureReason], [p].[IsDeleted], [p].[PostChannelAccountId], [p].[PostId], [p].[RetryCount], [p].[ScheduledAt], [p].[Status], [p].[UpdatedAt], [p].[UpdatedBy], [t].[Id], [t].[ChannelAccountId], [t].[CreatedAt], [t].[CreatedBy], [t].[DayNumber], [t].[ExternalPostId], [t].[IsDeleted], [t].[ProjectId], [t].[PublishedAt], [t].[PublishedUrl], [t].[ScheduledAt], [t].[Status], [t].[TimelineId], [t].[Title], [t].[TrackingEnabled], [t].[UpdatedAt], [t].[UpdatedBy], [t].[VoiceSampleId], [t0].[Id], [t0].[Content], [t0].[ContentType], [t0].[CreatedAt], [t0].[CreatedBy], [t0].[IsDeleted], [t0].[MediaFileId], [t0].[PostId], [t0].[SortOrder], [t0].[UpdatedAt], [t0].[UpdatedBy]
FROM [PostSchedules] AS [p]
INNER JOIN (
    SELECT [p0].[Id], [p0].[ChannelAccountId], [p0].[CreatedAt], [p0].[CreatedBy], [p0].[DayNumber], [p0].[ExternalPostId], [p0].[IsDeleted], [p0].[ProjectId], [p0].[PublishedAt], [p0].[PublishedUrl], [p0].[ScheduledAt], [p0].[Status], [p0].[TimelineId], [p0].[Title], [p0].[TrackingEnabled], [p0].[UpdatedAt], [p0].[UpdatedBy], [p0].[VoiceSampleId]
    FROM [Posts] AS [p0]
    WHERE [p0].[IsDeleted] = CAST(0 AS bit)
) AS [t] ON [p].[PostId] = [t].[Id]
LEFT JOIN (
    SELECT [p1].[Id], [p1].[Content], [p1].[ContentType], [p1].[CreatedAt], [p1].[CreatedBy], [p1].[IsDeleted], [p1].[MediaFileId], [p1].[PostId], [p1].[SortOrder], [p1].[UpdatedAt], [p1].[UpdatedBy]
    FROM [PostContents] AS [p1]
    WHERE [p1].[IsDeleted] = CAST(0 AS bit)
) AS [t0] ON [t].[Id] = [t0].[PostId]
WHERE [p].[IsDeleted] = CAST(0 AS bit) AND [p].[Status] = 0 AND [p].[ScheduledAt] <= @__before_0
ORDER BY [p].[ScheduledAt], [p].[Id], [t].[Id]
2026-07-22 22:48:01.165 +07:00 [INF] Executed DbCommand (9ms) [Parameters=[@__before_0='?' (DbType = DateTime2)], CommandType='"Text"', CommandTimeout='30']
SELECT [p].[Id], [p].[CreatedAt], [p].[CreatedBy], [p].[ExecutedAt], [p].[FailureReason], [p].[IsDeleted], [p].[PostChannelAccountId], [p].[PostId], [p].[RetryCount], [p].[ScheduledAt], [p].[Status], [p].[UpdatedAt], [p].[UpdatedBy], [t].[Id], [t].[ChannelAccountId], [t].[CreatedAt], [t].[CreatedBy], [t].[DayNumber], [t].[ExternalPostId], [t].[IsDeleted], [t].[ProjectId], [t].[PublishedAt], [t].[PublishedUrl], [t].[ScheduledAt], [t].[Status], [t].[TimelineId], [t].[Title], [t].[TrackingEnabled], [t].[UpdatedAt], [t].[UpdatedBy], [t].[VoiceSampleId], [t0].[Id], [t0].[Content], [t0].[ContentType], [t0].[CreatedAt], [t0].[CreatedBy], [t0].[IsDeleted], [t0].[MediaFileId], [t0].[PostId], [t0].[SortOrder], [t0].[UpdatedAt], [t0].[UpdatedBy]
FROM [PostSchedules] AS [p]
INNER JOIN (
    SELECT [p0].[Id], [p0].[ChannelAccountId], [p0].[CreatedAt], [p0].[CreatedBy], [p0].[DayNumber], [p0].[ExternalPostId], [p0].[IsDeleted], [p0].[ProjectId], [p0].[PublishedAt], [p0].[PublishedUrl], [p0].[ScheduledAt], [p0].[Status], [p0].[TimelineId], [p0].[Title], [p0].[TrackingEnabled], [p0].[UpdatedAt], [p0].[UpdatedBy], [p0].[VoiceSampleId]
    FROM [Posts] AS [p0]
    WHERE [p0].[IsDeleted] = CAST(0 AS bit)
) AS [t] ON [p].[PostId] = [t].[Id]
LEFT JOIN (
    SELECT [p1].[Id], [p1].[Content], [p1].[ContentType], [p1].[CreatedAt], [p1].[CreatedBy], [p1].[IsDeleted], [p1].[MediaFileId], [p1].[PostId], [p1].[SortOrder], [p1].[UpdatedAt], [p1].[UpdatedBy]
    FROM [PostContents] AS [p1]
    WHERE [p1].[IsDeleted] = CAST(0 AS bit)
) AS [t0] ON [t].[Id] = [t0].[PostId]
WHERE [p].[IsDeleted] = CAST(0 AS bit) AND [p].[Status] = 0 AND [p].[ScheduledAt] <= @__before_0
ORDER BY [p].[ScheduledAt], [p].[Id], [t].[Id]
2026-07-22 22:49:01.245 +07:00 [INF] Executed DbCommand (12ms) [Parameters=[@__before_0='?' (DbType = DateTime2)], CommandType='"Text"', CommandTimeout='30']
SELECT [p].[Id], [p].[CreatedAt], [p].[CreatedBy], [p].[ExecutedAt], [p].[FailureReason], [p].[IsDeleted], [p].[PostChannelAccountId], [p].[PostId], [p].[RetryCount], [p].[ScheduledAt], [p].[Status], [p].[UpdatedAt], [p].[UpdatedBy], [t].[Id], [t].[ChannelAccountId], [t].[CreatedAt], [t].[CreatedBy], [t].[DayNumber], [t].[ExternalPostId], [t].[IsDeleted], [t].[ProjectId], [t].[PublishedAt], [t].[PublishedUrl], [t].[ScheduledAt], [t].[Status], [t].[TimelineId], [t].[Title], [t].[TrackingEnabled], [t].[UpdatedAt], [t].[UpdatedBy], [t].[VoiceSampleId], [t0].[Id], [t0].[Content], [t0].[ContentType], [t0].[CreatedAt], [t0].[CreatedBy], [t0].[IsDeleted], [t0].[MediaFileId], [t0].[PostId], [t0].[SortOrder], [t0].[UpdatedAt], [t0].[UpdatedBy]
FROM [PostSchedules] AS [p]
INNER JOIN (
    SELECT [p0].[Id], [p0].[ChannelAccountId], [p0].[CreatedAt], [p0].[CreatedBy], [p0].[DayNumber], [p0].[ExternalPostId], [p0].[IsDeleted], [p0].[ProjectId], [p0].[PublishedAt], [p0].[PublishedUrl], [p0].[ScheduledAt], [p0].[Status], [p0].[TimelineId], [p0].[Title], [p0].[TrackingEnabled], [p0].[UpdatedAt], [p0].[UpdatedBy], [p0].[VoiceSampleId]
    FROM [Posts] AS [p0]
    WHERE [p0].[IsDeleted] = CAST(0 AS bit)
) AS [t] ON [p].[PostId] = [t].[Id]
LEFT JOIN (
    SELECT [p1].[Id], [p1].[Content], [p1].[ContentType], [p1].[CreatedAt], [p1].[CreatedBy], [p1].[IsDeleted], [p1].[MediaFileId], [p1].[PostId], [p1].[SortOrder], [p1].[UpdatedAt], [p1].[UpdatedBy]
    FROM [PostContents] AS [p1]
    WHERE [p1].[IsDeleted] = CAST(0 AS bit)
) AS [t0] ON [t].[Id] = [t0].[PostId]
WHERE [p].[IsDeleted] = CAST(0 AS bit) AND [p].[Status] = 0 AND [p].[ScheduledAt] <= @__before_0
ORDER BY [p].[ScheduledAt], [p].[Id], [t].[Id]
2026-07-22 22:50:01.382 +07:00 [INF] Executed DbCommand (16ms) [Parameters=[@__before_0='?' (DbType = DateTime2)], CommandType='"Text"', CommandTimeout='30']
SELECT [p].[Id], [p].[CreatedAt], [p].[CreatedBy], [p].[ExecutedAt], [p].[FailureReason], [p].[IsDeleted], [p].[PostChannelAccountId], [p].[PostId], [p].[RetryCount], [p].[ScheduledAt], [p].[Status], [p].[UpdatedAt], [p].[UpdatedBy], [t].[Id], [t].[ChannelAccountId], [t].[CreatedAt], [t].[CreatedBy], [t].[DayNumber], [t].[ExternalPostId], [t].[IsDeleted], [t].[ProjectId], [t].[PublishedAt], [t].[PublishedUrl], [t].[ScheduledAt], [t].[Status], [t].[TimelineId], [t].[Title], [t].[TrackingEnabled], [t].[UpdatedAt], [t].[UpdatedBy], [t].[VoiceSampleId], [t0].[Id], [t0].[Content], [t0].[ContentType], [t0].[CreatedAt], [t0].[CreatedBy], [t0].[IsDeleted], [t0].[MediaFileId], [t0].[PostId], [t0].[SortOrder], [t0].[UpdatedAt], [t0].[UpdatedBy]
FROM [PostSchedules] AS [p]
INNER JOIN (
    SELECT [p0].[Id], [p0].[ChannelAccountId], [p0].[CreatedAt], [p0].[CreatedBy], [p0].[DayNumber], [p0].[ExternalPostId], [p0].[IsDeleted], [p0].[ProjectId], [p0].[PublishedAt], [p0].[PublishedUrl], [p0].[ScheduledAt], [p0].[Status], [p0].[TimelineId], [p0].[Title], [p0].[TrackingEnabled], [p0].[UpdatedAt], [p0].[UpdatedBy], [p0].[VoiceSampleId]
    FROM [Posts] AS [p0]
    WHERE [p0].[IsDeleted] = CAST(0 AS bit)
) AS [t] ON [p].[PostId] = [t].[Id]
LEFT JOIN (
    SELECT [p1].[Id], [p1].[Content], [p1].[ContentType], [p1].[CreatedAt], [p1].[CreatedBy], [p1].[IsDeleted], [p1].[MediaFileId], [p1].[PostId], [p1].[SortOrder], [p1].[UpdatedAt], [p1].[UpdatedBy]
    FROM [PostContents] AS [p1]
    WHERE [p1].[IsDeleted] = CAST(0 AS bit)
) AS [t0] ON [t].[Id] = [t0].[PostId]
WHERE [p].[IsDeleted] = CAST(0 AS bit) AND [p].[Status] = 0 AND [p].[ScheduledAt] <= @__before_0
ORDER BY [p].[ScheduledAt], [p].[Id], [t].[Id]
2026-07-22 22:51:01.557 +07:00 [INF] Executed DbCommand (23ms) [Parameters=[@__before_0='?' (DbType = DateTime2)], CommandType='"Text"', CommandTimeout='30']
SELECT [p].[Id], [p].[CreatedAt], [p].[CreatedBy], [p].[ExecutedAt], [p].[FailureReason], [p].[IsDeleted], [p].[PostChannelAccountId], [p].[PostId], [p].[RetryCount], [p].[ScheduledAt], [p].[Status], [p].[UpdatedAt], [p].[UpdatedBy], [t].[Id], [t].[ChannelAccountId], [t].[CreatedAt], [t].[CreatedBy], [t].[DayNumber], [t].[ExternalPostId], [t].[IsDeleted], [t].[ProjectId], [t].[PublishedAt], [t].[PublishedUrl], [t].[ScheduledAt], [t].[Status], [t].[TimelineId], [t].[Title], [t].[TrackingEnabled], [t].[UpdatedAt], [t].[UpdatedBy], [t].[VoiceSampleId], [t0].[Id], [t0].[Content], [t0].[ContentType], [t0].[CreatedAt], [t0].[CreatedBy], [t0].[IsDeleted], [t0].[MediaFileId], [t0].[PostId], [t0].[SortOrder], [t0].[UpdatedAt], [t0].[UpdatedBy]
FROM [PostSchedules] AS [p]
INNER JOIN (
    SELECT [p0].[Id], [p0].[ChannelAccountId], [p0].[CreatedAt], [p0].[CreatedBy], [p0].[DayNumber], [p0].[ExternalPostId], [p0].[IsDeleted], [p0].[ProjectId], [p0].[PublishedAt], [p0].[PublishedUrl], [p0].[ScheduledAt], [p0].[Status], [p0].[TimelineId], [p0].[Title], [p0].[TrackingEnabled], [p0].[UpdatedAt], [p0].[UpdatedBy], [p0].[VoiceSampleId]
    FROM [Posts] AS [p0]
    WHERE [p0].[IsDeleted] = CAST(0 AS bit)
) AS [t] ON [p].[PostId] = [t].[Id]
LEFT JOIN (
    SELECT [p1].[Id], [p1].[Content], [p1].[ContentType], [p1].[CreatedAt], [p1].[CreatedBy], [p1].[IsDeleted], [p1].[MediaFileId], [p1].[PostId], [p1].[SortOrder], [p1].[UpdatedAt], [p1].[UpdatedBy]
    FROM [PostContents] AS [p1]
    WHERE [p1].[IsDeleted] = CAST(0 AS bit)
) AS [t0] ON [t].[Id] = [t0].[PostId]
WHERE [p].[IsDeleted] = CAST(0 AS bit) AND [p].[Status] = 0 AND [p].[ScheduledAt] <= @__before_0
ORDER BY [p].[ScheduledAt], [p].[Id], [t].[Id]
2026-07-22 22:51:34.530 +07:00 [WRN] No store type was specified for the decimal property 'TotalEarnings' on entity type 'Affiliate'. This will cause values to be silently truncated if they do not fit in the default precision and scale. Explicitly specify the SQL server column type that can accommodate all the values in 'OnModelCreating' using 'HasColumnType', specify precision and scale using 'HasPrecision', or configure a value converter using 'HasConversion'.
2026-07-22 22:51:36.014 +07:00 [INF] Detected FlowMate/SQL schema without EF history — applying compat layer and skipping MigrateAsync.
2026-07-22 22:51:36.096 +07:00 [INF] Executed DbCommand (35ms) [Parameters=[], CommandType='"Text"', CommandTimeout='30']
IF COL_LENGTH('dbo.Posts', 'ChannelAccountId') IS NULL
    ALTER TABLE dbo.Posts ADD ChannelAccountId UNIQUEIDENTIFIER NULL;
2026-07-22 22:51:36.122 +07:00 [INF] Executed DbCommand (4ms) [Parameters=[], CommandType='"Text"', CommandTimeout='30']
IF COL_LENGTH('dbo.Posts', 'ExternalPostId') IS NULL
    ALTER TABLE dbo.Posts ADD ExternalPostId NVARCHAR(128) NULL;
2026-07-22 22:51:36.130 +07:00 [INF] Executed DbCommand (2ms) [Parameters=[], CommandType='"Text"', CommandTimeout='30']
IF COL_LENGTH('dbo.Posts', 'PublishedUrl') IS NULL
    ALTER TABLE dbo.Posts ADD PublishedUrl NVARCHAR(1000) NULL;
2026-07-22 22:51:36.138 +07:00 [INF] Executed DbCommand (3ms) [Parameters=[], CommandType='"Text"', CommandTimeout='30']
IF COL_LENGTH('dbo.Posts', 'PublishedAt') IS NULL
    ALTER TABLE dbo.Posts ADD PublishedAt DATETIME2 NULL;
2026-07-22 22:51:36.145 +07:00 [INF] Executed DbCommand (3ms) [Parameters=[], CommandType='"Text"', CommandTimeout='30']
IF COL_LENGTH('dbo.PostSchedules', 'PostId') IS NULL
    ALTER TABLE dbo.PostSchedules ADD PostId UNIQUEIDENTIFIER NULL;
2026-07-22 22:51:36.151 +07:00 [INF] Executed DbCommand (2ms) [Parameters=[], CommandType='"Text"', CommandTimeout='30']
IF COL_LENGTH('dbo.PostSchedules', 'PostChannelAccountId') IS NOT NULL
   AND COLUMNPROPERTY(OBJECT_ID('dbo.PostSchedules'), 'PostChannelAccountId', 'AllowsNull') = 0
BEGIN
    ALTER TABLE dbo.PostSchedules ALTER COLUMN PostChannelAccountId UNIQUEIDENTIFIER NULL;
END
2026-07-22 22:51:36.159 +07:00 [INF] Executed DbCommand (3ms) [Parameters=[], CommandType='"Text"', CommandTimeout='30']
IF COL_LENGTH('dbo.ChannelAccounts', 'ParentChannelAccountId') IS NULL
    ALTER TABLE dbo.ChannelAccounts ADD ParentChannelAccountId UNIQUEIDENTIFIER NULL;
2026-07-22 22:51:36.164 +07:00 [INF] Executed DbCommand (1ms) [Parameters=[], CommandType='"Text"', CommandTimeout='30']
IF COL_LENGTH('dbo.ChannelAccounts', 'AccessToken') IS NULL
    ALTER TABLE dbo.ChannelAccounts ADD AccessToken NVARCHAR(MAX) NULL;
2026-07-22 22:51:36.169 +07:00 [INF] Executed DbCommand (1ms) [Parameters=[], CommandType='"Text"', CommandTimeout='30']
IF COL_LENGTH('dbo.ChannelAccounts', 'RefreshToken') IS NULL
    ALTER TABLE dbo.ChannelAccounts ADD RefreshToken NVARCHAR(MAX) NULL;
2026-07-22 22:51:36.175 +07:00 [INF] Executed DbCommand (2ms) [Parameters=[], CommandType='"Text"', CommandTimeout='30']
IF COL_LENGTH('dbo.ChannelAccounts', 'TokenExpiresAt') IS NULL
    ALTER TABLE dbo.ChannelAccounts ADD TokenExpiresAt DATETIME2 NULL;
2026-07-22 22:51:36.182 +07:00 [INF] Executed DbCommand (2ms) [Parameters=[], CommandType='"Text"', CommandTimeout='30']
IF COL_LENGTH('dbo.ChannelAccounts', 'Scope') IS NULL
    ALTER TABLE dbo.ChannelAccounts ADD Scope NVARCHAR(500) NULL;
2026-07-22 22:51:36.189 +07:00 [INF] Executed DbCommand (2ms) [Parameters=[], CommandType='"Text"', CommandTimeout='30']
IF COL_LENGTH('dbo.Posts', 'VoiceSampleId') IS NULL
    ALTER TABLE dbo.Posts ADD VoiceSampleId UNIQUEIDENTIFIER NULL;
2026-07-22 22:51:36.195 +07:00 [INF] Executed DbCommand (2ms) [Parameters=[], CommandType='"Text"', CommandTimeout='30']
IF COL_LENGTH('dbo.Posts', 'DayNumber') IS NULL
    ALTER TABLE dbo.Posts ADD DayNumber INT NULL;
2026-07-22 22:51:36.198 +07:00 [INF] Executed DbCommand (1ms) [Parameters=[], CommandType='"Text"', CommandTimeout='30']
IF COL_LENGTH('dbo.Posts', 'TrackingEnabled') IS NULL
    ALTER TABLE dbo.Posts ADD TrackingEnabled BIT NOT NULL DEFAULT CAST(1 AS BIT);
2026-07-22 22:51:36.205 +07:00 [INF] Executed DbCommand (2ms) [Parameters=[], CommandType='"Text"', CommandTimeout='30']
IF COL_LENGTH('dbo.MediaFiles', 'ProductId') IS NULL
    ALTER TABLE dbo.MediaFiles ADD ProductId UNIQUEIDENTIFIER NULL;
2026-07-22 22:51:36.210 +07:00 [INF] Executed DbCommand (1ms) [Parameters=[], CommandType='"Text"', CommandTimeout='30']
IF COL_LENGTH('dbo.MediaFiles', 'StoragePath') IS NULL
    ALTER TABLE dbo.MediaFiles ADD StoragePath NVARCHAR(1000) NOT NULL DEFAULT '';
2026-07-22 22:51:36.214 +07:00 [INF] Executed DbCommand (2ms) [Parameters=[], CommandType='"Text"', CommandTimeout='30']
IF COL_LENGTH('dbo.FacebookAccounts', 'ProjectId') IS NULL
    ALTER TABLE dbo.FacebookAccounts ADD ProjectId UNIQUEIDENTIFIER NOT NULL
        DEFAULT '00000000-0000-0000-0000-000000000000';
2026-07-22 22:51:36.222 +07:00 [INF] Executed DbCommand (3ms) [Parameters=[], CommandType='"Text"', CommandTimeout='30']
IF COL_LENGTH('dbo.Campaigns', 'ProductDescription') IS NULL
    ALTER TABLE dbo.Campaigns ADD ProductDescription NVARCHAR(MAX) NULL;
2026-07-22 22:51:36.229 +07:00 [INF] Executed DbCommand (3ms) [Parameters=[], CommandType='"Text"', CommandTimeout='30']
IF OBJECT_ID('dbo.ProjectMembers') IS NULL
CREATE TABLE dbo.ProjectMembers (
    Id UNIQUEIDENTIFIER NOT NULL PRIMARY KEY, ProjectId UNIQUEIDENTIFIER NOT NULL,
    UserId UNIQUEIDENTIFIER NOT NULL, Role NVARCHAR(20) NOT NULL DEFAULT 'Member',
    InvitedAt DATETIME2 NULL, JoinedAt DATETIME2 NULL,
    CreatedAt DATETIME2 NOT NULL, UpdatedAt DATETIME2 NULL,
    CreatedBy UNIQUEIDENTIFIER NULL, UpdatedBy UNIQUEIDENTIFIER NULL, IsDeleted BIT NOT NULL DEFAULT 0,
    CONSTRAINT FK_ProjectMembers_Projects FOREIGN KEY (ProjectId) REFERENCES dbo.Projects(Id),
    CONSTRAINT FK_ProjectMembers_Users FOREIGN KEY (UserId) REFERENCES dbo.Users(Id));
2026-07-22 22:51:36.256 +07:00 [INF] Executed DbCommand (23ms) [Parameters=[], CommandType='"Text"', CommandTimeout='30']
IF OBJECT_ID('dbo.ProjectMembers') IS NOT NULL AND NOT EXISTS (SELECT 1 FROM sys.indexes WHERE name = 'IX_ProjectMembers_ProjectId_UserId')
    CREATE UNIQUE INDEX IX_ProjectMembers_ProjectId_UserId ON dbo.ProjectMembers(ProjectId, UserId);
2026-07-22 22:51:36.264 +07:00 [INF] Executed DbCommand (3ms) [Parameters=[], CommandType='"Text"', CommandTimeout='30']
IF OBJECT_ID('dbo.VoiceSampleTemplates') IS NULL
CREATE TABLE dbo.VoiceSampleTemplates (
    Id UNIQUEIDENTIFIER NOT NULL PRIMARY KEY, SampleText NVARCHAR(500) NOT NULL,
    CreatedAt DATETIME2 NOT NULL, UpdatedAt DATETIME2 NULL,
    CreatedBy UNIQUEIDENTIFIER NULL, UpdatedBy UNIQUEIDENTIFIER NULL, IsDeleted BIT NOT NULL DEFAULT 0);
2026-07-22 22:51:36.271 +07:00 [INF] Executed DbCommand (2ms) [Parameters=[], CommandType='"Text"', CommandTimeout='30']
IF OBJECT_ID('dbo.BrandStyles') IS NULL
CREATE TABLE dbo.BrandStyles (
    Id UNIQUEIDENTIFIER NOT NULL PRIMARY KEY, StyleName NVARCHAR(50) NOT NULL,
    CreatedAt DATETIME2 NOT NULL, UpdatedAt DATETIME2 NULL,
    CreatedBy UNIQUEIDENTIFIER NULL, UpdatedBy UNIQUEIDENTIFIER NULL, IsDeleted BIT NOT NULL DEFAULT 0);
2026-07-22 22:51:36.288 +07:00 [INF] Executed DbCommand (12ms) [Parameters=[], CommandType='"Text"', CommandTimeout='30']
IF OBJECT_ID('dbo.BrandStyles') IS NOT NULL AND NOT EXISTS (SELECT 1 FROM sys.indexes WHERE name = 'IX_BrandStyles_StyleName')
    CREATE UNIQUE INDEX IX_BrandStyles_StyleName ON dbo.BrandStyles(StyleName);
2026-07-22 22:51:36.299 +07:00 [INF] Executed DbCommand (7ms) [Parameters=[], CommandType='"Text"', CommandTimeout='30']
IF OBJECT_ID('dbo.ToneKeywords') IS NULL
CREATE TABLE dbo.ToneKeywords (
    Id UNIQUEIDENTIFIER NOT NULL PRIMARY KEY, Keyword NVARCHAR(50) NOT NULL,
    CreatedAt DATETIME2 NOT NULL, UpdatedAt DATETIME2 NULL,
    CreatedBy UNIQUEIDENTIFIER NULL, UpdatedBy UNIQUEIDENTIFIER NULL, IsDeleted BIT NOT NULL DEFAULT 0);
2026-07-22 22:51:36.314 +07:00 [INF] Executed DbCommand (11ms) [Parameters=[], CommandType='"Text"', CommandTimeout='30']
IF OBJECT_ID('dbo.ToneKeywords') IS NOT NULL AND NOT EXISTS (SELECT 1 FROM sys.indexes WHERE name = 'IX_ToneKeywords_Keyword')
    CREATE UNIQUE INDEX IX_ToneKeywords_Keyword ON dbo.ToneKeywords(Keyword);
2026-07-22 22:51:36.322 +07:00 [INF] Executed DbCommand (3ms) [Parameters=[], CommandType='"Text"', CommandTimeout='30']
IF OBJECT_ID('dbo.CtaTemplates') IS NULL
CREATE TABLE dbo.CtaTemplates (
    Id UNIQUEIDENTIFIER NOT NULL PRIMARY KEY, CtaText NVARCHAR(100) NOT NULL,
    CreatedAt DATETIME2 NOT NULL, UpdatedAt DATETIME2 NULL,
    CreatedBy UNIQUEIDENTIFIER NULL, UpdatedBy UNIQUEIDENTIFIER NULL, IsDeleted BIT NOT NULL DEFAULT 0);
2026-07-22 22:51:36.337 +07:00 [INF] Executed DbCommand (11ms) [Parameters=[], CommandType='"Text"', CommandTimeout='30']
IF OBJECT_ID('dbo.CtaTemplates') IS NOT NULL AND NOT EXISTS (SELECT 1 FROM sys.indexes WHERE name = 'IX_CtaTemplates_CtaText')
    CREATE UNIQUE INDEX IX_CtaTemplates_CtaText ON dbo.CtaTemplates(CtaText);
2026-07-22 22:51:36.344 +07:00 [INF] Executed DbCommand (2ms) [Parameters=[], CommandType='"Text"', CommandTimeout='30']
IF OBJECT_ID('dbo.Hashtags') IS NULL
CREATE TABLE dbo.Hashtags (
    Id UNIQUEIDENTIFIER NOT NULL PRIMARY KEY, Tag NVARCHAR(50) NOT NULL,
    CreatedAt DATETIME2 NOT NULL, UpdatedAt DATETIME2 NULL,
    CreatedBy UNIQUEIDENTIFIER NULL, UpdatedBy UNIQUEIDENTIFIER NULL, IsDeleted BIT NOT NULL DEFAULT 0);
2026-07-22 22:51:36.358 +07:00 [INF] Executed DbCommand (9ms) [Parameters=[], CommandType='"Text"', CommandTimeout='30']
IF OBJECT_ID('dbo.Hashtags') IS NOT NULL AND NOT EXISTS (SELECT 1 FROM sys.indexes WHERE name = 'IX_Hashtags_Tag')
    CREATE UNIQUE INDEX IX_Hashtags_Tag ON dbo.Hashtags(Tag);
2026-07-22 22:51:36.365 +07:00 [INF] Executed DbCommand (2ms) [Parameters=[], CommandType='"Text"', CommandTimeout='30']
IF OBJECT_ID('dbo.BrandProfiles') IS NULL
CREATE TABLE dbo.BrandProfiles (
    Id UNIQUEIDENTIFIER NOT NULL PRIMARY KEY, ProjectId UNIQUEIDENTIFIER NOT NULL,
    LogoUrl NVARCHAR(500) NULL, BusinessName NVARCHAR(150) NOT NULL, BrandName NVARCHAR(150) NOT NULL,
    Industry NVARCHAR(100) NULL, FoundingYear SMALLINT NULL, ShortDescription NVARCHAR(1000) NULL,
    Address NVARCHAR(300) NULL, ContactPhone NVARCHAR(20) NULL, ContactEmail NVARCHAR(255) NULL,
    Website NVARCHAR(255) NULL, VoiceSampleId UNIQUEIDENTIFIER NULL,
    CreatedAt DATETIME2 NOT NULL, UpdatedAt DATETIME2 NULL,
    CreatedBy UNIQUEIDENTIFIER NULL, UpdatedBy UNIQUEIDENTIFIER NULL, IsDeleted BIT NOT NULL DEFAULT 0,
    CONSTRAINT FK_BrandProfiles_Projects FOREIGN KEY (ProjectId) REFERENCES dbo.Projects(Id),
    CONSTRAINT FK_BrandProfiles_VoiceSampleTemplates FOREIGN KEY (VoiceSampleId) REFERENCES dbo.VoiceSampleTemplates(Id));
2026-07-22 22:51:36.377 +07:00 [INF] Executed DbCommand (8ms) [Parameters=[], CommandType='"Text"', CommandTimeout='30']
IF OBJECT_ID('dbo.BrandProfiles') IS NOT NULL AND NOT EXISTS (SELECT 1 FROM sys.indexes WHERE name = 'IX_BrandProfiles_ProjectId')
    CREATE UNIQUE INDEX IX_BrandProfiles_ProjectId ON dbo.BrandProfiles(ProjectId);
2026-07-22 22:51:36.383 +07:00 [INF] Executed DbCommand (3ms) [Parameters=[], CommandType='"Text"', CommandTimeout='30']
IF OBJECT_ID('dbo.BrandProfileStyles') IS NULL
CREATE TABLE dbo.BrandProfileStyles (
    Id UNIQUEIDENTIFIER NOT NULL PRIMARY KEY, BrandProfileId UNIQUEIDENTIFIER NOT NULL, StyleId UNIQUEIDENTIFIER NOT NULL,
    CreatedAt DATETIME2 NOT NULL, UpdatedAt DATETIME2 NULL,
    CreatedBy UNIQUEIDENTIFIER NULL, UpdatedBy UNIQUEIDENTIFIER NULL, IsDeleted BIT NOT NULL DEFAULT 0,
    CONSTRAINT FK_BrandProfileStyles_BrandProfiles FOREIGN KEY (BrandProfileId) REFERENCES dbo.BrandProfiles(Id),
    CONSTRAINT FK_BrandProfileStyles_BrandStyles FOREIGN KEY (StyleId) REFERENCES dbo.BrandStyles(Id));
2026-07-22 22:51:36.397 +07:00 [INF] Executed DbCommand (10ms) [Parameters=[], CommandType='"Text"', CommandTimeout='30']
IF OBJECT_ID('dbo.BrandProfileStyles') IS NOT NULL AND NOT EXISTS (SELECT 1 FROM sys.indexes WHERE name = 'IX_BrandProfileStyles_BrandProfileId_StyleId')
    CREATE UNIQUE INDEX IX_BrandProfileStyles_BrandProfileId_StyleId ON dbo.BrandProfileStyles(BrandProfileId, StyleId);
2026-07-22 22:51:36.404 +07:00 [INF] Executed DbCommand (3ms) [Parameters=[], CommandType='"Text"', CommandTimeout='30']
IF OBJECT_ID('dbo.BrandProfileKeywords') IS NULL
CREATE TABLE dbo.BrandProfileKeywords (
    Id UNIQUEIDENTIFIER NOT NULL PRIMARY KEY, BrandProfileId UNIQUEIDENTIFIER NOT NULL, ToneKeywordId UNIQUEIDENTIFIER NOT NULL,
    CreatedAt DATETIME2 NOT NULL, UpdatedAt DATETIME2 NULL,
    CreatedBy UNIQUEIDENTIFIER NULL, UpdatedBy UNIQUEIDENTIFIER NULL, IsDeleted BIT NOT NULL DEFAULT 0,
    CONSTRAINT FK_BrandProfileKeywords_BrandProfiles FOREIGN KEY (BrandProfileId) REFERENCES dbo.BrandProfiles(Id),
    CONSTRAINT FK_BrandProfileKeywords_ToneKeywords FOREIGN KEY (ToneKeywordId) REFERENCES dbo.ToneKeywords(Id));
2026-07-22 22:51:36.417 +07:00 [INF] Executed DbCommand (9ms) [Parameters=[], CommandType='"Text"', CommandTimeout='30']
IF OBJECT_ID('dbo.BrandProfileKeywords') IS NOT NULL AND NOT EXISTS (SELECT 1 FROM sys.indexes WHERE name = 'IX_BrandProfileKeywords_BrandProfileId_ToneKeywordId')
    CREATE UNIQUE INDEX IX_BrandProfileKeywords_BrandProfileId_ToneKeywordId ON dbo.BrandProfileKeywords(BrandProfileId, ToneKeywordId);
2026-07-22 22:51:36.424 +07:00 [INF] Executed DbCommand (2ms) [Parameters=[], CommandType='"Text"', CommandTimeout='30']
IF OBJECT_ID('dbo.BrandCtas') IS NULL
CREATE TABLE dbo.BrandCtas (
    Id UNIQUEIDENTIFIER NOT NULL PRIMARY KEY, BrandProfileId UNIQUEIDENTIFIER NOT NULL, CtaId UNIQUEIDENTIFIER NOT NULL,
    CreatedAt DATETIME2 NOT NULL, UpdatedAt DATETIME2 NULL,
    CreatedBy UNIQUEIDENTIFIER NULL, UpdatedBy UNIQUEIDENTIFIER NULL, IsDeleted BIT NOT NULL DEFAULT 0,
    CONSTRAINT FK_BrandCtas_BrandProfiles FOREIGN KEY (BrandProfileId) REFERENCES dbo.BrandProfiles(Id),
    CONSTRAINT FK_BrandCtas_CtaTemplates FOREIGN KEY (CtaId) REFERENCES dbo.CtaTemplates(Id));
2026-07-22 22:51:36.440 +07:00 [INF] Executed DbCommand (11ms) [Parameters=[], CommandType='"Text"', CommandTimeout='30']
IF OBJECT_ID('dbo.BrandCtas') IS NOT NULL AND NOT EXISTS (SELECT 1 FROM sys.indexes WHERE name = 'IX_BrandCtas_BrandProfileId_CtaId')
    CREATE UNIQUE INDEX IX_BrandCtas_BrandProfileId_CtaId ON dbo.BrandCtas(BrandProfileId, CtaId);
2026-07-22 22:51:36.446 +07:00 [INF] Executed DbCommand (2ms) [Parameters=[], CommandType='"Text"', CommandTimeout='30']
IF OBJECT_ID('dbo.BrandHashtags') IS NULL
CREATE TABLE dbo.BrandHashtags (
    Id UNIQUEIDENTIFIER NOT NULL PRIMARY KEY, BrandProfileId UNIQUEIDENTIFIER NOT NULL, HashtagId UNIQUEIDENTIFIER NOT NULL,
    CreatedAt DATETIME2 NOT NULL, UpdatedAt DATETIME2 NULL,
    CreatedBy UNIQUEIDENTIFIER NULL, UpdatedBy UNIQUEIDENTIFIER NULL, IsDeleted BIT NOT NULL DEFAULT 0,
    CONSTRAINT FK_BrandHashtags_BrandProfiles FOREIGN KEY (BrandProfileId) REFERENCES dbo.BrandProfiles(Id),
    CONSTRAINT FK_BrandHashtags_Hashtags FOREIGN KEY (HashtagId) REFERENCES dbo.Hashtags(Id));
2026-07-22 22:51:36.461 +07:00 [INF] Executed DbCommand (12ms) [Parameters=[], CommandType='"Text"', CommandTimeout='30']
IF OBJECT_ID('dbo.BrandHashtags') IS NOT NULL AND NOT EXISTS (SELECT 1 FROM sys.indexes WHERE name = 'IX_BrandHashtags_BrandProfileId_HashtagId')
    CREATE UNIQUE INDEX IX_BrandHashtags_BrandProfileId_HashtagId ON dbo.BrandHashtags(BrandProfileId, HashtagId);
2026-07-22 22:51:36.466 +07:00 [INF] Executed DbCommand (2ms) [Parameters=[], CommandType='"Text"', CommandTimeout='30']
IF OBJECT_ID('dbo.BrandColors') IS NULL
CREATE TABLE dbo.BrandColors (
    Id UNIQUEIDENTIFIER NOT NULL PRIMARY KEY, BrandProfileId UNIQUEIDENTIFIER NOT NULL,
    ColorHex NVARCHAR(9) NOT NULL, ColorType NVARCHAR(20) NOT NULL DEFAULT 'Secondary', SortOrder INT NOT NULL DEFAULT 0,
    CreatedAt DATETIME2 NOT NULL, UpdatedAt DATETIME2 NULL,
    CreatedBy UNIQUEIDENTIFIER NULL, UpdatedBy UNIQUEIDENTIFIER NULL, IsDeleted BIT NOT NULL DEFAULT 0,
    CONSTRAINT FK_BrandColors_BrandProfiles FOREIGN KEY (BrandProfileId) REFERENCES dbo.BrandProfiles(Id));
2026-07-22 22:51:36.474 +07:00 [INF] Executed DbCommand (2ms) [Parameters=[], CommandType='"Text"', CommandTimeout='30']
IF OBJECT_ID('dbo.BrandFonts') IS NULL
CREATE TABLE dbo.BrandFonts (
    Id UNIQUEIDENTIFIER NOT NULL PRIMARY KEY, BrandProfileId UNIQUEIDENTIFIER NOT NULL,
    FontName NVARCHAR(100) NOT NULL, UsageType NVARCHAR(20) NOT NULL,
    CreatedAt DATETIME2 NOT NULL, UpdatedAt DATETIME2 NULL,
    CreatedBy UNIQUEIDENTIFIER NULL, UpdatedBy UNIQUEIDENTIFIER NULL, IsDeleted BIT NOT NULL DEFAULT 0,
    CONSTRAINT FK_BrandFonts_BrandProfiles FOREIGN KEY (BrandProfileId) REFERENCES dbo.BrandProfiles(Id));
2026-07-22 22:51:36.481 +07:00 [INF] Executed DbCommand (3ms) [Parameters=[], CommandType='"Text"', CommandTimeout='30']
IF OBJECT_ID('dbo.ProductCategories') IS NULL
CREATE TABLE dbo.ProductCategories (
    Id UNIQUEIDENTIFIER NOT NULL PRIMARY KEY, BrandProfileId UNIQUEIDENTIFIER NOT NULL, CategoryName NVARCHAR(100) NOT NULL,
    CreatedAt DATETIME2 NOT NULL, UpdatedAt DATETIME2 NULL,
    CreatedBy UNIQUEIDENTIFIER NULL, UpdatedBy UNIQUEIDENTIFIER NULL, IsDeleted BIT NOT NULL DEFAULT 0,
    CONSTRAINT FK_ProductCategories_BrandProfiles FOREIGN KEY (BrandProfileId) REFERENCES dbo.BrandProfiles(Id));
2026-07-22 22:51:36.495 +07:00 [INF] Executed DbCommand (8ms) [Parameters=[], CommandType='"Text"', CommandTimeout='30']
IF OBJECT_ID('dbo.ProductCategories') IS NOT NULL AND NOT EXISTS (SELECT 1 FROM sys.indexes WHERE name = 'IX_ProductCategories_BrandProfileId_CategoryName')
    CREATE UNIQUE INDEX IX_ProductCategories_BrandProfileId_CategoryName ON dbo.ProductCategories(BrandProfileId, CategoryName);
2026-07-22 22:51:36.503 +07:00 [INF] Executed DbCommand (3ms) [Parameters=[], CommandType='"Text"', CommandTimeout='30']
IF OBJECT_ID('dbo.Products') IS NULL
CREATE TABLE dbo.Products (
    Id UNIQUEIDENTIFIER NOT NULL PRIMARY KEY, BrandProfileId UNIQUEIDENTIFIER NOT NULL, ProductCategoryId UNIQUEIDENTIFIER NULL,
    ProductName NVARCHAR(200) NOT NULL, Price DECIMAL(18,2) NULL, AiGeneratedDescription NVARCHAR(MAX) NULL,
    CreatedAt DATETIME2 NOT NULL, UpdatedAt DATETIME2 NULL,
    CreatedBy UNIQUEIDENTIFIER NULL, UpdatedBy UNIQUEIDENTIFIER NULL, IsDeleted BIT NOT NULL DEFAULT 0,
    CONSTRAINT FK_Products_BrandProfiles FOREIGN KEY (BrandProfileId) REFERENCES dbo.BrandProfiles(Id),
    CONSTRAINT FK_Products_ProductCategories FOREIGN KEY (ProductCategoryId) REFERENCES dbo.ProductCategories(Id));
2026-07-22 22:51:36.523 +07:00 [INF] Executed DbCommand (16ms) [Parameters=[], CommandType='"Text"', CommandTimeout='30']
IF NOT EXISTS (SELECT 1 FROM sys.foreign_keys WHERE name = 'FK_MediaFiles_Products_ProductId') AND OBJECT_ID('dbo.Products') IS NOT NULL
    ALTER TABLE dbo.MediaFiles ADD CONSTRAINT FK_MediaFiles_Products_ProductId FOREIGN KEY (ProductId) REFERENCES dbo.Products(Id);
2026-07-22 22:51:36.530 +07:00 [INF] Executed DbCommand (4ms) [Parameters=[], CommandType='"Text"', CommandTimeout='30']
IF OBJECT_ID('dbo.CampaignGoals') IS NULL
CREATE TABLE dbo.CampaignGoals (
    Id UNIQUEIDENTIFIER NOT NULL PRIMARY KEY, GoalName NVARCHAR(100) NOT NULL,
    CreatedAt DATETIME2 NOT NULL, UpdatedAt DATETIME2 NULL,
    CreatedBy UNIQUEIDENTIFIER NULL, UpdatedBy UNIQUEIDENTIFIER NULL, IsDeleted BIT NOT NULL DEFAULT 0);
2026-07-22 22:51:36.543 +07:00 [INF] Executed DbCommand (9ms) [Parameters=[], CommandType='"Text"', CommandTimeout='30']
IF OBJECT_ID('dbo.CampaignGoals') IS NOT NULL AND NOT EXISTS (SELECT 1 FROM sys.indexes WHERE name = 'IX_CampaignGoals_GoalName')
    CREATE UNIQUE INDEX IX_CampaignGoals_GoalName ON dbo.CampaignGoals(GoalName);
2026-07-22 22:51:36.548 +07:00 [INF] Executed DbCommand (2ms) [Parameters=[], CommandType='"Text"', CommandTimeout='30']
IF OBJECT_ID('dbo.PromotionTypes') IS NULL
CREATE TABLE dbo.PromotionTypes (
    Id UNIQUEIDENTIFIER NOT NULL PRIMARY KEY, TypeName NVARCHAR(100) NOT NULL,
    CreatedAt DATETIME2 NOT NULL, UpdatedAt DATETIME2 NULL,
    CreatedBy UNIQUEIDENTIFIER NULL, UpdatedBy UNIQUEIDENTIFIER NULL, IsDeleted BIT NOT NULL DEFAULT 0);
2026-07-22 22:51:36.558 +07:00 [INF] Executed DbCommand (7ms) [Parameters=[], CommandType='"Text"', CommandTimeout='30']
IF OBJECT_ID('dbo.PromotionTypes') IS NOT NULL AND NOT EXISTS (SELECT 1 FROM sys.indexes WHERE name = 'IX_PromotionTypes_TypeName')
    CREATE UNIQUE INDEX IX_PromotionTypes_TypeName ON dbo.PromotionTypes(TypeName);
2026-07-22 22:51:36.565 +07:00 [INF] Executed DbCommand (2ms) [Parameters=[], CommandType='"Text"', CommandTimeout='30']
IF OBJECT_ID('dbo.TimelineTemplateTypes') IS NULL
CREATE TABLE dbo.TimelineTemplateTypes (
    Id UNIQUEIDENTIFIER NOT NULL PRIMARY KEY, TypeName NVARCHAR(50) NOT NULL, Description NVARCHAR(300) NULL,
    CreatedAt DATETIME2 NOT NULL, UpdatedAt DATETIME2 NULL,
    CreatedBy UNIQUEIDENTIFIER NULL, UpdatedBy UNIQUEIDENTIFIER NULL, IsDeleted BIT NOT NULL DEFAULT 0);
2026-07-22 22:51:36.577 +07:00 [INF] Executed DbCommand (10ms) [Parameters=[], CommandType='"Text"', CommandTimeout='30']
IF OBJECT_ID('dbo.TimelineTemplateTypes') IS NOT NULL AND NOT EXISTS (SELECT 1 FROM sys.indexes WHERE name = 'IX_TimelineTemplateTypes_TypeName')
    CREATE UNIQUE INDEX IX_TimelineTemplateTypes_TypeName ON dbo.TimelineTemplateTypes(TypeName);
2026-07-22 22:51:36.584 +07:00 [INF] Executed DbCommand (3ms) [Parameters=[], CommandType='"Text"', CommandTimeout='30']
IF OBJECT_ID('dbo.Campaigns') IS NULL
CREATE TABLE dbo.Campaigns (
    Id UNIQUEIDENTIFIER NOT NULL PRIMARY KEY, ProjectId UNIQUEIDENTIFIER NOT NULL, Name NVARCHAR(200) NOT NULL,
    GoalId UNIQUEIDENTIFIER NOT NULL, PromotionTypeId UNIQUEIDENTIFIER NOT NULL,
    DiscountPercent DECIMAL(5,2) NULL, DiscountAmount DECIMAL(18,2) NULL, MinOrderAmount DECIMAL(18,2) NULL,
    StartDate DATE NOT NULL, EndDate DATE NOT NULL, NumberOfPosts INT NOT NULL DEFAULT 1, Status INT NOT NULL,
    CreatedAt DATETIME2 NOT NULL, UpdatedAt DATETIME2 NULL,
    CreatedBy UNIQUEIDENTIFIER NULL, UpdatedBy UNIQUEIDENTIFIER NULL, IsDeleted BIT NOT NULL DEFAULT 0,
    CONSTRAINT FK_Campaigns_Projects FOREIGN KEY (ProjectId) REFERENCES dbo.Projects(Id),
    CONSTRAINT FK_Campaigns_CampaignGoals FOREIGN KEY (GoalId) REFERENCES dbo.CampaignGoals(Id),
    CONSTRAINT FK_Campaigns_PromotionTypes FOREIGN KEY (PromotionTypeId) REFERENCES dbo.PromotionTypes(Id),
    CONSTRAINT CK_Campaigns_Dates CHECK (EndDate >= StartDate),
    CONSTRAINT CK_Campaigns_NumberOfPosts CHECK (NumberOfPosts > 0));
2026-07-22 22:51:36.589 +07:00 [INF] Executed DbCommand (2ms) [Parameters=[], CommandType='"Text"', CommandTimeout='30']
IF OBJECT_ID('dbo.CampaignChannelAccounts') IS NULL
CREATE TABLE dbo.CampaignChannelAccounts (
    Id UNIQUEIDENTIFIER NOT NULL PRIMARY KEY, CampaignId UNIQUEIDENTIFIER NOT NULL, ChannelAccountId UNIQUEIDENTIFIER NOT NULL,
    CreatedAt DATETIME2 NOT NULL, UpdatedAt DATETIME2 NULL,
    CreatedBy UNIQUEIDENTIFIER NULL, UpdatedBy UNIQUEIDENTIFIER NULL, IsDeleted BIT NOT NULL DEFAULT 0,
    CONSTRAINT FK_CampaignChannelAccounts_Campaigns FOREIGN KEY (CampaignId) REFERENCES dbo.Campaigns(Id),
    CONSTRAINT FK_CampaignChannelAccounts_ChannelAccounts FOREIGN KEY (ChannelAccountId) REFERENCES dbo.ChannelAccounts(Id));
2026-07-22 22:51:36.604 +07:00 [INF] Executed DbCommand (10ms) [Parameters=[], CommandType='"Text"', CommandTimeout='30']
IF OBJECT_ID('dbo.CampaignChannelAccounts') IS NOT NULL AND NOT EXISTS (SELECT 1 FROM sys.indexes WHERE name = 'IX_CampaignChannelAccounts_CampaignId_ChannelAccountId')
    CREATE UNIQUE INDEX IX_CampaignChannelAccounts_CampaignId_ChannelAccountId ON dbo.CampaignChannelAccounts(CampaignId, ChannelAccountId);
2026-07-22 22:51:36.612 +07:00 [INF] Executed DbCommand (3ms) [Parameters=[], CommandType='"Text"', CommandTimeout='30']
IF OBJECT_ID('dbo.Timelines') IS NULL
CREATE TABLE dbo.Timelines (
    Id UNIQUEIDENTIFIER NOT NULL PRIMARY KEY, ProjectId UNIQUEIDENTIFIER NOT NULL, CampaignId UNIQUEIDENTIFIER NULL,
    Name NVARCHAR(200) NOT NULL, TemplateTypeId UNIQUEIDENTIFIER NOT NULL,
    StartDate DATE NOT NULL, EndDate DATE NOT NULL, Status INT NOT NULL,
    CreatedAt DATETIME2 NOT NULL, UpdatedAt DATETIME2 NULL,
    CreatedBy UNIQUEIDENTIFIER NULL, UpdatedBy UNIQUEIDENTIFIER NULL, IsDeleted BIT NOT NULL DEFAULT 0,
    CONSTRAINT FK_Timelines_Projects FOREIGN KEY (ProjectId) REFERENCES dbo.Projects(Id),
    CONSTRAINT FK_Timelines_Campaigns FOREIGN KEY (CampaignId) REFERENCES dbo.Campaigns(Id),
    CONSTRAINT FK_Timelines_TimelineTemplateTypes FOREIGN KEY (TemplateTypeId) REFERENCES dbo.TimelineTemplateTypes(Id),
    CONSTRAINT CK_Timelines_Dates CHECK (EndDate >= StartDate));
2026-07-22 22:51:36.628 +07:00 [INF] Executed DbCommand (11ms) [Parameters=[], CommandType='"Text"', CommandTimeout='30']
IF NOT EXISTS (SELECT 1 FROM sys.foreign_keys WHERE name = 'FK_Posts_Timelines_TimelineId') AND OBJECT_ID('dbo.Timelines') IS NOT NULL
    ALTER TABLE dbo.Posts ADD CONSTRAINT FK_Posts_Timelines_TimelineId FOREIGN KEY (TimelineId) REFERENCES dbo.Timelines(Id);
2026-07-22 22:51:36.641 +07:00 [INF] Executed DbCommand (9ms) [Parameters=[], CommandType='"Text"', CommandTimeout='30']
IF NOT EXISTS (SELECT 1 FROM sys.foreign_keys WHERE name = 'FK_Posts_VoiceSampleTemplates_VoiceSampleId') AND OBJECT_ID('dbo.VoiceSampleTemplates') IS NOT NULL
    ALTER TABLE dbo.Posts ADD CONSTRAINT FK_Posts_VoiceSampleTemplates_VoiceSampleId FOREIGN KEY (VoiceSampleId) REFERENCES dbo.VoiceSampleTemplates(Id);
2026-07-22 22:51:36.648 +07:00 [INF] Executed DbCommand (3ms) [Parameters=[], CommandType='"Text"', CommandTimeout='30']
IF OBJECT_ID('dbo.PostHashtags') IS NULL
CREATE TABLE dbo.PostHashtags (
    Id UNIQUEIDENTIFIER NOT NULL PRIMARY KEY, PostId UNIQUEIDENTIFIER NOT NULL, HashtagId UNIQUEIDENTIFIER NOT NULL,
    CreatedAt DATETIME2 NOT NULL, UpdatedAt DATETIME2 NULL,
    CreatedBy UNIQUEIDENTIFIER NULL, UpdatedBy UNIQUEIDENTIFIER NULL, IsDeleted BIT NOT NULL DEFAULT 0,
    CONSTRAINT FK_PostHashtags_Posts FOREIGN KEY (PostId) REFERENCES dbo.Posts(Id),
    CONSTRAINT FK_PostHashtags_Hashtags FOREIGN KEY (HashtagId) REFERENCES dbo.Hashtags(Id));
2026-07-22 22:51:36.654 +07:00 [INF] Executed DbCommand (2ms) [Parameters=[], CommandType='"Text"', CommandTimeout='30']
IF OBJECT_ID('dbo.PostChannelAccounts') IS NULL
CREATE TABLE dbo.PostChannelAccounts (
    Id UNIQUEIDENTIFIER NOT NULL PRIMARY KEY, PostId UNIQUEIDENTIFIER NOT NULL, ChannelAccountId UNIQUEIDENTIFIER NOT NULL,
    Status INT NOT NULL, ExternalPostId NVARCHAR(128) NULL, PublishedUrl NVARCHAR(1000) NULL, PublishedAt DATETIME2 NULL,
    CreatedAt DATETIME2 NOT NULL, UpdatedAt DATETIME2 NULL,
    CreatedBy UNIQUEIDENTIFIER NULL, UpdatedBy UNIQUEIDENTIFIER NULL, IsDeleted BIT NOT NULL DEFAULT 0,
    CONSTRAINT FK_PostChannelAccounts_Posts FOREIGN KEY (PostId) REFERENCES dbo.Posts(Id),
    CONSTRAINT FK_PostChannelAccounts_ChannelAccounts FOREIGN KEY (ChannelAccountId) REFERENCES dbo.ChannelAccounts(Id));
2026-07-22 22:51:36.666 +07:00 [INF] Executed DbCommand (8ms) [Parameters=[], CommandType='"Text"', CommandTimeout='30']
IF OBJECT_ID('dbo.PostChannelAccounts') IS NOT NULL AND NOT EXISTS (SELECT 1 FROM sys.indexes WHERE name = 'IX_PostChannelAccounts_PostId_ChannelAccountId')
    CREATE UNIQUE INDEX IX_PostChannelAccounts_PostId_ChannelAccountId ON dbo.PostChannelAccounts(PostId, ChannelAccountId);
2026-07-22 22:51:36.676 +07:00 [INF] Executed DbCommand (7ms) [Parameters=[], CommandType='"Text"', CommandTimeout='30']
IF NOT EXISTS (SELECT 1 FROM sys.foreign_keys WHERE name = 'FK_PostSchedules_PostChannelAccounts_PostChannelAccountId') AND OBJECT_ID('dbo.PostChannelAccounts') IS NOT NULL
    ALTER TABLE dbo.PostSchedules ADD CONSTRAINT FK_PostSchedules_PostChannelAccounts_PostChannelAccountId FOREIGN KEY (PostChannelAccountId) REFERENCES dbo.PostChannelAccounts(Id);
2026-07-22 22:51:36.681 +07:00 [INF] Executed DbCommand (2ms) [Parameters=[], CommandType='"Text"', CommandTimeout='30']
IF OBJECT_ID('dbo.PostAnalytics') IS NULL
CREATE TABLE dbo.PostAnalytics (
    Id UNIQUEIDENTIFIER NOT NULL PRIMARY KEY, PostChannelAccountId UNIQUEIDENTIFIER NOT NULL,
    Reach INT NOT NULL DEFAULT 0, Likes INT NOT NULL DEFAULT 0, Comments INT NOT NULL DEFAULT 0, Shares INT NOT NULL DEFAULT 0,
    RecordedAt DATETIME2 NOT NULL,
    CreatedAt DATETIME2 NOT NULL, UpdatedAt DATETIME2 NULL,
    CreatedBy UNIQUEIDENTIFIER NULL, UpdatedBy UNIQUEIDENTIFIER NULL, IsDeleted BIT NOT NULL DEFAULT 0,
    CONSTRAINT FK_PostAnalytics_PostChannelAccounts FOREIGN KEY (PostChannelAccountId) REFERENCES dbo.PostChannelAccounts(Id));
2026-07-22 22:51:36.690 +07:00 [INF] Executed DbCommand (7ms) [Parameters=[], CommandType='"Text"', CommandTimeout='30']
IF OBJECT_ID('dbo.PostAnalytics') IS NOT NULL AND NOT EXISTS (SELECT 1 FROM sys.indexes WHERE name = 'IX_PostAnalytics_PostChannelAccountId')
    CREATE UNIQUE INDEX IX_PostAnalytics_PostChannelAccountId ON dbo.PostAnalytics(PostChannelAccountId);
2026-07-22 22:51:36.693 +07:00 [INF] FlowMate EF compatibility layer applied.
2026-07-22 22:51:36.995 +07:00 [INF] Executed DbCommand (7ms) [Parameters=[], CommandType='"Text"', CommandTimeout='30']
SELECT CASE
    WHEN EXISTS (
        SELECT 1
        FROM [Roles] AS [r]
        WHERE [r].[IsDeleted] = CAST(0 AS bit)) THEN CAST(1 AS bit)
    ELSE CAST(0 AS bit)
END
2026-07-22 22:51:37.034 +07:00 [INF] Executed DbCommand (4ms) [Parameters=[], CommandType='"Text"', CommandTimeout='30']
SELECT CASE
    WHEN EXISTS (
        SELECT 1
        FROM [Permissions] AS [p]
        WHERE [p].[IsDeleted] = CAST(0 AS bit)) THEN CAST(1 AS bit)
    ELSE CAST(0 AS bit)
END
2026-07-22 22:51:37.053 +07:00 [INF] Executed DbCommand (4ms) [Parameters=[], CommandType='"Text"', CommandTimeout='30']
SELECT CASE
    WHEN EXISTS (
        SELECT 1
        FROM [RolePermissions] AS [r]
        WHERE [r].[IsDeleted] = CAST(0 AS bit) AND [r].[RoleId] = '33333333-3333-3333-3333-333333333333') THEN CAST(1 AS bit)
    ELSE CAST(0 AS bit)
END
2026-07-22 22:51:37.065 +07:00 [INF] Executed DbCommand (4ms) [Parameters=[], CommandType='"Text"', CommandTimeout='30']
SELECT CASE
    WHEN EXISTS (
        SELECT 1
        FROM [Plans] AS [p]
        WHERE [p].[IsDeleted] = CAST(0 AS bit)) THEN CAST(1 AS bit)
    ELSE CAST(0 AS bit)
END
2026-07-22 22:51:37.079 +07:00 [INF] Executed DbCommand (6ms) [Parameters=[], CommandType='"Text"', CommandTimeout='30']
SELECT CASE
    WHEN EXISTS (
        SELECT 1
        FROM [Channels] AS [c]
        WHERE [c].[IsDeleted] = CAST(0 AS bit)) THEN CAST(1 AS bit)
    ELSE CAST(0 AS bit)
END
2026-07-22 22:51:37.090 +07:00 [INF] Executed DbCommand (4ms) [Parameters=[], CommandType='"Text"', CommandTimeout='30']
SELECT CASE
    WHEN EXISTS (
        SELECT 1
        FROM [BrandStyles] AS [b]
        WHERE [b].[IsDeleted] = CAST(0 AS bit)) THEN CAST(1 AS bit)
    ELSE CAST(0 AS bit)
END
2026-07-22 22:51:37.101 +07:00 [INF] Executed DbCommand (3ms) [Parameters=[], CommandType='"Text"', CommandTimeout='30']
SELECT CASE
    WHEN EXISTS (
        SELECT 1
        FROM [ToneKeywords] AS [t]
        WHERE [t].[IsDeleted] = CAST(0 AS bit)) THEN CAST(1 AS bit)
    ELSE CAST(0 AS bit)
END
2026-07-22 22:51:37.113 +07:00 [INF] Executed DbCommand (5ms) [Parameters=[], CommandType='"Text"', CommandTimeout='30']
SELECT CASE
    WHEN EXISTS (
        SELECT 1
        FROM [VoiceSampleTemplates] AS [v]
        WHERE [v].[IsDeleted] = CAST(0 AS bit)) THEN CAST(1 AS bit)
    ELSE CAST(0 AS bit)
END
2026-07-22 22:51:37.130 +07:00 [INF] Executed DbCommand (4ms) [Parameters=[], CommandType='"Text"', CommandTimeout='30']
SELECT CASE
    WHEN EXISTS (
        SELECT 1
        FROM [CtaTemplates] AS [c]
        WHERE [c].[IsDeleted] = CAST(0 AS bit)) THEN CAST(1 AS bit)
    ELSE CAST(0 AS bit)
END
2026-07-22 22:51:37.141 +07:00 [INF] Executed DbCommand (4ms) [Parameters=[], CommandType='"Text"', CommandTimeout='30']
SELECT CASE
    WHEN EXISTS (
        SELECT 1
        FROM [CampaignGoals] AS [c]
        WHERE [c].[IsDeleted] = CAST(0 AS bit)) THEN CAST(1 AS bit)
    ELSE CAST(0 AS bit)
END
2026-07-22 22:51:37.154 +07:00 [INF] Executed DbCommand (6ms) [Parameters=[], CommandType='"Text"', CommandTimeout='30']
SELECT CASE
    WHEN EXISTS (
        SELECT 1
        FROM [PromotionTypes] AS [p]
        WHERE [p].[IsDeleted] = CAST(0 AS bit)) THEN CAST(1 AS bit)
    ELSE CAST(0 AS bit)
END
2026-07-22 22:51:37.171 +07:00 [INF] Executed DbCommand (6ms) [Parameters=[], CommandType='"Text"', CommandTimeout='30']
SELECT CASE
    WHEN EXISTS (
        SELECT 1
        FROM [TimelineTemplateTypes] AS [t]
        WHERE [t].[IsDeleted] = CAST(0 AS bit)) THEN CAST(1 AS bit)
    ELSE CAST(0 AS bit)
END
2026-07-22 22:51:37.184 +07:00 [INF] Executed DbCommand (4ms) [Parameters=[], CommandType='"Text"', CommandTimeout='30']
SELECT CASE
    WHEN EXISTS (
        SELECT 1
        FROM [Settings] AS [s]
        WHERE [s].[IsDeleted] = CAST(0 AS bit)) THEN CAST(1 AS bit)
    ELSE CAST(0 AS bit)
END
2026-07-22 22:51:37.197 +07:00 [INF] Executed DbCommand (4ms) [Parameters=[], CommandType='"Text"', CommandTimeout='30']
SELECT CASE
    WHEN EXISTS (
        SELECT 1
        FROM [AiPrompts] AS [a]
        WHERE [a].[IsDeleted] = CAST(0 AS bit)) THEN CAST(1 AS bit)
    ELSE CAST(0 AS bit)
END
2026-07-22 22:51:37.212 +07:00 [INF] Executed DbCommand (3ms) [Parameters=[], CommandType='"Text"', CommandTimeout='30']
SELECT CASE
    WHEN EXISTS (
        SELECT 1
        FROM [AiPrompts] AS [a]
        WHERE [a].[IsDeleted] = CAST(0 AS bit) AND [a].[Name] = N'Facebook Fanpage Bán Hàng') THEN CAST(1 AS bit)
    ELSE CAST(0 AS bit)
END
2026-07-22 22:51:37.227 +07:00 [INF] Executed DbCommand (6ms) [Parameters=[], CommandType='"Text"', CommandTimeout='30']
SELECT CASE
    WHEN EXISTS (
        SELECT 1
        FROM [Users] AS [u]
        WHERE [u].[IsDeleted] = CAST(0 AS bit) AND [u].[Email] = N'admin@autowork.com') THEN CAST(1 AS bit)
    ELSE CAST(0 AS bit)
END
2026-07-22 22:51:37.244 +07:00 [INF] Executed DbCommand (4ms) [Parameters=[], CommandType='"Text"', CommandTimeout='30']
SELECT CASE
    WHEN EXISTS (
        SELECT 1
        FROM [Users] AS [u]
        WHERE [u].[IsDeleted] = CAST(0 AS bit) AND [u].[Email] = N'demo@autowork.com') THEN CAST(1 AS bit)
    ELSE CAST(0 AS bit)
END
2026-07-22 22:51:37.259 +07:00 [INF] Executed DbCommand (3ms) [Parameters=[], CommandType='"Text"', CommandTimeout='30']
SELECT CASE
    WHEN EXISTS (
        SELECT 1
        FROM [Projects] AS [p]
        WHERE [p].[IsDeleted] = CAST(0 AS bit) AND [p].[Id] = '13131313-1313-1313-1313-131313131313') THEN CAST(1 AS bit)
    ELSE CAST(0 AS bit)
END
2026-07-22 22:51:37.279 +07:00 [INF] Executed DbCommand (7ms) [Parameters=[], CommandType='"Text"', CommandTimeout='30']
SELECT CASE
    WHEN EXISTS (
        SELECT 1
        FROM [Posts] AS [p]
        WHERE [p].[IsDeleted] = CAST(0 AS bit) AND [p].[ProjectId] = '13131313-1313-1313-1313-131313131313') THEN CAST(1 AS bit)
    ELSE CAST(0 AS bit)
END
2026-07-22 22:51:37.303 +07:00 [INF] Database seed completed successfully.
2026-07-22 22:51:37.551 +07:00 [INF] Start installing Hangfire SQL objects...
2026-07-22 22:51:37.752 +07:00 [INF] Hangfire SQL objects installed.
2026-07-22 22:51:38.123 +07:00 [WRN] The WebRootPath was not found: D:\EXE01\AIMarketingAssistant\src\AutoWork.API\wwwroot. Static files may be unavailable.
2026-07-22 22:51:38.259 +07:00 [INF] Now listening on: https://localhost:7165
2026-07-22 22:51:38.350 +07:00 [INF] Starting Hangfire Server using job storage: 'SQL Server: localhost@FlowMateDB'
2026-07-22 22:51:38.352 +07:00 [INF] Using the following options for SQL Server job storage: Queue poll interval: 00:00:15.
2026-07-22 22:51:38.354 +07:00 [INF] Using the following options for Hangfire Server:
    Worker count: 20
    Listening queues: 'default'
    Shutdown timeout: 00:00:15
    Schedule polling interval: 00:00:15
2026-07-22 22:51:38.378 +07:00 [INF] Application started. Press Ctrl+C to shut down.
2026-07-22 22:51:38.379 +07:00 [INF] Hosting environment: Development
2026-07-22 22:51:38.380 +07:00 [INF] Content root path: D:\EXE01\AIMarketingAssistant\src\AutoWork.API
2026-07-22 22:51:38.395 +07:00 [INF] Server laptop-g044c7b0:17464:78856ca2 successfully announced in 14.7144 ms
2026-07-22 22:51:38.403 +07:00 [INF] Server laptop-g044c7b0:17464:78856ca2 is starting the registered dispatchers: ServerWatchdog, ServerJobCancellationWatcher, ExpirationManager, CountersAggregator, SqlServerHeartbeatProcess, Worker, DelayedJobScheduler, RecurringJobScheduler...
2026-07-22 22:51:38.514 +07:00 [INF] Server laptop-g044c7b0:17464:78856ca2 all the dispatchers started
2026-07-22 22:52:00.425 +07:00 [INF] HTTP POST /api/auth/login started
2026-07-22 22:52:00.772 +07:00 [INF] Handling LoginCommand {"Request":{"Email":"nguyenhoangviet531@gmail.com","Password":"Qwe12345","$type":"LoginRequest"},"$type":"LoginCommand"}
2026-07-22 22:52:01.081 +07:00 [INF] Executed DbCommand (25ms) [Parameters=[@__ToLower_0='?' (Size = 256)], CommandType='"Text"', CommandTimeout='30']
SELECT TOP(1) [u].[Id], [u].[AvatarUrl], [u].[CreatedAt], [u].[CreatedBy], [u].[Email], [u].[FacebookId], [u].[FirstName], [u].[GoogleId], [u].[IsActive], [u].[IsDeleted], [u].[LastLoginAt], [u].[LastName], [u].[PasswordHash], [u].[Phone], [u].[ReferralCode], [u].[ReferredByUserId], [u].[UpdatedAt], [u].[UpdatedBy]
FROM [Users] AS [u]
WHERE [u].[IsDeleted] = CAST(0 AS bit) AND LOWER([u].[Email]) = @__ToLower_0
2026-07-22 22:52:01.841 +07:00 [INF] Executed DbCommand (14ms) [Parameters=[@__id_0='?' (DbType = Guid)], CommandType='"Text"', CommandTimeout='30']
SELECT [t].[Id], [t].[AvatarUrl], [t].[CreatedAt], [t].[CreatedBy], [t].[Email], [t].[FacebookId], [t].[FirstName], [t].[GoogleId], [t].[IsActive], [t].[IsDeleted], [t].[LastLoginAt], [t].[LastName], [t].[PasswordHash], [t].[Phone], [t].[ReferralCode], [t].[ReferredByUserId], [t].[UpdatedAt], [t].[UpdatedBy], [t0].[Id], [t0].[CreatedAt], [t0].[CreatedBy], [t0].[IsDeleted], [t0].[RoleId], [t0].[UpdatedAt], [t0].[UpdatedBy], [t0].[UserId], [t0].[Id0], [t0].[CreatedAt0], [t0].[CreatedBy0], [t0].[Description], [t0].[IsDeleted0], [t0].[IsSystem], [t0].[Name], [t0].[UpdatedAt0], [t0].[UpdatedBy0]
FROM (
    SELECT TOP(1) [u].[Id], [u].[AvatarUrl], [u].[CreatedAt], [u].[CreatedBy], [u].[Email], [u].[FacebookId], [u].[FirstName], [u].[GoogleId], [u].[IsActive], [u].[IsDeleted], [u].[LastLoginAt], [u].[LastName], [u].[PasswordHash], [u].[Phone], [u].[ReferralCode], [u].[ReferredByUserId], [u].[UpdatedAt], [u].[UpdatedBy]
    FROM [Users] AS [u]
    WHERE [u].[IsDeleted] = CAST(0 AS bit) AND [u].[Id] = @__id_0
) AS [t]
LEFT JOIN (
    SELECT [u0].[Id], [u0].[CreatedAt], [u0].[CreatedBy], [u0].[IsDeleted], [u0].[RoleId], [u0].[UpdatedAt], [u0].[UpdatedBy], [u0].[UserId], [t1].[Id] AS [Id0], [t1].[CreatedAt] AS [CreatedAt0], [t1].[CreatedBy] AS [CreatedBy0], [t1].[Description], [t1].[IsDeleted] AS [IsDeleted0], [t1].[IsSystem], [t1].[Name], [t1].[UpdatedAt] AS [UpdatedAt0], [t1].[UpdatedBy] AS [UpdatedBy0]
    FROM [UserRoles] AS [u0]
    INNER JOIN (
        SELECT [r].[Id], [r].[CreatedAt], [r].[CreatedBy], [r].[Description], [r].[IsDeleted], [r].[IsSystem], [r].[Name], [r].[UpdatedAt], [r].[UpdatedBy]
        FROM [Roles] AS [r]
        WHERE [r].[IsDeleted] = CAST(0 AS bit)
    ) AS [t1] ON [u0].[RoleId] = [t1].[Id]
    WHERE [u0].[IsDeleted] = CAST(0 AS bit)
) AS [t0] ON [t].[Id] = [t0].[UserId]
ORDER BY [t].[Id], [t0].[Id]
2026-07-22 22:52:02.199 +07:00 [INF] Executed DbCommand (25ms) [Parameters=[@p0='?' (DbType = Guid), @p1='?' (DbType = DateTime2), @p2='?' (DbType = Guid), @p3='?' (Size = 4000), @p4='?' (DbType = DateTime2), @p5='?' (DbType = Boolean), @p6='?' (Size = 512), @p7='?' (DbType = DateTime2), @p8='?' (Size = 512), @p9='?' (DbType = DateTime2), @p10='?' (DbType = Guid), @p11='?' (DbType = Guid), @p29='?' (DbType = Guid), @p12='?' (Size = 500), @p13='?' (DbType = DateTime2), @p14='?' (DbType = Guid), @p15='?' (Size = 256), @p16='?' (Size = 128), @p17='?' (Size = 100), @p18='?' (Size = 128), @p19='?' (DbType = Boolean), @p20='?' (DbType = Boolean), @p21='?' (DbType = DateTime2), @p22='?' (Size = 100), @p23='?' (Size = 512), @p24='?' (Size = 20), @p25='?' (Size = 32), @p26='?' (DbType = Guid), @p27='?' (DbType = DateTime2), @p28='?' (DbType = Guid)], CommandType='"Text"', CommandTimeout='30']
SET NOCOUNT ON;
INSERT INTO [RefreshTokens] ([Id], [CreatedAt], [CreatedBy], [CreatedByIp], [ExpiresAt], [IsRevoked], [ReplacedByToken], [RevokedAt], [Token], [UpdatedAt], [UpdatedBy], [UserId])
OUTPUT INSERTED.[IsDeleted]
VALUES (@p0, @p1, @p2, @p3, @p4, @p5, @p6, @p7, @p8, @p9, @p10, @p11);
UPDATE [Users] SET [AvatarUrl] = @p12, [CreatedAt] = @p13, [CreatedBy] = @p14, [Email] = @p15, [FacebookId] = @p16, [FirstName] = @p17, [GoogleId] = @p18, [IsActive] = @p19, [IsDeleted] = @p20, [LastLoginAt] = @p21, [LastName] = @p22, [PasswordHash] = @p23, [Phone] = @p24, [ReferralCode] = @p25, [ReferredByUserId] = @p26, [UpdatedAt] = @p27, [UpdatedBy] = @p28
OUTPUT 1
WHERE [Id] = @p29;
2026-07-22 22:52:02.247 +07:00 [INF] Handled LoginCommand in 1463ms
2026-07-22 22:52:02.293 +07:00 [INF] HTTP POST /api/auth/login responded 200 in 1872.2247ms
2026-07-22 22:52:03.328 +07:00 [INF] HTTP GET /api/dashboard/stats started
2026-07-22 22:52:03.509 +07:00 [INF] Handling GetDashboardStatsQuery {"$type":"GetDashboardStatsQuery"}
2026-07-22 22:52:03.896 +07:00 [DBG] The Lucky Penny license key details: AutoMapper.Licensing.License
2026-07-22 22:52:03.897 +07:00 [INF] You have a valid license key for the Lucky Penny software "Bundle" "Community" edition. The license expires on "2027-06-18T00:00:00.0000000+00:00".
2026-07-22 22:52:03.967 +07:00 [INF] Executed DbCommand (13ms) [Parameters=[@__userId_0='?' (DbType = Guid)], CommandType='"Text"', CommandTimeout='30']
SELECT [p].[Id], [p].[ChannelAccountId], [p].[CreatedAt], [p].[CreatedBy], [p].[DayNumber], [p].[ExternalPostId], [p].[IsDeleted], [p].[ProjectId], [p].[PublishedAt], [p].[PublishedUrl], [p].[ScheduledAt], [p].[Status], [p].[TimelineId], [p].[Title], [p].[TrackingEnabled], [p].[UpdatedAt], [p].[UpdatedBy], [p].[VoiceSampleId], [t].[Id], [t].[CreatedAt], [t].[CreatedBy], [t].[Description], [t].[IsActive], [t].[IsDeleted], [t].[LogoUrl], [t].[Name], [t].[UpdatedAt], [t].[UpdatedBy], [t].[UserId]
FROM [Posts] AS [p]
INNER JOIN (
    SELECT [p0].[Id], [p0].[CreatedAt], [p0].[CreatedBy], [p0].[Description], [p0].[IsActive], [p0].[IsDeleted], [p0].[LogoUrl], [p0].[Name], [p0].[UpdatedAt], [p0].[UpdatedBy], [p0].[UserId]
    FROM [Projects] AS [p0]
    WHERE [p0].[IsDeleted] = CAST(0 AS bit)
) AS [t] ON [p].[ProjectId] = [t].[Id]
WHERE [p].[IsDeleted] = CAST(0 AS bit) AND [t].[UserId] = @__userId_0
ORDER BY [p].[CreatedAt] DESC
2026-07-22 22:52:04.016 +07:00 [INF] Executed DbCommand (5ms) [Parameters=[@__userId_0='?' (DbType = Guid), @__today_1='?' (DbType = DateTime2), @__tomorrow_2='?' (DbType = DateTime2)], CommandType='"Text"', CommandTimeout='30']
SELECT COUNT(*)
FROM [Posts] AS [p]
INNER JOIN (
    SELECT [p0].[Id], [p0].[UserId]
    FROM [Projects] AS [p0]
    WHERE [p0].[IsDeleted] = CAST(0 AS bit)
) AS [t] ON [p].[ProjectId] = [t].[Id]
WHERE [p].[IsDeleted] = CAST(0 AS bit) AND [t].[UserId] = @__userId_0 AND [p].[Status] = 3 AND [p].[PublishedAt] >= @__today_1 AND [p].[PublishedAt] < @__tomorrow_2
2026-07-22 22:52:04.032 +07:00 [INF] Executed DbCommand (6ms) [Parameters=[@__userId_0='?' (DbType = Guid)], CommandType='"Text"', CommandTimeout='30']
SELECT COUNT(*)
FROM [AiGeneratedContents] AS [a]
WHERE [a].[IsDeleted] = CAST(0 AS bit) AND [a].[UserId] = @__userId_0
2026-07-22 22:52:04.068 +07:00 [INF] Executed DbCommand (10ms) [Parameters=[@__userId_0='?' (DbType = Guid)], CommandType='"Text"', CommandTimeout='30']
SELECT [t].[Id], [t].[Balance], [t].[CreatedAt], [t].[CreatedBy], [t].[IsDeleted], [t].[TotalEarned], [t].[TotalUsed], [t].[UpdatedAt], [t].[UpdatedBy], [t].[UserId], [t0].[Id], [t0].[Amount], [t0].[BalanceAfter], [t0].[CreatedAt], [t0].[CreatedBy], [t0].[CreditId], [t0].[Description], [t0].[IsDeleted], [t0].[ReferenceId], [t0].[ReferenceType], [t0].[Type], [t0].[UpdatedAt], [t0].[UpdatedBy], [t0].[UserId]
FROM (
    SELECT TOP(1) [c].[Id], [c].[Balance], [c].[CreatedAt], [c].[CreatedBy], [c].[IsDeleted], [c].[TotalEarned], [c].[TotalUsed], [c].[UpdatedAt], [c].[UpdatedBy], [c].[UserId]
    FROM [Credits] AS [c]
    WHERE [c].[IsDeleted] = CAST(0 AS bit) AND [c].[UserId] = @__userId_0
) AS [t]
LEFT JOIN (
    SELECT [c0].[Id], [c0].[Amount], [c0].[BalanceAfter], [c0].[CreatedAt], [c0].[CreatedBy], [c0].[CreditId], [c0].[Description], [c0].[IsDeleted], [c0].[ReferenceId], [c0].[ReferenceType], [c0].[Type], [c0].[UpdatedAt], [c0].[UpdatedBy], [c0].[UserId]
    FROM [CreditTransactions] AS [c0]
    WHERE [c0].[IsDeleted] = CAST(0 AS bit)
) AS [t0] ON [t].[Id] = [t0].[CreditId]
ORDER BY [t].[Id]
2026-07-22 22:52:04.102 +07:00 [INF] Executed DbCommand (3ms) [Parameters=[@__userId_0='?' (DbType = Guid)], CommandType='"Text"', CommandTimeout='30']
SELECT COUNT(*)
FROM [Projects] AS [p]
WHERE [p].[IsDeleted] = CAST(0 AS bit) AND [p].[UserId] = @__userId_0
2026-07-22 22:52:04.150 +07:00 [INF] Executed DbCommand (12ms) [Parameters=[@__p_1='?' (DbType = Int32), @__userId_0='?' (DbType = Guid)], CommandType='"Text"', CommandTimeout='30']
SELECT TOP(@__p_1) [p].[Id], [p].[CreatedAt], [p].[CreatedBy], [p].[ExecutedAt], [p].[FailureReason], [p].[IsDeleted], [p].[PostChannelAccountId], [p].[PostId], [p].[RetryCount], [p].[ScheduledAt], [p].[Status], [p].[UpdatedAt], [p].[UpdatedBy], [t].[Id], [t].[ChannelAccountId], [t].[CreatedAt], [t].[CreatedBy], [t].[DayNumber], [t].[ExternalPostId], [t].[IsDeleted], [t].[ProjectId], [t].[PublishedAt], [t].[PublishedUrl], [t].[ScheduledAt], [t].[Status], [t].[TimelineId], [t].[Title], [t].[TrackingEnabled], [t].[UpdatedAt], [t].[UpdatedBy], [t].[VoiceSampleId], [t0].[Id], [t0].[CreatedAt], [t0].[CreatedBy], [t0].[Description], [t0].[IsActive], [t0].[IsDeleted], [t0].[LogoUrl], [t0].[Name], [t0].[UpdatedAt], [t0].[UpdatedBy], [t0].[UserId]
FROM [PostSchedules] AS [p]
INNER JOIN (
    SELECT [p0].[Id], [p0].[ChannelAccountId], [p0].[CreatedAt], [p0].[CreatedBy], [p0].[DayNumber], [p0].[ExternalPostId], [p0].[IsDeleted], [p0].[ProjectId], [p0].[PublishedAt], [p0].[PublishedUrl], [p0].[ScheduledAt], [p0].[Status], [p0].[TimelineId], [p0].[Title], [p0].[TrackingEnabled], [p0].[UpdatedAt], [p0].[UpdatedBy], [p0].[VoiceSampleId]
    FROM [Posts] AS [p0]
    WHERE [p0].[IsDeleted] = CAST(0 AS bit)
) AS [t] ON [p].[PostId] = [t].[Id]
INNER JOIN (
    SELECT [p1].[Id], [p1].[CreatedAt], [p1].[CreatedBy], [p1].[Description], [p1].[IsActive], [p1].[IsDeleted], [p1].[LogoUrl], [p1].[Name], [p1].[UpdatedAt], [p1].[UpdatedBy], [p1].[UserId]
    FROM [Projects] AS [p1]
    WHERE [p1].[IsDeleted] = CAST(0 AS bit)
) AS [t0] ON [t].[ProjectId] = [t0].[Id]
WHERE [p].[IsDeleted] = CAST(0 AS bit) AND [t0].[UserId] = @__userId_0 AND [p].[Status] = 0 AND [p].[ScheduledAt] >= GETUTCDATE()
ORDER BY [p].[ScheduledAt]
2026-07-22 22:52:04.175 +07:00 [INF] Executed DbCommand (7ms) [Parameters=[@__p_1='?' (DbType = Int32), @__userId_0='?' (DbType = Guid)], CommandType='"Text"', CommandTimeout='30']
SELECT TOP(@__p_1) [a].[Id], [a].[Action], [a].[CreatedAt], [a].[CreatedBy], [a].[EntityId], [a].[EntityType], [a].[IpAddress], [a].[IsDeleted], [a].[NewValues], [a].[OldValues], [a].[UpdatedAt], [a].[UpdatedBy], [a].[UserAgent], [a].[UserId]
FROM [AuditLogs] AS [a]
WHERE [a].[IsDeleted] = CAST(0 AS bit) AND [a].[UserId] = @__userId_0
ORDER BY [a].[CreatedAt] DESC
2026-07-22 22:52:04.204 +07:00 [INF] Handled GetDashboardStatsQuery in 690ms
2026-07-22 22:52:04.218 +07:00 [INF] HTTP GET /api/dashboard/stats responded 200 in 889.665ms
2026-07-22 22:52:09.294 +07:00 [INF] Executed DbCommand (20ms) [Parameters=[@__before_0='?' (DbType = DateTime2)], CommandType='"Text"', CommandTimeout='30']
SELECT [p].[Id], [p].[CreatedAt], [p].[CreatedBy], [p].[ExecutedAt], [p].[FailureReason], [p].[IsDeleted], [p].[PostChannelAccountId], [p].[PostId], [p].[RetryCount], [p].[ScheduledAt], [p].[Status], [p].[UpdatedAt], [p].[UpdatedBy], [t].[Id], [t].[ChannelAccountId], [t].[CreatedAt], [t].[CreatedBy], [t].[DayNumber], [t].[ExternalPostId], [t].[IsDeleted], [t].[ProjectId], [t].[PublishedAt], [t].[PublishedUrl], [t].[ScheduledAt], [t].[Status], [t].[TimelineId], [t].[Title], [t].[TrackingEnabled], [t].[UpdatedAt], [t].[UpdatedBy], [t].[VoiceSampleId], [t0].[Id], [t0].[Content], [t0].[ContentType], [t0].[CreatedAt], [t0].[CreatedBy], [t0].[IsDeleted], [t0].[MediaFileId], [t0].[PostId], [t0].[SortOrder], [t0].[UpdatedAt], [t0].[UpdatedBy]
FROM [PostSchedules] AS [p]
INNER JOIN (
    SELECT [p0].[Id], [p0].[ChannelAccountId], [p0].[CreatedAt], [p0].[CreatedBy], [p0].[DayNumber], [p0].[ExternalPostId], [p0].[IsDeleted], [p0].[ProjectId], [p0].[PublishedAt], [p0].[PublishedUrl], [p0].[ScheduledAt], [p0].[Status], [p0].[TimelineId], [p0].[Title], [p0].[TrackingEnabled], [p0].[UpdatedAt], [p0].[UpdatedBy], [p0].[VoiceSampleId]
    FROM [Posts] AS [p0]
    WHERE [p0].[IsDeleted] = CAST(0 AS bit)
) AS [t] ON [p].[PostId] = [t].[Id]
LEFT JOIN (
    SELECT [p1].[Id], [p1].[Content], [p1].[ContentType], [p1].[CreatedAt], [p1].[CreatedBy], [p1].[IsDeleted], [p1].[MediaFileId], [p1].[PostId], [p1].[SortOrder], [p1].[UpdatedAt], [p1].[UpdatedBy]
    FROM [PostContents] AS [p1]
    WHERE [p1].[IsDeleted] = CAST(0 AS bit)
) AS [t0] ON [t].[Id] = [t0].[PostId]
WHERE [p].[IsDeleted] = CAST(0 AS bit) AND [p].[Status] = 0 AND [p].[ScheduledAt] <= @__before_0
ORDER BY [p].[ScheduledAt], [p].[Id], [t].[Id]
2026-07-22 22:52:09.874 +07:00 [INF] HTTP POST /api/auth/login started
2026-07-22 22:52:09.884 +07:00 [INF] Handling LoginCommand {"Request":{"Email":"nguyenhoangviet531@gmail.com","Password":"Qwe12345","$type":"LoginRequest"},"$type":"LoginCommand"}
2026-07-22 22:52:09.901 +07:00 [INF] Executed DbCommand (8ms) [Parameters=[@__ToLower_0='?' (Size = 256)], CommandType='"Text"', CommandTimeout='30']
SELECT TOP(1) [u].[Id], [u].[AvatarUrl], [u].[CreatedAt], [u].[CreatedBy], [u].[Email], [u].[FacebookId], [u].[FirstName], [u].[GoogleId], [u].[IsActive], [u].[IsDeleted], [u].[LastLoginAt], [u].[LastName], [u].[PasswordHash], [u].[Phone], [u].[ReferralCode], [u].[ReferredByUserId], [u].[UpdatedAt], [u].[UpdatedBy]
FROM [Users] AS [u]
WHERE [u].[IsDeleted] = CAST(0 AS bit) AND LOWER([u].[Email]) = @__ToLower_0
2026-07-22 22:52:09.927 +07:00 [INF] Executed DbCommand (11ms) [Parameters=[@__id_0='?' (DbType = Guid)], CommandType='"Text"', CommandTimeout='30']
SELECT [t].[Id], [t].[AvatarUrl], [t].[CreatedAt], [t].[CreatedBy], [t].[Email], [t].[FacebookId], [t].[FirstName], [t].[GoogleId], [t].[IsActive], [t].[IsDeleted], [t].[LastLoginAt], [t].[LastName], [t].[PasswordHash], [t].[Phone], [t].[ReferralCode], [t].[ReferredByUserId], [t].[UpdatedAt], [t].[UpdatedBy], [t0].[Id], [t0].[CreatedAt], [t0].[CreatedBy], [t0].[IsDeleted], [t0].[RoleId], [t0].[UpdatedAt], [t0].[UpdatedBy], [t0].[UserId], [t0].[Id0], [t0].[CreatedAt0], [t0].[CreatedBy0], [t0].[Description], [t0].[IsDeleted0], [t0].[IsSystem], [t0].[Name], [t0].[UpdatedAt0], [t0].[UpdatedBy0]
FROM (
    SELECT TOP(1) [u].[Id], [u].[AvatarUrl], [u].[CreatedAt], [u].[CreatedBy], [u].[Email], [u].[FacebookId], [u].[FirstName], [u].[GoogleId], [u].[IsActive], [u].[IsDeleted], [u].[LastLoginAt], [u].[LastName], [u].[PasswordHash], [u].[Phone], [u].[ReferralCode], [u].[ReferredByUserId], [u].[UpdatedAt], [u].[UpdatedBy]
    FROM [Users] AS [u]
    WHERE [u].[IsDeleted] = CAST(0 AS bit) AND [u].[Id] = @__id_0
) AS [t]
LEFT JOIN (
    SELECT [u0].[Id], [u0].[CreatedAt], [u0].[CreatedBy], [u0].[IsDeleted], [u0].[RoleId], [u0].[UpdatedAt], [u0].[UpdatedBy], [u0].[UserId], [t1].[Id] AS [Id0], [t1].[CreatedAt] AS [CreatedAt0], [t1].[CreatedBy] AS [CreatedBy0], [t1].[Description], [t1].[IsDeleted] AS [IsDeleted0], [t1].[IsSystem], [t1].[Name], [t1].[UpdatedAt] AS [UpdatedAt0], [t1].[UpdatedBy] AS [UpdatedBy0]
    FROM [UserRoles] AS [u0]
    INNER JOIN (
        SELECT [r].[Id], [r].[CreatedAt], [r].[CreatedBy], [r].[Description], [r].[IsDeleted], [r].[IsSystem], [r].[Name], [r].[UpdatedAt], [r].[UpdatedBy]
        FROM [Roles] AS [r]
        WHERE [r].[IsDeleted] = CAST(0 AS bit)
    ) AS [t1] ON [u0].[RoleId] = [t1].[Id]
    WHERE [u0].[IsDeleted] = CAST(0 AS bit)
) AS [t0] ON [t].[Id] = [t0].[UserId]
ORDER BY [t].[Id], [t0].[Id]
2026-07-22 22:52:09.948 +07:00 [INF] Executed DbCommand (16ms) [Parameters=[@p0='?' (DbType = Guid), @p1='?' (DbType = DateTime2), @p2='?' (DbType = Guid), @p3='?' (Size = 4000), @p4='?' (DbType = DateTime2), @p5='?' (DbType = Boolean), @p6='?' (Size = 512), @p7='?' (DbType = DateTime2), @p8='?' (Size = 512), @p9='?' (DbType = DateTime2), @p10='?' (DbType = Guid), @p11='?' (DbType = Guid), @p29='?' (DbType = Guid), @p12='?' (Size = 500), @p13='?' (DbType = DateTime2), @p14='?' (DbType = Guid), @p15='?' (Size = 256), @p16='?' (Size = 128), @p17='?' (Size = 100), @p18='?' (Size = 128), @p19='?' (DbType = Boolean), @p20='?' (DbType = Boolean), @p21='?' (DbType = DateTime2), @p22='?' (Size = 100), @p23='?' (Size = 512), @p24='?' (Size = 20), @p25='?' (Size = 32), @p26='?' (DbType = Guid), @p27='?' (DbType = DateTime2), @p28='?' (DbType = Guid)], CommandType='"Text"', CommandTimeout='30']
SET NOCOUNT ON;
INSERT INTO [RefreshTokens] ([Id], [CreatedAt], [CreatedBy], [CreatedByIp], [ExpiresAt], [IsRevoked], [ReplacedByToken], [RevokedAt], [Token], [UpdatedAt], [UpdatedBy], [UserId])
OUTPUT INSERTED.[IsDeleted]
VALUES (@p0, @p1, @p2, @p3, @p4, @p5, @p6, @p7, @p8, @p9, @p10, @p11);
UPDATE [Users] SET [AvatarUrl] = @p12, [CreatedAt] = @p13, [CreatedBy] = @p14, [Email] = @p15, [FacebookId] = @p16, [FirstName] = @p17, [GoogleId] = @p18, [IsActive] = @p19, [IsDeleted] = @p20, [LastLoginAt] = @p21, [LastName] = @p22, [PasswordHash] = @p23, [Phone] = @p24, [ReferralCode] = @p25, [ReferredByUserId] = @p26, [UpdatedAt] = @p27, [UpdatedBy] = @p28
OUTPUT 1
WHERE [Id] = @p29;
2026-07-22 22:52:09.953 +07:00 [INF] Handled LoginCommand in 65ms
2026-07-22 22:52:09.956 +07:00 [INF] HTTP POST /api/auth/login responded 200 in 80.8531ms
2026-07-22 22:52:11.086 +07:00 [INF] HTTP GET /api/dashboard/stats started
2026-07-22 22:52:11.120 +07:00 [INF] Handling GetDashboardStatsQuery {"$type":"GetDashboardStatsQuery"}
2026-07-22 22:52:11.157 +07:00 [INF] Executed DbCommand (19ms) [Parameters=[@__userId_0='?' (DbType = Guid)], CommandType='"Text"', CommandTimeout='30']
SELECT [p].[Id], [p].[ChannelAccountId], [p].[CreatedAt], [p].[CreatedBy], [p].[DayNumber], [p].[ExternalPostId], [p].[IsDeleted], [p].[ProjectId], [p].[PublishedAt], [p].[PublishedUrl], [p].[ScheduledAt], [p].[Status], [p].[TimelineId], [p].[Title], [p].[TrackingEnabled], [p].[UpdatedAt], [p].[UpdatedBy], [p].[VoiceSampleId], [t].[Id], [t].[CreatedAt], [t].[CreatedBy], [t].[Description], [t].[IsActive], [t].[IsDeleted], [t].[LogoUrl], [t].[Name], [t].[UpdatedAt], [t].[UpdatedBy], [t].[UserId]
FROM [Posts] AS [p]
INNER JOIN (
    SELECT [p0].[Id], [p0].[CreatedAt], [p0].[CreatedBy], [p0].[Description], [p0].[IsActive], [p0].[IsDeleted], [p0].[LogoUrl], [p0].[Name], [p0].[UpdatedAt], [p0].[UpdatedBy], [p0].[UserId]
    FROM [Projects] AS [p0]
    WHERE [p0].[IsDeleted] = CAST(0 AS bit)
) AS [t] ON [p].[ProjectId] = [t].[Id]
WHERE [p].[IsDeleted] = CAST(0 AS bit) AND [t].[UserId] = @__userId_0
ORDER BY [p].[CreatedAt] DESC
2026-07-22 22:52:11.177 +07:00 [INF] Executed DbCommand (11ms) [Parameters=[@__userId_0='?' (DbType = Guid), @__today_1='?' (DbType = DateTime2), @__tomorrow_2='?' (DbType = DateTime2)], CommandType='"Text"', CommandTimeout='30']
SELECT COUNT(*)
FROM [Posts] AS [p]
INNER JOIN (
    SELECT [p0].[Id], [p0].[UserId]
    FROM [Projects] AS [p0]
    WHERE [p0].[IsDeleted] = CAST(0 AS bit)
) AS [t] ON [p].[ProjectId] = [t].[Id]
WHERE [p].[IsDeleted] = CAST(0 AS bit) AND [t].[UserId] = @__userId_0 AND [p].[Status] = 3 AND [p].[PublishedAt] >= @__today_1 AND [p].[PublishedAt] < @__tomorrow_2
2026-07-22 22:52:11.190 +07:00 [INF] Executed DbCommand (9ms) [Parameters=[@__userId_0='?' (DbType = Guid)], CommandType='"Text"', CommandTimeout='30']
SELECT COUNT(*)
FROM [AiGeneratedContents] AS [a]
WHERE [a].[IsDeleted] = CAST(0 AS bit) AND [a].[UserId] = @__userId_0
2026-07-22 22:52:11.221 +07:00 [INF] Executed DbCommand (25ms) [Parameters=[@__userId_0='?' (DbType = Guid)], CommandType='"Text"', CommandTimeout='30']
SELECT [t].[Id], [t].[Balance], [t].[CreatedAt], [t].[CreatedBy], [t].[IsDeleted], [t].[TotalEarned], [t].[TotalUsed], [t].[UpdatedAt], [t].[UpdatedBy], [t].[UserId], [t0].[Id], [t0].[Amount], [t0].[BalanceAfter], [t0].[CreatedAt], [t0].[CreatedBy], [t0].[CreditId], [t0].[Description], [t0].[IsDeleted], [t0].[ReferenceId], [t0].[ReferenceType], [t0].[Type], [t0].[UpdatedAt], [t0].[UpdatedBy], [t0].[UserId]
FROM (
    SELECT TOP(1) [c].[Id], [c].[Balance], [c].[CreatedAt], [c].[CreatedBy], [c].[IsDeleted], [c].[TotalEarned], [c].[TotalUsed], [c].[UpdatedAt], [c].[UpdatedBy], [c].[UserId]
    FROM [Credits] AS [c]
    WHERE [c].[IsDeleted] = CAST(0 AS bit) AND [c].[UserId] = @__userId_0
) AS [t]
LEFT JOIN (
    SELECT [c0].[Id], [c0].[Amount], [c0].[BalanceAfter], [c0].[CreatedAt], [c0].[CreatedBy], [c0].[CreditId], [c0].[Description], [c0].[IsDeleted], [c0].[ReferenceId], [c0].[ReferenceType], [c0].[Type], [c0].[UpdatedAt], [c0].[UpdatedBy], [c0].[UserId]
    FROM [CreditTransactions] AS [c0]
    WHERE [c0].[IsDeleted] = CAST(0 AS bit)
) AS [t0] ON [t].[Id] = [t0].[CreditId]
ORDER BY [t].[Id]
2026-07-22 22:52:11.232 +07:00 [INF] Executed DbCommand (5ms) [Parameters=[@__userId_0='?' (DbType = Guid)], CommandType='"Text"', CommandTimeout='30']
SELECT COUNT(*)
FROM [Projects] AS [p]
WHERE [p].[IsDeleted] = CAST(0 AS bit) AND [p].[UserId] = @__userId_0
2026-07-22 22:52:11.261 +07:00 [INF] Executed DbCommand (23ms) [Parameters=[@__p_1='?' (DbType = Int32), @__userId_0='?' (DbType = Guid)], CommandType='"Text"', CommandTimeout='30']
SELECT TOP(@__p_1) [p].[Id], [p].[CreatedAt], [p].[CreatedBy], [p].[ExecutedAt], [p].[FailureReason], [p].[IsDeleted], [p].[PostChannelAccountId], [p].[PostId], [p].[RetryCount], [p].[ScheduledAt], [p].[Status], [p].[UpdatedAt], [p].[UpdatedBy], [t].[Id], [t].[ChannelAccountId], [t].[CreatedAt], [t].[CreatedBy], [t].[DayNumber], [t].[ExternalPostId], [t].[IsDeleted], [t].[ProjectId], [t].[PublishedAt], [t].[PublishedUrl], [t].[ScheduledAt], [t].[Status], [t].[TimelineId], [t].[Title], [t].[TrackingEnabled], [t].[UpdatedAt], [t].[UpdatedBy], [t].[VoiceSampleId], [t0].[Id], [t0].[CreatedAt], [t0].[CreatedBy], [t0].[Description], [t0].[IsActive], [t0].[IsDeleted], [t0].[LogoUrl], [t0].[Name], [t0].[UpdatedAt], [t0].[UpdatedBy], [t0].[UserId]
FROM [PostSchedules] AS [p]
INNER JOIN (
    SELECT [p0].[Id], [p0].[ChannelAccountId], [p0].[CreatedAt], [p0].[CreatedBy], [p0].[DayNumber], [p0].[ExternalPostId], [p0].[IsDeleted], [p0].[ProjectId], [p0].[PublishedAt], [p0].[PublishedUrl], [p0].[ScheduledAt], [p0].[Status], [p0].[TimelineId], [p0].[Title], [p0].[TrackingEnabled], [p0].[UpdatedAt], [p0].[UpdatedBy], [p0].[VoiceSampleId]
    FROM [Posts] AS [p0]
    WHERE [p0].[IsDeleted] = CAST(0 AS bit)
) AS [t] ON [p].[PostId] = [t].[Id]
INNER JOIN (
    SELECT [p1].[Id], [p1].[CreatedAt], [p1].[CreatedBy], [p1].[Description], [p1].[IsActive], [p1].[IsDeleted], [p1].[LogoUrl], [p1].[Name], [p1].[UpdatedAt], [p1].[UpdatedBy], [p1].[UserId]
    FROM [Projects] AS [p1]
    WHERE [p1].[IsDeleted] = CAST(0 AS bit)
) AS [t0] ON [t].[ProjectId] = [t0].[Id]
WHERE [p].[IsDeleted] = CAST(0 AS bit) AND [t0].[UserId] = @__userId_0 AND [p].[Status] = 0 AND [p].[ScheduledAt] >= GETUTCDATE()
ORDER BY [p].[ScheduledAt]
2026-07-22 22:52:11.275 +07:00 [INF] Executed DbCommand (6ms) [Parameters=[@__p_1='?' (DbType = Int32), @__userId_0='?' (DbType = Guid)], CommandType='"Text"', CommandTimeout='30']
SELECT TOP(@__p_1) [a].[Id], [a].[Action], [a].[CreatedAt], [a].[CreatedBy], [a].[EntityId], [a].[EntityType], [a].[IpAddress], [a].[IsDeleted], [a].[NewValues], [a].[OldValues], [a].[UpdatedAt], [a].[UpdatedBy], [a].[UserAgent], [a].[UserId]
FROM [AuditLogs] AS [a]
WHERE [a].[IsDeleted] = CAST(0 AS bit) AND [a].[UserId] = @__userId_0
ORDER BY [a].[CreatedAt] DESC
2026-07-22 22:52:11.282 +07:00 [INF] Handled GetDashboardStatsQuery in 147ms
2026-07-22 22:52:11.287 +07:00 [INF] HTTP GET /api/dashboard/stats responded 200 in 200.4533ms
2026-07-22 22:53:09.201 +07:00 [INF] Executed DbCommand (9ms) [Parameters=[@__before_0='?' (DbType = DateTime2)], CommandType='"Text"', CommandTimeout='30']
SELECT [p].[Id], [p].[CreatedAt], [p].[CreatedBy], [p].[ExecutedAt], [p].[FailureReason], [p].[IsDeleted], [p].[PostChannelAccountId], [p].[PostId], [p].[RetryCount], [p].[ScheduledAt], [p].[Status], [p].[UpdatedAt], [p].[UpdatedBy], [t].[Id], [t].[ChannelAccountId], [t].[CreatedAt], [t].[CreatedBy], [t].[DayNumber], [t].[ExternalPostId], [t].[IsDeleted], [t].[ProjectId], [t].[PublishedAt], [t].[PublishedUrl], [t].[ScheduledAt], [t].[Status], [t].[TimelineId], [t].[Title], [t].[TrackingEnabled], [t].[UpdatedAt], [t].[UpdatedBy], [t].[VoiceSampleId], [t0].[Id], [t0].[Content], [t0].[ContentType], [t0].[CreatedAt], [t0].[CreatedBy], [t0].[IsDeleted], [t0].[MediaFileId], [t0].[PostId], [t0].[SortOrder], [t0].[UpdatedAt], [t0].[UpdatedBy]
FROM [PostSchedules] AS [p]
INNER JOIN (
    SELECT [p0].[Id], [p0].[ChannelAccountId], [p0].[CreatedAt], [p0].[CreatedBy], [p0].[DayNumber], [p0].[ExternalPostId], [p0].[IsDeleted], [p0].[ProjectId], [p0].[PublishedAt], [p0].[PublishedUrl], [p0].[ScheduledAt], [p0].[Status], [p0].[TimelineId], [p0].[Title], [p0].[TrackingEnabled], [p0].[UpdatedAt], [p0].[UpdatedBy], [p0].[VoiceSampleId]
    FROM [Posts] AS [p0]
    WHERE [p0].[IsDeleted] = CAST(0 AS bit)
) AS [t] ON [p].[PostId] = [t].[Id]
LEFT JOIN (
    SELECT [p1].[Id], [p1].[Content], [p1].[ContentType], [p1].[CreatedAt], [p1].[CreatedBy], [p1].[IsDeleted], [p1].[MediaFileId], [p1].[PostId], [p1].[SortOrder], [p1].[UpdatedAt], [p1].[UpdatedBy]
    FROM [PostContents] AS [p1]
    WHERE [p1].[IsDeleted] = CAST(0 AS bit)
) AS [t0] ON [t].[Id] = [t0].[PostId]
WHERE [p].[IsDeleted] = CAST(0 AS bit) AND [p].[Status] = 0 AND [p].[ScheduledAt] <= @__before_0
ORDER BY [p].[ScheduledAt], [p].[Id], [t].[Id]
2026-07-22 22:54:09.299 +07:00 [INF] Executed DbCommand (13ms) [Parameters=[@__before_0='?' (DbType = DateTime2)], CommandType='"Text"', CommandTimeout='30']
SELECT [p].[Id], [p].[CreatedAt], [p].[CreatedBy], [p].[ExecutedAt], [p].[FailureReason], [p].[IsDeleted], [p].[PostChannelAccountId], [p].[PostId], [p].[RetryCount], [p].[ScheduledAt], [p].[Status], [p].[UpdatedAt], [p].[UpdatedBy], [t].[Id], [t].[ChannelAccountId], [t].[CreatedAt], [t].[CreatedBy], [t].[DayNumber], [t].[ExternalPostId], [t].[IsDeleted], [t].[ProjectId], [t].[PublishedAt], [t].[PublishedUrl], [t].[ScheduledAt], [t].[Status], [t].[TimelineId], [t].[Title], [t].[TrackingEnabled], [t].[UpdatedAt], [t].[UpdatedBy], [t].[VoiceSampleId], [t0].[Id], [t0].[Content], [t0].[ContentType], [t0].[CreatedAt], [t0].[CreatedBy], [t0].[IsDeleted], [t0].[MediaFileId], [t0].[PostId], [t0].[SortOrder], [t0].[UpdatedAt], [t0].[UpdatedBy]
FROM [PostSchedules] AS [p]
INNER JOIN (
    SELECT [p0].[Id], [p0].[ChannelAccountId], [p0].[CreatedAt], [p0].[CreatedBy], [p0].[DayNumber], [p0].[ExternalPostId], [p0].[IsDeleted], [p0].[ProjectId], [p0].[PublishedAt], [p0].[PublishedUrl], [p0].[ScheduledAt], [p0].[Status], [p0].[TimelineId], [p0].[Title], [p0].[TrackingEnabled], [p0].[UpdatedAt], [p0].[UpdatedBy], [p0].[VoiceSampleId]
    FROM [Posts] AS [p0]
    WHERE [p0].[IsDeleted] = CAST(0 AS bit)
) AS [t] ON [p].[PostId] = [t].[Id]
LEFT JOIN (
    SELECT [p1].[Id], [p1].[Content], [p1].[ContentType], [p1].[CreatedAt], [p1].[CreatedBy], [p1].[IsDeleted], [p1].[MediaFileId], [p1].[PostId], [p1].[SortOrder], [p1].[UpdatedAt], [p1].[UpdatedBy]
    FROM [PostContents] AS [p1]
    WHERE [p1].[IsDeleted] = CAST(0 AS bit)
) AS [t0] ON [t].[Id] = [t0].[PostId]
WHERE [p].[IsDeleted] = CAST(0 AS bit) AND [p].[Status] = 0 AND [p].[ScheduledAt] <= @__before_0
ORDER BY [p].[ScheduledAt], [p].[Id], [t].[Id]
2026-07-22 22:55:03.101 +07:00 [INF] HTTP GET /api/dashboard/stats started
2026-07-22 22:55:03.116 +07:00 [INF] Handling GetDashboardStatsQuery {"$type":"GetDashboardStatsQuery"}
2026-07-22 22:55:03.144 +07:00 [INF] Executed DbCommand (23ms) [Parameters=[@__userId_0='?' (DbType = Guid)], CommandType='"Text"', CommandTimeout='30']
SELECT [p].[Id], [p].[ChannelAccountId], [p].[CreatedAt], [p].[CreatedBy], [p].[DayNumber], [p].[ExternalPostId], [p].[IsDeleted], [p].[ProjectId], [p].[PublishedAt], [p].[PublishedUrl], [p].[ScheduledAt], [p].[Status], [p].[TimelineId], [p].[Title], [p].[TrackingEnabled], [p].[UpdatedAt], [p].[UpdatedBy], [p].[VoiceSampleId], [t].[Id], [t].[CreatedAt], [t].[CreatedBy], [t].[Description], [t].[IsActive], [t].[IsDeleted], [t].[LogoUrl], [t].[Name], [t].[UpdatedAt], [t].[UpdatedBy], [t].[UserId]
FROM [Posts] AS [p]
INNER JOIN (
    SELECT [p0].[Id], [p0].[CreatedAt], [p0].[CreatedBy], [p0].[Description], [p0].[IsActive], [p0].[IsDeleted], [p0].[LogoUrl], [p0].[Name], [p0].[UpdatedAt], [p0].[UpdatedBy], [p0].[UserId]
    FROM [Projects] AS [p0]
    WHERE [p0].[IsDeleted] = CAST(0 AS bit)
) AS [t] ON [p].[ProjectId] = [t].[Id]
WHERE [p].[IsDeleted] = CAST(0 AS bit) AND [t].[UserId] = @__userId_0
ORDER BY [p].[CreatedAt] DESC
2026-07-22 22:55:03.161 +07:00 [INF] Executed DbCommand (9ms) [Parameters=[@__userId_0='?' (DbType = Guid), @__today_1='?' (DbType = DateTime2), @__tomorrow_2='?' (DbType = DateTime2)], CommandType='"Text"', CommandTimeout='30']
SELECT COUNT(*)
FROM [Posts] AS [p]
INNER JOIN (
    SELECT [p0].[Id], [p0].[UserId]
    FROM [Projects] AS [p0]
    WHERE [p0].[IsDeleted] = CAST(0 AS bit)
) AS [t] ON [p].[ProjectId] = [t].[Id]
WHERE [p].[IsDeleted] = CAST(0 AS bit) AND [t].[UserId] = @__userId_0 AND [p].[Status] = 3 AND [p].[PublishedAt] >= @__today_1 AND [p].[PublishedAt] < @__tomorrow_2
2026-07-22 22:55:03.180 +07:00 [INF] Executed DbCommand (11ms) [Parameters=[@__userId_0='?' (DbType = Guid)], CommandType='"Text"', CommandTimeout='30']
SELECT COUNT(*)
FROM [AiGeneratedContents] AS [a]
WHERE [a].[IsDeleted] = CAST(0 AS bit) AND [a].[UserId] = @__userId_0
2026-07-22 22:55:03.202 +07:00 [INF] Executed DbCommand (15ms) [Parameters=[@__userId_0='?' (DbType = Guid)], CommandType='"Text"', CommandTimeout='30']
SELECT [t].[Id], [t].[Balance], [t].[CreatedAt], [t].[CreatedBy], [t].[IsDeleted], [t].[TotalEarned], [t].[TotalUsed], [t].[UpdatedAt], [t].[UpdatedBy], [t].[UserId], [t0].[Id], [t0].[Amount], [t0].[BalanceAfter], [t0].[CreatedAt], [t0].[CreatedBy], [t0].[CreditId], [t0].[Description], [t0].[IsDeleted], [t0].[ReferenceId], [t0].[ReferenceType], [t0].[Type], [t0].[UpdatedAt], [t0].[UpdatedBy], [t0].[UserId]
FROM (
    SELECT TOP(1) [c].[Id], [c].[Balance], [c].[CreatedAt], [c].[CreatedBy], [c].[IsDeleted], [c].[TotalEarned], [c].[TotalUsed], [c].[UpdatedAt], [c].[UpdatedBy], [c].[UserId]
    FROM [Credits] AS [c]
    WHERE [c].[IsDeleted] = CAST(0 AS bit) AND [c].[UserId] = @__userId_0
) AS [t]
LEFT JOIN (
    SELECT [c0].[Id], [c0].[Amount], [c0].[BalanceAfter], [c0].[CreatedAt], [c0].[CreatedBy], [c0].[CreditId], [c0].[Description], [c0].[IsDeleted], [c0].[ReferenceId], [c0].[ReferenceType], [c0].[Type], [c0].[UpdatedAt], [c0].[UpdatedBy], [c0].[UserId]
    FROM [CreditTransactions] AS [c0]
    WHERE [c0].[IsDeleted] = CAST(0 AS bit)
) AS [t0] ON [t].[Id] = [t0].[CreditId]
ORDER BY [t].[Id]
2026-07-22 22:55:03.212 +07:00 [INF] Executed DbCommand (4ms) [Parameters=[@__userId_0='?' (DbType = Guid)], CommandType='"Text"', CommandTimeout='30']
SELECT COUNT(*)
FROM [Projects] AS [p]
WHERE [p].[IsDeleted] = CAST(0 AS bit) AND [p].[UserId] = @__userId_0
2026-07-22 22:55:03.230 +07:00 [INF] Executed DbCommand (12ms) [Parameters=[@__p_1='?' (DbType = Int32), @__userId_0='?' (DbType = Guid)], CommandType='"Text"', CommandTimeout='30']
SELECT TOP(@__p_1) [p].[Id], [p].[CreatedAt], [p].[CreatedBy], [p].[ExecutedAt], [p].[FailureReason], [p].[IsDeleted], [p].[PostChannelAccountId], [p].[PostId], [p].[RetryCount], [p].[ScheduledAt], [p].[Status], [p].[UpdatedAt], [p].[UpdatedBy], [t].[Id], [t].[ChannelAccountId], [t].[CreatedAt], [t].[CreatedBy], [t].[DayNumber], [t].[ExternalPostId], [t].[IsDeleted], [t].[ProjectId], [t].[PublishedAt], [t].[PublishedUrl], [t].[ScheduledAt], [t].[Status], [t].[TimelineId], [t].[Title], [t].[TrackingEnabled], [t].[UpdatedAt], [t].[UpdatedBy], [t].[VoiceSampleId], [t0].[Id], [t0].[CreatedAt], [t0].[CreatedBy], [t0].[Description], [t0].[IsActive], [t0].[IsDeleted], [t0].[LogoUrl], [t0].[Name], [t0].[UpdatedAt], [t0].[UpdatedBy], [t0].[UserId]
FROM [PostSchedules] AS [p]
INNER JOIN (
    SELECT [p0].[Id], [p0].[ChannelAccountId], [p0].[CreatedAt], [p0].[CreatedBy], [p0].[DayNumber], [p0].[ExternalPostId], [p0].[IsDeleted], [p0].[ProjectId], [p0].[PublishedAt], [p0].[PublishedUrl], [p0].[ScheduledAt], [p0].[Status], [p0].[TimelineId], [p0].[Title], [p0].[TrackingEnabled], [p0].[UpdatedAt], [p0].[UpdatedBy], [p0].[VoiceSampleId]
    FROM [Posts] AS [p0]
    WHERE [p0].[IsDeleted] = CAST(0 AS bit)
) AS [t] ON [p].[PostId] = [t].[Id]
INNER JOIN (
    SELECT [p1].[Id], [p1].[CreatedAt], [p1].[CreatedBy], [p1].[Description], [p1].[IsActive], [p1].[IsDeleted], [p1].[LogoUrl], [p1].[Name], [p1].[UpdatedAt], [p1].[UpdatedBy], [p1].[UserId]
    FROM [Projects] AS [p1]
    WHERE [p1].[IsDeleted] = CAST(0 AS bit)
) AS [t0] ON [t].[ProjectId] = [t0].[Id]
WHERE [p].[IsDeleted] = CAST(0 AS bit) AND [t0].[UserId] = @__userId_0 AND [p].[Status] = 0 AND [p].[ScheduledAt] >= GETUTCDATE()
ORDER BY [p].[ScheduledAt]
2026-07-22 22:55:03.238 +07:00 [INF] Executed DbCommand (4ms) [Parameters=[@__p_1='?' (DbType = Int32), @__userId_0='?' (DbType = Guid)], CommandType='"Text"', CommandTimeout='30']
SELECT TOP(@__p_1) [a].[Id], [a].[Action], [a].[CreatedAt], [a].[CreatedBy], [a].[EntityId], [a].[EntityType], [a].[IpAddress], [a].[IsDeleted], [a].[NewValues], [a].[OldValues], [a].[UpdatedAt], [a].[UpdatedBy], [a].[UserAgent], [a].[UserId]
FROM [AuditLogs] AS [a]
WHERE [a].[IsDeleted] = CAST(0 AS bit) AND [a].[UserId] = @__userId_0
ORDER BY [a].[CreatedAt] DESC
2026-07-22 22:55:03.241 +07:00 [INF] Handled GetDashboardStatsQuery in 121ms
2026-07-22 22:55:03.243 +07:00 [INF] HTTP GET /api/dashboard/stats responded 200 in 141.9792ms
2026-07-22 22:55:09.418 +07:00 [INF] Executed DbCommand (9ms) [Parameters=[@__before_0='?' (DbType = DateTime2)], CommandType='"Text"', CommandTimeout='30']
SELECT [p].[Id], [p].[CreatedAt], [p].[CreatedBy], [p].[ExecutedAt], [p].[FailureReason], [p].[IsDeleted], [p].[PostChannelAccountId], [p].[PostId], [p].[RetryCount], [p].[ScheduledAt], [p].[Status], [p].[UpdatedAt], [p].[UpdatedBy], [t].[Id], [t].[ChannelAccountId], [t].[CreatedAt], [t].[CreatedBy], [t].[DayNumber], [t].[ExternalPostId], [t].[IsDeleted], [t].[ProjectId], [t].[PublishedAt], [t].[PublishedUrl], [t].[ScheduledAt], [t].[Status], [t].[TimelineId], [t].[Title], [t].[TrackingEnabled], [t].[UpdatedAt], [t].[UpdatedBy], [t].[VoiceSampleId], [t0].[Id], [t0].[Content], [t0].[ContentType], [t0].[CreatedAt], [t0].[CreatedBy], [t0].[IsDeleted], [t0].[MediaFileId], [t0].[PostId], [t0].[SortOrder], [t0].[UpdatedAt], [t0].[UpdatedBy]
FROM [PostSchedules] AS [p]
INNER JOIN (
    SELECT [p0].[Id], [p0].[ChannelAccountId], [p0].[CreatedAt], [p0].[CreatedBy], [p0].[DayNumber], [p0].[ExternalPostId], [p0].[IsDeleted], [p0].[ProjectId], [p0].[PublishedAt], [p0].[PublishedUrl], [p0].[ScheduledAt], [p0].[Status], [p0].[TimelineId], [p0].[Title], [p0].[TrackingEnabled], [p0].[UpdatedAt], [p0].[UpdatedBy], [p0].[VoiceSampleId]
    FROM [Posts] AS [p0]
    WHERE [p0].[IsDeleted] = CAST(0 AS bit)
) AS [t] ON [p].[PostId] = [t].[Id]
LEFT JOIN (
    SELECT [p1].[Id], [p1].[Content], [p1].[ContentType], [p1].[CreatedAt], [p1].[CreatedBy], [p1].[IsDeleted], [p1].[MediaFileId], [p1].[PostId], [p1].[SortOrder], [p1].[UpdatedAt], [p1].[UpdatedBy]
    FROM [PostContents] AS [p1]
    WHERE [p1].[IsDeleted] = CAST(0 AS bit)
) AS [t0] ON [t].[Id] = [t0].[PostId]
WHERE [p].[IsDeleted] = CAST(0 AS bit) AND [p].[Status] = 0 AND [p].[ScheduledAt] <= @__before_0
ORDER BY [p].[ScheduledAt], [p].[Id], [t].[Id]
2026-07-22 22:56:05.917 +07:00 [INF] HTTP GET /api/workspace/projects started
2026-07-22 22:56:05.962 +07:00 [INF] Handling GetProjectsQuery {"$type":"GetProjectsQuery"}
2026-07-22 22:56:06.051 +07:00 [INF] Executed DbCommand (22ms) [Parameters=[@__userId_0='?' (DbType = Guid)], CommandType='"Text"', CommandTimeout='30']
SELECT [p].[Id], [p].[CreatedAt], [p].[CreatedBy], [p].[Description], [p].[IsActive], [p].[IsDeleted], [p].[LogoUrl], [p].[Name], [p].[UpdatedAt], [p].[UpdatedBy], [p].[UserId]
FROM [Projects] AS [p]
WHERE [p].[IsDeleted] = CAST(0 AS bit) AND [p].[UserId] = @__userId_0
2026-07-22 22:56:06.108 +07:00 [INF] Executed DbCommand (18ms) [Parameters=[@__userId_0='?' (DbType = Guid)], CommandType='"Text"', CommandTimeout='30']
SELECT [p].[Id], [p].[CreatedAt], [p].[CreatedBy], [p].[InvitedAt], [p].[IsDeleted], [p].[JoinedAt], [p].[ProjectId], [p].[Role], [p].[UpdatedAt], [p].[UpdatedBy], [p].[UserId]
FROM [ProjectMembers] AS [p]
WHERE [p].[IsDeleted] = CAST(0 AS bit) AND [p].[UserId] = @__userId_0
2026-07-22 22:56:06.303 +07:00 [INF] Executed DbCommand (15ms) [Parameters=[@__allProjectIds_0='?' (Size = 4000)], CommandType='"Text"', CommandTimeout='30']
SELECT [p].[Id], [p].[CreatedAt], [p].[CreatedBy], [p].[InvitedAt], [p].[IsDeleted], [p].[JoinedAt], [p].[ProjectId], [p].[Role], [p].[UpdatedAt], [p].[UpdatedBy], [p].[UserId]
FROM [ProjectMembers] AS [p]
WHERE [p].[IsDeleted] = CAST(0 AS bit) AND [p].[ProjectId] IN (
    SELECT [a].[value]
    FROM OPENJSON(@__allProjectIds_0) WITH ([value] uniqueidentifier '$') AS [a]
)
2026-07-22 22:56:06.315 +07:00 [INF] Handled GetProjectsQuery in 327ms
2026-07-22 22:56:06.320 +07:00 [INF] HTTP GET /api/workspace/projects responded 200 in 403.3424ms
2026-07-22 22:56:07.280 +07:00 [INF] HTTP GET /api/dashboard/stats started
2026-07-22 22:56:07.300 +07:00 [INF] Handling GetDashboardStatsQuery {"$type":"GetDashboardStatsQuery"}
2026-07-22 22:56:07.356 +07:00 [INF] Executed DbCommand (28ms) [Parameters=[@__userId_0='?' (DbType = Guid)], CommandType='"Text"', CommandTimeout='30']
SELECT [p].[Id], [p].[ChannelAccountId], [p].[CreatedAt], [p].[CreatedBy], [p].[DayNumber], [p].[ExternalPostId], [p].[IsDeleted], [p].[ProjectId], [p].[PublishedAt], [p].[PublishedUrl], [p].[ScheduledAt], [p].[Status], [p].[TimelineId], [p].[Title], [p].[TrackingEnabled], [p].[UpdatedAt], [p].[UpdatedBy], [p].[VoiceSampleId], [t].[Id], [t].[CreatedAt], [t].[CreatedBy], [t].[Description], [t].[IsActive], [t].[IsDeleted], [t].[LogoUrl], [t].[Name], [t].[UpdatedAt], [t].[UpdatedBy], [t].[UserId]
FROM [Posts] AS [p]
INNER JOIN (
    SELECT [p0].[Id], [p0].[CreatedAt], [p0].[CreatedBy], [p0].[Description], [p0].[IsActive], [p0].[IsDeleted], [p0].[LogoUrl], [p0].[Name], [p0].[UpdatedAt], [p0].[UpdatedBy], [p0].[UserId]
    FROM [Projects] AS [p0]
    WHERE [p0].[IsDeleted] = CAST(0 AS bit)
) AS [t] ON [p].[ProjectId] = [t].[Id]
WHERE [p].[IsDeleted] = CAST(0 AS bit) AND [t].[UserId] = @__userId_0
ORDER BY [p].[CreatedAt] DESC
2026-07-22 22:56:07.411 +07:00 [INF] Executed DbCommand (9ms) [Parameters=[@__userId_0='?' (DbType = Guid), @__today_1='?' (DbType = DateTime2), @__tomorrow_2='?' (DbType = DateTime2)], CommandType='"Text"', CommandTimeout='30']
SELECT COUNT(*)
FROM [Posts] AS [p]
INNER JOIN (
    SELECT [p0].[Id], [p0].[UserId]
    FROM [Projects] AS [p0]
    WHERE [p0].[IsDeleted] = CAST(0 AS bit)
) AS [t] ON [p].[ProjectId] = [t].[Id]
WHERE [p].[IsDeleted] = CAST(0 AS bit) AND [t].[UserId] = @__userId_0 AND [p].[Status] = 3 AND [p].[PublishedAt] >= @__today_1 AND [p].[PublishedAt] < @__tomorrow_2
2026-07-22 22:56:07.483 +07:00 [INF] Executed DbCommand (8ms) [Parameters=[@__userId_0='?' (DbType = Guid)], CommandType='"Text"', CommandTimeout='30']
SELECT COUNT(*)
FROM [AiGeneratedContents] AS [a]
WHERE [a].[IsDeleted] = CAST(0 AS bit) AND [a].[UserId] = @__userId_0
2026-07-22 22:56:07.520 +07:00 [INF] Executed DbCommand (18ms) [Parameters=[@__userId_0='?' (DbType = Guid)], CommandType='"Text"', CommandTimeout='30']
SELECT [t].[Id], [t].[Balance], [t].[CreatedAt], [t].[CreatedBy], [t].[IsDeleted], [t].[TotalEarned], [t].[TotalUsed], [t].[UpdatedAt], [t].[UpdatedBy], [t].[UserId], [t0].[Id], [t0].[Amount], [t0].[BalanceAfter], [t0].[CreatedAt], [t0].[CreatedBy], [t0].[CreditId], [t0].[Description], [t0].[IsDeleted], [t0].[ReferenceId], [t0].[ReferenceType], [t0].[Type], [t0].[UpdatedAt], [t0].[UpdatedBy], [t0].[UserId]
FROM (
    SELECT TOP(1) [c].[Id], [c].[Balance], [c].[CreatedAt], [c].[CreatedBy], [c].[IsDeleted], [c].[TotalEarned], [c].[TotalUsed], [c].[UpdatedAt], [c].[UpdatedBy], [c].[UserId]
    FROM [Credits] AS [c]
    WHERE [c].[IsDeleted] = CAST(0 AS bit) AND [c].[UserId] = @__userId_0
) AS [t]
LEFT JOIN (
    SELECT [c0].[Id], [c0].[Amount], [c0].[BalanceAfter], [c0].[CreatedAt], [c0].[CreatedBy], [c0].[CreditId], [c0].[Description], [c0].[IsDeleted], [c0].[ReferenceId], [c0].[ReferenceType], [c0].[Type], [c0].[UpdatedAt], [c0].[UpdatedBy], [c0].[UserId]
    FROM [CreditTransactions] AS [c0]
    WHERE [c0].[IsDeleted] = CAST(0 AS bit)
) AS [t0] ON [t].[Id] = [t0].[CreditId]
ORDER BY [t].[Id]
2026-07-22 22:56:07.541 +07:00 [INF] Executed DbCommand (13ms) [Parameters=[@__userId_0='?' (DbType = Guid)], CommandType='"Text"', CommandTimeout='30']
SELECT COUNT(*)
FROM [Projects] AS [p]
WHERE [p].[IsDeleted] = CAST(0 AS bit) AND [p].[UserId] = @__userId_0
2026-07-22 22:56:07.581 +07:00 [INF] Executed DbCommand (20ms) [Parameters=[@__p_1='?' (DbType = Int32), @__userId_0='?' (DbType = Guid)], CommandType='"Text"', CommandTimeout='30']
SELECT TOP(@__p_1) [p].[Id], [p].[CreatedAt], [p].[CreatedBy], [p].[ExecutedAt], [p].[FailureReason], [p].[IsDeleted], [p].[PostChannelAccountId], [p].[PostId], [p].[RetryCount], [p].[ScheduledAt], [p].[Status], [p].[UpdatedAt], [p].[UpdatedBy], [t].[Id], [t].[ChannelAccountId], [t].[CreatedAt], [t].[CreatedBy], [t].[DayNumber], [t].[ExternalPostId], [t].[IsDeleted], [t].[ProjectId], [t].[PublishedAt], [t].[PublishedUrl], [t].[ScheduledAt], [t].[Status], [t].[TimelineId], [t].[Title], [t].[TrackingEnabled], [t].[UpdatedAt], [t].[UpdatedBy], [t].[VoiceSampleId], [t0].[Id], [t0].[CreatedAt], [t0].[CreatedBy], [t0].[Description], [t0].[IsActive], [t0].[IsDeleted], [t0].[LogoUrl], [t0].[Name], [t0].[UpdatedAt], [t0].[UpdatedBy], [t0].[UserId]
FROM [PostSchedules] AS [p]
INNER JOIN (
    SELECT [p0].[Id], [p0].[ChannelAccountId], [p0].[CreatedAt], [p0].[CreatedBy], [p0].[DayNumber], [p0].[ExternalPostId], [p0].[IsDeleted], [p0].[ProjectId], [p0].[PublishedAt], [p0].[PublishedUrl], [p0].[ScheduledAt], [p0].[Status], [p0].[TimelineId], [p0].[Title], [p0].[TrackingEnabled], [p0].[UpdatedAt], [p0].[UpdatedBy], [p0].[VoiceSampleId]
    FROM [Posts] AS [p0]
    WHERE [p0].[IsDeleted] = CAST(0 AS bit)
) AS [t] ON [p].[PostId] = [t].[Id]
INNER JOIN (
    SELECT [p1].[Id], [p1].[CreatedAt], [p1].[CreatedBy], [p1].[Description], [p1].[IsActive], [p1].[IsDeleted], [p1].[LogoUrl], [p1].[Name], [p1].[UpdatedAt], [p1].[UpdatedBy], [p1].[UserId]
    FROM [Projects] AS [p1]
    WHERE [p1].[IsDeleted] = CAST(0 AS bit)
) AS [t0] ON [t].[ProjectId] = [t0].[Id]
WHERE [p].[IsDeleted] = CAST(0 AS bit) AND [t0].[UserId] = @__userId_0 AND [p].[Status] = 0 AND [p].[ScheduledAt] >= GETUTCDATE()
ORDER BY [p].[ScheduledAt]
2026-07-22 22:56:07.602 +07:00 [INF] Executed DbCommand (13ms) [Parameters=[@__p_1='?' (DbType = Int32), @__userId_0='?' (DbType = Guid)], CommandType='"Text"', CommandTimeout='30']
SELECT TOP(@__p_1) [a].[Id], [a].[Action], [a].[CreatedAt], [a].[CreatedBy], [a].[EntityId], [a].[EntityType], [a].[IpAddress], [a].[IsDeleted], [a].[NewValues], [a].[OldValues], [a].[UpdatedAt], [a].[UpdatedBy], [a].[UserAgent], [a].[UserId]
FROM [AuditLogs] AS [a]
WHERE [a].[IsDeleted] = CAST(0 AS bit) AND [a].[UserId] = @__userId_0
ORDER BY [a].[CreatedAt] DESC
2026-07-22 22:56:07.607 +07:00 [INF] Handled GetDashboardStatsQuery in 287ms
2026-07-22 22:56:07.610 +07:00 [INF] HTTP GET /api/dashboard/stats responded 200 in 330.6574ms
2026-07-22 22:56:09.719 +07:00 [INF] Executed DbCommand (24ms) [Parameters=[@__before_0='?' (DbType = DateTime2)], CommandType='"Text"', CommandTimeout='30']
SELECT [p].[Id], [p].[CreatedAt], [p].[CreatedBy], [p].[ExecutedAt], [p].[FailureReason], [p].[IsDeleted], [p].[PostChannelAccountId], [p].[PostId], [p].[RetryCount], [p].[ScheduledAt], [p].[Status], [p].[UpdatedAt], [p].[UpdatedBy], [t].[Id], [t].[ChannelAccountId], [t].[CreatedAt], [t].[CreatedBy], [t].[DayNumber], [t].[ExternalPostId], [t].[IsDeleted], [t].[ProjectId], [t].[PublishedAt], [t].[PublishedUrl], [t].[ScheduledAt], [t].[Status], [t].[TimelineId], [t].[Title], [t].[TrackingEnabled], [t].[UpdatedAt], [t].[UpdatedBy], [t].[VoiceSampleId], [t0].[Id], [t0].[Content], [t0].[ContentType], [t0].[CreatedAt], [t0].[CreatedBy], [t0].[IsDeleted], [t0].[MediaFileId], [t0].[PostId], [t0].[SortOrder], [t0].[UpdatedAt], [t0].[UpdatedBy]
FROM [PostSchedules] AS [p]
INNER JOIN (
    SELECT [p0].[Id], [p0].[ChannelAccountId], [p0].[CreatedAt], [p0].[CreatedBy], [p0].[DayNumber], [p0].[ExternalPostId], [p0].[IsDeleted], [p0].[ProjectId], [p0].[PublishedAt], [p0].[PublishedUrl], [p0].[ScheduledAt], [p0].[Status], [p0].[TimelineId], [p0].[Title], [p0].[TrackingEnabled], [p0].[UpdatedAt], [p0].[UpdatedBy], [p0].[VoiceSampleId]
    FROM [Posts] AS [p0]
    WHERE [p0].[IsDeleted] = CAST(0 AS bit)
) AS [t] ON [p].[PostId] = [t].[Id]
LEFT JOIN (
    SELECT [p1].[Id], [p1].[Content], [p1].[ContentType], [p1].[CreatedAt], [p1].[CreatedBy], [p1].[IsDeleted], [p1].[MediaFileId], [p1].[PostId], [p1].[SortOrder], [p1].[UpdatedAt], [p1].[UpdatedBy]
    FROM [PostContents] AS [p1]
    WHERE [p1].[IsDeleted] = CAST(0 AS bit)
) AS [t0] ON [t].[Id] = [t0].[PostId]
WHERE [p].[IsDeleted] = CAST(0 AS bit) AND [p].[Status] = 0 AND [p].[ScheduledAt] <= @__before_0
ORDER BY [p].[ScheduledAt], [p].[Id], [t].[Id]
2026-07-22 22:56:38.443 +07:00 [INF] 1 servers were removed due to timeout
2026-07-22 22:57:09.798 +07:00 [INF] Executed DbCommand (15ms) [Parameters=[@__before_0='?' (DbType = DateTime2)], CommandType='"Text"', CommandTimeout='30']
SELECT [p].[Id], [p].[CreatedAt], [p].[CreatedBy], [p].[ExecutedAt], [p].[FailureReason], [p].[IsDeleted], [p].[PostChannelAccountId], [p].[PostId], [p].[RetryCount], [p].[ScheduledAt], [p].[Status], [p].[UpdatedAt], [p].[UpdatedBy], [t].[Id], [t].[ChannelAccountId], [t].[CreatedAt], [t].[CreatedBy], [t].[DayNumber], [t].[ExternalPostId], [t].[IsDeleted], [t].[ProjectId], [t].[PublishedAt], [t].[PublishedUrl], [t].[ScheduledAt], [t].[Status], [t].[TimelineId], [t].[Title], [t].[TrackingEnabled], [t].[UpdatedAt], [t].[UpdatedBy], [t].[VoiceSampleId], [t0].[Id], [t0].[Content], [t0].[ContentType], [t0].[CreatedAt], [t0].[CreatedBy], [t0].[IsDeleted], [t0].[MediaFileId], [t0].[PostId], [t0].[SortOrder], [t0].[UpdatedAt], [t0].[UpdatedBy]
FROM [PostSchedules] AS [p]
INNER JOIN (
    SELECT [p0].[Id], [p0].[ChannelAccountId], [p0].[CreatedAt], [p0].[CreatedBy], [p0].[DayNumber], [p0].[ExternalPostId], [p0].[IsDeleted], [p0].[ProjectId], [p0].[PublishedAt], [p0].[PublishedUrl], [p0].[ScheduledAt], [p0].[Status], [p0].[TimelineId], [p0].[Title], [p0].[TrackingEnabled], [p0].[UpdatedAt], [p0].[UpdatedBy], [p0].[VoiceSampleId]
    FROM [Posts] AS [p0]
    WHERE [p0].[IsDeleted] = CAST(0 AS bit)
) AS [t] ON [p].[PostId] = [t].[Id]
LEFT JOIN (
    SELECT [p1].[Id], [p1].[Content], [p1].[ContentType], [p1].[CreatedAt], [p1].[CreatedBy], [p1].[IsDeleted], [p1].[MediaFileId], [p1].[PostId], [p1].[SortOrder], [p1].[UpdatedAt], [p1].[UpdatedBy]
    FROM [PostContents] AS [p1]
    WHERE [p1].[IsDeleted] = CAST(0 AS bit)
) AS [t0] ON [t].[Id] = [t0].[PostId]
WHERE [p].[IsDeleted] = CAST(0 AS bit) AND [p].[Status] = 0 AND [p].[ScheduledAt] <= @__before_0
ORDER BY [p].[ScheduledAt], [p].[Id], [t].[Id]
2026-07-22 22:58:09.891 +07:00 [INF] Executed DbCommand (11ms) [Parameters=[@__before_0='?' (DbType = DateTime2)], CommandType='"Text"', CommandTimeout='30']
SELECT [p].[Id], [p].[CreatedAt], [p].[CreatedBy], [p].[ExecutedAt], [p].[FailureReason], [p].[IsDeleted], [p].[PostChannelAccountId], [p].[PostId], [p].[RetryCount], [p].[ScheduledAt], [p].[Status], [p].[UpdatedAt], [p].[UpdatedBy], [t].[Id], [t].[ChannelAccountId], [t].[CreatedAt], [t].[CreatedBy], [t].[DayNumber], [t].[ExternalPostId], [t].[IsDeleted], [t].[ProjectId], [t].[PublishedAt], [t].[PublishedUrl], [t].[ScheduledAt], [t].[Status], [t].[TimelineId], [t].[Title], [t].[TrackingEnabled], [t].[UpdatedAt], [t].[UpdatedBy], [t].[VoiceSampleId], [t0].[Id], [t0].[Content], [t0].[ContentType], [t0].[CreatedAt], [t0].[CreatedBy], [t0].[IsDeleted], [t0].[MediaFileId], [t0].[PostId], [t0].[SortOrder], [t0].[UpdatedAt], [t0].[UpdatedBy]
FROM [PostSchedules] AS [p]
INNER JOIN (
    SELECT [p0].[Id], [p0].[ChannelAccountId], [p0].[CreatedAt], [p0].[CreatedBy], [p0].[DayNumber], [p0].[ExternalPostId], [p0].[IsDeleted], [p0].[ProjectId], [p0].[PublishedAt], [p0].[PublishedUrl], [p0].[ScheduledAt], [p0].[Status], [p0].[TimelineId], [p0].[Title], [p0].[TrackingEnabled], [p0].[UpdatedAt], [p0].[UpdatedBy], [p0].[VoiceSampleId]
    FROM [Posts] AS [p0]
    WHERE [p0].[IsDeleted] = CAST(0 AS bit)
) AS [t] ON [p].[PostId] = [t].[Id]
LEFT JOIN (
    SELECT [p1].[Id], [p1].[Content], [p1].[ContentType], [p1].[CreatedAt], [p1].[CreatedBy], [p1].[IsDeleted], [p1].[MediaFileId], [p1].[PostId], [p1].[SortOrder], [p1].[UpdatedAt], [p1].[UpdatedBy]
    FROM [PostContents] AS [p1]
    WHERE [p1].[IsDeleted] = CAST(0 AS bit)
) AS [t0] ON [t].[Id] = [t0].[PostId]
WHERE [p].[IsDeleted] = CAST(0 AS bit) AND [p].[Status] = 0 AND [p].[ScheduledAt] <= @__before_0
ORDER BY [p].[ScheduledAt], [p].[Id], [t].[Id]
2026-07-22 22:59:10.008 +07:00 [INF] Executed DbCommand (10ms) [Parameters=[@__before_0='?' (DbType = DateTime2)], CommandType='"Text"', CommandTimeout='30']
SELECT [p].[Id], [p].[CreatedAt], [p].[CreatedBy], [p].[ExecutedAt], [p].[FailureReason], [p].[IsDeleted], [p].[PostChannelAccountId], [p].[PostId], [p].[RetryCount], [p].[ScheduledAt], [p].[Status], [p].[UpdatedAt], [p].[UpdatedBy], [t].[Id], [t].[ChannelAccountId], [t].[CreatedAt], [t].[CreatedBy], [t].[DayNumber], [t].[ExternalPostId], [t].[IsDeleted], [t].[ProjectId], [t].[PublishedAt], [t].[PublishedUrl], [t].[ScheduledAt], [t].[Status], [t].[TimelineId], [t].[Title], [t].[TrackingEnabled], [t].[UpdatedAt], [t].[UpdatedBy], [t].[VoiceSampleId], [t0].[Id], [t0].[Content], [t0].[ContentType], [t0].[CreatedAt], [t0].[CreatedBy], [t0].[IsDeleted], [t0].[MediaFileId], [t0].[PostId], [t0].[SortOrder], [t0].[UpdatedAt], [t0].[UpdatedBy]
FROM [PostSchedules] AS [p]
INNER JOIN (
    SELECT [p0].[Id], [p0].[ChannelAccountId], [p0].[CreatedAt], [p0].[CreatedBy], [p0].[DayNumber], [p0].[ExternalPostId], [p0].[IsDeleted], [p0].[ProjectId], [p0].[PublishedAt], [p0].[PublishedUrl], [p0].[ScheduledAt], [p0].[Status], [p0].[TimelineId], [p0].[Title], [p0].[TrackingEnabled], [p0].[UpdatedAt], [p0].[UpdatedBy], [p0].[VoiceSampleId]
    FROM [Posts] AS [p0]
    WHERE [p0].[IsDeleted] = CAST(0 AS bit)
) AS [t] ON [p].[PostId] = [t].[Id]
LEFT JOIN (
    SELECT [p1].[Id], [p1].[Content], [p1].[ContentType], [p1].[CreatedAt], [p1].[CreatedBy], [p1].[IsDeleted], [p1].[MediaFileId], [p1].[PostId], [p1].[SortOrder], [p1].[UpdatedAt], [p1].[UpdatedBy]
    FROM [PostContents] AS [p1]
    WHERE [p1].[IsDeleted] = CAST(0 AS bit)
) AS [t0] ON [t].[Id] = [t0].[PostId]
WHERE [p].[IsDeleted] = CAST(0 AS bit) AND [p].[Status] = 0 AND [p].[ScheduledAt] <= @__before_0
ORDER BY [p].[ScheduledAt], [p].[Id], [t].[Id]
2026-07-22 23:00:10.112 +07:00 [INF] Executed DbCommand (11ms) [Parameters=[@__before_0='?' (DbType = DateTime2)], CommandType='"Text"', CommandTimeout='30']
SELECT [p].[Id], [p].[CreatedAt], [p].[CreatedBy], [p].[ExecutedAt], [p].[FailureReason], [p].[IsDeleted], [p].[PostChannelAccountId], [p].[PostId], [p].[RetryCount], [p].[ScheduledAt], [p].[Status], [p].[UpdatedAt], [p].[UpdatedBy], [t].[Id], [t].[ChannelAccountId], [t].[CreatedAt], [t].[CreatedBy], [t].[DayNumber], [t].[ExternalPostId], [t].[IsDeleted], [t].[ProjectId], [t].[PublishedAt], [t].[PublishedUrl], [t].[ScheduledAt], [t].[Status], [t].[TimelineId], [t].[Title], [t].[TrackingEnabled], [t].[UpdatedAt], [t].[UpdatedBy], [t].[VoiceSampleId], [t0].[Id], [t0].[Content], [t0].[ContentType], [t0].[CreatedAt], [t0].[CreatedBy], [t0].[IsDeleted], [t0].[MediaFileId], [t0].[PostId], [t0].[SortOrder], [t0].[UpdatedAt], [t0].[UpdatedBy]
FROM [PostSchedules] AS [p]
INNER JOIN (
    SELECT [p0].[Id], [p0].[ChannelAccountId], [p0].[CreatedAt], [p0].[CreatedBy], [p0].[DayNumber], [p0].[ExternalPostId], [p0].[IsDeleted], [p0].[ProjectId], [p0].[PublishedAt], [p0].[PublishedUrl], [p0].[ScheduledAt], [p0].[Status], [p0].[TimelineId], [p0].[Title], [p0].[TrackingEnabled], [p0].[UpdatedAt], [p0].[UpdatedBy], [p0].[VoiceSampleId]
    FROM [Posts] AS [p0]
    WHERE [p0].[IsDeleted] = CAST(0 AS bit)
) AS [t] ON [p].[PostId] = [t].[Id]
LEFT JOIN (
    SELECT [p1].[Id], [p1].[Content], [p1].[ContentType], [p1].[CreatedAt], [p1].[CreatedBy], [p1].[IsDeleted], [p1].[MediaFileId], [p1].[PostId], [p1].[SortOrder], [p1].[UpdatedAt], [p1].[UpdatedBy]
    FROM [PostContents] AS [p1]
    WHERE [p1].[IsDeleted] = CAST(0 AS bit)
) AS [t0] ON [t].[Id] = [t0].[PostId]
WHERE [p].[IsDeleted] = CAST(0 AS bit) AND [p].[Status] = 0 AND [p].[ScheduledAt] <= @__before_0
ORDER BY [p].[ScheduledAt], [p].[Id], [t].[Id]
2026-07-22 23:00:21.897 +07:00 [WRN] Stopping the server due to DomainUnload or ProcessExit event...
2026-07-22 23:00:21.906 +07:00 [INF] Server laptop-g044c7b0:17464:78856ca2 caught stopping signal...
2026-07-22 23:00:22.046 +07:00 [INF] Server laptop-g044c7b0:17464:78856ca2 caught stopped signal...
2026-07-22 23:00:22.439 +07:00 [WRN] Server laptop-g044c7b0:17464:78856ca2 caught shutdown signal...
2026-07-22 23:00:22.578 +07:00 [WRN] Server laptop-g044c7b0:17464:78856ca2 stopped non-gracefully due to Worker. Outstanding work on those dispatchers could be aborted, and there can be delays in background processing. This server instance will be incorrectly shown as active for a while. To avoid non-graceful shutdowns, investigate what prevents from stopping gracefully and add CancellationToken support for those methods.
2026-07-22 23:00:22.673 +07:00 [INF] Server laptop-g044c7b0:17464:78856ca2 successfully reported itself as stopped in 30.4602 ms
2026-07-22 23:00:22.674 +07:00 [INF] Server laptop-g044c7b0:17464:78856ca2 has been stopped in total 634.2439 ms
2026-07-22 23:03:52.797 +07:00 [WRN] No store type was specified for the decimal property 'TotalEarnings' on entity type 'Affiliate'. This will cause values to be silently truncated if they do not fit in the default precision and scale. Explicitly specify the SQL server column type that can accommodate all the values in 'OnModelCreating' using 'HasColumnType', specify precision and scale using 'HasPrecision', or configure a value converter using 'HasConversion'.
2026-07-22 23:03:54.730 +07:00 [INF] Detected FlowMate/SQL schema without EF history — applying compat layer and skipping MigrateAsync.
2026-07-22 23:03:54.797 +07:00 [INF] Executed DbCommand (24ms) [Parameters=[], CommandType='"Text"', CommandTimeout='30']
IF COL_LENGTH('dbo.Posts', 'ChannelAccountId') IS NULL
    ALTER TABLE dbo.Posts ADD ChannelAccountId UNIQUEIDENTIFIER NULL;
2026-07-22 23:03:54.819 +07:00 [INF] Executed DbCommand (3ms) [Parameters=[], CommandType='"Text"', CommandTimeout='30']
IF COL_LENGTH('dbo.Posts', 'ExternalPostId') IS NULL
    ALTER TABLE dbo.Posts ADD ExternalPostId NVARCHAR(128) NULL;
2026-07-22 23:03:54.826 +07:00 [INF] Executed DbCommand (2ms) [Parameters=[], CommandType='"Text"', CommandTimeout='30']
IF COL_LENGTH('dbo.Posts', 'PublishedUrl') IS NULL
    ALTER TABLE dbo.Posts ADD PublishedUrl NVARCHAR(1000) NULL;
2026-07-22 23:03:54.835 +07:00 [INF] Executed DbCommand (1ms) [Parameters=[], CommandType='"Text"', CommandTimeout='30']
IF COL_LENGTH('dbo.Posts', 'PublishedAt') IS NULL
    ALTER TABLE dbo.Posts ADD PublishedAt DATETIME2 NULL;
2026-07-22 23:03:54.843 +07:00 [INF] Executed DbCommand (3ms) [Parameters=[], CommandType='"Text"', CommandTimeout='30']
IF COL_LENGTH('dbo.PostSchedules', 'PostId') IS NULL
    ALTER TABLE dbo.PostSchedules ADD PostId UNIQUEIDENTIFIER NULL;
2026-07-22 23:03:54.852 +07:00 [INF] Executed DbCommand (2ms) [Parameters=[], CommandType='"Text"', CommandTimeout='30']
IF COL_LENGTH('dbo.PostSchedules', 'PostChannelAccountId') IS NOT NULL
   AND COLUMNPROPERTY(OBJECT_ID('dbo.PostSchedules'), 'PostChannelAccountId', 'AllowsNull') = 0
BEGIN
    ALTER TABLE dbo.PostSchedules ALTER COLUMN PostChannelAccountId UNIQUEIDENTIFIER NULL;
END
2026-07-22 23:03:54.871 +07:00 [INF] Executed DbCommand (6ms) [Parameters=[], CommandType='"Text"', CommandTimeout='30']
IF COL_LENGTH('dbo.ChannelAccounts', 'ParentChannelAccountId') IS NULL
    ALTER TABLE dbo.ChannelAccounts ADD ParentChannelAccountId UNIQUEIDENTIFIER NULL;
2026-07-22 23:03:54.878 +07:00 [INF] Executed DbCommand (2ms) [Parameters=[], CommandType='"Text"', CommandTimeout='30']
IF COL_LENGTH('dbo.ChannelAccounts', 'AccessToken') IS NULL
    ALTER TABLE dbo.ChannelAccounts ADD AccessToken NVARCHAR(MAX) NULL;
2026-07-22 23:03:54.889 +07:00 [INF] Executed DbCommand (1ms) [Parameters=[], CommandType='"Text"', CommandTimeout='30']
IF COL_LENGTH('dbo.ChannelAccounts', 'RefreshToken') IS NULL
    ALTER TABLE dbo.ChannelAccounts ADD RefreshToken NVARCHAR(MAX) NULL;
2026-07-22 23:03:54.898 +07:00 [INF] Executed DbCommand (3ms) [Parameters=[], CommandType='"Text"', CommandTimeout='30']
IF COL_LENGTH('dbo.ChannelAccounts', 'TokenExpiresAt') IS NULL
    ALTER TABLE dbo.ChannelAccounts ADD TokenExpiresAt DATETIME2 NULL;
2026-07-22 23:03:54.906 +07:00 [INF] Executed DbCommand (1ms) [Parameters=[], CommandType='"Text"', CommandTimeout='30']
IF COL_LENGTH('dbo.ChannelAccounts', 'Scope') IS NULL
    ALTER TABLE dbo.ChannelAccounts ADD Scope NVARCHAR(500) NULL;
2026-07-22 23:03:54.912 +07:00 [INF] Executed DbCommand (1ms) [Parameters=[], CommandType='"Text"', CommandTimeout='30']
IF COL_LENGTH('dbo.Posts', 'VoiceSampleId') IS NULL
    ALTER TABLE dbo.Posts ADD VoiceSampleId UNIQUEIDENTIFIER NULL;
2026-07-22 23:03:54.918 +07:00 [INF] Executed DbCommand (1ms) [Parameters=[], CommandType='"Text"', CommandTimeout='30']
IF COL_LENGTH('dbo.Posts', 'DayNumber') IS NULL
    ALTER TABLE dbo.Posts ADD DayNumber INT NULL;
2026-07-22 23:03:54.929 +07:00 [INF] Executed DbCommand (2ms) [Parameters=[], CommandType='"Text"', CommandTimeout='30']
IF COL_LENGTH('dbo.Posts', 'TrackingEnabled') IS NULL
    ALTER TABLE dbo.Posts ADD TrackingEnabled BIT NOT NULL DEFAULT CAST(1 AS BIT);
2026-07-22 23:03:54.942 +07:00 [INF] Executed DbCommand (5ms) [Parameters=[], CommandType='"Text"', CommandTimeout='30']
IF COL_LENGTH('dbo.MediaFiles', 'ProductId') IS NULL
    ALTER TABLE dbo.MediaFiles ADD ProductId UNIQUEIDENTIFIER NULL;
2026-07-22 23:03:54.949 +07:00 [INF] Executed DbCommand (2ms) [Parameters=[], CommandType='"Text"', CommandTimeout='30']
IF COL_LENGTH('dbo.MediaFiles', 'StoragePath') IS NULL
    ALTER TABLE dbo.MediaFiles ADD StoragePath NVARCHAR(1000) NOT NULL DEFAULT '';
2026-07-22 23:03:54.957 +07:00 [INF] Executed DbCommand (3ms) [Parameters=[], CommandType='"Text"', CommandTimeout='30']
IF COL_LENGTH('dbo.FacebookAccounts', 'ProjectId') IS NULL
    ALTER TABLE dbo.FacebookAccounts ADD ProjectId UNIQUEIDENTIFIER NOT NULL
        DEFAULT '00000000-0000-0000-0000-000000000000';
2026-07-22 23:03:54.964 +07:00 [INF] Executed DbCommand (2ms) [Parameters=[], CommandType='"Text"', CommandTimeout='30']
IF COL_LENGTH('dbo.Campaigns', 'ProductDescription') IS NULL
    ALTER TABLE dbo.Campaigns ADD ProductDescription NVARCHAR(MAX) NULL;
2026-07-22 23:03:54.972 +07:00 [INF] Executed DbCommand (3ms) [Parameters=[], CommandType='"Text"', CommandTimeout='30']
IF OBJECT_ID('dbo.ProjectMembers') IS NULL
CREATE TABLE dbo.ProjectMembers (
    Id UNIQUEIDENTIFIER NOT NULL PRIMARY KEY, ProjectId UNIQUEIDENTIFIER NOT NULL,
    UserId UNIQUEIDENTIFIER NOT NULL, Role NVARCHAR(20) NOT NULL DEFAULT 'Member',
    InvitedAt DATETIME2 NULL, JoinedAt DATETIME2 NULL,
    CreatedAt DATETIME2 NOT NULL, UpdatedAt DATETIME2 NULL,
    CreatedBy UNIQUEIDENTIFIER NULL, UpdatedBy UNIQUEIDENTIFIER NULL, IsDeleted BIT NOT NULL DEFAULT 0,
    CONSTRAINT FK_ProjectMembers_Projects FOREIGN KEY (ProjectId) REFERENCES dbo.Projects(Id),
    CONSTRAINT FK_ProjectMembers_Users FOREIGN KEY (UserId) REFERENCES dbo.Users(Id));
2026-07-22 23:03:55.001 +07:00 [INF] Executed DbCommand (25ms) [Parameters=[], CommandType='"Text"', CommandTimeout='30']
IF OBJECT_ID('dbo.ProjectMembers') IS NOT NULL AND NOT EXISTS (SELECT 1 FROM sys.indexes WHERE name = 'IX_ProjectMembers_ProjectId_UserId')
    CREATE UNIQUE INDEX IX_ProjectMembers_ProjectId_UserId ON dbo.ProjectMembers(ProjectId, UserId);
2026-07-22 23:03:55.012 +07:00 [INF] Executed DbCommand (2ms) [Parameters=[], CommandType='"Text"', CommandTimeout='30']
IF OBJECT_ID('dbo.VoiceSampleTemplates') IS NULL
CREATE TABLE dbo.VoiceSampleTemplates (
    Id UNIQUEIDENTIFIER NOT NULL PRIMARY KEY, SampleText NVARCHAR(500) NOT NULL,
    CreatedAt DATETIME2 NOT NULL, UpdatedAt DATETIME2 NULL,
    CreatedBy UNIQUEIDENTIFIER NULL, UpdatedBy UNIQUEIDENTIFIER NULL, IsDeleted BIT NOT NULL DEFAULT 0);
2026-07-22 23:03:55.022 +07:00 [INF] Executed DbCommand (3ms) [Parameters=[], CommandType='"Text"', CommandTimeout='30']
IF OBJECT_ID('dbo.BrandStyles') IS NULL
CREATE TABLE dbo.BrandStyles (
    Id UNIQUEIDENTIFIER NOT NULL PRIMARY KEY, StyleName NVARCHAR(50) NOT NULL,
    CreatedAt DATETIME2 NOT NULL, UpdatedAt DATETIME2 NULL,
    CreatedBy UNIQUEIDENTIFIER NULL, UpdatedBy UNIQUEIDENTIFIER NULL, IsDeleted BIT NOT NULL DEFAULT 0);
2026-07-22 23:03:55.040 +07:00 [INF] Executed DbCommand (11ms) [Parameters=[], CommandType='"Text"', CommandTimeout='30']
IF OBJECT_ID('dbo.BrandStyles') IS NOT NULL AND NOT EXISTS (SELECT 1 FROM sys.indexes WHERE name = 'IX_BrandStyles_StyleName')
    CREATE UNIQUE INDEX IX_BrandStyles_StyleName ON dbo.BrandStyles(StyleName);
2026-07-22 23:03:55.053 +07:00 [INF] Executed DbCommand (7ms) [Parameters=[], CommandType='"Text"', CommandTimeout='30']
IF OBJECT_ID('dbo.ToneKeywords') IS NULL
CREATE TABLE dbo.ToneKeywords (
    Id UNIQUEIDENTIFIER NOT NULL PRIMARY KEY, Keyword NVARCHAR(50) NOT NULL,
    CreatedAt DATETIME2 NOT NULL, UpdatedAt DATETIME2 NULL,
    CreatedBy UNIQUEIDENTIFIER NULL, UpdatedBy UNIQUEIDENTIFIER NULL, IsDeleted BIT NOT NULL DEFAULT 0);
2026-07-22 23:03:55.080 +07:00 [INF] Executed DbCommand (15ms) [Parameters=[], CommandType='"Text"', CommandTimeout='30']
IF OBJECT_ID('dbo.ToneKeywords') IS NOT NULL AND NOT EXISTS (SELECT 1 FROM sys.indexes WHERE name = 'IX_ToneKeywords_Keyword')
    CREATE UNIQUE INDEX IX_ToneKeywords_Keyword ON dbo.ToneKeywords(Keyword);
2026-07-22 23:03:55.088 +07:00 [INF] Executed DbCommand (2ms) [Parameters=[], CommandType='"Text"', CommandTimeout='30']
IF OBJECT_ID('dbo.CtaTemplates') IS NULL
CREATE TABLE dbo.CtaTemplates (
    Id UNIQUEIDENTIFIER NOT NULL PRIMARY KEY, CtaText NVARCHAR(100) NOT NULL,
    CreatedAt DATETIME2 NOT NULL, UpdatedAt DATETIME2 NULL,
    CreatedBy UNIQUEIDENTIFIER NULL, UpdatedBy UNIQUEIDENTIFIER NULL, IsDeleted BIT NOT NULL DEFAULT 0);
2026-07-22 23:03:55.113 +07:00 [INF] Executed DbCommand (14ms) [Parameters=[], CommandType='"Text"', CommandTimeout='30']
IF OBJECT_ID('dbo.CtaTemplates') IS NOT NULL AND NOT EXISTS (SELECT 1 FROM sys.indexes WHERE name = 'IX_CtaTemplates_CtaText')
    CREATE UNIQUE INDEX IX_CtaTemplates_CtaText ON dbo.CtaTemplates(CtaText);
2026-07-22 23:03:55.122 +07:00 [INF] Executed DbCommand (2ms) [Parameters=[], CommandType='"Text"', CommandTimeout='30']
IF OBJECT_ID('dbo.Hashtags') IS NULL
CREATE TABLE dbo.Hashtags (
    Id UNIQUEIDENTIFIER NOT NULL PRIMARY KEY, Tag NVARCHAR(50) NOT NULL,
    CreatedAt DATETIME2 NOT NULL, UpdatedAt DATETIME2 NULL,
    CreatedBy UNIQUEIDENTIFIER NULL, UpdatedBy UNIQUEIDENTIFIER NULL, IsDeleted BIT NOT NULL DEFAULT 0);
2026-07-22 23:03:55.144 +07:00 [INF] Executed DbCommand (16ms) [Parameters=[], CommandType='"Text"', CommandTimeout='30']
IF OBJECT_ID('dbo.Hashtags') IS NOT NULL AND NOT EXISTS (SELECT 1 FROM sys.indexes WHERE name = 'IX_Hashtags_Tag')
    CREATE UNIQUE INDEX IX_Hashtags_Tag ON dbo.Hashtags(Tag);
2026-07-22 23:03:55.152 +07:00 [INF] Executed DbCommand (3ms) [Parameters=[], CommandType='"Text"', CommandTimeout='30']
IF OBJECT_ID('dbo.BrandProfiles') IS NULL
CREATE TABLE dbo.BrandProfiles (
    Id UNIQUEIDENTIFIER NOT NULL PRIMARY KEY, ProjectId UNIQUEIDENTIFIER NOT NULL,
    LogoUrl NVARCHAR(500) NULL, BusinessName NVARCHAR(150) NOT NULL, BrandName NVARCHAR(150) NOT NULL,
    Industry NVARCHAR(100) NULL, FoundingYear SMALLINT NULL, ShortDescription NVARCHAR(1000) NULL,
    Address NVARCHAR(300) NULL, ContactPhone NVARCHAR(20) NULL, ContactEmail NVARCHAR(255) NULL,
    Website NVARCHAR(255) NULL, VoiceSampleId UNIQUEIDENTIFIER NULL,
    CreatedAt DATETIME2 NOT NULL, UpdatedAt DATETIME2 NULL,
    CreatedBy UNIQUEIDENTIFIER NULL, UpdatedBy UNIQUEIDENTIFIER NULL, IsDeleted BIT NOT NULL DEFAULT 0,
    CONSTRAINT FK_BrandProfiles_Projects FOREIGN KEY (ProjectId) REFERENCES dbo.Projects(Id),
    CONSTRAINT FK_BrandProfiles_VoiceSampleTemplates FOREIGN KEY (VoiceSampleId) REFERENCES dbo.VoiceSampleTemplates(Id));
2026-07-22 23:03:55.175 +07:00 [INF] Executed DbCommand (11ms) [Parameters=[], CommandType='"Text"', CommandTimeout='30']
IF OBJECT_ID('dbo.BrandProfiles') IS NOT NULL AND NOT EXISTS (SELECT 1 FROM sys.indexes WHERE name = 'IX_BrandProfiles_ProjectId')
    CREATE UNIQUE INDEX IX_BrandProfiles_ProjectId ON dbo.BrandProfiles(ProjectId);
2026-07-22 23:03:55.187 +07:00 [INF] Executed DbCommand (5ms) [Parameters=[], CommandType='"Text"', CommandTimeout='30']
IF OBJECT_ID('dbo.BrandProfileStyles') IS NULL
CREATE TABLE dbo.BrandProfileStyles (
    Id UNIQUEIDENTIFIER NOT NULL PRIMARY KEY, BrandProfileId UNIQUEIDENTIFIER NOT NULL, StyleId UNIQUEIDENTIFIER NOT NULL,
    CreatedAt DATETIME2 NOT NULL, UpdatedAt DATETIME2 NULL,
    CreatedBy UNIQUEIDENTIFIER NULL, UpdatedBy UNIQUEIDENTIFIER NULL, IsDeleted BIT NOT NULL DEFAULT 0,
    CONSTRAINT FK_BrandProfileStyles_BrandProfiles FOREIGN KEY (BrandProfileId) REFERENCES dbo.BrandProfiles(Id),
    CONSTRAINT FK_BrandProfileStyles_BrandStyles FOREIGN KEY (StyleId) REFERENCES dbo.BrandStyles(Id));
2026-07-22 23:03:55.209 +07:00 [INF] Executed DbCommand (15ms) [Parameters=[], CommandType='"Text"', CommandTimeout='30']
IF OBJECT_ID('dbo.BrandProfileStyles') IS NOT NULL AND NOT EXISTS (SELECT 1 FROM sys.indexes WHERE name = 'IX_BrandProfileStyles_BrandProfileId_StyleId')
    CREATE UNIQUE INDEX IX_BrandProfileStyles_BrandProfileId_StyleId ON dbo.BrandProfileStyles(BrandProfileId, StyleId);
2026-07-22 23:03:55.224 +07:00 [INF] Executed DbCommand (5ms) [Parameters=[], CommandType='"Text"', CommandTimeout='30']
IF OBJECT_ID('dbo.BrandProfileKeywords') IS NULL
CREATE TABLE dbo.BrandProfileKeywords (
    Id UNIQUEIDENTIFIER NOT NULL PRIMARY KEY, BrandProfileId UNIQUEIDENTIFIER NOT NULL, ToneKeywordId UNIQUEIDENTIFIER NOT NULL,
    CreatedAt DATETIME2 NOT NULL, UpdatedAt DATETIME2 NULL,
    CreatedBy UNIQUEIDENTIFIER NULL, UpdatedBy UNIQUEIDENTIFIER NULL, IsDeleted BIT NOT NULL DEFAULT 0,
    CONSTRAINT FK_BrandProfileKeywords_BrandProfiles FOREIGN KEY (BrandProfileId) REFERENCES dbo.BrandProfiles(Id),
    CONSTRAINT FK_BrandProfileKeywords_ToneKeywords FOREIGN KEY (ToneKeywordId) REFERENCES dbo.ToneKeywords(Id));
2026-07-22 23:03:55.248 +07:00 [INF] Executed DbCommand (16ms) [Parameters=[], CommandType='"Text"', CommandTimeout='30']
IF OBJECT_ID('dbo.BrandProfileKeywords') IS NOT NULL AND NOT EXISTS (SELECT 1 FROM sys.indexes WHERE name = 'IX_BrandProfileKeywords_BrandProfileId_ToneKeywordId')
    CREATE UNIQUE INDEX IX_BrandProfileKeywords_BrandProfileId_ToneKeywordId ON dbo.BrandProfileKeywords(BrandProfileId, ToneKeywordId);
2026-07-22 23:03:55.256 +07:00 [INF] Executed DbCommand (2ms) [Parameters=[], CommandType='"Text"', CommandTimeout='30']
IF OBJECT_ID('dbo.BrandCtas') IS NULL
CREATE TABLE dbo.BrandCtas (
    Id UNIQUEIDENTIFIER NOT NULL PRIMARY KEY, BrandProfileId UNIQUEIDENTIFIER NOT NULL, CtaId UNIQUEIDENTIFIER NOT NULL,
    CreatedAt DATETIME2 NOT NULL, UpdatedAt DATETIME2 NULL,
    CreatedBy UNIQUEIDENTIFIER NULL, UpdatedBy UNIQUEIDENTIFIER NULL, IsDeleted BIT NOT NULL DEFAULT 0,
    CONSTRAINT FK_BrandCtas_BrandProfiles FOREIGN KEY (BrandProfileId) REFERENCES dbo.BrandProfiles(Id),
    CONSTRAINT FK_BrandCtas_CtaTemplates FOREIGN KEY (CtaId) REFERENCES dbo.CtaTemplates(Id));
2026-07-22 23:03:55.280 +07:00 [INF] Executed DbCommand (14ms) [Parameters=[], CommandType='"Text"', CommandTimeout='30']
IF OBJECT_ID('dbo.BrandCtas') IS NOT NULL AND NOT EXISTS (SELECT 1 FROM sys.indexes WHERE name = 'IX_BrandCtas_BrandProfileId_CtaId')
    CREATE UNIQUE INDEX IX_BrandCtas_BrandProfileId_CtaId ON dbo.BrandCtas(BrandProfileId, CtaId);
2026-07-22 23:03:55.291 +07:00 [INF] Executed DbCommand (2ms) [Parameters=[], CommandType='"Text"', CommandTimeout='30']
IF OBJECT_ID('dbo.BrandHashtags') IS NULL
CREATE TABLE dbo.BrandHashtags (
    Id UNIQUEIDENTIFIER NOT NULL PRIMARY KEY, BrandProfileId UNIQUEIDENTIFIER NOT NULL, HashtagId UNIQUEIDENTIFIER NOT NULL,
    CreatedAt DATETIME2 NOT NULL, UpdatedAt DATETIME2 NULL,
    CreatedBy UNIQUEIDENTIFIER NULL, UpdatedBy UNIQUEIDENTIFIER NULL, IsDeleted BIT NOT NULL DEFAULT 0,
    CONSTRAINT FK_BrandHashtags_BrandProfiles FOREIGN KEY (BrandProfileId) REFERENCES dbo.BrandProfiles(Id),
    CONSTRAINT FK_BrandHashtags_Hashtags FOREIGN KEY (HashtagId) REFERENCES dbo.Hashtags(Id));
2026-07-22 23:03:55.308 +07:00 [INF] Executed DbCommand (13ms) [Parameters=[], CommandType='"Text"', CommandTimeout='30']
IF OBJECT_ID('dbo.BrandHashtags') IS NOT NULL AND NOT EXISTS (SELECT 1 FROM sys.indexes WHERE name = 'IX_BrandHashtags_BrandProfileId_HashtagId')
    CREATE UNIQUE INDEX IX_BrandHashtags_BrandProfileId_HashtagId ON dbo.BrandHashtags(BrandProfileId, HashtagId);
2026-07-22 23:03:55.316 +07:00 [INF] Executed DbCommand (2ms) [Parameters=[], CommandType='"Text"', CommandTimeout='30']
IF OBJECT_ID('dbo.BrandColors') IS NULL
CREATE TABLE dbo.BrandColors (
    Id UNIQUEIDENTIFIER NOT NULL PRIMARY KEY, BrandProfileId UNIQUEIDENTIFIER NOT NULL,
    ColorHex NVARCHAR(9) NOT NULL, ColorType NVARCHAR(20) NOT NULL DEFAULT 'Secondary', SortOrder INT NOT NULL DEFAULT 0,
    CreatedAt DATETIME2 NOT NULL, UpdatedAt DATETIME2 NULL,
    CreatedBy UNIQUEIDENTIFIER NULL, UpdatedBy UNIQUEIDENTIFIER NULL, IsDeleted BIT NOT NULL DEFAULT 0,
    CONSTRAINT FK_BrandColors_BrandProfiles FOREIGN KEY (BrandProfileId) REFERENCES dbo.BrandProfiles(Id));
2026-07-22 23:03:55.333 +07:00 [INF] Executed DbCommand (2ms) [Parameters=[], CommandType='"Text"', CommandTimeout='30']
IF OBJECT_ID('dbo.BrandFonts') IS NULL
CREATE TABLE dbo.BrandFonts (
    Id UNIQUEIDENTIFIER NOT NULL PRIMARY KEY, BrandProfileId UNIQUEIDENTIFIER NOT NULL,
    FontName NVARCHAR(100) NOT NULL, UsageType NVARCHAR(20) NOT NULL,
    CreatedAt DATETIME2 NOT NULL, UpdatedAt DATETIME2 NULL,
    CreatedBy UNIQUEIDENTIFIER NULL, UpdatedBy UNIQUEIDENTIFIER NULL, IsDeleted BIT NOT NULL DEFAULT 0,
    CONSTRAINT FK_BrandFonts_BrandProfiles FOREIGN KEY (BrandProfileId) REFERENCES dbo.BrandProfiles(Id));
2026-07-22 23:03:55.343 +07:00 [INF] Executed DbCommand (3ms) [Parameters=[], CommandType='"Text"', CommandTimeout='30']
IF OBJECT_ID('dbo.ProductCategories') IS NULL
CREATE TABLE dbo.ProductCategories (
    Id UNIQUEIDENTIFIER NOT NULL PRIMARY KEY, BrandProfileId UNIQUEIDENTIFIER NOT NULL, CategoryName NVARCHAR(100) NOT NULL,
    CreatedAt DATETIME2 NOT NULL, UpdatedAt DATETIME2 NULL,
    CreatedBy UNIQUEIDENTIFIER NULL, UpdatedBy UNIQUEIDENTIFIER NULL, IsDeleted BIT NOT NULL DEFAULT 0,
    CONSTRAINT FK_ProductCategories_BrandProfiles FOREIGN KEY (BrandProfileId) REFERENCES dbo.BrandProfiles(Id));
2026-07-22 23:03:55.364 +07:00 [INF] Executed DbCommand (11ms) [Parameters=[], CommandType='"Text"', CommandTimeout='30']
IF OBJECT_ID('dbo.ProductCategories') IS NOT NULL AND NOT EXISTS (SELECT 1 FROM sys.indexes WHERE name = 'IX_ProductCategories_BrandProfileId_CategoryName')
    CREATE UNIQUE INDEX IX_ProductCategories_BrandProfileId_CategoryName ON dbo.ProductCategories(BrandProfileId, CategoryName);
2026-07-22 23:03:55.379 +07:00 [INF] Executed DbCommand (3ms) [Parameters=[], CommandType='"Text"', CommandTimeout='30']
IF OBJECT_ID('dbo.Products') IS NULL
CREATE TABLE dbo.Products (
    Id UNIQUEIDENTIFIER NOT NULL PRIMARY KEY, BrandProfileId UNIQUEIDENTIFIER NOT NULL, ProductCategoryId UNIQUEIDENTIFIER NULL,
    ProductName NVARCHAR(200) NOT NULL, Price DECIMAL(18,2) NULL, AiGeneratedDescription NVARCHAR(MAX) NULL,
    CreatedAt DATETIME2 NOT NULL, UpdatedAt DATETIME2 NULL,
    CreatedBy UNIQUEIDENTIFIER NULL, UpdatedBy UNIQUEIDENTIFIER NULL, IsDeleted BIT NOT NULL DEFAULT 0,
    CONSTRAINT FK_Products_BrandProfiles FOREIGN KEY (BrandProfileId) REFERENCES dbo.BrandProfiles(Id),
    CONSTRAINT FK_Products_ProductCategories FOREIGN KEY (ProductCategoryId) REFERENCES dbo.ProductCategories(Id));
2026-07-22 23:03:55.409 +07:00 [INF] Executed DbCommand (17ms) [Parameters=[], CommandType='"Text"', CommandTimeout='30']
IF NOT EXISTS (SELECT 1 FROM sys.foreign_keys WHERE name = 'FK_MediaFiles_Products_ProductId') AND OBJECT_ID('dbo.Products') IS NOT NULL
    ALTER TABLE dbo.MediaFiles ADD CONSTRAINT FK_MediaFiles_Products_ProductId FOREIGN KEY (ProductId) REFERENCES dbo.Products(Id);
2026-07-22 23:03:55.418 +07:00 [INF] Executed DbCommand (2ms) [Parameters=[], CommandType='"Text"', CommandTimeout='30']
IF OBJECT_ID('dbo.CampaignGoals') IS NULL
CREATE TABLE dbo.CampaignGoals (
    Id UNIQUEIDENTIFIER NOT NULL PRIMARY KEY, GoalName NVARCHAR(100) NOT NULL,
    CreatedAt DATETIME2 NOT NULL, UpdatedAt DATETIME2 NULL,
    CreatedBy UNIQUEIDENTIFIER NULL, UpdatedBy UNIQUEIDENTIFIER NULL, IsDeleted BIT NOT NULL DEFAULT 0);
2026-07-22 23:03:55.436 +07:00 [INF] Executed DbCommand (13ms) [Parameters=[], CommandType='"Text"', CommandTimeout='30']
IF OBJECT_ID('dbo.CampaignGoals') IS NOT NULL AND NOT EXISTS (SELECT 1 FROM sys.indexes WHERE name = 'IX_CampaignGoals_GoalName')
    CREATE UNIQUE INDEX IX_CampaignGoals_GoalName ON dbo.CampaignGoals(GoalName);
2026-07-22 23:03:55.446 +07:00 [INF] Executed DbCommand (4ms) [Parameters=[], CommandType='"Text"', CommandTimeout='30']
IF OBJECT_ID('dbo.PromotionTypes') IS NULL
CREATE TABLE dbo.PromotionTypes (
    Id UNIQUEIDENTIFIER NOT NULL PRIMARY KEY, TypeName NVARCHAR(100) NOT NULL,
    CreatedAt DATETIME2 NOT NULL, UpdatedAt DATETIME2 NULL,
    CreatedBy UNIQUEIDENTIFIER NULL, UpdatedBy UNIQUEIDENTIFIER NULL, IsDeleted BIT NOT NULL DEFAULT 0);
2026-07-22 23:03:55.471 +07:00 [INF] Executed DbCommand (15ms) [Parameters=[], CommandType='"Text"', CommandTimeout='30']
IF OBJECT_ID('dbo.PromotionTypes') IS NOT NULL AND NOT EXISTS (SELECT 1 FROM sys.indexes WHERE name = 'IX_PromotionTypes_TypeName')
    CREATE UNIQUE INDEX IX_PromotionTypes_TypeName ON dbo.PromotionTypes(TypeName);
2026-07-22 23:03:55.479 +07:00 [INF] Executed DbCommand (2ms) [Parameters=[], CommandType='"Text"', CommandTimeout='30']
IF OBJECT_ID('dbo.TimelineTemplateTypes') IS NULL
CREATE TABLE dbo.TimelineTemplateTypes (
    Id UNIQUEIDENTIFIER NOT NULL PRIMARY KEY, TypeName NVARCHAR(50) NOT NULL, Description NVARCHAR(300) NULL,
    CreatedAt DATETIME2 NOT NULL, UpdatedAt DATETIME2 NULL,
    CreatedBy UNIQUEIDENTIFIER NULL, UpdatedBy UNIQUEIDENTIFIER NULL, IsDeleted BIT NOT NULL DEFAULT 0);
2026-07-22 23:03:55.499 +07:00 [INF] Executed DbCommand (12ms) [Parameters=[], CommandType='"Text"', CommandTimeout='30']
IF OBJECT_ID('dbo.TimelineTemplateTypes') IS NOT NULL AND NOT EXISTS (SELECT 1 FROM sys.indexes WHERE name = 'IX_TimelineTemplateTypes_TypeName')
    CREATE UNIQUE INDEX IX_TimelineTemplateTypes_TypeName ON dbo.TimelineTemplateTypes(TypeName);
2026-07-22 23:03:55.506 +07:00 [INF] Executed DbCommand (2ms) [Parameters=[], CommandType='"Text"', CommandTimeout='30']
IF OBJECT_ID('dbo.Campaigns') IS NULL
CREATE TABLE dbo.Campaigns (
    Id UNIQUEIDENTIFIER NOT NULL PRIMARY KEY, ProjectId UNIQUEIDENTIFIER NOT NULL, Name NVARCHAR(200) NOT NULL,
    GoalId UNIQUEIDENTIFIER NOT NULL, PromotionTypeId UNIQUEIDENTIFIER NOT NULL,
    DiscountPercent DECIMAL(5,2) NULL, DiscountAmount DECIMAL(18,2) NULL, MinOrderAmount DECIMAL(18,2) NULL,
    StartDate DATE NOT NULL, EndDate DATE NOT NULL, NumberOfPosts INT NOT NULL DEFAULT 1, Status INT NOT NULL,
    CreatedAt DATETIME2 NOT NULL, UpdatedAt DATETIME2 NULL,
    CreatedBy UNIQUEIDENTIFIER NULL, UpdatedBy UNIQUEIDENTIFIER NULL, IsDeleted BIT NOT NULL DEFAULT 0,
    CONSTRAINT FK_Campaigns_Projects FOREIGN KEY (ProjectId) REFERENCES dbo.Projects(Id),
    CONSTRAINT FK_Campaigns_CampaignGoals FOREIGN KEY (GoalId) REFERENCES dbo.CampaignGoals(Id),
    CONSTRAINT FK_Campaigns_PromotionTypes FOREIGN KEY (PromotionTypeId) REFERENCES dbo.PromotionTypes(Id),
    CONSTRAINT CK_Campaigns_Dates CHECK (EndDate >= StartDate),
    CONSTRAINT CK_Campaigns_NumberOfPosts CHECK (NumberOfPosts > 0));
2026-07-22 23:03:55.519 +07:00 [INF] Executed DbCommand (3ms) [Parameters=[], CommandType='"Text"', CommandTimeout='30']
IF OBJECT_ID('dbo.CampaignChannelAccounts') IS NULL
CREATE TABLE dbo.CampaignChannelAccounts (
    Id UNIQUEIDENTIFIER NOT NULL PRIMARY KEY, CampaignId UNIQUEIDENTIFIER NOT NULL, ChannelAccountId UNIQUEIDENTIFIER NOT NULL,
    CreatedAt DATETIME2 NOT NULL, UpdatedAt DATETIME2 NULL,
    CreatedBy UNIQUEIDENTIFIER NULL, UpdatedBy UNIQUEIDENTIFIER NULL, IsDeleted BIT NOT NULL DEFAULT 0,
    CONSTRAINT FK_CampaignChannelAccounts_Campaigns FOREIGN KEY (CampaignId) REFERENCES dbo.Campaigns(Id),
    CONSTRAINT FK_CampaignChannelAccounts_ChannelAccounts FOREIGN KEY (ChannelAccountId) REFERENCES dbo.ChannelAccounts(Id));
2026-07-22 23:03:55.539 +07:00 [INF] Executed DbCommand (11ms) [Parameters=[], CommandType='"Text"', CommandTimeout='30']
IF OBJECT_ID('dbo.CampaignChannelAccounts') IS NOT NULL AND NOT EXISTS (SELECT 1 FROM sys.indexes WHERE name = 'IX_CampaignChannelAccounts_CampaignId_ChannelAccountId')
    CREATE UNIQUE INDEX IX_CampaignChannelAccounts_CampaignId_ChannelAccountId ON dbo.CampaignChannelAccounts(CampaignId, ChannelAccountId);
2026-07-22 23:03:55.546 +07:00 [INF] Executed DbCommand (2ms) [Parameters=[], CommandType='"Text"', CommandTimeout='30']
IF OBJECT_ID('dbo.Timelines') IS NULL
CREATE TABLE dbo.Timelines (
    Id UNIQUEIDENTIFIER NOT NULL PRIMARY KEY, ProjectId UNIQUEIDENTIFIER NOT NULL, CampaignId UNIQUEIDENTIFIER NULL,
    Name NVARCHAR(200) NOT NULL, TemplateTypeId UNIQUEIDENTIFIER NOT NULL,
    StartDate DATE NOT NULL, EndDate DATE NOT NULL, Status INT NOT NULL,
    CreatedAt DATETIME2 NOT NULL, UpdatedAt DATETIME2 NULL,
    CreatedBy UNIQUEIDENTIFIER NULL, UpdatedBy UNIQUEIDENTIFIER NULL, IsDeleted BIT NOT NULL DEFAULT 0,
    CONSTRAINT FK_Timelines_Projects FOREIGN KEY (ProjectId) REFERENCES dbo.Projects(Id),
    CONSTRAINT FK_Timelines_Campaigns FOREIGN KEY (CampaignId) REFERENCES dbo.Campaigns(Id),
    CONSTRAINT FK_Timelines_TimelineTemplateTypes FOREIGN KEY (TemplateTypeId) REFERENCES dbo.TimelineTemplateTypes(Id),
    CONSTRAINT CK_Timelines_Dates CHECK (EndDate >= StartDate));
2026-07-22 23:03:55.567 +07:00 [INF] Executed DbCommand (14ms) [Parameters=[], CommandType='"Text"', CommandTimeout='30']
IF NOT EXISTS (SELECT 1 FROM sys.foreign_keys WHERE name = 'FK_Posts_Timelines_TimelineId') AND OBJECT_ID('dbo.Timelines') IS NOT NULL
    ALTER TABLE dbo.Posts ADD CONSTRAINT FK_Posts_Timelines_TimelineId FOREIGN KEY (TimelineId) REFERENCES dbo.Timelines(Id);
2026-07-22 23:03:55.585 +07:00 [INF] Executed DbCommand (13ms) [Parameters=[], CommandType='"Text"', CommandTimeout='30']
IF NOT EXISTS (SELECT 1 FROM sys.foreign_keys WHERE name = 'FK_Posts_VoiceSampleTemplates_VoiceSampleId') AND OBJECT_ID('dbo.VoiceSampleTemplates') IS NOT NULL
    ALTER TABLE dbo.Posts ADD CONSTRAINT FK_Posts_VoiceSampleTemplates_VoiceSampleId FOREIGN KEY (VoiceSampleId) REFERENCES dbo.VoiceSampleTemplates(Id);
2026-07-22 23:03:55.599 +07:00 [INF] Executed DbCommand (4ms) [Parameters=[], CommandType='"Text"', CommandTimeout='30']
IF OBJECT_ID('dbo.PostHashtags') IS NULL
CREATE TABLE dbo.PostHashtags (
    Id UNIQUEIDENTIFIER NOT NULL PRIMARY KEY, PostId UNIQUEIDENTIFIER NOT NULL, HashtagId UNIQUEIDENTIFIER NOT NULL,
    CreatedAt DATETIME2 NOT NULL, UpdatedAt DATETIME2 NULL,
    CreatedBy UNIQUEIDENTIFIER NULL, UpdatedBy UNIQUEIDENTIFIER NULL, IsDeleted BIT NOT NULL DEFAULT 0,
    CONSTRAINT FK_PostHashtags_Posts FOREIGN KEY (PostId) REFERENCES dbo.Posts(Id),
    CONSTRAINT FK_PostHashtags_Hashtags FOREIGN KEY (HashtagId) REFERENCES dbo.Hashtags(Id));
2026-07-22 23:03:55.750 +07:00 [INF] Executed DbCommand (7ms) [Parameters=[], CommandType='"Text"', CommandTimeout='30']
IF OBJECT_ID('dbo.PostChannelAccounts') IS NULL
CREATE TABLE dbo.PostChannelAccounts (
    Id UNIQUEIDENTIFIER NOT NULL PRIMARY KEY, PostId UNIQUEIDENTIFIER NOT NULL, ChannelAccountId UNIQUEIDENTIFIER NOT NULL,
    Status INT NOT NULL, ExternalPostId NVARCHAR(128) NULL, PublishedUrl NVARCHAR(1000) NULL, PublishedAt DATETIME2 NULL,
    CreatedAt DATETIME2 NOT NULL, UpdatedAt DATETIME2 NULL,
    CreatedBy UNIQUEIDENTIFIER NULL, UpdatedBy UNIQUEIDENTIFIER NULL, IsDeleted BIT NOT NULL DEFAULT 0,
    CONSTRAINT FK_PostChannelAccounts_Posts FOREIGN KEY (PostId) REFERENCES dbo.Posts(Id),
    CONSTRAINT FK_PostChannelAccounts_ChannelAccounts FOREIGN KEY (ChannelAccountId) REFERENCES dbo.ChannelAccounts(Id));
2026-07-22 23:03:55.773 +07:00 [INF] Executed DbCommand (19ms) [Parameters=[], CommandType='"Text"', CommandTimeout='30']
IF OBJECT_ID('dbo.PostChannelAccounts') IS NOT NULL AND NOT EXISTS (SELECT 1 FROM sys.indexes WHERE name = 'IX_PostChannelAccounts_PostId_ChannelAccountId')
    CREATE UNIQUE INDEX IX_PostChannelAccounts_PostId_ChannelAccountId ON dbo.PostChannelAccounts(PostId, ChannelAccountId);
2026-07-22 23:03:55.823 +07:00 [INF] Executed DbCommand (30ms) [Parameters=[], CommandType='"Text"', CommandTimeout='30']
IF NOT EXISTS (SELECT 1 FROM sys.foreign_keys WHERE name = 'FK_PostSchedules_PostChannelAccounts_PostChannelAccountId') AND OBJECT_ID('dbo.PostChannelAccounts') IS NOT NULL
    ALTER TABLE dbo.PostSchedules ADD CONSTRAINT FK_PostSchedules_PostChannelAccounts_PostChannelAccountId FOREIGN KEY (PostChannelAccountId) REFERENCES dbo.PostChannelAccounts(Id);
2026-07-22 23:03:55.856 +07:00 [INF] Executed DbCommand (2ms) [Parameters=[], CommandType='"Text"', CommandTimeout='30']
IF OBJECT_ID('dbo.PostAnalytics') IS NULL
CREATE TABLE dbo.PostAnalytics (
    Id UNIQUEIDENTIFIER NOT NULL PRIMARY KEY, PostChannelAccountId UNIQUEIDENTIFIER NOT NULL,
    Reach INT NOT NULL DEFAULT 0, Likes INT NOT NULL DEFAULT 0, Comments INT NOT NULL DEFAULT 0, Shares INT NOT NULL DEFAULT 0,
    RecordedAt DATETIME2 NOT NULL,
    CreatedAt DATETIME2 NOT NULL, UpdatedAt DATETIME2 NULL,
    CreatedBy UNIQUEIDENTIFIER NULL, UpdatedBy UNIQUEIDENTIFIER NULL, IsDeleted BIT NOT NULL DEFAULT 0,
    CONSTRAINT FK_PostAnalytics_PostChannelAccounts FOREIGN KEY (PostChannelAccountId) REFERENCES dbo.PostChannelAccounts(Id));
2026-07-22 23:03:55.909 +07:00 [INF] Executed DbCommand (32ms) [Parameters=[], CommandType='"Text"', CommandTimeout='30']
IF OBJECT_ID('dbo.PostAnalytics') IS NOT NULL AND NOT EXISTS (SELECT 1 FROM sys.indexes WHERE name = 'IX_PostAnalytics_PostChannelAccountId')
    CREATE UNIQUE INDEX IX_PostAnalytics_PostChannelAccountId ON dbo.PostAnalytics(PostChannelAccountId);
2026-07-22 23:03:55.925 +07:00 [INF] FlowMate EF compatibility layer applied.
2026-07-22 23:03:56.531 +07:00 [INF] Executed DbCommand (8ms) [Parameters=[], CommandType='"Text"', CommandTimeout='30']
SELECT CASE
    WHEN EXISTS (
        SELECT 1
        FROM [Roles] AS [r]
        WHERE [r].[IsDeleted] = CAST(0 AS bit)) THEN CAST(1 AS bit)
    ELSE CAST(0 AS bit)
END
2026-07-22 23:03:56.586 +07:00 [INF] Executed DbCommand (5ms) [Parameters=[], CommandType='"Text"', CommandTimeout='30']
SELECT CASE
    WHEN EXISTS (
        SELECT 1
        FROM [Permissions] AS [p]
        WHERE [p].[IsDeleted] = CAST(0 AS bit)) THEN CAST(1 AS bit)
    ELSE CAST(0 AS bit)
END
2026-07-22 23:03:56.615 +07:00 [INF] Executed DbCommand (8ms) [Parameters=[], CommandType='"Text"', CommandTimeout='30']
SELECT CASE
    WHEN EXISTS (
        SELECT 1
        FROM [RolePermissions] AS [r]
        WHERE [r].[IsDeleted] = CAST(0 AS bit) AND [r].[RoleId] = '33333333-3333-3333-3333-333333333333') THEN CAST(1 AS bit)
    ELSE CAST(0 AS bit)
END
2026-07-22 23:03:56.639 +07:00 [INF] Executed DbCommand (8ms) [Parameters=[], CommandType='"Text"', CommandTimeout='30']
SELECT CASE
    WHEN EXISTS (
        SELECT 1
        FROM [Plans] AS [p]
        WHERE [p].[IsDeleted] = CAST(0 AS bit)) THEN CAST(1 AS bit)
    ELSE CAST(0 AS bit)
END
2026-07-22 23:03:56.661 +07:00 [INF] Executed DbCommand (7ms) [Parameters=[], CommandType='"Text"', CommandTimeout='30']
SELECT CASE
    WHEN EXISTS (
        SELECT 1
        FROM [Channels] AS [c]
        WHERE [c].[IsDeleted] = CAST(0 AS bit)) THEN CAST(1 AS bit)
    ELSE CAST(0 AS bit)
END
2026-07-22 23:03:56.682 +07:00 [INF] Executed DbCommand (6ms) [Parameters=[], CommandType='"Text"', CommandTimeout='30']
SELECT CASE
    WHEN EXISTS (
        SELECT 1
        FROM [BrandStyles] AS [b]
        WHERE [b].[IsDeleted] = CAST(0 AS bit)) THEN CAST(1 AS bit)
    ELSE CAST(0 AS bit)
END
2026-07-22 23:03:56.696 +07:00 [INF] Executed DbCommand (6ms) [Parameters=[], CommandType='"Text"', CommandTimeout='30']
SELECT CASE
    WHEN EXISTS (
        SELECT 1
        FROM [ToneKeywords] AS [t]
        WHERE [t].[IsDeleted] = CAST(0 AS bit)) THEN CAST(1 AS bit)
    ELSE CAST(0 AS bit)
END
2026-07-22 23:03:56.709 +07:00 [INF] Executed DbCommand (4ms) [Parameters=[], CommandType='"Text"', CommandTimeout='30']
SELECT CASE
    WHEN EXISTS (
        SELECT 1
        FROM [VoiceSampleTemplates] AS [v]
        WHERE [v].[IsDeleted] = CAST(0 AS bit)) THEN CAST(1 AS bit)
    ELSE CAST(0 AS bit)
END
2026-07-22 23:03:56.726 +07:00 [INF] Executed DbCommand (7ms) [Parameters=[], CommandType='"Text"', CommandTimeout='30']
SELECT CASE
    WHEN EXISTS (
        SELECT 1
        FROM [CtaTemplates] AS [c]
        WHERE [c].[IsDeleted] = CAST(0 AS bit)) THEN CAST(1 AS bit)
    ELSE CAST(0 AS bit)
END
2026-07-22 23:03:56.745 +07:00 [INF] Executed DbCommand (5ms) [Parameters=[], CommandType='"Text"', CommandTimeout='30']
SELECT CASE
    WHEN EXISTS (
        SELECT 1
        FROM [CampaignGoals] AS [c]
        WHERE [c].[IsDeleted] = CAST(0 AS bit)) THEN CAST(1 AS bit)
    ELSE CAST(0 AS bit)
END
2026-07-22 23:03:56.763 +07:00 [INF] Executed DbCommand (5ms) [Parameters=[], CommandType='"Text"', CommandTimeout='30']
SELECT CASE
    WHEN EXISTS (
        SELECT 1
        FROM [PromotionTypes] AS [p]
        WHERE [p].[IsDeleted] = CAST(0 AS bit)) THEN CAST(1 AS bit)
    ELSE CAST(0 AS bit)
END
2026-07-22 23:03:56.781 +07:00 [INF] Executed DbCommand (7ms) [Parameters=[], CommandType='"Text"', CommandTimeout='30']
SELECT CASE
    WHEN EXISTS (
        SELECT 1
        FROM [TimelineTemplateTypes] AS [t]
        WHERE [t].[IsDeleted] = CAST(0 AS bit)) THEN CAST(1 AS bit)
    ELSE CAST(0 AS bit)
END
2026-07-22 23:03:56.794 +07:00 [INF] Executed DbCommand (3ms) [Parameters=[], CommandType='"Text"', CommandTimeout='30']
SELECT CASE
    WHEN EXISTS (
        SELECT 1
        FROM [Settings] AS [s]
        WHERE [s].[IsDeleted] = CAST(0 AS bit)) THEN CAST(1 AS bit)
    ELSE CAST(0 AS bit)
END
2026-07-22 23:03:56.812 +07:00 [INF] Executed DbCommand (3ms) [Parameters=[], CommandType='"Text"', CommandTimeout='30']
SELECT CASE
    WHEN EXISTS (
        SELECT 1
        FROM [AiPrompts] AS [a]
        WHERE [a].[IsDeleted] = CAST(0 AS bit)) THEN CAST(1 AS bit)
    ELSE CAST(0 AS bit)
END
2026-07-22 23:03:56.829 +07:00 [INF] Executed DbCommand (3ms) [Parameters=[], CommandType='"Text"', CommandTimeout='30']
SELECT CASE
    WHEN EXISTS (
        SELECT 1
        FROM [AiPrompts] AS [a]
        WHERE [a].[IsDeleted] = CAST(0 AS bit) AND [a].[Name] = N'Facebook Fanpage Bán Hàng') THEN CAST(1 AS bit)
    ELSE CAST(0 AS bit)
END
2026-07-22 23:03:56.843 +07:00 [INF] Executed DbCommand (5ms) [Parameters=[], CommandType='"Text"', CommandTimeout='30']
SELECT CASE
    WHEN EXISTS (
        SELECT 1
        FROM [Users] AS [u]
        WHERE [u].[IsDeleted] = CAST(0 AS bit) AND [u].[Email] = N'admin@autowork.com') THEN CAST(1 AS bit)
    ELSE CAST(0 AS bit)
END
2026-07-22 23:03:56.855 +07:00 [INF] Executed DbCommand (3ms) [Parameters=[], CommandType='"Text"', CommandTimeout='30']
SELECT CASE
    WHEN EXISTS (
        SELECT 1
        FROM [Users] AS [u]
        WHERE [u].[IsDeleted] = CAST(0 AS bit) AND [u].[Email] = N'demo@autowork.com') THEN CAST(1 AS bit)
    ELSE CAST(0 AS bit)
END
2026-07-22 23:03:56.869 +07:00 [INF] Executed DbCommand (5ms) [Parameters=[], CommandType='"Text"', CommandTimeout='30']
SELECT CASE
    WHEN EXISTS (
        SELECT 1
        FROM [Projects] AS [p]
        WHERE [p].[IsDeleted] = CAST(0 AS bit) AND [p].[Id] = '13131313-1313-1313-1313-131313131313') THEN CAST(1 AS bit)
    ELSE CAST(0 AS bit)
END
2026-07-22 23:03:56.879 +07:00 [INF] Executed DbCommand (4ms) [Parameters=[], CommandType='"Text"', CommandTimeout='30']
SELECT CASE
    WHEN EXISTS (
        SELECT 1
        FROM [Posts] AS [p]
        WHERE [p].[IsDeleted] = CAST(0 AS bit) AND [p].[ProjectId] = '13131313-1313-1313-1313-131313131313') THEN CAST(1 AS bit)
    ELSE CAST(0 AS bit)
END
2026-07-22 23:03:56.902 +07:00 [INF] Database seed completed successfully.
2026-07-22 23:03:57.112 +07:00 [INF] Start installing Hangfire SQL objects...
2026-07-22 23:03:57.335 +07:00 [INF] Hangfire SQL objects installed.
2026-07-22 23:03:57.706 +07:00 [WRN] The WebRootPath was not found: D:\EXE01\AIMarketingAssistant\src\AutoWork.API\wwwroot. Static files may be unavailable.
2026-07-22 23:03:57.834 +07:00 [INF] Now listening on: https://localhost:7165
2026-07-22 23:03:57.951 +07:00 [INF] Starting Hangfire Server using job storage: 'SQL Server: localhost@FlowMateDB'
2026-07-22 23:03:57.953 +07:00 [INF] Using the following options for SQL Server job storage: Queue poll interval: 00:00:15.
2026-07-22 23:03:57.955 +07:00 [INF] Using the following options for Hangfire Server:
    Worker count: 20
    Listening queues: 'default'
    Shutdown timeout: 00:00:15
    Schedule polling interval: 00:00:15
2026-07-22 23:03:57.990 +07:00 [INF] Application started. Press Ctrl+C to shut down.
2026-07-22 23:03:57.992 +07:00 [INF] Hosting environment: Development
2026-07-22 23:03:57.996 +07:00 [INF] Content root path: D:\EXE01\AIMarketingAssistant\src\AutoWork.API
2026-07-22 23:03:58.020 +07:00 [INF] Server laptop-g044c7b0:15748:c5d7011e successfully announced in 26.9113 ms
2026-07-22 23:03:58.033 +07:00 [INF] Server laptop-g044c7b0:15748:c5d7011e is starting the registered dispatchers: ServerWatchdog, ServerJobCancellationWatcher, ExpirationManager, CountersAggregator, SqlServerHeartbeatProcess, Worker, DelayedJobScheduler, RecurringJobScheduler...
2026-07-22 23:03:58.162 +07:00 [INF] Server laptop-g044c7b0:15748:c5d7011e all the dispatchers started
2026-07-22 23:04:00.128 +07:00 [INF] Executed DbCommand (73ms) [Parameters=[@__before_0='?' (DbType = DateTime2)], CommandType='"Text"', CommandTimeout='30']
SELECT [p].[Id], [p].[CreatedAt], [p].[CreatedBy], [p].[ExecutedAt], [p].[FailureReason], [p].[IsDeleted], [p].[PostChannelAccountId], [p].[PostId], [p].[RetryCount], [p].[ScheduledAt], [p].[Status], [p].[UpdatedAt], [p].[UpdatedBy], [t].[Id], [t].[ChannelAccountId], [t].[CreatedAt], [t].[CreatedBy], [t].[DayNumber], [t].[ExternalPostId], [t].[IsDeleted], [t].[ProjectId], [t].[PublishedAt], [t].[PublishedUrl], [t].[ScheduledAt], [t].[Status], [t].[TimelineId], [t].[Title], [t].[TrackingEnabled], [t].[UpdatedAt], [t].[UpdatedBy], [t].[VoiceSampleId], [t0].[Id], [t0].[Content], [t0].[ContentType], [t0].[CreatedAt], [t0].[CreatedBy], [t0].[IsDeleted], [t0].[MediaFileId], [t0].[PostId], [t0].[SortOrder], [t0].[UpdatedAt], [t0].[UpdatedBy]
FROM [PostSchedules] AS [p]
INNER JOIN (
    SELECT [p0].[Id], [p0].[ChannelAccountId], [p0].[CreatedAt], [p0].[CreatedBy], [p0].[DayNumber], [p0].[ExternalPostId], [p0].[IsDeleted], [p0].[ProjectId], [p0].[PublishedAt], [p0].[PublishedUrl], [p0].[ScheduledAt], [p0].[Status], [p0].[TimelineId], [p0].[Title], [p0].[TrackingEnabled], [p0].[UpdatedAt], [p0].[UpdatedBy], [p0].[VoiceSampleId]
    FROM [Posts] AS [p0]
    WHERE [p0].[IsDeleted] = CAST(0 AS bit)
) AS [t] ON [p].[PostId] = [t].[Id]
LEFT JOIN (
    SELECT [p1].[Id], [p1].[Content], [p1].[ContentType], [p1].[CreatedAt], [p1].[CreatedBy], [p1].[IsDeleted], [p1].[MediaFileId], [p1].[PostId], [p1].[SortOrder], [p1].[UpdatedAt], [p1].[UpdatedBy]
    FROM [PostContents] AS [p1]
    WHERE [p1].[IsDeleted] = CAST(0 AS bit)
) AS [t0] ON [t].[Id] = [t0].[PostId]
WHERE [p].[IsDeleted] = CAST(0 AS bit) AND [p].[Status] = 0 AND [p].[ScheduledAt] <= @__before_0
ORDER BY [p].[ScheduledAt], [p].[Id], [t].[Id]
2026-07-22 23:04:13.863 +07:00 [INF] Executed DbCommand (35ms) [Parameters=[@__before_0='?' (DbType = DateTime2)], CommandType='"Text"', CommandTimeout='30']
SELECT [p].[Id], [p].[CreatedAt], [p].[CreatedBy], [p].[ExecutedAt], [p].[FailureReason], [p].[IsDeleted], [p].[PostChannelAccountId], [p].[PostId], [p].[RetryCount], [p].[ScheduledAt], [p].[Status], [p].[UpdatedAt], [p].[UpdatedBy], [t].[Id], [t].[ChannelAccountId], [t].[CreatedAt], [t].[CreatedBy], [t].[DayNumber], [t].[ExternalPostId], [t].[IsDeleted], [t].[ProjectId], [t].[PublishedAt], [t].[PublishedUrl], [t].[ScheduledAt], [t].[Status], [t].[TimelineId], [t].[Title], [t].[TrackingEnabled], [t].[UpdatedAt], [t].[UpdatedBy], [t].[VoiceSampleId], [t0].[Id], [t0].[Content], [t0].[ContentType], [t0].[CreatedAt], [t0].[CreatedBy], [t0].[IsDeleted], [t0].[MediaFileId], [t0].[PostId], [t0].[SortOrder], [t0].[UpdatedAt], [t0].[UpdatedBy]
FROM [PostSchedules] AS [p]
INNER JOIN (
    SELECT [p0].[Id], [p0].[ChannelAccountId], [p0].[CreatedAt], [p0].[CreatedBy], [p0].[DayNumber], [p0].[ExternalPostId], [p0].[IsDeleted], [p0].[ProjectId], [p0].[PublishedAt], [p0].[PublishedUrl], [p0].[ScheduledAt], [p0].[Status], [p0].[TimelineId], [p0].[Title], [p0].[TrackingEnabled], [p0].[UpdatedAt], [p0].[UpdatedBy], [p0].[VoiceSampleId]
    FROM [Posts] AS [p0]
    WHERE [p0].[IsDeleted] = CAST(0 AS bit)
) AS [t] ON [p].[PostId] = [t].[Id]
LEFT JOIN (
    SELECT [p1].[Id], [p1].[Content], [p1].[ContentType], [p1].[CreatedAt], [p1].[CreatedBy], [p1].[IsDeleted], [p1].[MediaFileId], [p1].[PostId], [p1].[SortOrder], [p1].[UpdatedAt], [p1].[UpdatedBy]
    FROM [PostContents] AS [p1]
    WHERE [p1].[IsDeleted] = CAST(0 AS bit)
) AS [t0] ON [t].[Id] = [t0].[PostId]
WHERE [p].[IsDeleted] = CAST(0 AS bit) AND [p].[Status] = 0 AND [p].[ScheduledAt] <= @__before_0
ORDER BY [p].[ScheduledAt], [p].[Id], [t].[Id]
2026-07-22 23:05:13.860 +07:00 [INF] Executed DbCommand (9ms) [Parameters=[@__before_0='?' (DbType = DateTime2)], CommandType='"Text"', CommandTimeout='30']
SELECT [p].[Id], [p].[CreatedAt], [p].[CreatedBy], [p].[ExecutedAt], [p].[FailureReason], [p].[IsDeleted], [p].[PostChannelAccountId], [p].[PostId], [p].[RetryCount], [p].[ScheduledAt], [p].[Status], [p].[UpdatedAt], [p].[UpdatedBy], [t].[Id], [t].[ChannelAccountId], [t].[CreatedAt], [t].[CreatedBy], [t].[DayNumber], [t].[ExternalPostId], [t].[IsDeleted], [t].[ProjectId], [t].[PublishedAt], [t].[PublishedUrl], [t].[ScheduledAt], [t].[Status], [t].[TimelineId], [t].[Title], [t].[TrackingEnabled], [t].[UpdatedAt], [t].[UpdatedBy], [t].[VoiceSampleId], [t0].[Id], [t0].[Content], [t0].[ContentType], [t0].[CreatedAt], [t0].[CreatedBy], [t0].[IsDeleted], [t0].[MediaFileId], [t0].[PostId], [t0].[SortOrder], [t0].[UpdatedAt], [t0].[UpdatedBy]
FROM [PostSchedules] AS [p]
INNER JOIN (
    SELECT [p0].[Id], [p0].[ChannelAccountId], [p0].[CreatedAt], [p0].[CreatedBy], [p0].[DayNumber], [p0].[ExternalPostId], [p0].[IsDeleted], [p0].[ProjectId], [p0].[PublishedAt], [p0].[PublishedUrl], [p0].[ScheduledAt], [p0].[Status], [p0].[TimelineId], [p0].[Title], [p0].[TrackingEnabled], [p0].[UpdatedAt], [p0].[UpdatedBy], [p0].[VoiceSampleId]
    FROM [Posts] AS [p0]
    WHERE [p0].[IsDeleted] = CAST(0 AS bit)
) AS [t] ON [p].[PostId] = [t].[Id]
LEFT JOIN (
    SELECT [p1].[Id], [p1].[Content], [p1].[ContentType], [p1].[CreatedAt], [p1].[CreatedBy], [p1].[IsDeleted], [p1].[MediaFileId], [p1].[PostId], [p1].[SortOrder], [p1].[UpdatedAt], [p1].[UpdatedBy]
    FROM [PostContents] AS [p1]
    WHERE [p1].[IsDeleted] = CAST(0 AS bit)
) AS [t0] ON [t].[Id] = [t0].[PostId]
WHERE [p].[IsDeleted] = CAST(0 AS bit) AND [p].[Status] = 0 AND [p].[ScheduledAt] <= @__before_0
ORDER BY [p].[ScheduledAt], [p].[Id], [t].[Id]
2026-07-22 23:06:13.950 +07:00 [INF] Executed DbCommand (10ms) [Parameters=[@__before_0='?' (DbType = DateTime2)], CommandType='"Text"', CommandTimeout='30']
SELECT [p].[Id], [p].[CreatedAt], [p].[CreatedBy], [p].[ExecutedAt], [p].[FailureReason], [p].[IsDeleted], [p].[PostChannelAccountId], [p].[PostId], [p].[RetryCount], [p].[ScheduledAt], [p].[Status], [p].[UpdatedAt], [p].[UpdatedBy], [t].[Id], [t].[ChannelAccountId], [t].[CreatedAt], [t].[CreatedBy], [t].[DayNumber], [t].[ExternalPostId], [t].[IsDeleted], [t].[ProjectId], [t].[PublishedAt], [t].[PublishedUrl], [t].[ScheduledAt], [t].[Status], [t].[TimelineId], [t].[Title], [t].[TrackingEnabled], [t].[UpdatedAt], [t].[UpdatedBy], [t].[VoiceSampleId], [t0].[Id], [t0].[Content], [t0].[ContentType], [t0].[CreatedAt], [t0].[CreatedBy], [t0].[IsDeleted], [t0].[MediaFileId], [t0].[PostId], [t0].[SortOrder], [t0].[UpdatedAt], [t0].[UpdatedBy]
FROM [PostSchedules] AS [p]
INNER JOIN (
    SELECT [p0].[Id], [p0].[ChannelAccountId], [p0].[CreatedAt], [p0].[CreatedBy], [p0].[DayNumber], [p0].[ExternalPostId], [p0].[IsDeleted], [p0].[ProjectId], [p0].[PublishedAt], [p0].[PublishedUrl], [p0].[ScheduledAt], [p0].[Status], [p0].[TimelineId], [p0].[Title], [p0].[TrackingEnabled], [p0].[UpdatedAt], [p0].[UpdatedBy], [p0].[VoiceSampleId]
    FROM [Posts] AS [p0]
    WHERE [p0].[IsDeleted] = CAST(0 AS bit)
) AS [t] ON [p].[PostId] = [t].[Id]
LEFT JOIN (
    SELECT [p1].[Id], [p1].[Content], [p1].[ContentType], [p1].[CreatedAt], [p1].[CreatedBy], [p1].[IsDeleted], [p1].[MediaFileId], [p1].[PostId], [p1].[SortOrder], [p1].[UpdatedAt], [p1].[UpdatedBy]
    FROM [PostContents] AS [p1]
    WHERE [p1].[IsDeleted] = CAST(0 AS bit)
) AS [t0] ON [t].[Id] = [t0].[PostId]
WHERE [p].[IsDeleted] = CAST(0 AS bit) AND [p].[Status] = 0 AND [p].[ScheduledAt] <= @__before_0
ORDER BY [p].[ScheduledAt], [p].[Id], [t].[Id]
2026-07-22 23:07:03.798 +07:00 [INF] HTTP GET /api/dashboard/stats started
2026-07-22 23:07:04.170 +07:00 [INF] Handling GetDashboardStatsQuery {"$type":"GetDashboardStatsQuery"}
2026-07-22 23:07:04.552 +07:00 [DBG] The Lucky Penny license key details: AutoMapper.Licensing.License
2026-07-22 23:07:04.554 +07:00 [INF] You have a valid license key for the Lucky Penny software "Bundle" "Community" edition. The license expires on "2027-06-18T00:00:00.0000000+00:00".
2026-07-22 23:07:04.604 +07:00 [INF] Executed DbCommand (9ms) [Parameters=[@__userId_0='?' (DbType = Guid)], CommandType='"Text"', CommandTimeout='30']
SELECT [p].[Id], [p].[ChannelAccountId], [p].[CreatedAt], [p].[CreatedBy], [p].[DayNumber], [p].[ExternalPostId], [p].[IsDeleted], [p].[ProjectId], [p].[PublishedAt], [p].[PublishedUrl], [p].[ScheduledAt], [p].[Status], [p].[TimelineId], [p].[Title], [p].[TrackingEnabled], [p].[UpdatedAt], [p].[UpdatedBy], [p].[VoiceSampleId], [t].[Id], [t].[CreatedAt], [t].[CreatedBy], [t].[Description], [t].[IsActive], [t].[IsDeleted], [t].[LogoUrl], [t].[Name], [t].[UpdatedAt], [t].[UpdatedBy], [t].[UserId]
FROM [Posts] AS [p]
INNER JOIN (
    SELECT [p0].[Id], [p0].[CreatedAt], [p0].[CreatedBy], [p0].[Description], [p0].[IsActive], [p0].[IsDeleted], [p0].[LogoUrl], [p0].[Name], [p0].[UpdatedAt], [p0].[UpdatedBy], [p0].[UserId]
    FROM [Projects] AS [p0]
    WHERE [p0].[IsDeleted] = CAST(0 AS bit)
) AS [t] ON [p].[ProjectId] = [t].[Id]
WHERE [p].[IsDeleted] = CAST(0 AS bit) AND [t].[UserId] = @__userId_0
ORDER BY [p].[CreatedAt] DESC
2026-07-22 23:07:04.662 +07:00 [INF] Executed DbCommand (5ms) [Parameters=[@__userId_0='?' (DbType = Guid), @__today_1='?' (DbType = DateTime2), @__tomorrow_2='?' (DbType = DateTime2)], CommandType='"Text"', CommandTimeout='30']
SELECT COUNT(*)
FROM [Posts] AS [p]
INNER JOIN (
    SELECT [p0].[Id], [p0].[UserId]
    FROM [Projects] AS [p0]
    WHERE [p0].[IsDeleted] = CAST(0 AS bit)
) AS [t] ON [p].[ProjectId] = [t].[Id]
WHERE [p].[IsDeleted] = CAST(0 AS bit) AND [t].[UserId] = @__userId_0 AND [p].[Status] = 3 AND [p].[PublishedAt] >= @__today_1 AND [p].[PublishedAt] < @__tomorrow_2
2026-07-22 23:07:04.681 +07:00 [INF] Executed DbCommand (6ms) [Parameters=[@__userId_0='?' (DbType = Guid)], CommandType='"Text"', CommandTimeout='30']
SELECT COUNT(*)
FROM [AiGeneratedContents] AS [a]
WHERE [a].[IsDeleted] = CAST(0 AS bit) AND [a].[UserId] = @__userId_0
2026-07-22 23:07:04.798 +07:00 [INF] Executed DbCommand (25ms) [Parameters=[@__userId_0='?' (DbType = Guid)], CommandType='"Text"', CommandTimeout='30']
SELECT [t].[Id], [t].[Balance], [t].[CreatedAt], [t].[CreatedBy], [t].[IsDeleted], [t].[TotalEarned], [t].[TotalUsed], [t].[UpdatedAt], [t].[UpdatedBy], [t].[UserId], [t0].[Id], [t0].[Amount], [t0].[BalanceAfter], [t0].[CreatedAt], [t0].[CreatedBy], [t0].[CreditId], [t0].[Description], [t0].[IsDeleted], [t0].[ReferenceId], [t0].[ReferenceType], [t0].[Type], [t0].[UpdatedAt], [t0].[UpdatedBy], [t0].[UserId]
FROM (
    SELECT TOP(1) [c].[Id], [c].[Balance], [c].[CreatedAt], [c].[CreatedBy], [c].[IsDeleted], [c].[TotalEarned], [c].[TotalUsed], [c].[UpdatedAt], [c].[UpdatedBy], [c].[UserId]
    FROM [Credits] AS [c]
    WHERE [c].[IsDeleted] = CAST(0 AS bit) AND [c].[UserId] = @__userId_0
) AS [t]
LEFT JOIN (
    SELECT [c0].[Id], [c0].[Amount], [c0].[BalanceAfter], [c0].[CreatedAt], [c0].[CreatedBy], [c0].[CreditId], [c0].[Description], [c0].[IsDeleted], [c0].[ReferenceId], [c0].[ReferenceType], [c0].[Type], [c0].[UpdatedAt], [c0].[UpdatedBy], [c0].[UserId]
    FROM [CreditTransactions] AS [c0]
    WHERE [c0].[IsDeleted] = CAST(0 AS bit)
) AS [t0] ON [t].[Id] = [t0].[CreditId]
ORDER BY [t].[Id]
2026-07-22 23:07:05.083 +07:00 [INF] Executed DbCommand (4ms) [Parameters=[@__userId_0='?' (DbType = Guid)], CommandType='"Text"', CommandTimeout='30']
SELECT COUNT(*)
FROM [Projects] AS [p]
WHERE [p].[IsDeleted] = CAST(0 AS bit) AND [p].[UserId] = @__userId_0
2026-07-22 23:07:05.088 +07:00 [INF] HTTP GET /api/dashboard/stats started
2026-07-22 23:07:05.102 +07:00 [INF] Handling GetDashboardStatsQuery {"$type":"GetDashboardStatsQuery"}
2026-07-22 23:07:05.117 +07:00 [INF] Executed DbCommand (7ms) [Parameters=[@__userId_0='?' (DbType = Guid)], CommandType='"Text"', CommandTimeout='30']
SELECT [p].[Id], [p].[ChannelAccountId], [p].[CreatedAt], [p].[CreatedBy], [p].[DayNumber], [p].[ExternalPostId], [p].[IsDeleted], [p].[ProjectId], [p].[PublishedAt], [p].[PublishedUrl], [p].[ScheduledAt], [p].[Status], [p].[TimelineId], [p].[Title], [p].[TrackingEnabled], [p].[UpdatedAt], [p].[UpdatedBy], [p].[VoiceSampleId], [t].[Id], [t].[CreatedAt], [t].[CreatedBy], [t].[Description], [t].[IsActive], [t].[IsDeleted], [t].[LogoUrl], [t].[Name], [t].[UpdatedAt], [t].[UpdatedBy], [t].[UserId]
FROM [Posts] AS [p]
INNER JOIN (
    SELECT [p0].[Id], [p0].[CreatedAt], [p0].[CreatedBy], [p0].[Description], [p0].[IsActive], [p0].[IsDeleted], [p0].[LogoUrl], [p0].[Name], [p0].[UpdatedAt], [p0].[UpdatedBy], [p0].[UserId]
    FROM [Projects] AS [p0]
    WHERE [p0].[IsDeleted] = CAST(0 AS bit)
) AS [t] ON [p].[ProjectId] = [t].[Id]
WHERE [p].[IsDeleted] = CAST(0 AS bit) AND [t].[UserId] = @__userId_0
ORDER BY [p].[CreatedAt] DESC
2026-07-22 23:07:05.138 +07:00 [INF] Executed DbCommand (3ms) [Parameters=[@__userId_0='?' (DbType = Guid), @__today_1='?' (DbType = DateTime2), @__tomorrow_2='?' (DbType = DateTime2)], CommandType='"Text"', CommandTimeout='30']
SELECT COUNT(*)
FROM [Posts] AS [p]
INNER JOIN (
    SELECT [p0].[Id], [p0].[UserId]
    FROM [Projects] AS [p0]
    WHERE [p0].[IsDeleted] = CAST(0 AS bit)
) AS [t] ON [p].[ProjectId] = [t].[Id]
WHERE [p].[IsDeleted] = CAST(0 AS bit) AND [t].[UserId] = @__userId_0 AND [p].[Status] = 3 AND [p].[PublishedAt] >= @__today_1 AND [p].[PublishedAt] < @__tomorrow_2
2026-07-22 23:07:05.147 +07:00 [INF] Executed DbCommand (4ms) [Parameters=[@__userId_0='?' (DbType = Guid)], CommandType='"Text"', CommandTimeout='30']
SELECT COUNT(*)
FROM [AiGeneratedContents] AS [a]
WHERE [a].[IsDeleted] = CAST(0 AS bit) AND [a].[UserId] = @__userId_0
2026-07-22 23:07:05.156 +07:00 [INF] Executed DbCommand (3ms) [Parameters=[@__userId_0='?' (DbType = Guid)], CommandType='"Text"', CommandTimeout='30']
SELECT [t].[Id], [t].[Balance], [t].[CreatedAt], [t].[CreatedBy], [t].[IsDeleted], [t].[TotalEarned], [t].[TotalUsed], [t].[UpdatedAt], [t].[UpdatedBy], [t].[UserId], [t0].[Id], [t0].[Amount], [t0].[BalanceAfter], [t0].[CreatedAt], [t0].[CreatedBy], [t0].[CreditId], [t0].[Description], [t0].[IsDeleted], [t0].[ReferenceId], [t0].[ReferenceType], [t0].[Type], [t0].[UpdatedAt], [t0].[UpdatedBy], [t0].[UserId]
FROM (
    SELECT TOP(1) [c].[Id], [c].[Balance], [c].[CreatedAt], [c].[CreatedBy], [c].[IsDeleted], [c].[TotalEarned], [c].[TotalUsed], [c].[UpdatedAt], [c].[UpdatedBy], [c].[UserId]
    FROM [Credits] AS [c]
    WHERE [c].[IsDeleted] = CAST(0 AS bit) AND [c].[UserId] = @__userId_0
) AS [t]
LEFT JOIN (
    SELECT [c0].[Id], [c0].[Amount], [c0].[BalanceAfter], [c0].[CreatedAt], [c0].[CreatedBy], [c0].[CreditId], [c0].[Description], [c0].[IsDeleted], [c0].[ReferenceId], [c0].[ReferenceType], [c0].[Type], [c0].[UpdatedAt], [c0].[UpdatedBy], [c0].[UserId]
    FROM [CreditTransactions] AS [c0]
    WHERE [c0].[IsDeleted] = CAST(0 AS bit)
) AS [t0] ON [t].[Id] = [t0].[CreditId]
ORDER BY [t].[Id]
2026-07-22 23:07:05.173 +07:00 [INF] Executed DbCommand (2ms) [Parameters=[@__userId_0='?' (DbType = Guid)], CommandType='"Text"', CommandTimeout='30']
SELECT COUNT(*)
FROM [Projects] AS [p]
WHERE [p].[IsDeleted] = CAST(0 AS bit) AND [p].[UserId] = @__userId_0
2026-07-22 23:07:05.178 +07:00 [INF] Executed DbCommand (12ms) [Parameters=[@__p_1='?' (DbType = Int32), @__userId_0='?' (DbType = Guid)], CommandType='"Text"', CommandTimeout='30']
SELECT TOP(@__p_1) [p].[Id], [p].[CreatedAt], [p].[CreatedBy], [p].[ExecutedAt], [p].[FailureReason], [p].[IsDeleted], [p].[PostChannelAccountId], [p].[PostId], [p].[RetryCount], [p].[ScheduledAt], [p].[Status], [p].[UpdatedAt], [p].[UpdatedBy], [t].[Id], [t].[ChannelAccountId], [t].[CreatedAt], [t].[CreatedBy], [t].[DayNumber], [t].[ExternalPostId], [t].[IsDeleted], [t].[ProjectId], [t].[PublishedAt], [t].[PublishedUrl], [t].[ScheduledAt], [t].[Status], [t].[TimelineId], [t].[Title], [t].[TrackingEnabled], [t].[UpdatedAt], [t].[UpdatedBy], [t].[VoiceSampleId], [t0].[Id], [t0].[CreatedAt], [t0].[CreatedBy], [t0].[Description], [t0].[IsActive], [t0].[IsDeleted], [t0].[LogoUrl], [t0].[Name], [t0].[UpdatedAt], [t0].[UpdatedBy], [t0].[UserId]
FROM [PostSchedules] AS [p]
INNER JOIN (
    SELECT [p0].[Id], [p0].[ChannelAccountId], [p0].[CreatedAt], [p0].[CreatedBy], [p0].[DayNumber], [p0].[ExternalPostId], [p0].[IsDeleted], [p0].[ProjectId], [p0].[PublishedAt], [p0].[PublishedUrl], [p0].[ScheduledAt], [p0].[Status], [p0].[TimelineId], [p0].[Title], [p0].[TrackingEnabled], [p0].[UpdatedAt], [p0].[UpdatedBy], [p0].[VoiceSampleId]
    FROM [Posts] AS [p0]
    WHERE [p0].[IsDeleted] = CAST(0 AS bit)
) AS [t] ON [p].[PostId] = [t].[Id]
INNER JOIN (
    SELECT [p1].[Id], [p1].[CreatedAt], [p1].[CreatedBy], [p1].[Description], [p1].[IsActive], [p1].[IsDeleted], [p1].[LogoUrl], [p1].[Name], [p1].[UpdatedAt], [p1].[UpdatedBy], [p1].[UserId]
    FROM [Projects] AS [p1]
    WHERE [p1].[IsDeleted] = CAST(0 AS bit)
) AS [t0] ON [t].[ProjectId] = [t0].[Id]
WHERE [p].[IsDeleted] = CAST(0 AS bit) AND [t0].[UserId] = @__userId_0 AND [p].[Status] = 0 AND [p].[ScheduledAt] >= GETUTCDATE()
ORDER BY [p].[ScheduledAt]
2026-07-22 23:07:05.180 +07:00 [INF] Executed DbCommand (2ms) [Parameters=[@__p_1='?' (DbType = Int32), @__userId_0='?' (DbType = Guid)], CommandType='"Text"', CommandTimeout='30']
SELECT TOP(@__p_1) [p].[Id], [p].[CreatedAt], [p].[CreatedBy], [p].[ExecutedAt], [p].[FailureReason], [p].[IsDeleted], [p].[PostChannelAccountId], [p].[PostId], [p].[RetryCount], [p].[ScheduledAt], [p].[Status], [p].[UpdatedAt], [p].[UpdatedBy], [t].[Id], [t].[ChannelAccountId], [t].[CreatedAt], [t].[CreatedBy], [t].[DayNumber], [t].[ExternalPostId], [t].[IsDeleted], [t].[ProjectId], [t].[PublishedAt], [t].[PublishedUrl], [t].[ScheduledAt], [t].[Status], [t].[TimelineId], [t].[Title], [t].[TrackingEnabled], [t].[UpdatedAt], [t].[UpdatedBy], [t].[VoiceSampleId], [t0].[Id], [t0].[CreatedAt], [t0].[CreatedBy], [t0].[Description], [t0].[IsActive], [t0].[IsDeleted], [t0].[LogoUrl], [t0].[Name], [t0].[UpdatedAt], [t0].[UpdatedBy], [t0].[UserId]
FROM [PostSchedules] AS [p]
INNER JOIN (
    SELECT [p0].[Id], [p0].[ChannelAccountId], [p0].[CreatedAt], [p0].[CreatedBy], [p0].[DayNumber], [p0].[ExternalPostId], [p0].[IsDeleted], [p0].[ProjectId], [p0].[PublishedAt], [p0].[PublishedUrl], [p0].[ScheduledAt], [p0].[Status], [p0].[TimelineId], [p0].[Title], [p0].[TrackingEnabled], [p0].[UpdatedAt], [p0].[UpdatedBy], [p0].[VoiceSampleId]
    FROM [Posts] AS [p0]
    WHERE [p0].[IsDeleted] = CAST(0 AS bit)
) AS [t] ON [p].[PostId] = [t].[Id]
INNER JOIN (
    SELECT [p1].[Id], [p1].[CreatedAt], [p1].[CreatedBy], [p1].[Description], [p1].[IsActive], [p1].[IsDeleted], [p1].[LogoUrl], [p1].[Name], [p1].[UpdatedAt], [p1].[UpdatedBy], [p1].[UserId]
    FROM [Projects] AS [p1]
    WHERE [p1].[IsDeleted] = CAST(0 AS bit)
) AS [t0] ON [t].[ProjectId] = [t0].[Id]
WHERE [p].[IsDeleted] = CAST(0 AS bit) AND [t0].[UserId] = @__userId_0 AND [p].[Status] = 0 AND [p].[ScheduledAt] >= GETUTCDATE()
ORDER BY [p].[ScheduledAt]
2026-07-22 23:07:05.249 +07:00 [INF] Executed DbCommand (13ms) [Parameters=[@__p_1='?' (DbType = Int32), @__userId_0='?' (DbType = Guid)], CommandType='"Text"', CommandTimeout='30']
SELECT TOP(@__p_1) [a].[Id], [a].[Action], [a].[CreatedAt], [a].[CreatedBy], [a].[EntityId], [a].[EntityType], [a].[IpAddress], [a].[IsDeleted], [a].[NewValues], [a].[OldValues], [a].[UpdatedAt], [a].[UpdatedBy], [a].[UserAgent], [a].[UserId]
FROM [AuditLogs] AS [a]
WHERE [a].[IsDeleted] = CAST(0 AS bit) AND [a].[UserId] = @__userId_0
ORDER BY [a].[CreatedAt] DESC
2026-07-22 23:07:05.249 +07:00 [INF] Executed DbCommand (13ms) [Parameters=[@__p_1='?' (DbType = Int32), @__userId_0='?' (DbType = Guid)], CommandType='"Text"', CommandTimeout='30']
SELECT TOP(@__p_1) [a].[Id], [a].[Action], [a].[CreatedAt], [a].[CreatedBy], [a].[EntityId], [a].[EntityType], [a].[IpAddress], [a].[IsDeleted], [a].[NewValues], [a].[OldValues], [a].[UpdatedAt], [a].[UpdatedBy], [a].[UserAgent], [a].[UserId]
FROM [AuditLogs] AS [a]
WHERE [a].[IsDeleted] = CAST(0 AS bit) AND [a].[UserId] = @__userId_0
ORDER BY [a].[CreatedAt] DESC
2026-07-22 23:07:05.278 +07:00 [INF] Handled GetDashboardStatsQuery in 172ms
2026-07-22 23:07:05.278 +07:00 [INF] Handled GetDashboardStatsQuery in 1096ms
2026-07-22 23:07:05.431 +07:00 [INF] HTTP GET /api/dashboard/stats responded 200 in 342.2399ms
2026-07-22 23:07:05.449 +07:00 [INF] HTTP GET /api/dashboard/stats responded 200 in 1654.0985ms
2026-07-22 23:07:14.055 +07:00 [INF] Executed DbCommand (10ms) [Parameters=[@__before_0='?' (DbType = DateTime2)], CommandType='"Text"', CommandTimeout='30']
SELECT [p].[Id], [p].[CreatedAt], [p].[CreatedBy], [p].[ExecutedAt], [p].[FailureReason], [p].[IsDeleted], [p].[PostChannelAccountId], [p].[PostId], [p].[RetryCount], [p].[ScheduledAt], [p].[Status], [p].[UpdatedAt], [p].[UpdatedBy], [t].[Id], [t].[ChannelAccountId], [t].[CreatedAt], [t].[CreatedBy], [t].[DayNumber], [t].[ExternalPostId], [t].[IsDeleted], [t].[ProjectId], [t].[PublishedAt], [t].[PublishedUrl], [t].[ScheduledAt], [t].[Status], [t].[TimelineId], [t].[Title], [t].[TrackingEnabled], [t].[UpdatedAt], [t].[UpdatedBy], [t].[VoiceSampleId], [t0].[Id], [t0].[Content], [t0].[ContentType], [t0].[CreatedAt], [t0].[CreatedBy], [t0].[IsDeleted], [t0].[MediaFileId], [t0].[PostId], [t0].[SortOrder], [t0].[UpdatedAt], [t0].[UpdatedBy]
FROM [PostSchedules] AS [p]
INNER JOIN (
    SELECT [p0].[Id], [p0].[ChannelAccountId], [p0].[CreatedAt], [p0].[CreatedBy], [p0].[DayNumber], [p0].[ExternalPostId], [p0].[IsDeleted], [p0].[ProjectId], [p0].[PublishedAt], [p0].[PublishedUrl], [p0].[ScheduledAt], [p0].[Status], [p0].[TimelineId], [p0].[Title], [p0].[TrackingEnabled], [p0].[UpdatedAt], [p0].[UpdatedBy], [p0].[VoiceSampleId]
    FROM [Posts] AS [p0]
    WHERE [p0].[IsDeleted] = CAST(0 AS bit)
) AS [t] ON [p].[PostId] = [t].[Id]
LEFT JOIN (
    SELECT [p1].[Id], [p1].[Content], [p1].[ContentType], [p1].[CreatedAt], [p1].[CreatedBy], [p1].[IsDeleted], [p1].[MediaFileId], [p1].[PostId], [p1].[SortOrder], [p1].[UpdatedAt], [p1].[UpdatedBy]
    FROM [PostContents] AS [p1]
    WHERE [p1].[IsDeleted] = CAST(0 AS bit)
) AS [t0] ON [t].[Id] = [t0].[PostId]
WHERE [p].[IsDeleted] = CAST(0 AS bit) AND [p].[Status] = 0 AND [p].[ScheduledAt] <= @__before_0
ORDER BY [p].[ScheduledAt], [p].[Id], [t].[Id]
2026-07-22 23:07:54.727 +07:00 [INF] HTTP GET /api/dashboard/stats started
2026-07-22 23:07:54.872 +07:00 [INF] Handling GetDashboardStatsQuery {"$type":"GetDashboardStatsQuery"}
2026-07-22 23:07:54.981 +07:00 [INF] Executed DbCommand (32ms) [Parameters=[@__userId_0='?' (DbType = Guid)], CommandType='"Text"', CommandTimeout='30']
SELECT [p].[Id], [p].[ChannelAccountId], [p].[CreatedAt], [p].[CreatedBy], [p].[DayNumber], [p].[ExternalPostId], [p].[IsDeleted], [p].[ProjectId], [p].[PublishedAt], [p].[PublishedUrl], [p].[ScheduledAt], [p].[Status], [p].[TimelineId], [p].[Title], [p].[TrackingEnabled], [p].[UpdatedAt], [p].[UpdatedBy], [p].[VoiceSampleId], [t].[Id], [t].[CreatedAt], [t].[CreatedBy], [t].[Description], [t].[IsActive], [t].[IsDeleted], [t].[LogoUrl], [t].[Name], [t].[UpdatedAt], [t].[UpdatedBy], [t].[UserId]
FROM [Posts] AS [p]
INNER JOIN (
    SELECT [p0].[Id], [p0].[CreatedAt], [p0].[CreatedBy], [p0].[Description], [p0].[IsActive], [p0].[IsDeleted], [p0].[LogoUrl], [p0].[Name], [p0].[UpdatedAt], [p0].[UpdatedBy], [p0].[UserId]
    FROM [Projects] AS [p0]
    WHERE [p0].[IsDeleted] = CAST(0 AS bit)
) AS [t] ON [p].[ProjectId] = [t].[Id]
WHERE [p].[IsDeleted] = CAST(0 AS bit) AND [t].[UserId] = @__userId_0
ORDER BY [p].[CreatedAt] DESC
2026-07-22 23:07:55.021 +07:00 [INF] Executed DbCommand (36ms) [Parameters=[@__userId_0='?' (DbType = Guid), @__today_1='?' (DbType = DateTime2), @__tomorrow_2='?' (DbType = DateTime2)], CommandType='"Text"', CommandTimeout='30']
SELECT COUNT(*)
FROM [Posts] AS [p]
INNER JOIN (
    SELECT [p0].[Id], [p0].[UserId]
    FROM [Projects] AS [p0]
    WHERE [p0].[IsDeleted] = CAST(0 AS bit)
) AS [t] ON [p].[ProjectId] = [t].[Id]
WHERE [p].[IsDeleted] = CAST(0 AS bit) AND [t].[UserId] = @__userId_0 AND [p].[Status] = 3 AND [p].[PublishedAt] >= @__today_1 AND [p].[PublishedAt] < @__tomorrow_2
2026-07-22 23:07:55.065 +07:00 [INF] Executed DbCommand (17ms) [Parameters=[@__userId_0='?' (DbType = Guid)], CommandType='"Text"', CommandTimeout='30']
SELECT COUNT(*)
FROM [AiGeneratedContents] AS [a]
WHERE [a].[IsDeleted] = CAST(0 AS bit) AND [a].[UserId] = @__userId_0
2026-07-22 23:07:55.099 +07:00 [INF] Executed DbCommand (25ms) [Parameters=[@__userId_0='?' (DbType = Guid)], CommandType='"Text"', CommandTimeout='30']
SELECT [t].[Id], [t].[Balance], [t].[CreatedAt], [t].[CreatedBy], [t].[IsDeleted], [t].[TotalEarned], [t].[TotalUsed], [t].[UpdatedAt], [t].[UpdatedBy], [t].[UserId], [t0].[Id], [t0].[Amount], [t0].[BalanceAfter], [t0].[CreatedAt], [t0].[CreatedBy], [t0].[CreditId], [t0].[Description], [t0].[IsDeleted], [t0].[ReferenceId], [t0].[ReferenceType], [t0].[Type], [t0].[UpdatedAt], [t0].[UpdatedBy], [t0].[UserId]
FROM (
    SELECT TOP(1) [c].[Id], [c].[Balance], [c].[CreatedAt], [c].[CreatedBy], [c].[IsDeleted], [c].[TotalEarned], [c].[TotalUsed], [c].[UpdatedAt], [c].[UpdatedBy], [c].[UserId]
    FROM [Credits] AS [c]
    WHERE [c].[IsDeleted] = CAST(0 AS bit) AND [c].[UserId] = @__userId_0
) AS [t]
LEFT JOIN (
    SELECT [c0].[Id], [c0].[Amount], [c0].[BalanceAfter], [c0].[CreatedAt], [c0].[CreatedBy], [c0].[CreditId], [c0].[Description], [c0].[IsDeleted], [c0].[ReferenceId], [c0].[ReferenceType], [c0].[Type], [c0].[UpdatedAt], [c0].[UpdatedBy], [c0].[UserId]
    FROM [CreditTransactions] AS [c0]
    WHERE [c0].[IsDeleted] = CAST(0 AS bit)
) AS [t0] ON [t].[Id] = [t0].[CreditId]
ORDER BY [t].[Id]
2026-07-22 23:07:55.119 +07:00 [INF] Executed DbCommand (8ms) [Parameters=[@__userId_0='?' (DbType = Guid)], CommandType='"Text"', CommandTimeout='30']
SELECT COUNT(*)
FROM [Projects] AS [p]
WHERE [p].[IsDeleted] = CAST(0 AS bit) AND [p].[UserId] = @__userId_0
2026-07-22 23:07:55.150 +07:00 [INF] Executed DbCommand (18ms) [Parameters=[@__p_1='?' (DbType = Int32), @__userId_0='?' (DbType = Guid)], CommandType='"Text"', CommandTimeout='30']
SELECT TOP(@__p_1) [p].[Id], [p].[CreatedAt], [p].[CreatedBy], [p].[ExecutedAt], [p].[FailureReason], [p].[IsDeleted], [p].[PostChannelAccountId], [p].[PostId], [p].[RetryCount], [p].[ScheduledAt], [p].[Status], [p].[UpdatedAt], [p].[UpdatedBy], [t].[Id], [t].[ChannelAccountId], [t].[CreatedAt], [t].[CreatedBy], [t].[DayNumber], [t].[ExternalPostId], [t].[IsDeleted], [t].[ProjectId], [t].[PublishedAt], [t].[PublishedUrl], [t].[ScheduledAt], [t].[Status], [t].[TimelineId], [t].[Title], [t].[TrackingEnabled], [t].[UpdatedAt], [t].[UpdatedBy], [t].[VoiceSampleId], [t0].[Id], [t0].[CreatedAt], [t0].[CreatedBy], [t0].[Description], [t0].[IsActive], [t0].[IsDeleted], [t0].[LogoUrl], [t0].[Name], [t0].[UpdatedAt], [t0].[UpdatedBy], [t0].[UserId]
FROM [PostSchedules] AS [p]
INNER JOIN (
    SELECT [p0].[Id], [p0].[ChannelAccountId], [p0].[CreatedAt], [p0].[CreatedBy], [p0].[DayNumber], [p0].[ExternalPostId], [p0].[IsDeleted], [p0].[ProjectId], [p0].[PublishedAt], [p0].[PublishedUrl], [p0].[ScheduledAt], [p0].[Status], [p0].[TimelineId], [p0].[Title], [p0].[TrackingEnabled], [p0].[UpdatedAt], [p0].[UpdatedBy], [p0].[VoiceSampleId]
    FROM [Posts] AS [p0]
    WHERE [p0].[IsDeleted] = CAST(0 AS bit)
) AS [t] ON [p].[PostId] = [t].[Id]
INNER JOIN (
    SELECT [p1].[Id], [p1].[CreatedAt], [p1].[CreatedBy], [p1].[Description], [p1].[IsActive], [p1].[IsDeleted], [p1].[LogoUrl], [p1].[Name], [p1].[UpdatedAt], [p1].[UpdatedBy], [p1].[UserId]
    FROM [Projects] AS [p1]
    WHERE [p1].[IsDeleted] = CAST(0 AS bit)
) AS [t0] ON [t].[ProjectId] = [t0].[Id]
WHERE [p].[IsDeleted] = CAST(0 AS bit) AND [t0].[UserId] = @__userId_0 AND [p].[Status] = 0 AND [p].[ScheduledAt] >= GETUTCDATE()
ORDER BY [p].[ScheduledAt]
2026-07-22 23:07:55.199 +07:00 [INF] Executed DbCommand (17ms) [Parameters=[@__p_1='?' (DbType = Int32), @__userId_0='?' (DbType = Guid)], CommandType='"Text"', CommandTimeout='30']
SELECT TOP(@__p_1) [a].[Id], [a].[Action], [a].[CreatedAt], [a].[CreatedBy], [a].[EntityId], [a].[EntityType], [a].[IpAddress], [a].[IsDeleted], [a].[NewValues], [a].[OldValues], [a].[UpdatedAt], [a].[UpdatedBy], [a].[UserAgent], [a].[UserId]
FROM [AuditLogs] AS [a]
WHERE [a].[IsDeleted] = CAST(0 AS bit) AND [a].[UserId] = @__userId_0
ORDER BY [a].[CreatedAt] DESC
2026-07-22 23:07:55.232 +07:00 [INF] Handled GetDashboardStatsQuery in 285ms
2026-07-22 23:07:55.260 +07:00 [INF] HTTP GET /api/dashboard/stats responded 200 in 532.9356ms
2026-07-22 23:08:02.145 +07:00 [INF] HTTP GET /api/dashboard/stats started
2026-07-22 23:08:02.151 +07:00 [INF] Handling GetDashboardStatsQuery {"$type":"GetDashboardStatsQuery"}
2026-07-22 23:08:02.162 +07:00 [INF] Executed DbCommand (3ms) [Parameters=[@__userId_0='?' (DbType = Guid)], CommandType='"Text"', CommandTimeout='30']
SELECT [p].[Id], [p].[ChannelAccountId], [p].[CreatedAt], [p].[CreatedBy], [p].[DayNumber], [p].[ExternalPostId], [p].[IsDeleted], [p].[ProjectId], [p].[PublishedAt], [p].[PublishedUrl], [p].[ScheduledAt], [p].[Status], [p].[TimelineId], [p].[Title], [p].[TrackingEnabled], [p].[UpdatedAt], [p].[UpdatedBy], [p].[VoiceSampleId], [t].[Id], [t].[CreatedAt], [t].[CreatedBy], [t].[Description], [t].[IsActive], [t].[IsDeleted], [t].[LogoUrl], [t].[Name], [t].[UpdatedAt], [t].[UpdatedBy], [t].[UserId]
FROM [Posts] AS [p]
INNER JOIN (
    SELECT [p0].[Id], [p0].[CreatedAt], [p0].[CreatedBy], [p0].[Description], [p0].[IsActive], [p0].[IsDeleted], [p0].[LogoUrl], [p0].[Name], [p0].[UpdatedAt], [p0].[UpdatedBy], [p0].[UserId]
    FROM [Projects] AS [p0]
    WHERE [p0].[IsDeleted] = CAST(0 AS bit)
) AS [t] ON [p].[ProjectId] = [t].[Id]
WHERE [p].[IsDeleted] = CAST(0 AS bit) AND [t].[UserId] = @__userId_0
ORDER BY [p].[CreatedAt] DESC
2026-07-22 23:08:02.172 +07:00 [INF] Executed DbCommand (1ms) [Parameters=[@__userId_0='?' (DbType = Guid), @__today_1='?' (DbType = DateTime2), @__tomorrow_2='?' (DbType = DateTime2)], CommandType='"Text"', CommandTimeout='30']
SELECT COUNT(*)
FROM [Posts] AS [p]
INNER JOIN (
    SELECT [p0].[Id], [p0].[UserId]
    FROM [Projects] AS [p0]
    WHERE [p0].[IsDeleted] = CAST(0 AS bit)
) AS [t] ON [p].[ProjectId] = [t].[Id]
WHERE [p].[IsDeleted] = CAST(0 AS bit) AND [t].[UserId] = @__userId_0 AND [p].[Status] = 3 AND [p].[PublishedAt] >= @__today_1 AND [p].[PublishedAt] < @__tomorrow_2
2026-07-22 23:08:02.183 +07:00 [INF] Executed DbCommand (6ms) [Parameters=[@__userId_0='?' (DbType = Guid)], CommandType='"Text"', CommandTimeout='30']
SELECT COUNT(*)
FROM [AiGeneratedContents] AS [a]
WHERE [a].[IsDeleted] = CAST(0 AS bit) AND [a].[UserId] = @__userId_0
2026-07-22 23:08:02.194 +07:00 [INF] Executed DbCommand (2ms) [Parameters=[@__userId_0='?' (DbType = Guid)], CommandType='"Text"', CommandTimeout='30']
SELECT [t].[Id], [t].[Balance], [t].[CreatedAt], [t].[CreatedBy], [t].[IsDeleted], [t].[TotalEarned], [t].[TotalUsed], [t].[UpdatedAt], [t].[UpdatedBy], [t].[UserId], [t0].[Id], [t0].[Amount], [t0].[BalanceAfter], [t0].[CreatedAt], [t0].[CreatedBy], [t0].[CreditId], [t0].[Description], [t0].[IsDeleted], [t0].[ReferenceId], [t0].[ReferenceType], [t0].[Type], [t0].[UpdatedAt], [t0].[UpdatedBy], [t0].[UserId]
FROM (
    SELECT TOP(1) [c].[Id], [c].[Balance], [c].[CreatedAt], [c].[CreatedBy], [c].[IsDeleted], [c].[TotalEarned], [c].[TotalUsed], [c].[UpdatedAt], [c].[UpdatedBy], [c].[UserId]
    FROM [Credits] AS [c]
    WHERE [c].[IsDeleted] = CAST(0 AS bit) AND [c].[UserId] = @__userId_0
) AS [t]
LEFT JOIN (
    SELECT [c0].[Id], [c0].[Amount], [c0].[BalanceAfter], [c0].[CreatedAt], [c0].[CreatedBy], [c0].[CreditId], [c0].[Description], [c0].[IsDeleted], [c0].[ReferenceId], [c0].[ReferenceType], [c0].[Type], [c0].[UpdatedAt], [c0].[UpdatedBy], [c0].[UserId]
    FROM [CreditTransactions] AS [c0]
    WHERE [c0].[IsDeleted] = CAST(0 AS bit)
) AS [t0] ON [t].[Id] = [t0].[CreditId]
ORDER BY [t].[Id]
2026-07-22 23:08:02.201 +07:00 [INF] Executed DbCommand (2ms) [Parameters=[@__userId_0='?' (DbType = Guid)], CommandType='"Text"', CommandTimeout='30']
SELECT COUNT(*)
FROM [Projects] AS [p]
WHERE [p].[IsDeleted] = CAST(0 AS bit) AND [p].[UserId] = @__userId_0
2026-07-22 23:08:02.216 +07:00 [INF] Executed DbCommand (5ms) [Parameters=[@__p_1='?' (DbType = Int32), @__userId_0='?' (DbType = Guid)], CommandType='"Text"', CommandTimeout='30']
SELECT TOP(@__p_1) [p].[Id], [p].[CreatedAt], [p].[CreatedBy], [p].[ExecutedAt], [p].[FailureReason], [p].[IsDeleted], [p].[PostChannelAccountId], [p].[PostId], [p].[RetryCount], [p].[ScheduledAt], [p].[Status], [p].[UpdatedAt], [p].[UpdatedBy], [t].[Id], [t].[ChannelAccountId], [t].[CreatedAt], [t].[CreatedBy], [t].[DayNumber], [t].[ExternalPostId], [t].[IsDeleted], [t].[ProjectId], [t].[PublishedAt], [t].[PublishedUrl], [t].[ScheduledAt], [t].[Status], [t].[TimelineId], [t].[Title], [t].[TrackingEnabled], [t].[UpdatedAt], [t].[UpdatedBy], [t].[VoiceSampleId], [t0].[Id], [t0].[CreatedAt], [t0].[CreatedBy], [t0].[Description], [t0].[IsActive], [t0].[IsDeleted], [t0].[LogoUrl], [t0].[Name], [t0].[UpdatedAt], [t0].[UpdatedBy], [t0].[UserId]
FROM [PostSchedules] AS [p]
INNER JOIN (
    SELECT [p0].[Id], [p0].[ChannelAccountId], [p0].[CreatedAt], [p0].[CreatedBy], [p0].[DayNumber], [p0].[ExternalPostId], [p0].[IsDeleted], [p0].[ProjectId], [p0].[PublishedAt], [p0].[PublishedUrl], [p0].[ScheduledAt], [p0].[Status], [p0].[TimelineId], [p0].[Title], [p0].[TrackingEnabled], [p0].[UpdatedAt], [p0].[UpdatedBy], [p0].[VoiceSampleId]
    FROM [Posts] AS [p0]
    WHERE [p0].[IsDeleted] = CAST(0 AS bit)
) AS [t] ON [p].[PostId] = [t].[Id]
INNER JOIN (
    SELECT [p1].[Id], [p1].[CreatedAt], [p1].[CreatedBy], [p1].[Description], [p1].[IsActive], [p1].[IsDeleted], [p1].[LogoUrl], [p1].[Name], [p1].[UpdatedAt], [p1].[UpdatedBy], [p1].[UserId]
    FROM [Projects] AS [p1]
    WHERE [p1].[IsDeleted] = CAST(0 AS bit)
) AS [t0] ON [t].[ProjectId] = [t0].[Id]
WHERE [p].[IsDeleted] = CAST(0 AS bit) AND [t0].[UserId] = @__userId_0 AND [p].[Status] = 0 AND [p].[ScheduledAt] >= GETUTCDATE()
ORDER BY [p].[ScheduledAt]
2026-07-22 23:08:02.225 +07:00 [INF] Executed DbCommand (4ms) [Parameters=[@__p_1='?' (DbType = Int32), @__userId_0='?' (DbType = Guid)], CommandType='"Text"', CommandTimeout='30']
SELECT TOP(@__p_1) [a].[Id], [a].[Action], [a].[CreatedAt], [a].[CreatedBy], [a].[EntityId], [a].[EntityType], [a].[IpAddress], [a].[IsDeleted], [a].[NewValues], [a].[OldValues], [a].[UpdatedAt], [a].[UpdatedBy], [a].[UserAgent], [a].[UserId]
FROM [AuditLogs] AS [a]
WHERE [a].[IsDeleted] = CAST(0 AS bit) AND [a].[UserId] = @__userId_0
ORDER BY [a].[CreatedAt] DESC
2026-07-22 23:08:02.243 +07:00 [INF] Handled GetDashboardStatsQuery in 89ms
2026-07-22 23:08:02.253 +07:00 [INF] HTTP GET /api/dashboard/stats responded 200 in 107.6634ms
2026-07-22 23:08:14.223 +07:00 [INF] Executed DbCommand (8ms) [Parameters=[@__before_0='?' (DbType = DateTime2)], CommandType='"Text"', CommandTimeout='30']
SELECT [p].[Id], [p].[CreatedAt], [p].[CreatedBy], [p].[ExecutedAt], [p].[FailureReason], [p].[IsDeleted], [p].[PostChannelAccountId], [p].[PostId], [p].[RetryCount], [p].[ScheduledAt], [p].[Status], [p].[UpdatedAt], [p].[UpdatedBy], [t].[Id], [t].[ChannelAccountId], [t].[CreatedAt], [t].[CreatedBy], [t].[DayNumber], [t].[ExternalPostId], [t].[IsDeleted], [t].[ProjectId], [t].[PublishedAt], [t].[PublishedUrl], [t].[ScheduledAt], [t].[Status], [t].[TimelineId], [t].[Title], [t].[TrackingEnabled], [t].[UpdatedAt], [t].[UpdatedBy], [t].[VoiceSampleId], [t0].[Id], [t0].[Content], [t0].[ContentType], [t0].[CreatedAt], [t0].[CreatedBy], [t0].[IsDeleted], [t0].[MediaFileId], [t0].[PostId], [t0].[SortOrder], [t0].[UpdatedAt], [t0].[UpdatedBy]
FROM [PostSchedules] AS [p]
INNER JOIN (
    SELECT [p0].[Id], [p0].[ChannelAccountId], [p0].[CreatedAt], [p0].[CreatedBy], [p0].[DayNumber], [p0].[ExternalPostId], [p0].[IsDeleted], [p0].[ProjectId], [p0].[PublishedAt], [p0].[PublishedUrl], [p0].[ScheduledAt], [p0].[Status], [p0].[TimelineId], [p0].[Title], [p0].[TrackingEnabled], [p0].[UpdatedAt], [p0].[UpdatedBy], [p0].[VoiceSampleId]
    FROM [Posts] AS [p0]
    WHERE [p0].[IsDeleted] = CAST(0 AS bit)
) AS [t] ON [p].[PostId] = [t].[Id]
LEFT JOIN (
    SELECT [p1].[Id], [p1].[Content], [p1].[ContentType], [p1].[CreatedAt], [p1].[CreatedBy], [p1].[IsDeleted], [p1].[MediaFileId], [p1].[PostId], [p1].[SortOrder], [p1].[UpdatedAt], [p1].[UpdatedBy]
    FROM [PostContents] AS [p1]
    WHERE [p1].[IsDeleted] = CAST(0 AS bit)
) AS [t0] ON [t].[Id] = [t0].[PostId]
WHERE [p].[IsDeleted] = CAST(0 AS bit) AND [p].[Status] = 0 AND [p].[ScheduledAt] <= @__before_0
ORDER BY [p].[ScheduledAt], [p].[Id], [t].[Id]
2026-07-22 23:09:14.315 +07:00 [INF] Executed DbCommand (12ms) [Parameters=[@__before_0='?' (DbType = DateTime2)], CommandType='"Text"', CommandTimeout='30']
SELECT [p].[Id], [p].[CreatedAt], [p].[CreatedBy], [p].[ExecutedAt], [p].[FailureReason], [p].[IsDeleted], [p].[PostChannelAccountId], [p].[PostId], [p].[RetryCount], [p].[ScheduledAt], [p].[Status], [p].[UpdatedAt], [p].[UpdatedBy], [t].[Id], [t].[ChannelAccountId], [t].[CreatedAt], [t].[CreatedBy], [t].[DayNumber], [t].[ExternalPostId], [t].[IsDeleted], [t].[ProjectId], [t].[PublishedAt], [t].[PublishedUrl], [t].[ScheduledAt], [t].[Status], [t].[TimelineId], [t].[Title], [t].[TrackingEnabled], [t].[UpdatedAt], [t].[UpdatedBy], [t].[VoiceSampleId], [t0].[Id], [t0].[Content], [t0].[ContentType], [t0].[CreatedAt], [t0].[CreatedBy], [t0].[IsDeleted], [t0].[MediaFileId], [t0].[PostId], [t0].[SortOrder], [t0].[UpdatedAt], [t0].[UpdatedBy]
FROM [PostSchedules] AS [p]
INNER JOIN (
    SELECT [p0].[Id], [p0].[ChannelAccountId], [p0].[CreatedAt], [p0].[CreatedBy], [p0].[DayNumber], [p0].[ExternalPostId], [p0].[IsDeleted], [p0].[ProjectId], [p0].[PublishedAt], [p0].[PublishedUrl], [p0].[ScheduledAt], [p0].[Status], [p0].[TimelineId], [p0].[Title], [p0].[TrackingEnabled], [p0].[UpdatedAt], [p0].[UpdatedBy], [p0].[VoiceSampleId]
    FROM [Posts] AS [p0]
    WHERE [p0].[IsDeleted] = CAST(0 AS bit)
) AS [t] ON [p].[PostId] = [t].[Id]
LEFT JOIN (
    SELECT [p1].[Id], [p1].[Content], [p1].[ContentType], [p1].[CreatedAt], [p1].[CreatedBy], [p1].[IsDeleted], [p1].[MediaFileId], [p1].[PostId], [p1].[SortOrder], [p1].[UpdatedAt], [p1].[UpdatedBy]
    FROM [PostContents] AS [p1]
    WHERE [p1].[IsDeleted] = CAST(0 AS bit)
) AS [t0] ON [t].[Id] = [t0].[PostId]
WHERE [p].[IsDeleted] = CAST(0 AS bit) AND [p].[Status] = 0 AND [p].[ScheduledAt] <= @__before_0
ORDER BY [p].[ScheduledAt], [p].[Id], [t].[Id]
2026-07-22 23:10:14.431 +07:00 [INF] Executed DbCommand (12ms) [Parameters=[@__before_0='?' (DbType = DateTime2)], CommandType='"Text"', CommandTimeout='30']
SELECT [p].[Id], [p].[CreatedAt], [p].[CreatedBy], [p].[ExecutedAt], [p].[FailureReason], [p].[IsDeleted], [p].[PostChannelAccountId], [p].[PostId], [p].[RetryCount], [p].[ScheduledAt], [p].[Status], [p].[UpdatedAt], [p].[UpdatedBy], [t].[Id], [t].[ChannelAccountId], [t].[CreatedAt], [t].[CreatedBy], [t].[DayNumber], [t].[ExternalPostId], [t].[IsDeleted], [t].[ProjectId], [t].[PublishedAt], [t].[PublishedUrl], [t].[ScheduledAt], [t].[Status], [t].[TimelineId], [t].[Title], [t].[TrackingEnabled], [t].[UpdatedAt], [t].[UpdatedBy], [t].[VoiceSampleId], [t0].[Id], [t0].[Content], [t0].[ContentType], [t0].[CreatedAt], [t0].[CreatedBy], [t0].[IsDeleted], [t0].[MediaFileId], [t0].[PostId], [t0].[SortOrder], [t0].[UpdatedAt], [t0].[UpdatedBy]
FROM [PostSchedules] AS [p]
INNER JOIN (
    SELECT [p0].[Id], [p0].[ChannelAccountId], [p0].[CreatedAt], [p0].[CreatedBy], [p0].[DayNumber], [p0].[ExternalPostId], [p0].[IsDeleted], [p0].[ProjectId], [p0].[PublishedAt], [p0].[PublishedUrl], [p0].[ScheduledAt], [p0].[Status], [p0].[TimelineId], [p0].[Title], [p0].[TrackingEnabled], [p0].[UpdatedAt], [p0].[UpdatedBy], [p0].[VoiceSampleId]
    FROM [Posts] AS [p0]
    WHERE [p0].[IsDeleted] = CAST(0 AS bit)
) AS [t] ON [p].[PostId] = [t].[Id]
LEFT JOIN (
    SELECT [p1].[Id], [p1].[Content], [p1].[ContentType], [p1].[CreatedAt], [p1].[CreatedBy], [p1].[IsDeleted], [p1].[MediaFileId], [p1].[PostId], [p1].[SortOrder], [p1].[UpdatedAt], [p1].[UpdatedBy]
    FROM [PostContents] AS [p1]
    WHERE [p1].[IsDeleted] = CAST(0 AS bit)
) AS [t0] ON [t].[Id] = [t0].[PostId]
WHERE [p].[IsDeleted] = CAST(0 AS bit) AND [p].[Status] = 0 AND [p].[ScheduledAt] <= @__before_0
ORDER BY [p].[ScheduledAt], [p].[Id], [t].[Id]
2026-07-22 23:11:14.514 +07:00 [INF] Executed DbCommand (9ms) [Parameters=[@__before_0='?' (DbType = DateTime2)], CommandType='"Text"', CommandTimeout='30']
SELECT [p].[Id], [p].[CreatedAt], [p].[CreatedBy], [p].[ExecutedAt], [p].[FailureReason], [p].[IsDeleted], [p].[PostChannelAccountId], [p].[PostId], [p].[RetryCount], [p].[ScheduledAt], [p].[Status], [p].[UpdatedAt], [p].[UpdatedBy], [t].[Id], [t].[ChannelAccountId], [t].[CreatedAt], [t].[CreatedBy], [t].[DayNumber], [t].[ExternalPostId], [t].[IsDeleted], [t].[ProjectId], [t].[PublishedAt], [t].[PublishedUrl], [t].[ScheduledAt], [t].[Status], [t].[TimelineId], [t].[Title], [t].[TrackingEnabled], [t].[UpdatedAt], [t].[UpdatedBy], [t].[VoiceSampleId], [t0].[Id], [t0].[Content], [t0].[ContentType], [t0].[CreatedAt], [t0].[CreatedBy], [t0].[IsDeleted], [t0].[MediaFileId], [t0].[PostId], [t0].[SortOrder], [t0].[UpdatedAt], [t0].[UpdatedBy]
FROM [PostSchedules] AS [p]
INNER JOIN (
    SELECT [p0].[Id], [p0].[ChannelAccountId], [p0].[CreatedAt], [p0].[CreatedBy], [p0].[DayNumber], [p0].[ExternalPostId], [p0].[IsDeleted], [p0].[ProjectId], [p0].[PublishedAt], [p0].[PublishedUrl], [p0].[ScheduledAt], [p0].[Status], [p0].[TimelineId], [p0].[Title], [p0].[TrackingEnabled], [p0].[UpdatedAt], [p0].[UpdatedBy], [p0].[VoiceSampleId]
    FROM [Posts] AS [p0]
    WHERE [p0].[IsDeleted] = CAST(0 AS bit)
) AS [t] ON [p].[PostId] = [t].[Id]
LEFT JOIN (
    SELECT [p1].[Id], [p1].[Content], [p1].[ContentType], [p1].[CreatedAt], [p1].[CreatedBy], [p1].[IsDeleted], [p1].[MediaFileId], [p1].[PostId], [p1].[SortOrder], [p1].[UpdatedAt], [p1].[UpdatedBy]
    FROM [PostContents] AS [p1]
    WHERE [p1].[IsDeleted] = CAST(0 AS bit)
) AS [t0] ON [t].[Id] = [t0].[PostId]
WHERE [p].[IsDeleted] = CAST(0 AS bit) AND [p].[Status] = 0 AND [p].[ScheduledAt] <= @__before_0
ORDER BY [p].[ScheduledAt], [p].[Id], [t].[Id]
2026-07-22 23:12:14.680 +07:00 [INF] Executed DbCommand (11ms) [Parameters=[@__before_0='?' (DbType = DateTime2)], CommandType='"Text"', CommandTimeout='30']
SELECT [p].[Id], [p].[CreatedAt], [p].[CreatedBy], [p].[ExecutedAt], [p].[FailureReason], [p].[IsDeleted], [p].[PostChannelAccountId], [p].[PostId], [p].[RetryCount], [p].[ScheduledAt], [p].[Status], [p].[UpdatedAt], [p].[UpdatedBy], [t].[Id], [t].[ChannelAccountId], [t].[CreatedAt], [t].[CreatedBy], [t].[DayNumber], [t].[ExternalPostId], [t].[IsDeleted], [t].[ProjectId], [t].[PublishedAt], [t].[PublishedUrl], [t].[ScheduledAt], [t].[Status], [t].[TimelineId], [t].[Title], [t].[TrackingEnabled], [t].[UpdatedAt], [t].[UpdatedBy], [t].[VoiceSampleId], [t0].[Id], [t0].[Content], [t0].[ContentType], [t0].[CreatedAt], [t0].[CreatedBy], [t0].[IsDeleted], [t0].[MediaFileId], [t0].[PostId], [t0].[SortOrder], [t0].[UpdatedAt], [t0].[UpdatedBy]
FROM [PostSchedules] AS [p]
INNER JOIN (
    SELECT [p0].[Id], [p0].[ChannelAccountId], [p0].[CreatedAt], [p0].[CreatedBy], [p0].[DayNumber], [p0].[ExternalPostId], [p0].[IsDeleted], [p0].[ProjectId], [p0].[PublishedAt], [p0].[PublishedUrl], [p0].[ScheduledAt], [p0].[Status], [p0].[TimelineId], [p0].[Title], [p0].[TrackingEnabled], [p0].[UpdatedAt], [p0].[UpdatedBy], [p0].[VoiceSampleId]
    FROM [Posts] AS [p0]
    WHERE [p0].[IsDeleted] = CAST(0 AS bit)
) AS [t] ON [p].[PostId] = [t].[Id]
LEFT JOIN (
    SELECT [p1].[Id], [p1].[Content], [p1].[ContentType], [p1].[CreatedAt], [p1].[CreatedBy], [p1].[IsDeleted], [p1].[MediaFileId], [p1].[PostId], [p1].[SortOrder], [p1].[UpdatedAt], [p1].[UpdatedBy]
    FROM [PostContents] AS [p1]
    WHERE [p1].[IsDeleted] = CAST(0 AS bit)
) AS [t0] ON [t].[Id] = [t0].[PostId]
WHERE [p].[IsDeleted] = CAST(0 AS bit) AND [p].[Status] = 0 AND [p].[ScheduledAt] <= @__before_0
ORDER BY [p].[ScheduledAt], [p].[Id], [t].[Id]
2026-07-22 23:13:14.799 +07:00 [INF] Executed DbCommand (20ms) [Parameters=[@__before_0='?' (DbType = DateTime2)], CommandType='"Text"', CommandTimeout='30']
SELECT [p].[Id], [p].[CreatedAt], [p].[CreatedBy], [p].[ExecutedAt], [p].[FailureReason], [p].[IsDeleted], [p].[PostChannelAccountId], [p].[PostId], [p].[RetryCount], [p].[ScheduledAt], [p].[Status], [p].[UpdatedAt], [p].[UpdatedBy], [t].[Id], [t].[ChannelAccountId], [t].[CreatedAt], [t].[CreatedBy], [t].[DayNumber], [t].[ExternalPostId], [t].[IsDeleted], [t].[ProjectId], [t].[PublishedAt], [t].[PublishedUrl], [t].[ScheduledAt], [t].[Status], [t].[TimelineId], [t].[Title], [t].[TrackingEnabled], [t].[UpdatedAt], [t].[UpdatedBy], [t].[VoiceSampleId], [t0].[Id], [t0].[Content], [t0].[ContentType], [t0].[CreatedAt], [t0].[CreatedBy], [t0].[IsDeleted], [t0].[MediaFileId], [t0].[PostId], [t0].[SortOrder], [t0].[UpdatedAt], [t0].[UpdatedBy]
FROM [PostSchedules] AS [p]
INNER JOIN (
    SELECT [p0].[Id], [p0].[ChannelAccountId], [p0].[CreatedAt], [p0].[CreatedBy], [p0].[DayNumber], [p0].[ExternalPostId], [p0].[IsDeleted], [p0].[ProjectId], [p0].[PublishedAt], [p0].[PublishedUrl], [p0].[ScheduledAt], [p0].[Status], [p0].[TimelineId], [p0].[Title], [p0].[TrackingEnabled], [p0].[UpdatedAt], [p0].[UpdatedBy], [p0].[VoiceSampleId]
    FROM [Posts] AS [p0]
    WHERE [p0].[IsDeleted] = CAST(0 AS bit)
) AS [t] ON [p].[PostId] = [t].[Id]
LEFT JOIN (
    SELECT [p1].[Id], [p1].[Content], [p1].[ContentType], [p1].[CreatedAt], [p1].[CreatedBy], [p1].[IsDeleted], [p1].[MediaFileId], [p1].[PostId], [p1].[SortOrder], [p1].[UpdatedAt], [p1].[UpdatedBy]
    FROM [PostContents] AS [p1]
    WHERE [p1].[IsDeleted] = CAST(0 AS bit)
) AS [t0] ON [t].[Id] = [t0].[PostId]
WHERE [p].[IsDeleted] = CAST(0 AS bit) AND [p].[Status] = 0 AND [p].[ScheduledAt] <= @__before_0
ORDER BY [p].[ScheduledAt], [p].[Id], [t].[Id]
2026-07-22 23:14:14.909 +07:00 [INF] Executed DbCommand (11ms) [Parameters=[@__before_0='?' (DbType = DateTime2)], CommandType='"Text"', CommandTimeout='30']
SELECT [p].[Id], [p].[CreatedAt], [p].[CreatedBy], [p].[ExecutedAt], [p].[FailureReason], [p].[IsDeleted], [p].[PostChannelAccountId], [p].[PostId], [p].[RetryCount], [p].[ScheduledAt], [p].[Status], [p].[UpdatedAt], [p].[UpdatedBy], [t].[Id], [t].[ChannelAccountId], [t].[CreatedAt], [t].[CreatedBy], [t].[DayNumber], [t].[ExternalPostId], [t].[IsDeleted], [t].[ProjectId], [t].[PublishedAt], [t].[PublishedUrl], [t].[ScheduledAt], [t].[Status], [t].[TimelineId], [t].[Title], [t].[TrackingEnabled], [t].[UpdatedAt], [t].[UpdatedBy], [t].[VoiceSampleId], [t0].[Id], [t0].[Content], [t0].[ContentType], [t0].[CreatedAt], [t0].[CreatedBy], [t0].[IsDeleted], [t0].[MediaFileId], [t0].[PostId], [t0].[SortOrder], [t0].[UpdatedAt], [t0].[UpdatedBy]
FROM [PostSchedules] AS [p]
INNER JOIN (
    SELECT [p0].[Id], [p0].[ChannelAccountId], [p0].[CreatedAt], [p0].[CreatedBy], [p0].[DayNumber], [p0].[ExternalPostId], [p0].[IsDeleted], [p0].[ProjectId], [p0].[PublishedAt], [p0].[PublishedUrl], [p0].[ScheduledAt], [p0].[Status], [p0].[TimelineId], [p0].[Title], [p0].[TrackingEnabled], [p0].[UpdatedAt], [p0].[UpdatedBy], [p0].[VoiceSampleId]
    FROM [Posts] AS [p0]
    WHERE [p0].[IsDeleted] = CAST(0 AS bit)
) AS [t] ON [p].[PostId] = [t].[Id]
LEFT JOIN (
    SELECT [p1].[Id], [p1].[Content], [p1].[ContentType], [p1].[CreatedAt], [p1].[CreatedBy], [p1].[IsDeleted], [p1].[MediaFileId], [p1].[PostId], [p1].[SortOrder], [p1].[UpdatedAt], [p1].[UpdatedBy]
    FROM [PostContents] AS [p1]
    WHERE [p1].[IsDeleted] = CAST(0 AS bit)
) AS [t0] ON [t].[Id] = [t0].[PostId]
WHERE [p].[IsDeleted] = CAST(0 AS bit) AND [p].[Status] = 0 AND [p].[ScheduledAt] <= @__before_0
ORDER BY [p].[ScheduledAt], [p].[Id], [t].[Id]
2026-07-22 23:15:04.721 +07:00 [WRN] No store type was specified for the decimal property 'TotalEarnings' on entity type 'Affiliate'. This will cause values to be silently truncated if they do not fit in the default precision and scale. Explicitly specify the SQL server column type that can accommodate all the values in 'OnModelCreating' using 'HasColumnType', specify precision and scale using 'HasPrecision', or configure a value converter using 'HasConversion'.
2026-07-22 23:15:06.004 +07:00 [INF] Detected FlowMate/SQL schema without EF history — applying compat layer and skipping MigrateAsync.
2026-07-22 23:15:06.069 +07:00 [INF] Executed DbCommand (19ms) [Parameters=[], CommandType='"Text"', CommandTimeout='30']
IF COL_LENGTH('dbo.Posts', 'ChannelAccountId') IS NULL
    ALTER TABLE dbo.Posts ADD ChannelAccountId UNIQUEIDENTIFIER NULL;
2026-07-22 23:15:06.155 +07:00 [INF] Executed DbCommand (4ms) [Parameters=[], CommandType='"Text"', CommandTimeout='30']
IF COL_LENGTH('dbo.Posts', 'ExternalPostId') IS NULL
    ALTER TABLE dbo.Posts ADD ExternalPostId NVARCHAR(128) NULL;
2026-07-22 23:15:06.262 +07:00 [INF] Executed DbCommand (4ms) [Parameters=[], CommandType='"Text"', CommandTimeout='30']
IF COL_LENGTH('dbo.Posts', 'PublishedUrl') IS NULL
    ALTER TABLE dbo.Posts ADD PublishedUrl NVARCHAR(1000) NULL;
2026-07-22 23:15:06.284 +07:00 [INF] Executed DbCommand (5ms) [Parameters=[], CommandType='"Text"', CommandTimeout='30']
IF COL_LENGTH('dbo.Posts', 'PublishedAt') IS NULL
    ALTER TABLE dbo.Posts ADD PublishedAt DATETIME2 NULL;
2026-07-22 23:15:06.354 +07:00 [INF] Executed DbCommand (2ms) [Parameters=[], CommandType='"Text"', CommandTimeout='30']
IF COL_LENGTH('dbo.PostSchedules', 'PostId') IS NULL
    ALTER TABLE dbo.PostSchedules ADD PostId UNIQUEIDENTIFIER NULL;
2026-07-22 23:15:06.381 +07:00 [INF] Executed DbCommand (5ms) [Parameters=[], CommandType='"Text"', CommandTimeout='30']
IF COL_LENGTH('dbo.PostSchedules', 'PostChannelAccountId') IS NOT NULL
   AND COLUMNPROPERTY(OBJECT_ID('dbo.PostSchedules'), 'PostChannelAccountId', 'AllowsNull') = 0
BEGIN
    ALTER TABLE dbo.PostSchedules ALTER COLUMN PostChannelAccountId UNIQUEIDENTIFIER NULL;
END
2026-07-22 23:15:06.418 +07:00 [INF] Executed DbCommand (5ms) [Parameters=[], CommandType='"Text"', CommandTimeout='30']
IF COL_LENGTH('dbo.ChannelAccounts', 'ParentChannelAccountId') IS NULL
    ALTER TABLE dbo.ChannelAccounts ADD ParentChannelAccountId UNIQUEIDENTIFIER NULL;
2026-07-22 23:15:06.445 +07:00 [INF] Executed DbCommand (4ms) [Parameters=[], CommandType='"Text"', CommandTimeout='30']
IF COL_LENGTH('dbo.ChannelAccounts', 'AccessToken') IS NULL
    ALTER TABLE dbo.ChannelAccounts ADD AccessToken NVARCHAR(MAX) NULL;
2026-07-22 23:15:06.565 +07:00 [INF] Executed DbCommand (4ms) [Parameters=[], CommandType='"Text"', CommandTimeout='30']
IF COL_LENGTH('dbo.ChannelAccounts', 'RefreshToken') IS NULL
    ALTER TABLE dbo.ChannelAccounts ADD RefreshToken NVARCHAR(MAX) NULL;
2026-07-22 23:15:06.620 +07:00 [INF] Executed DbCommand (8ms) [Parameters=[], CommandType='"Text"', CommandTimeout='30']
IF COL_LENGTH('dbo.ChannelAccounts', 'TokenExpiresAt') IS NULL
    ALTER TABLE dbo.ChannelAccounts ADD TokenExpiresAt DATETIME2 NULL;
2026-07-22 23:15:06.642 +07:00 [INF] Executed DbCommand (14ms) [Parameters=[], CommandType='"Text"', CommandTimeout='30']
IF COL_LENGTH('dbo.ChannelAccounts', 'Scope') IS NULL
    ALTER TABLE dbo.ChannelAccounts ADD Scope NVARCHAR(500) NULL;
2026-07-22 23:15:06.679 +07:00 [INF] Executed DbCommand (5ms) [Parameters=[], CommandType='"Text"', CommandTimeout='30']
IF COL_LENGTH('dbo.Posts', 'VoiceSampleId') IS NULL
    ALTER TABLE dbo.Posts ADD VoiceSampleId UNIQUEIDENTIFIER NULL;
2026-07-22 23:15:06.716 +07:00 [INF] Executed DbCommand (1ms) [Parameters=[], CommandType='"Text"', CommandTimeout='30']
IF COL_LENGTH('dbo.Posts', 'DayNumber') IS NULL
    ALTER TABLE dbo.Posts ADD DayNumber INT NULL;
2026-07-22 23:15:06.741 +07:00 [INF] Executed DbCommand (2ms) [Parameters=[], CommandType='"Text"', CommandTimeout='30']
IF COL_LENGTH('dbo.Posts', 'TrackingEnabled') IS NULL
    ALTER TABLE dbo.Posts ADD TrackingEnabled BIT NOT NULL DEFAULT CAST(1 AS BIT);
2026-07-22 23:15:06.755 +07:00 [INF] Executed DbCommand (6ms) [Parameters=[], CommandType='"Text"', CommandTimeout='30']
IF COL_LENGTH('dbo.MediaFiles', 'ProductId') IS NULL
    ALTER TABLE dbo.MediaFiles ADD ProductId UNIQUEIDENTIFIER NULL;
2026-07-22 23:15:06.763 +07:00 [INF] Executed DbCommand (3ms) [Parameters=[], CommandType='"Text"', CommandTimeout='30']
IF COL_LENGTH('dbo.MediaFiles', 'StoragePath') IS NULL
    ALTER TABLE dbo.MediaFiles ADD StoragePath NVARCHAR(1000) NOT NULL DEFAULT '';
2026-07-22 23:15:06.772 +07:00 [INF] Executed DbCommand (3ms) [Parameters=[], CommandType='"Text"', CommandTimeout='30']
IF COL_LENGTH('dbo.FacebookAccounts', 'ProjectId') IS NULL
    ALTER TABLE dbo.FacebookAccounts ADD ProjectId UNIQUEIDENTIFIER NOT NULL
        DEFAULT '00000000-0000-0000-0000-000000000000';
2026-07-22 23:15:06.785 +07:00 [INF] Executed DbCommand (2ms) [Parameters=[], CommandType='"Text"', CommandTimeout='30']
IF COL_LENGTH('dbo.Campaigns', 'ProductDescription') IS NULL
    ALTER TABLE dbo.Campaigns ADD ProductDescription NVARCHAR(MAX) NULL;
2026-07-22 23:15:06.817 +07:00 [INF] Executed DbCommand (9ms) [Parameters=[], CommandType='"Text"', CommandTimeout='30']
IF OBJECT_ID('dbo.ProjectMembers') IS NULL
CREATE TABLE dbo.ProjectMembers (
    Id UNIQUEIDENTIFIER NOT NULL PRIMARY KEY, ProjectId UNIQUEIDENTIFIER NOT NULL,
    UserId UNIQUEIDENTIFIER NOT NULL, Role NVARCHAR(20) NOT NULL DEFAULT 'Member',
    InvitedAt DATETIME2 NULL, JoinedAt DATETIME2 NULL,
    CreatedAt DATETIME2 NOT NULL, UpdatedAt DATETIME2 NULL,
    CreatedBy UNIQUEIDENTIFIER NULL, UpdatedBy UNIQUEIDENTIFIER NULL, IsDeleted BIT NOT NULL DEFAULT 0,
    CONSTRAINT FK_ProjectMembers_Projects FOREIGN KEY (ProjectId) REFERENCES dbo.Projects(Id),
    CONSTRAINT FK_ProjectMembers_Users FOREIGN KEY (UserId) REFERENCES dbo.Users(Id));
2026-07-22 23:15:06.881 +07:00 [INF] Executed DbCommand (42ms) [Parameters=[], CommandType='"Text"', CommandTimeout='30']
IF OBJECT_ID('dbo.ProjectMembers') IS NOT NULL AND NOT EXISTS (SELECT 1 FROM sys.indexes WHERE name = 'IX_ProjectMembers_ProjectId_UserId')
    CREATE UNIQUE INDEX IX_ProjectMembers_ProjectId_UserId ON dbo.ProjectMembers(ProjectId, UserId);
2026-07-22 23:15:06.890 +07:00 [INF] Executed DbCommand (4ms) [Parameters=[], CommandType='"Text"', CommandTimeout='30']
IF OBJECT_ID('dbo.VoiceSampleTemplates') IS NULL
CREATE TABLE dbo.VoiceSampleTemplates (
    Id UNIQUEIDENTIFIER NOT NULL PRIMARY KEY, SampleText NVARCHAR(500) NOT NULL,
    CreatedAt DATETIME2 NOT NULL, UpdatedAt DATETIME2 NULL,
    CreatedBy UNIQUEIDENTIFIER NULL, UpdatedBy UNIQUEIDENTIFIER NULL, IsDeleted BIT NOT NULL DEFAULT 0);
2026-07-22 23:15:06.897 +07:00 [INF] Executed DbCommand (2ms) [Parameters=[], CommandType='"Text"', CommandTimeout='30']
IF OBJECT_ID('dbo.BrandStyles') IS NULL
CREATE TABLE dbo.BrandStyles (
    Id UNIQUEIDENTIFIER NOT NULL PRIMARY KEY, StyleName NVARCHAR(50) NOT NULL,
    CreatedAt DATETIME2 NOT NULL, UpdatedAt DATETIME2 NULL,
    CreatedBy UNIQUEIDENTIFIER NULL, UpdatedBy UNIQUEIDENTIFIER NULL, IsDeleted BIT NOT NULL DEFAULT 0);
2026-07-22 23:15:06.912 +07:00 [INF] Executed DbCommand (9ms) [Parameters=[], CommandType='"Text"', CommandTimeout='30']
IF OBJECT_ID('dbo.BrandStyles') IS NOT NULL AND NOT EXISTS (SELECT 1 FROM sys.indexes WHERE name = 'IX_BrandStyles_StyleName')
    CREATE UNIQUE INDEX IX_BrandStyles_StyleName ON dbo.BrandStyles(StyleName);
2026-07-22 23:15:06.921 +07:00 [INF] Executed DbCommand (4ms) [Parameters=[], CommandType='"Text"', CommandTimeout='30']
IF OBJECT_ID('dbo.ToneKeywords') IS NULL
CREATE TABLE dbo.ToneKeywords (
    Id UNIQUEIDENTIFIER NOT NULL PRIMARY KEY, Keyword NVARCHAR(50) NOT NULL,
    CreatedAt DATETIME2 NOT NULL, UpdatedAt DATETIME2 NULL,
    CreatedBy UNIQUEIDENTIFIER NULL, UpdatedBy UNIQUEIDENTIFIER NULL, IsDeleted BIT NOT NULL DEFAULT 0);
2026-07-22 23:15:06.936 +07:00 [INF] Executed DbCommand (10ms) [Parameters=[], CommandType='"Text"', CommandTimeout='30']
IF OBJECT_ID('dbo.ToneKeywords') IS NOT NULL AND NOT EXISTS (SELECT 1 FROM sys.indexes WHERE name = 'IX_ToneKeywords_Keyword')
    CREATE UNIQUE INDEX IX_ToneKeywords_Keyword ON dbo.ToneKeywords(Keyword);
2026-07-22 23:15:06.941 +07:00 [INF] Executed DbCommand (2ms) [Parameters=[], CommandType='"Text"', CommandTimeout='30']
IF OBJECT_ID('dbo.CtaTemplates') IS NULL
CREATE TABLE dbo.CtaTemplates (
    Id UNIQUEIDENTIFIER NOT NULL PRIMARY KEY, CtaText NVARCHAR(100) NOT NULL,
    CreatedAt DATETIME2 NOT NULL, UpdatedAt DATETIME2 NULL,
    CreatedBy UNIQUEIDENTIFIER NULL, UpdatedBy UNIQUEIDENTIFIER NULL, IsDeleted BIT NOT NULL DEFAULT 0);
2026-07-22 23:15:06.953 +07:00 [INF] Executed DbCommand (9ms) [Parameters=[], CommandType='"Text"', CommandTimeout='30']
IF OBJECT_ID('dbo.CtaTemplates') IS NOT NULL AND NOT EXISTS (SELECT 1 FROM sys.indexes WHERE name = 'IX_CtaTemplates_CtaText')
    CREATE UNIQUE INDEX IX_CtaTemplates_CtaText ON dbo.CtaTemplates(CtaText);
2026-07-22 23:15:06.959 +07:00 [INF] Executed DbCommand (2ms) [Parameters=[], CommandType='"Text"', CommandTimeout='30']
IF OBJECT_ID('dbo.Hashtags') IS NULL
CREATE TABLE dbo.Hashtags (
    Id UNIQUEIDENTIFIER NOT NULL PRIMARY KEY, Tag NVARCHAR(50) NOT NULL,
    CreatedAt DATETIME2 NOT NULL, UpdatedAt DATETIME2 NULL,
    CreatedBy UNIQUEIDENTIFIER NULL, UpdatedBy UNIQUEIDENTIFIER NULL, IsDeleted BIT NOT NULL DEFAULT 0);
2026-07-22 23:15:06.974 +07:00 [INF] Executed DbCommand (11ms) [Parameters=[], CommandType='"Text"', CommandTimeout='30']
IF OBJECT_ID('dbo.Hashtags') IS NOT NULL AND NOT EXISTS (SELECT 1 FROM sys.indexes WHERE name = 'IX_Hashtags_Tag')
    CREATE UNIQUE INDEX IX_Hashtags_Tag ON dbo.Hashtags(Tag);
2026-07-22 23:15:06.981 +07:00 [INF] Executed DbCommand (3ms) [Parameters=[], CommandType='"Text"', CommandTimeout='30']
IF OBJECT_ID('dbo.BrandProfiles') IS NULL
CREATE TABLE dbo.BrandProfiles (
    Id UNIQUEIDENTIFIER NOT NULL PRIMARY KEY, ProjectId UNIQUEIDENTIFIER NOT NULL,
    LogoUrl NVARCHAR(500) NULL, BusinessName NVARCHAR(150) NOT NULL, BrandName NVARCHAR(150) NOT NULL,
    Industry NVARCHAR(100) NULL, FoundingYear SMALLINT NULL, ShortDescription NVARCHAR(1000) NULL,
    Address NVARCHAR(300) NULL, ContactPhone NVARCHAR(20) NULL, ContactEmail NVARCHAR(255) NULL,
    Website NVARCHAR(255) NULL, VoiceSampleId UNIQUEIDENTIFIER NULL,
    CreatedAt DATETIME2 NOT NULL, UpdatedAt DATETIME2 NULL,
    CreatedBy UNIQUEIDENTIFIER NULL, UpdatedBy UNIQUEIDENTIFIER NULL, IsDeleted BIT NOT NULL DEFAULT 0,
    CONSTRAINT FK_BrandProfiles_Projects FOREIGN KEY (ProjectId) REFERENCES dbo.Projects(Id),
    CONSTRAINT FK_BrandProfiles_VoiceSampleTemplates FOREIGN KEY (VoiceSampleId) REFERENCES dbo.VoiceSampleTemplates(Id));
2026-07-22 23:15:06.993 +07:00 [INF] Executed DbCommand (7ms) [Parameters=[], CommandType='"Text"', CommandTimeout='30']
IF OBJECT_ID('dbo.BrandProfiles') IS NOT NULL AND NOT EXISTS (SELECT 1 FROM sys.indexes WHERE name = 'IX_BrandProfiles_ProjectId')
    CREATE UNIQUE INDEX IX_BrandProfiles_ProjectId ON dbo.BrandProfiles(ProjectId);
2026-07-22 23:15:06.999 +07:00 [INF] Executed DbCommand (3ms) [Parameters=[], CommandType='"Text"', CommandTimeout='30']
IF OBJECT_ID('dbo.BrandProfileStyles') IS NULL
CREATE TABLE dbo.BrandProfileStyles (
    Id UNIQUEIDENTIFIER NOT NULL PRIMARY KEY, BrandProfileId UNIQUEIDENTIFIER NOT NULL, StyleId UNIQUEIDENTIFIER NOT NULL,
    CreatedAt DATETIME2 NOT NULL, UpdatedAt DATETIME2 NULL,
    CreatedBy UNIQUEIDENTIFIER NULL, UpdatedBy UNIQUEIDENTIFIER NULL, IsDeleted BIT NOT NULL DEFAULT 0,
    CONSTRAINT FK_BrandProfileStyles_BrandProfiles FOREIGN KEY (BrandProfileId) REFERENCES dbo.BrandProfiles(Id),
    CONSTRAINT FK_BrandProfileStyles_BrandStyles FOREIGN KEY (StyleId) REFERENCES dbo.BrandStyles(Id));
2026-07-22 23:15:07.021 +07:00 [INF] Executed DbCommand (17ms) [Parameters=[], CommandType='"Text"', CommandTimeout='30']
IF OBJECT_ID('dbo.BrandProfileStyles') IS NOT NULL AND NOT EXISTS (SELECT 1 FROM sys.indexes WHERE name = 'IX_BrandProfileStyles_BrandProfileId_StyleId')
    CREATE UNIQUE INDEX IX_BrandProfileStyles_BrandProfileId_StyleId ON dbo.BrandProfileStyles(BrandProfileId, StyleId);
2026-07-22 23:15:07.032 +07:00 [INF] Executed DbCommand (3ms) [Parameters=[], CommandType='"Text"', CommandTimeout='30']
IF OBJECT_ID('dbo.BrandProfileKeywords') IS NULL
CREATE TABLE dbo.BrandProfileKeywords (
    Id UNIQUEIDENTIFIER NOT NULL PRIMARY KEY, BrandProfileId UNIQUEIDENTIFIER NOT NULL, ToneKeywordId UNIQUEIDENTIFIER NOT NULL,
    CreatedAt DATETIME2 NOT NULL, UpdatedAt DATETIME2 NULL,
    CreatedBy UNIQUEIDENTIFIER NULL, UpdatedBy UNIQUEIDENTIFIER NULL, IsDeleted BIT NOT NULL DEFAULT 0,
    CONSTRAINT FK_BrandProfileKeywords_BrandProfiles FOREIGN KEY (BrandProfileId) REFERENCES dbo.BrandProfiles(Id),
    CONSTRAINT FK_BrandProfileKeywords_ToneKeywords FOREIGN KEY (ToneKeywordId) REFERENCES dbo.ToneKeywords(Id));
2026-07-22 23:15:07.054 +07:00 [INF] Executed DbCommand (17ms) [Parameters=[], CommandType='"Text"', CommandTimeout='30']
IF OBJECT_ID('dbo.BrandProfileKeywords') IS NOT NULL AND NOT EXISTS (SELECT 1 FROM sys.indexes WHERE name = 'IX_BrandProfileKeywords_BrandProfileId_ToneKeywordId')
    CREATE UNIQUE INDEX IX_BrandProfileKeywords_BrandProfileId_ToneKeywordId ON dbo.BrandProfileKeywords(BrandProfileId, ToneKeywordId);
2026-07-22 23:15:07.061 +07:00 [INF] Executed DbCommand (3ms) [Parameters=[], CommandType='"Text"', CommandTimeout='30']
IF OBJECT_ID('dbo.BrandCtas') IS NULL
CREATE TABLE dbo.BrandCtas (
    Id UNIQUEIDENTIFIER NOT NULL PRIMARY KEY, BrandProfileId UNIQUEIDENTIFIER NOT NULL, CtaId UNIQUEIDENTIFIER NOT NULL,
    CreatedAt DATETIME2 NOT NULL, UpdatedAt DATETIME2 NULL,
    CreatedBy UNIQUEIDENTIFIER NULL, UpdatedBy UNIQUEIDENTIFIER NULL, IsDeleted BIT NOT NULL DEFAULT 0,
    CONSTRAINT FK_BrandCtas_BrandProfiles FOREIGN KEY (BrandProfileId) REFERENCES dbo.BrandProfiles(Id),
    CONSTRAINT FK_BrandCtas_CtaTemplates FOREIGN KEY (CtaId) REFERENCES dbo.CtaTemplates(Id));
2026-07-22 23:15:07.073 +07:00 [INF] Executed DbCommand (9ms) [Parameters=[], CommandType='"Text"', CommandTimeout='30']
IF OBJECT_ID('dbo.BrandCtas') IS NOT NULL AND NOT EXISTS (SELECT 1 FROM sys.indexes WHERE name = 'IX_BrandCtas_BrandProfileId_CtaId')
    CREATE UNIQUE INDEX IX_BrandCtas_BrandProfileId_CtaId ON dbo.BrandCtas(BrandProfileId, CtaId);
2026-07-22 23:15:07.081 +07:00 [INF] Executed DbCommand (3ms) [Parameters=[], CommandType='"Text"', CommandTimeout='30']
IF OBJECT_ID('dbo.BrandHashtags') IS NULL
CREATE TABLE dbo.BrandHashtags (
    Id UNIQUEIDENTIFIER NOT NULL PRIMARY KEY, BrandProfileId UNIQUEIDENTIFIER NOT NULL, HashtagId UNIQUEIDENTIFIER NOT NULL,
    CreatedAt DATETIME2 NOT NULL, UpdatedAt DATETIME2 NULL,
    CreatedBy UNIQUEIDENTIFIER NULL, UpdatedBy UNIQUEIDENTIFIER NULL, IsDeleted BIT NOT NULL DEFAULT 0,
    CONSTRAINT FK_BrandHashtags_BrandProfiles FOREIGN KEY (BrandProfileId) REFERENCES dbo.BrandProfiles(Id),
    CONSTRAINT FK_BrandHashtags_Hashtags FOREIGN KEY (HashtagId) REFERENCES dbo.Hashtags(Id));
2026-07-22 23:15:07.098 +07:00 [INF] Executed DbCommand (12ms) [Parameters=[], CommandType='"Text"', CommandTimeout='30']
IF OBJECT_ID('dbo.BrandHashtags') IS NOT NULL AND NOT EXISTS (SELECT 1 FROM sys.indexes WHERE name = 'IX_BrandHashtags_BrandProfileId_HashtagId')
    CREATE UNIQUE INDEX IX_BrandHashtags_BrandProfileId_HashtagId ON dbo.BrandHashtags(BrandProfileId, HashtagId);
2026-07-22 23:15:07.111 +07:00 [INF] Executed DbCommand (7ms) [Parameters=[], CommandType='"Text"', CommandTimeout='30']
IF OBJECT_ID('dbo.BrandColors') IS NULL
CREATE TABLE dbo.BrandColors (
    Id UNIQUEIDENTIFIER NOT NULL PRIMARY KEY, BrandProfileId UNIQUEIDENTIFIER NOT NULL,
    ColorHex NVARCHAR(9) NOT NULL, ColorType NVARCHAR(20) NOT NULL DEFAULT 'Secondary', SortOrder INT NOT NULL DEFAULT 0,
    CreatedAt DATETIME2 NOT NULL, UpdatedAt DATETIME2 NULL,
    CreatedBy UNIQUEIDENTIFIER NULL, UpdatedBy UNIQUEIDENTIFIER NULL, IsDeleted BIT NOT NULL DEFAULT 0,
    CONSTRAINT FK_BrandColors_BrandProfiles FOREIGN KEY (BrandProfileId) REFERENCES dbo.BrandProfiles(Id));
2026-07-22 23:15:07.119 +07:00 [INF] Executed DbCommand (2ms) [Parameters=[], CommandType='"Text"', CommandTimeout='30']
IF OBJECT_ID('dbo.BrandFonts') IS NULL
CREATE TABLE dbo.BrandFonts (
    Id UNIQUEIDENTIFIER NOT NULL PRIMARY KEY, BrandProfileId UNIQUEIDENTIFIER NOT NULL,
    FontName NVARCHAR(100) NOT NULL, UsageType NVARCHAR(20) NOT NULL,
    CreatedAt DATETIME2 NOT NULL, UpdatedAt DATETIME2 NULL,
    CreatedBy UNIQUEIDENTIFIER NULL, UpdatedBy UNIQUEIDENTIFIER NULL, IsDeleted BIT NOT NULL DEFAULT 0,
    CONSTRAINT FK_BrandFonts_BrandProfiles FOREIGN KEY (BrandProfileId) REFERENCES dbo.BrandProfiles(Id));
2026-07-22 23:15:07.132 +07:00 [INF] Executed DbCommand (3ms) [Parameters=[], CommandType='"Text"', CommandTimeout='30']
IF OBJECT_ID('dbo.ProductCategories') IS NULL
CREATE TABLE dbo.ProductCategories (
    Id UNIQUEIDENTIFIER NOT NULL PRIMARY KEY, BrandProfileId UNIQUEIDENTIFIER NOT NULL, CategoryName NVARCHAR(100) NOT NULL,
    CreatedAt DATETIME2 NOT NULL, UpdatedAt DATETIME2 NULL,
    CreatedBy UNIQUEIDENTIFIER NULL, UpdatedBy UNIQUEIDENTIFIER NULL, IsDeleted BIT NOT NULL DEFAULT 0,
    CONSTRAINT FK_ProductCategories_BrandProfiles FOREIGN KEY (BrandProfileId) REFERENCES dbo.BrandProfiles(Id));
2026-07-22 23:15:07.154 +07:00 [INF] Executed DbCommand (16ms) [Parameters=[], CommandType='"Text"', CommandTimeout='30']
IF OBJECT_ID('dbo.ProductCategories') IS NOT NULL AND NOT EXISTS (SELECT 1 FROM sys.indexes WHERE name = 'IX_ProductCategories_BrandProfileId_CategoryName')
    CREATE UNIQUE INDEX IX_ProductCategories_BrandProfileId_CategoryName ON dbo.ProductCategories(BrandProfileId, CategoryName);
2026-07-22 23:15:07.162 +07:00 [INF] Executed DbCommand (3ms) [Parameters=[], CommandType='"Text"', CommandTimeout='30']
IF OBJECT_ID('dbo.Products') IS NULL
CREATE TABLE dbo.Products (
    Id UNIQUEIDENTIFIER NOT NULL PRIMARY KEY, BrandProfileId UNIQUEIDENTIFIER NOT NULL, ProductCategoryId UNIQUEIDENTIFIER NULL,
    ProductName NVARCHAR(200) NOT NULL, Price DECIMAL(18,2) NULL, AiGeneratedDescription NVARCHAR(MAX) NULL,
    CreatedAt DATETIME2 NOT NULL, UpdatedAt DATETIME2 NULL,
    CreatedBy UNIQUEIDENTIFIER NULL, UpdatedBy UNIQUEIDENTIFIER NULL, IsDeleted BIT NOT NULL DEFAULT 0,
    CONSTRAINT FK_Products_BrandProfiles FOREIGN KEY (BrandProfileId) REFERENCES dbo.BrandProfiles(Id),
    CONSTRAINT FK_Products_ProductCategories FOREIGN KEY (ProductCategoryId) REFERENCES dbo.ProductCategories(Id));
2026-07-22 23:15:07.188 +07:00 [INF] Executed DbCommand (19ms) [Parameters=[], CommandType='"Text"', CommandTimeout='30']
IF NOT EXISTS (SELECT 1 FROM sys.foreign_keys WHERE name = 'FK_MediaFiles_Products_ProductId') AND OBJECT_ID('dbo.Products') IS NOT NULL
    ALTER TABLE dbo.MediaFiles ADD CONSTRAINT FK_MediaFiles_Products_ProductId FOREIGN KEY (ProductId) REFERENCES dbo.Products(Id);
2026-07-22 23:15:07.201 +07:00 [INF] Executed DbCommand (4ms) [Parameters=[], CommandType='"Text"', CommandTimeout='30']
IF OBJECT_ID('dbo.CampaignGoals') IS NULL
CREATE TABLE dbo.CampaignGoals (
    Id UNIQUEIDENTIFIER NOT NULL PRIMARY KEY, GoalName NVARCHAR(100) NOT NULL,
    CreatedAt DATETIME2 NOT NULL, UpdatedAt DATETIME2 NULL,
    CreatedBy UNIQUEIDENTIFIER NULL, UpdatedBy UNIQUEIDENTIFIER NULL, IsDeleted BIT NOT NULL DEFAULT 0);
2026-07-22 23:15:07.236 +07:00 [INF] Executed DbCommand (24ms) [Parameters=[], CommandType='"Text"', CommandTimeout='30']
IF OBJECT_ID('dbo.CampaignGoals') IS NOT NULL AND NOT EXISTS (SELECT 1 FROM sys.indexes WHERE name = 'IX_CampaignGoals_GoalName')
    CREATE UNIQUE INDEX IX_CampaignGoals_GoalName ON dbo.CampaignGoals(GoalName);
2026-07-22 23:15:07.246 +07:00 [INF] Executed DbCommand (4ms) [Parameters=[], CommandType='"Text"', CommandTimeout='30']
IF OBJECT_ID('dbo.PromotionTypes') IS NULL
CREATE TABLE dbo.PromotionTypes (
    Id UNIQUEIDENTIFIER NOT NULL PRIMARY KEY, TypeName NVARCHAR(100) NOT NULL,
    CreatedAt DATETIME2 NOT NULL, UpdatedAt DATETIME2 NULL,
    CreatedBy UNIQUEIDENTIFIER NULL, UpdatedBy UNIQUEIDENTIFIER NULL, IsDeleted BIT NOT NULL DEFAULT 0);
2026-07-22 23:15:07.286 +07:00 [INF] Executed DbCommand (31ms) [Parameters=[], CommandType='"Text"', CommandTimeout='30']
IF OBJECT_ID('dbo.PromotionTypes') IS NOT NULL AND NOT EXISTS (SELECT 1 FROM sys.indexes WHERE name = 'IX_PromotionTypes_TypeName')
    CREATE UNIQUE INDEX IX_PromotionTypes_TypeName ON dbo.PromotionTypes(TypeName);
2026-07-22 23:15:07.302 +07:00 [INF] Executed DbCommand (6ms) [Parameters=[], CommandType='"Text"', CommandTimeout='30']
IF OBJECT_ID('dbo.TimelineTemplateTypes') IS NULL
CREATE TABLE dbo.TimelineTemplateTypes (
    Id UNIQUEIDENTIFIER NOT NULL PRIMARY KEY, TypeName NVARCHAR(50) NOT NULL, Description NVARCHAR(300) NULL,
    CreatedAt DATETIME2 NOT NULL, UpdatedAt DATETIME2 NULL,
    CreatedBy UNIQUEIDENTIFIER NULL, UpdatedBy UNIQUEIDENTIFIER NULL, IsDeleted BIT NOT NULL DEFAULT 0);
2026-07-22 23:15:07.331 +07:00 [INF] Executed DbCommand (22ms) [Parameters=[], CommandType='"Text"', CommandTimeout='30']
IF OBJECT_ID('dbo.TimelineTemplateTypes') IS NOT NULL AND NOT EXISTS (SELECT 1 FROM sys.indexes WHERE name = 'IX_TimelineTemplateTypes_TypeName')
    CREATE UNIQUE INDEX IX_TimelineTemplateTypes_TypeName ON dbo.TimelineTemplateTypes(TypeName);
2026-07-22 23:15:07.354 +07:00 [INF] Executed DbCommand (5ms) [Parameters=[], CommandType='"Text"', CommandTimeout='30']
IF OBJECT_ID('dbo.Campaigns') IS NULL
CREATE TABLE dbo.Campaigns (
    Id UNIQUEIDENTIFIER NOT NULL PRIMARY KEY, ProjectId UNIQUEIDENTIFIER NOT NULL, Name NVARCHAR(200) NOT NULL,
    GoalId UNIQUEIDENTIFIER NOT NULL, PromotionTypeId UNIQUEIDENTIFIER NOT NULL,
    DiscountPercent DECIMAL(5,2) NULL, DiscountAmount DECIMAL(18,2) NULL, MinOrderAmount DECIMAL(18,2) NULL,
    StartDate DATE NOT NULL, EndDate DATE NOT NULL, NumberOfPosts INT NOT NULL DEFAULT 1, Status INT NOT NULL,
    CreatedAt DATETIME2 NOT NULL, UpdatedAt DATETIME2 NULL,
    CreatedBy UNIQUEIDENTIFIER NULL, UpdatedBy UNIQUEIDENTIFIER NULL, IsDeleted BIT NOT NULL DEFAULT 0,
    CONSTRAINT FK_Campaigns_Projects FOREIGN KEY (ProjectId) REFERENCES dbo.Projects(Id),
    CONSTRAINT FK_Campaigns_CampaignGoals FOREIGN KEY (GoalId) REFERENCES dbo.CampaignGoals(Id),
    CONSTRAINT FK_Campaigns_PromotionTypes FOREIGN KEY (PromotionTypeId) REFERENCES dbo.PromotionTypes(Id),
    CONSTRAINT CK_Campaigns_Dates CHECK (EndDate >= StartDate),
    CONSTRAINT CK_Campaigns_NumberOfPosts CHECK (NumberOfPosts > 0));
2026-07-22 23:15:07.366 +07:00 [INF] Executed DbCommand (3ms) [Parameters=[], CommandType='"Text"', CommandTimeout='30']
IF OBJECT_ID('dbo.CampaignChannelAccounts') IS NULL
CREATE TABLE dbo.CampaignChannelAccounts (
    Id UNIQUEIDENTIFIER NOT NULL PRIMARY KEY, CampaignId UNIQUEIDENTIFIER NOT NULL, ChannelAccountId UNIQUEIDENTIFIER NOT NULL,
    CreatedAt DATETIME2 NOT NULL, UpdatedAt DATETIME2 NULL,
    CreatedBy UNIQUEIDENTIFIER NULL, UpdatedBy UNIQUEIDENTIFIER NULL, IsDeleted BIT NOT NULL DEFAULT 0,
    CONSTRAINT FK_CampaignChannelAccounts_Campaigns FOREIGN KEY (CampaignId) REFERENCES dbo.Campaigns(Id),
    CONSTRAINT FK_CampaignChannelAccounts_ChannelAccounts FOREIGN KEY (ChannelAccountId) REFERENCES dbo.ChannelAccounts(Id));
2026-07-22 23:15:07.392 +07:00 [INF] Executed DbCommand (20ms) [Parameters=[], CommandType='"Text"', CommandTimeout='30']
IF OBJECT_ID('dbo.CampaignChannelAccounts') IS NOT NULL AND NOT EXISTS (SELECT 1 FROM sys.indexes WHERE name = 'IX_CampaignChannelAccounts_CampaignId_ChannelAccountId')
    CREATE UNIQUE INDEX IX_CampaignChannelAccounts_CampaignId_ChannelAccountId ON dbo.CampaignChannelAccounts(CampaignId, ChannelAccountId);
2026-07-22 23:15:07.405 +07:00 [INF] Executed DbCommand (4ms) [Parameters=[], CommandType='"Text"', CommandTimeout='30']
IF OBJECT_ID('dbo.Timelines') IS NULL
CREATE TABLE dbo.Timelines (
    Id UNIQUEIDENTIFIER NOT NULL PRIMARY KEY, ProjectId UNIQUEIDENTIFIER NOT NULL, CampaignId UNIQUEIDENTIFIER NULL,
    Name NVARCHAR(200) NOT NULL, TemplateTypeId UNIQUEIDENTIFIER NOT NULL,
    StartDate DATE NOT NULL, EndDate DATE NOT NULL, Status INT NOT NULL,
    CreatedAt DATETIME2 NOT NULL, UpdatedAt DATETIME2 NULL,
    CreatedBy UNIQUEIDENTIFIER NULL, UpdatedBy UNIQUEIDENTIFIER NULL, IsDeleted BIT NOT NULL DEFAULT 0,
    CONSTRAINT FK_Timelines_Projects FOREIGN KEY (ProjectId) REFERENCES dbo.Projects(Id),
    CONSTRAINT FK_Timelines_Campaigns FOREIGN KEY (CampaignId) REFERENCES dbo.Campaigns(Id),
    CONSTRAINT FK_Timelines_TimelineTemplateTypes FOREIGN KEY (TemplateTypeId) REFERENCES dbo.TimelineTemplateTypes(Id),
    CONSTRAINT CK_Timelines_Dates CHECK (EndDate >= StartDate));
2026-07-22 23:15:07.431 +07:00 [INF] Executed DbCommand (21ms) [Parameters=[], CommandType='"Text"', CommandTimeout='30']
IF NOT EXISTS (SELECT 1 FROM sys.foreign_keys WHERE name = 'FK_Posts_Timelines_TimelineId') AND OBJECT_ID('dbo.Timelines') IS NOT NULL
    ALTER TABLE dbo.Posts ADD CONSTRAINT FK_Posts_Timelines_TimelineId FOREIGN KEY (TimelineId) REFERENCES dbo.Timelines(Id);
2026-07-22 23:15:07.464 +07:00 [INF] Executed DbCommand (19ms) [Parameters=[], CommandType='"Text"', CommandTimeout='30']
IF NOT EXISTS (SELECT 1 FROM sys.foreign_keys WHERE name = 'FK_Posts_VoiceSampleTemplates_VoiceSampleId') AND OBJECT_ID('dbo.VoiceSampleTemplates') IS NOT NULL
    ALTER TABLE dbo.Posts ADD CONSTRAINT FK_Posts_VoiceSampleTemplates_VoiceSampleId FOREIGN KEY (VoiceSampleId) REFERENCES dbo.VoiceSampleTemplates(Id);
2026-07-22 23:15:07.490 +07:00 [INF] Executed DbCommand (4ms) [Parameters=[], CommandType='"Text"', CommandTimeout='30']
IF OBJECT_ID('dbo.PostHashtags') IS NULL
CREATE TABLE dbo.PostHashtags (
    Id UNIQUEIDENTIFIER NOT NULL PRIMARY KEY, PostId UNIQUEIDENTIFIER NOT NULL, HashtagId UNIQUEIDENTIFIER NOT NULL,
    CreatedAt DATETIME2 NOT NULL, UpdatedAt DATETIME2 NULL,
    CreatedBy UNIQUEIDENTIFIER NULL, UpdatedBy UNIQUEIDENTIFIER NULL, IsDeleted BIT NOT NULL DEFAULT 0,
    CONSTRAINT FK_PostHashtags_Posts FOREIGN KEY (PostId) REFERENCES dbo.Posts(Id),
    CONSTRAINT FK_PostHashtags_Hashtags FOREIGN KEY (HashtagId) REFERENCES dbo.Hashtags(Id));
2026-07-22 23:15:07.500 +07:00 [INF] Executed DbCommand (4ms) [Parameters=[], CommandType='"Text"', CommandTimeout='30']
IF OBJECT_ID('dbo.PostChannelAccounts') IS NULL
CREATE TABLE dbo.PostChannelAccounts (
    Id UNIQUEIDENTIFIER NOT NULL PRIMARY KEY, PostId UNIQUEIDENTIFIER NOT NULL, ChannelAccountId UNIQUEIDENTIFIER NOT NULL,
    Status INT NOT NULL, ExternalPostId NVARCHAR(128) NULL, PublishedUrl NVARCHAR(1000) NULL, PublishedAt DATETIME2 NULL,
    CreatedAt DATETIME2 NOT NULL, UpdatedAt DATETIME2 NULL,
    CreatedBy UNIQUEIDENTIFIER NULL, UpdatedBy UNIQUEIDENTIFIER NULL, IsDeleted BIT NOT NULL DEFAULT 0,
    CONSTRAINT FK_PostChannelAccounts_Posts FOREIGN KEY (PostId) REFERENCES dbo.Posts(Id),
    CONSTRAINT FK_PostChannelAccounts_ChannelAccounts FOREIGN KEY (ChannelAccountId) REFERENCES dbo.ChannelAccounts(Id));
2026-07-22 23:15:07.535 +07:00 [INF] Executed DbCommand (23ms) [Parameters=[], CommandType='"Text"', CommandTimeout='30']
IF OBJECT_ID('dbo.PostChannelAccounts') IS NOT NULL AND NOT EXISTS (SELECT 1 FROM sys.indexes WHERE name = 'IX_PostChannelAccounts_PostId_ChannelAccountId')
    CREATE UNIQUE INDEX IX_PostChannelAccounts_PostId_ChannelAccountId ON dbo.PostChannelAccounts(PostId, ChannelAccountId);
2026-07-22 23:15:07.575 +07:00 [INF] Executed DbCommand (32ms) [Parameters=[], CommandType='"Text"', CommandTimeout='30']
IF NOT EXISTS (SELECT 1 FROM sys.foreign_keys WHERE name = 'FK_PostSchedules_PostChannelAccounts_PostChannelAccountId') AND OBJECT_ID('dbo.PostChannelAccounts') IS NOT NULL
    ALTER TABLE dbo.PostSchedules ADD CONSTRAINT FK_PostSchedules_PostChannelAccounts_PostChannelAccountId FOREIGN KEY (PostChannelAccountId) REFERENCES dbo.PostChannelAccounts(Id);
2026-07-22 23:15:07.590 +07:00 [INF] Executed DbCommand (3ms) [Parameters=[], CommandType='"Text"', CommandTimeout='30']
IF OBJECT_ID('dbo.PostAnalytics') IS NULL
CREATE TABLE dbo.PostAnalytics (
    Id UNIQUEIDENTIFIER NOT NULL PRIMARY KEY, PostChannelAccountId UNIQUEIDENTIFIER NOT NULL,
    Reach INT NOT NULL DEFAULT 0, Likes INT NOT NULL DEFAULT 0, Comments INT NOT NULL DEFAULT 0, Shares INT NOT NULL DEFAULT 0,
    RecordedAt DATETIME2 NOT NULL,
    CreatedAt DATETIME2 NOT NULL, UpdatedAt DATETIME2 NULL,
    CreatedBy UNIQUEIDENTIFIER NULL, UpdatedBy UNIQUEIDENTIFIER NULL, IsDeleted BIT NOT NULL DEFAULT 0,
    CONSTRAINT FK_PostAnalytics_PostChannelAccounts FOREIGN KEY (PostChannelAccountId) REFERENCES dbo.PostChannelAccounts(Id));
2026-07-22 23:15:07.612 +07:00 [INF] Executed DbCommand (13ms) [Parameters=[], CommandType='"Text"', CommandTimeout='30']
IF OBJECT_ID('dbo.PostAnalytics') IS NOT NULL AND NOT EXISTS (SELECT 1 FROM sys.indexes WHERE name = 'IX_PostAnalytics_PostChannelAccountId')
    CREATE UNIQUE INDEX IX_PostAnalytics_PostChannelAccountId ON dbo.PostAnalytics(PostChannelAccountId);
2026-07-22 23:15:07.616 +07:00 [INF] FlowMate EF compatibility layer applied.
2026-07-22 23:15:08.182 +07:00 [INF] Executed DbCommand (9ms) [Parameters=[], CommandType='"Text"', CommandTimeout='30']
SELECT CASE
    WHEN EXISTS (
        SELECT 1
        FROM [Roles] AS [r]
        WHERE [r].[IsDeleted] = CAST(0 AS bit)) THEN CAST(1 AS bit)
    ELSE CAST(0 AS bit)
END
2026-07-22 23:15:08.263 +07:00 [INF] Executed DbCommand (7ms) [Parameters=[], CommandType='"Text"', CommandTimeout='30']
SELECT CASE
    WHEN EXISTS (
        SELECT 1
        FROM [Permissions] AS [p]
        WHERE [p].[IsDeleted] = CAST(0 AS bit)) THEN CAST(1 AS bit)
    ELSE CAST(0 AS bit)
END
2026-07-22 23:15:08.299 +07:00 [INF] Executed DbCommand (6ms) [Parameters=[], CommandType='"Text"', CommandTimeout='30']
SELECT CASE
    WHEN EXISTS (
        SELECT 1
        FROM [RolePermissions] AS [r]
        WHERE [r].[IsDeleted] = CAST(0 AS bit) AND [r].[RoleId] = '33333333-3333-3333-3333-333333333333') THEN CAST(1 AS bit)
    ELSE CAST(0 AS bit)
END
2026-07-22 23:15:08.321 +07:00 [INF] Executed DbCommand (6ms) [Parameters=[], CommandType='"Text"', CommandTimeout='30']
SELECT CASE
    WHEN EXISTS (
        SELECT 1
        FROM [Plans] AS [p]
        WHERE [p].[IsDeleted] = CAST(0 AS bit)) THEN CAST(1 AS bit)
    ELSE CAST(0 AS bit)
END
2026-07-22 23:15:08.341 +07:00 [INF] Executed DbCommand (7ms) [Parameters=[], CommandType='"Text"', CommandTimeout='30']
SELECT CASE
    WHEN EXISTS (
        SELECT 1
        FROM [Channels] AS [c]
        WHERE [c].[IsDeleted] = CAST(0 AS bit)) THEN CAST(1 AS bit)
    ELSE CAST(0 AS bit)
END
2026-07-22 23:15:08.360 +07:00 [INF] Executed DbCommand (6ms) [Parameters=[], CommandType='"Text"', CommandTimeout='30']
SELECT CASE
    WHEN EXISTS (
        SELECT 1
        FROM [BrandStyles] AS [b]
        WHERE [b].[IsDeleted] = CAST(0 AS bit)) THEN CAST(1 AS bit)
    ELSE CAST(0 AS bit)
END
2026-07-22 23:15:08.374 +07:00 [INF] Executed DbCommand (4ms) [Parameters=[], CommandType='"Text"', CommandTimeout='30']
SELECT CASE
    WHEN EXISTS (
        SELECT 1
        FROM [ToneKeywords] AS [t]
        WHERE [t].[IsDeleted] = CAST(0 AS bit)) THEN CAST(1 AS bit)
    ELSE CAST(0 AS bit)
END
2026-07-22 23:15:08.391 +07:00 [INF] Executed DbCommand (4ms) [Parameters=[], CommandType='"Text"', CommandTimeout='30']
SELECT CASE
    WHEN EXISTS (
        SELECT 1
        FROM [VoiceSampleTemplates] AS [v]
        WHERE [v].[IsDeleted] = CAST(0 AS bit)) THEN CAST(1 AS bit)
    ELSE CAST(0 AS bit)
END
2026-07-22 23:15:08.425 +07:00 [INF] Executed DbCommand (11ms) [Parameters=[], CommandType='"Text"', CommandTimeout='30']
SELECT CASE
    WHEN EXISTS (
        SELECT 1
        FROM [CtaTemplates] AS [c]
        WHERE [c].[IsDeleted] = CAST(0 AS bit)) THEN CAST(1 AS bit)
    ELSE CAST(0 AS bit)
END
2026-07-22 23:15:08.455 +07:00 [INF] Executed DbCommand (10ms) [Parameters=[], CommandType='"Text"', CommandTimeout='30']
SELECT CASE
    WHEN EXISTS (
        SELECT 1
        FROM [CampaignGoals] AS [c]
        WHERE [c].[IsDeleted] = CAST(0 AS bit)) THEN CAST(1 AS bit)
    ELSE CAST(0 AS bit)
END
2026-07-22 23:15:08.481 +07:00 [INF] Executed DbCommand (12ms) [Parameters=[], CommandType='"Text"', CommandTimeout='30']
SELECT CASE
    WHEN EXISTS (
        SELECT 1
        FROM [PromotionTypes] AS [p]
        WHERE [p].[IsDeleted] = CAST(0 AS bit)) THEN CAST(1 AS bit)
    ELSE CAST(0 AS bit)
END
2026-07-22 23:15:08.512 +07:00 [INF] Executed DbCommand (4ms) [Parameters=[], CommandType='"Text"', CommandTimeout='30']
SELECT CASE
    WHEN EXISTS (
        SELECT 1
        FROM [TimelineTemplateTypes] AS [t]
        WHERE [t].[IsDeleted] = CAST(0 AS bit)) THEN CAST(1 AS bit)
    ELSE CAST(0 AS bit)
END
2026-07-22 23:15:08.541 +07:00 [INF] Executed DbCommand (11ms) [Parameters=[], CommandType='"Text"', CommandTimeout='30']
SELECT CASE
    WHEN EXISTS (
        SELECT 1
        FROM [Settings] AS [s]
        WHERE [s].[IsDeleted] = CAST(0 AS bit)) THEN CAST(1 AS bit)
    ELSE CAST(0 AS bit)
END
2026-07-22 23:15:08.560 +07:00 [INF] Executed DbCommand (7ms) [Parameters=[], CommandType='"Text"', CommandTimeout='30']
SELECT CASE
    WHEN EXISTS (
        SELECT 1
        FROM [AiPrompts] AS [a]
        WHERE [a].[IsDeleted] = CAST(0 AS bit)) THEN CAST(1 AS bit)
    ELSE CAST(0 AS bit)
END
2026-07-22 23:15:08.582 +07:00 [INF] Executed DbCommand (6ms) [Parameters=[], CommandType='"Text"', CommandTimeout='30']
SELECT CASE
    WHEN EXISTS (
        SELECT 1
        FROM [AiPrompts] AS [a]
        WHERE [a].[IsDeleted] = CAST(0 AS bit) AND [a].[Name] = N'Facebook Fanpage Bán Hàng') THEN CAST(1 AS bit)
    ELSE CAST(0 AS bit)
END
2026-07-22 23:15:08.597 +07:00 [INF] Executed DbCommand (5ms) [Parameters=[], CommandType='"Text"', CommandTimeout='30']
SELECT CASE
    WHEN EXISTS (
        SELECT 1
        FROM [Users] AS [u]
        WHERE [u].[IsDeleted] = CAST(0 AS bit) AND [u].[Email] = N'admin@autowork.com') THEN CAST(1 AS bit)
    ELSE CAST(0 AS bit)
END
2026-07-22 23:15:08.611 +07:00 [INF] Executed DbCommand (4ms) [Parameters=[], CommandType='"Text"', CommandTimeout='30']
SELECT CASE
    WHEN EXISTS (
        SELECT 1
        FROM [Users] AS [u]
        WHERE [u].[IsDeleted] = CAST(0 AS bit) AND [u].[Email] = N'demo@autowork.com') THEN CAST(1 AS bit)
    ELSE CAST(0 AS bit)
END
2026-07-22 23:15:08.625 +07:00 [INF] Executed DbCommand (4ms) [Parameters=[], CommandType='"Text"', CommandTimeout='30']
SELECT CASE
    WHEN EXISTS (
        SELECT 1
        FROM [Projects] AS [p]
        WHERE [p].[IsDeleted] = CAST(0 AS bit) AND [p].[Id] = '13131313-1313-1313-1313-131313131313') THEN CAST(1 AS bit)
    ELSE CAST(0 AS bit)
END
2026-07-22 23:15:08.637 +07:00 [INF] Executed DbCommand (5ms) [Parameters=[], CommandType='"Text"', CommandTimeout='30']
SELECT CASE
    WHEN EXISTS (
        SELECT 1
        FROM [Posts] AS [p]
        WHERE [p].[IsDeleted] = CAST(0 AS bit) AND [p].[ProjectId] = '13131313-1313-1313-1313-131313131313') THEN CAST(1 AS bit)
    ELSE CAST(0 AS bit)
END
2026-07-22 23:15:08.659 +07:00 [INF] Database seed completed successfully.
2026-07-22 23:15:08.903 +07:00 [INF] Start installing Hangfire SQL objects...
2026-07-22 23:15:09.118 +07:00 [INF] Hangfire SQL objects installed.
2026-07-22 23:15:09.505 +07:00 [WRN] The WebRootPath was not found: D:\EXE01\AIMarketingAssistant\src\AutoWork.API\wwwroot. Static files may be unavailable.
2026-07-22 23:15:09.656 +07:00 [INF] Now listening on: https://localhost:7165
2026-07-22 23:15:09.778 +07:00 [INF] Starting Hangfire Server using job storage: 'SQL Server: localhost@FlowMateDB'
2026-07-22 23:15:09.780 +07:00 [INF] Using the following options for SQL Server job storage: Queue poll interval: 00:00:15.
2026-07-22 23:15:09.782 +07:00 [INF] Using the following options for Hangfire Server:
    Worker count: 20
    Listening queues: 'default'
    Shutdown timeout: 00:00:15
    Schedule polling interval: 00:00:15
2026-07-22 23:15:09.806 +07:00 [INF] Application started. Press Ctrl+C to shut down.
2026-07-22 23:15:09.808 +07:00 [INF] Hosting environment: Development
2026-07-22 23:15:09.811 +07:00 [INF] Content root path: D:\EXE01\AIMarketingAssistant\src\AutoWork.API
2026-07-22 23:15:09.844 +07:00 [INF] Server laptop-g044c7b0:37884:41f8a926 successfully announced in 32.9917 ms
2026-07-22 23:15:09.853 +07:00 [INF] Server laptop-g044c7b0:37884:41f8a926 is starting the registered dispatchers: ServerWatchdog, ServerJobCancellationWatcher, ExpirationManager, CountersAggregator, SqlServerHeartbeatProcess, Worker, DelayedJobScheduler, RecurringJobScheduler...
2026-07-22 23:15:10.025 +07:00 [INF] Server laptop-g044c7b0:37884:41f8a926 all the dispatchers started
2026-07-22 23:15:13.847 +07:00 [INF] Executed DbCommand (85ms) [Parameters=[@__before_0='?' (DbType = DateTime2)], CommandType='"Text"', CommandTimeout='30']
SELECT [p].[Id], [p].[CreatedAt], [p].[CreatedBy], [p].[ExecutedAt], [p].[FailureReason], [p].[IsDeleted], [p].[PostChannelAccountId], [p].[PostId], [p].[RetryCount], [p].[ScheduledAt], [p].[Status], [p].[UpdatedAt], [p].[UpdatedBy], [t].[Id], [t].[ChannelAccountId], [t].[CreatedAt], [t].[CreatedBy], [t].[DayNumber], [t].[ExternalPostId], [t].[IsDeleted], [t].[ProjectId], [t].[PublishedAt], [t].[PublishedUrl], [t].[ScheduledAt], [t].[Status], [t].[TimelineId], [t].[Title], [t].[TrackingEnabled], [t].[UpdatedAt], [t].[UpdatedBy], [t].[VoiceSampleId], [t0].[Id], [t0].[Content], [t0].[ContentType], [t0].[CreatedAt], [t0].[CreatedBy], [t0].[IsDeleted], [t0].[MediaFileId], [t0].[PostId], [t0].[SortOrder], [t0].[UpdatedAt], [t0].[UpdatedBy]
FROM [PostSchedules] AS [p]
INNER JOIN (
    SELECT [p0].[Id], [p0].[ChannelAccountId], [p0].[CreatedAt], [p0].[CreatedBy], [p0].[DayNumber], [p0].[ExternalPostId], [p0].[IsDeleted], [p0].[ProjectId], [p0].[PublishedAt], [p0].[PublishedUrl], [p0].[ScheduledAt], [p0].[Status], [p0].[TimelineId], [p0].[Title], [p0].[TrackingEnabled], [p0].[UpdatedAt], [p0].[UpdatedBy], [p0].[VoiceSampleId]
    FROM [Posts] AS [p0]
    WHERE [p0].[IsDeleted] = CAST(0 AS bit)
) AS [t] ON [p].[PostId] = [t].[Id]
LEFT JOIN (
    SELECT [p1].[Id], [p1].[Content], [p1].[ContentType], [p1].[CreatedAt], [p1].[CreatedBy], [p1].[IsDeleted], [p1].[MediaFileId], [p1].[PostId], [p1].[SortOrder], [p1].[UpdatedAt], [p1].[UpdatedBy]
    FROM [PostContents] AS [p1]
    WHERE [p1].[IsDeleted] = CAST(0 AS bit)
) AS [t0] ON [t].[Id] = [t0].[PostId]
WHERE [p].[IsDeleted] = CAST(0 AS bit) AND [p].[Status] = 0 AND [p].[ScheduledAt] <= @__before_0
ORDER BY [p].[ScheduledAt], [p].[Id], [t].[Id]
2026-07-22 23:15:34.295 +07:00 [INF] HTTP GET /api/dashboard/stats started
2026-07-22 23:15:34.804 +07:00 [INF] Handling GetDashboardStatsQuery {"$type":"GetDashboardStatsQuery"}
2026-07-22 23:15:35.459 +07:00 [DBG] The Lucky Penny license key details: AutoMapper.Licensing.License
2026-07-22 23:15:35.464 +07:00 [INF] You have a valid license key for the Lucky Penny software "Bundle" "Community" edition. The license expires on "2027-06-18T00:00:00.0000000+00:00".
2026-07-22 23:15:35.602 +07:00 [INF] Executed DbCommand (12ms) [Parameters=[@__userId_0='?' (DbType = Guid)], CommandType='"Text"', CommandTimeout='30']
SELECT [p].[Id], [p].[ChannelAccountId], [p].[CreatedAt], [p].[CreatedBy], [p].[DayNumber], [p].[ExternalPostId], [p].[IsDeleted], [p].[ProjectId], [p].[PublishedAt], [p].[PublishedUrl], [p].[ScheduledAt], [p].[Status], [p].[TimelineId], [p].[Title], [p].[TrackingEnabled], [p].[UpdatedAt], [p].[UpdatedBy], [p].[VoiceSampleId], [t].[Id], [t].[CreatedAt], [t].[CreatedBy], [t].[Description], [t].[IsActive], [t].[IsDeleted], [t].[LogoUrl], [t].[Name], [t].[UpdatedAt], [t].[UpdatedBy], [t].[UserId]
FROM [Posts] AS [p]
INNER JOIN (
    SELECT [p0].[Id], [p0].[CreatedAt], [p0].[CreatedBy], [p0].[Description], [p0].[IsActive], [p0].[IsDeleted], [p0].[LogoUrl], [p0].[Name], [p0].[UpdatedAt], [p0].[UpdatedBy], [p0].[UserId]
    FROM [Projects] AS [p0]
    WHERE [p0].[IsDeleted] = CAST(0 AS bit)
) AS [t] ON [p].[ProjectId] = [t].[Id]
WHERE [p].[IsDeleted] = CAST(0 AS bit) AND [t].[UserId] = @__userId_0
ORDER BY [p].[CreatedAt] DESC
2026-07-22 23:15:35.707 +07:00 [INF] Executed DbCommand (14ms) [Parameters=[@__userId_0='?' (DbType = Guid), @__today_1='?' (DbType = DateTime2), @__tomorrow_2='?' (DbType = DateTime2)], CommandType='"Text"', CommandTimeout='30']
SELECT COUNT(*)
FROM [Posts] AS [p]
INNER JOIN (
    SELECT [p0].[Id], [p0].[UserId]
    FROM [Projects] AS [p0]
    WHERE [p0].[IsDeleted] = CAST(0 AS bit)
) AS [t] ON [p].[ProjectId] = [t].[Id]
WHERE [p].[IsDeleted] = CAST(0 AS bit) AND [t].[UserId] = @__userId_0 AND [p].[Status] = 3 AND [p].[PublishedAt] >= @__today_1 AND [p].[PublishedAt] < @__tomorrow_2
2026-07-22 23:15:35.739 +07:00 [INF] Executed DbCommand (10ms) [Parameters=[@__userId_0='?' (DbType = Guid)], CommandType='"Text"', CommandTimeout='30']
SELECT COUNT(*)
FROM [AiGeneratedContents] AS [a]
WHERE [a].[IsDeleted] = CAST(0 AS bit) AND [a].[UserId] = @__userId_0
2026-07-22 23:15:35.820 +07:00 [INF] Executed DbCommand (15ms) [Parameters=[@__userId_0='?' (DbType = Guid)], CommandType='"Text"', CommandTimeout='30']
SELECT [t].[Id], [t].[Balance], [t].[CreatedAt], [t].[CreatedBy], [t].[IsDeleted], [t].[TotalEarned], [t].[TotalUsed], [t].[UpdatedAt], [t].[UpdatedBy], [t].[UserId], [t0].[Id], [t0].[Amount], [t0].[BalanceAfter], [t0].[CreatedAt], [t0].[CreatedBy], [t0].[CreditId], [t0].[Description], [t0].[IsDeleted], [t0].[ReferenceId], [t0].[ReferenceType], [t0].[Type], [t0].[UpdatedAt], [t0].[UpdatedBy], [t0].[UserId]
FROM (
    SELECT TOP(1) [c].[Id], [c].[Balance], [c].[CreatedAt], [c].[CreatedBy], [c].[IsDeleted], [c].[TotalEarned], [c].[TotalUsed], [c].[UpdatedAt], [c].[UpdatedBy], [c].[UserId]
    FROM [Credits] AS [c]
    WHERE [c].[IsDeleted] = CAST(0 AS bit) AND [c].[UserId] = @__userId_0
) AS [t]
LEFT JOIN (
    SELECT [c0].[Id], [c0].[Amount], [c0].[BalanceAfter], [c0].[CreatedAt], [c0].[CreatedBy], [c0].[CreditId], [c0].[Description], [c0].[IsDeleted], [c0].[ReferenceId], [c0].[ReferenceType], [c0].[Type], [c0].[UpdatedAt], [c0].[UpdatedBy], [c0].[UserId]
    FROM [CreditTransactions] AS [c0]
    WHERE [c0].[IsDeleted] = CAST(0 AS bit)
) AS [t0] ON [t].[Id] = [t0].[CreditId]
ORDER BY [t].[Id]
2026-07-22 23:15:36.014 +07:00 [INF] Executed DbCommand (3ms) [Parameters=[@__userId_0='?' (DbType = Guid)], CommandType='"Text"', CommandTimeout='30']
SELECT COUNT(*)
FROM [Projects] AS [p]
WHERE [p].[IsDeleted] = CAST(0 AS bit) AND [p].[UserId] = @__userId_0
2026-07-22 23:15:36.111 +07:00 [INF] Executed DbCommand (15ms) [Parameters=[@__p_1='?' (DbType = Int32), @__userId_0='?' (DbType = Guid)], CommandType='"Text"', CommandTimeout='30']
SELECT TOP(@__p_1) [p].[Id], [p].[CreatedAt], [p].[CreatedBy], [p].[ExecutedAt], [p].[FailureReason], [p].[IsDeleted], [p].[PostChannelAccountId], [p].[PostId], [p].[RetryCount], [p].[ScheduledAt], [p].[Status], [p].[UpdatedAt], [p].[UpdatedBy], [t].[Id], [t].[ChannelAccountId], [t].[CreatedAt], [t].[CreatedBy], [t].[DayNumber], [t].[ExternalPostId], [t].[IsDeleted], [t].[ProjectId], [t].[PublishedAt], [t].[PublishedUrl], [t].[ScheduledAt], [t].[Status], [t].[TimelineId], [t].[Title], [t].[TrackingEnabled], [t].[UpdatedAt], [t].[UpdatedBy], [t].[VoiceSampleId], [t0].[Id], [t0].[CreatedAt], [t0].[CreatedBy], [t0].[Description], [t0].[IsActive], [t0].[IsDeleted], [t0].[LogoUrl], [t0].[Name], [t0].[UpdatedAt], [t0].[UpdatedBy], [t0].[UserId]
FROM [PostSchedules] AS [p]
INNER JOIN (
    SELECT [p0].[Id], [p0].[ChannelAccountId], [p0].[CreatedAt], [p0].[CreatedBy], [p0].[DayNumber], [p0].[ExternalPostId], [p0].[IsDeleted], [p0].[ProjectId], [p0].[PublishedAt], [p0].[PublishedUrl], [p0].[ScheduledAt], [p0].[Status], [p0].[TimelineId], [p0].[Title], [p0].[TrackingEnabled], [p0].[UpdatedAt], [p0].[UpdatedBy], [p0].[VoiceSampleId]
    FROM [Posts] AS [p0]
    WHERE [p0].[IsDeleted] = CAST(0 AS bit)
) AS [t] ON [p].[PostId] = [t].[Id]
INNER JOIN (
    SELECT [p1].[Id], [p1].[CreatedAt], [p1].[CreatedBy], [p1].[Description], [p1].[IsActive], [p1].[IsDeleted], [p1].[LogoUrl], [p1].[Name], [p1].[UpdatedAt], [p1].[UpdatedBy], [p1].[UserId]
    FROM [Projects] AS [p1]
    WHERE [p1].[IsDeleted] = CAST(0 AS bit)
) AS [t0] ON [t].[ProjectId] = [t0].[Id]
WHERE [p].[IsDeleted] = CAST(0 AS bit) AND [t0].[UserId] = @__userId_0 AND [p].[Status] = 0 AND [p].[ScheduledAt] >= GETUTCDATE()
ORDER BY [p].[ScheduledAt]
2026-07-22 23:15:36.159 +07:00 [INF] Executed DbCommand (7ms) [Parameters=[@__p_1='?' (DbType = Int32), @__userId_0='?' (DbType = Guid)], CommandType='"Text"', CommandTimeout='30']
SELECT TOP(@__p_1) [a].[Id], [a].[Action], [a].[CreatedAt], [a].[CreatedBy], [a].[EntityId], [a].[EntityType], [a].[IpAddress], [a].[IsDeleted], [a].[NewValues], [a].[OldValues], [a].[UpdatedAt], [a].[UpdatedBy], [a].[UserAgent], [a].[UserId]
FROM [AuditLogs] AS [a]
WHERE [a].[IsDeleted] = CAST(0 AS bit) AND [a].[UserId] = @__userId_0
ORDER BY [a].[CreatedAt] DESC
2026-07-22 23:15:36.203 +07:00 [INF] Handled GetDashboardStatsQuery in 1391ms
2026-07-22 23:15:36.297 +07:00 [INF] HTTP GET /api/dashboard/stats responded 200 in 2009.7294ms
2026-07-22 23:16:11.269 +07:00 [INF] Executed DbCommand (12ms) [Parameters=[@__before_0='?' (DbType = DateTime2)], CommandType='"Text"', CommandTimeout='30']
SELECT [p].[Id], [p].[CreatedAt], [p].[CreatedBy], [p].[ExecutedAt], [p].[FailureReason], [p].[IsDeleted], [p].[PostChannelAccountId], [p].[PostId], [p].[RetryCount], [p].[ScheduledAt], [p].[Status], [p].[UpdatedAt], [p].[UpdatedBy], [t].[Id], [t].[ChannelAccountId], [t].[CreatedAt], [t].[CreatedBy], [t].[DayNumber], [t].[ExternalPostId], [t].[IsDeleted], [t].[ProjectId], [t].[PublishedAt], [t].[PublishedUrl], [t].[ScheduledAt], [t].[Status], [t].[TimelineId], [t].[Title], [t].[TrackingEnabled], [t].[UpdatedAt], [t].[UpdatedBy], [t].[VoiceSampleId], [t0].[Id], [t0].[Content], [t0].[ContentType], [t0].[CreatedAt], [t0].[CreatedBy], [t0].[IsDeleted], [t0].[MediaFileId], [t0].[PostId], [t0].[SortOrder], [t0].[UpdatedAt], [t0].[UpdatedBy]
FROM [PostSchedules] AS [p]
INNER JOIN (
    SELECT [p0].[Id], [p0].[ChannelAccountId], [p0].[CreatedAt], [p0].[CreatedBy], [p0].[DayNumber], [p0].[ExternalPostId], [p0].[IsDeleted], [p0].[ProjectId], [p0].[PublishedAt], [p0].[PublishedUrl], [p0].[ScheduledAt], [p0].[Status], [p0].[TimelineId], [p0].[Title], [p0].[TrackingEnabled], [p0].[UpdatedAt], [p0].[UpdatedBy], [p0].[VoiceSampleId]
    FROM [Posts] AS [p0]
    WHERE [p0].[IsDeleted] = CAST(0 AS bit)
) AS [t] ON [p].[PostId] = [t].[Id]
LEFT JOIN (
    SELECT [p1].[Id], [p1].[Content], [p1].[ContentType], [p1].[CreatedAt], [p1].[CreatedBy], [p1].[IsDeleted], [p1].[MediaFileId], [p1].[PostId], [p1].[SortOrder], [p1].[UpdatedAt], [p1].[UpdatedBy]
    FROM [PostContents] AS [p1]
    WHERE [p1].[IsDeleted] = CAST(0 AS bit)
) AS [t0] ON [t].[Id] = [t0].[PostId]
WHERE [p].[IsDeleted] = CAST(0 AS bit) AND [p].[Status] = 0 AND [p].[ScheduledAt] <= @__before_0
ORDER BY [p].[ScheduledAt], [p].[Id], [t].[Id]
2026-07-22 23:17:11.613 +07:00 [INF] Executed DbCommand (20ms) [Parameters=[@__before_0='?' (DbType = DateTime2)], CommandType='"Text"', CommandTimeout='30']
SELECT [p].[Id], [p].[CreatedAt], [p].[CreatedBy], [p].[ExecutedAt], [p].[FailureReason], [p].[IsDeleted], [p].[PostChannelAccountId], [p].[PostId], [p].[RetryCount], [p].[ScheduledAt], [p].[Status], [p].[UpdatedAt], [p].[UpdatedBy], [t].[Id], [t].[ChannelAccountId], [t].[CreatedAt], [t].[CreatedBy], [t].[DayNumber], [t].[ExternalPostId], [t].[IsDeleted], [t].[ProjectId], [t].[PublishedAt], [t].[PublishedUrl], [t].[ScheduledAt], [t].[Status], [t].[TimelineId], [t].[Title], [t].[TrackingEnabled], [t].[UpdatedAt], [t].[UpdatedBy], [t].[VoiceSampleId], [t0].[Id], [t0].[Content], [t0].[ContentType], [t0].[CreatedAt], [t0].[CreatedBy], [t0].[IsDeleted], [t0].[MediaFileId], [t0].[PostId], [t0].[SortOrder], [t0].[UpdatedAt], [t0].[UpdatedBy]
FROM [PostSchedules] AS [p]
INNER JOIN (
    SELECT [p0].[Id], [p0].[ChannelAccountId], [p0].[CreatedAt], [p0].[CreatedBy], [p0].[DayNumber], [p0].[ExternalPostId], [p0].[IsDeleted], [p0].[ProjectId], [p0].[PublishedAt], [p0].[PublishedUrl], [p0].[ScheduledAt], [p0].[Status], [p0].[TimelineId], [p0].[Title], [p0].[TrackingEnabled], [p0].[UpdatedAt], [p0].[UpdatedBy], [p0].[VoiceSampleId]
    FROM [Posts] AS [p0]
    WHERE [p0].[IsDeleted] = CAST(0 AS bit)
) AS [t] ON [p].[PostId] = [t].[Id]
LEFT JOIN (
    SELECT [p1].[Id], [p1].[Content], [p1].[ContentType], [p1].[CreatedAt], [p1].[CreatedBy], [p1].[IsDeleted], [p1].[MediaFileId], [p1].[PostId], [p1].[SortOrder], [p1].[UpdatedAt], [p1].[UpdatedBy]
    FROM [PostContents] AS [p1]
    WHERE [p1].[IsDeleted] = CAST(0 AS bit)
) AS [t0] ON [t].[Id] = [t0].[PostId]
WHERE [p].[IsDeleted] = CAST(0 AS bit) AND [p].[Status] = 0 AND [p].[ScheduledAt] <= @__before_0
ORDER BY [p].[ScheduledAt], [p].[Id], [t].[Id]
2026-07-22 23:18:11.654 +07:00 [INF] Executed DbCommand (14ms) [Parameters=[@__before_0='?' (DbType = DateTime2)], CommandType='"Text"', CommandTimeout='30']
SELECT [p].[Id], [p].[CreatedAt], [p].[CreatedBy], [p].[ExecutedAt], [p].[FailureReason], [p].[IsDeleted], [p].[PostChannelAccountId], [p].[PostId], [p].[RetryCount], [p].[ScheduledAt], [p].[Status], [p].[UpdatedAt], [p].[UpdatedBy], [t].[Id], [t].[ChannelAccountId], [t].[CreatedAt], [t].[CreatedBy], [t].[DayNumber], [t].[ExternalPostId], [t].[IsDeleted], [t].[ProjectId], [t].[PublishedAt], [t].[PublishedUrl], [t].[ScheduledAt], [t].[Status], [t].[TimelineId], [t].[Title], [t].[TrackingEnabled], [t].[UpdatedAt], [t].[UpdatedBy], [t].[VoiceSampleId], [t0].[Id], [t0].[Content], [t0].[ContentType], [t0].[CreatedAt], [t0].[CreatedBy], [t0].[IsDeleted], [t0].[MediaFileId], [t0].[PostId], [t0].[SortOrder], [t0].[UpdatedAt], [t0].[UpdatedBy]
FROM [PostSchedules] AS [p]
INNER JOIN (
    SELECT [p0].[Id], [p0].[ChannelAccountId], [p0].[CreatedAt], [p0].[CreatedBy], [p0].[DayNumber], [p0].[ExternalPostId], [p0].[IsDeleted], [p0].[ProjectId], [p0].[PublishedAt], [p0].[PublishedUrl], [p0].[ScheduledAt], [p0].[Status], [p0].[TimelineId], [p0].[Title], [p0].[TrackingEnabled], [p0].[UpdatedAt], [p0].[UpdatedBy], [p0].[VoiceSampleId]
    FROM [Posts] AS [p0]
    WHERE [p0].[IsDeleted] = CAST(0 AS bit)
) AS [t] ON [p].[PostId] = [t].[Id]
LEFT JOIN (
    SELECT [p1].[Id], [p1].[Content], [p1].[ContentType], [p1].[CreatedAt], [p1].[CreatedBy], [p1].[IsDeleted], [p1].[MediaFileId], [p1].[PostId], [p1].[SortOrder], [p1].[UpdatedAt], [p1].[UpdatedBy]
    FROM [PostContents] AS [p1]
    WHERE [p1].[IsDeleted] = CAST(0 AS bit)
) AS [t0] ON [t].[Id] = [t0].[PostId]
WHERE [p].[IsDeleted] = CAST(0 AS bit) AND [p].[Status] = 0 AND [p].[ScheduledAt] <= @__before_0
ORDER BY [p].[ScheduledAt], [p].[Id], [t].[Id]
2026-07-22 23:19:11.831 +07:00 [INF] Executed DbCommand (14ms) [Parameters=[@__before_0='?' (DbType = DateTime2)], CommandType='"Text"', CommandTimeout='30']
SELECT [p].[Id], [p].[CreatedAt], [p].[CreatedBy], [p].[ExecutedAt], [p].[FailureReason], [p].[IsDeleted], [p].[PostChannelAccountId], [p].[PostId], [p].[RetryCount], [p].[ScheduledAt], [p].[Status], [p].[UpdatedAt], [p].[UpdatedBy], [t].[Id], [t].[ChannelAccountId], [t].[CreatedAt], [t].[CreatedBy], [t].[DayNumber], [t].[ExternalPostId], [t].[IsDeleted], [t].[ProjectId], [t].[PublishedAt], [t].[PublishedUrl], [t].[ScheduledAt], [t].[Status], [t].[TimelineId], [t].[Title], [t].[TrackingEnabled], [t].[UpdatedAt], [t].[UpdatedBy], [t].[VoiceSampleId], [t0].[Id], [t0].[Content], [t0].[ContentType], [t0].[CreatedAt], [t0].[CreatedBy], [t0].[IsDeleted], [t0].[MediaFileId], [t0].[PostId], [t0].[SortOrder], [t0].[UpdatedAt], [t0].[UpdatedBy]
FROM [PostSchedules] AS [p]
INNER JOIN (
    SELECT [p0].[Id], [p0].[ChannelAccountId], [p0].[CreatedAt], [p0].[CreatedBy], [p0].[DayNumber], [p0].[ExternalPostId], [p0].[IsDeleted], [p0].[ProjectId], [p0].[PublishedAt], [p0].[PublishedUrl], [p0].[ScheduledAt], [p0].[Status], [p0].[TimelineId], [p0].[Title], [p0].[TrackingEnabled], [p0].[UpdatedAt], [p0].[UpdatedBy], [p0].[VoiceSampleId]
    FROM [Posts] AS [p0]
    WHERE [p0].[IsDeleted] = CAST(0 AS bit)
) AS [t] ON [p].[PostId] = [t].[Id]
LEFT JOIN (
    SELECT [p1].[Id], [p1].[Content], [p1].[ContentType], [p1].[CreatedAt], [p1].[CreatedBy], [p1].[IsDeleted], [p1].[MediaFileId], [p1].[PostId], [p1].[SortOrder], [p1].[UpdatedAt], [p1].[UpdatedBy]
    FROM [PostContents] AS [p1]
    WHERE [p1].[IsDeleted] = CAST(0 AS bit)
) AS [t0] ON [t].[Id] = [t0].[PostId]
WHERE [p].[IsDeleted] = CAST(0 AS bit) AND [p].[Status] = 0 AND [p].[ScheduledAt] <= @__before_0
ORDER BY [p].[ScheduledAt], [p].[Id], [t].[Id]
2026-07-22 23:20:09.893 +07:00 [INF] 1 servers were removed due to timeout
2026-07-22 23:20:11.952 +07:00 [INF] Executed DbCommand (17ms) [Parameters=[@__before_0='?' (DbType = DateTime2)], CommandType='"Text"', CommandTimeout='30']
SELECT [p].[Id], [p].[CreatedAt], [p].[CreatedBy], [p].[ExecutedAt], [p].[FailureReason], [p].[IsDeleted], [p].[PostChannelAccountId], [p].[PostId], [p].[RetryCount], [p].[ScheduledAt], [p].[Status], [p].[UpdatedAt], [p].[UpdatedBy], [t].[Id], [t].[ChannelAccountId], [t].[CreatedAt], [t].[CreatedBy], [t].[DayNumber], [t].[ExternalPostId], [t].[IsDeleted], [t].[ProjectId], [t].[PublishedAt], [t].[PublishedUrl], [t].[ScheduledAt], [t].[Status], [t].[TimelineId], [t].[Title], [t].[TrackingEnabled], [t].[UpdatedAt], [t].[UpdatedBy], [t].[VoiceSampleId], [t0].[Id], [t0].[Content], [t0].[ContentType], [t0].[CreatedAt], [t0].[CreatedBy], [t0].[IsDeleted], [t0].[MediaFileId], [t0].[PostId], [t0].[SortOrder], [t0].[UpdatedAt], [t0].[UpdatedBy]
FROM [PostSchedules] AS [p]
INNER JOIN (
    SELECT [p0].[Id], [p0].[ChannelAccountId], [p0].[CreatedAt], [p0].[CreatedBy], [p0].[DayNumber], [p0].[ExternalPostId], [p0].[IsDeleted], [p0].[ProjectId], [p0].[PublishedAt], [p0].[PublishedUrl], [p0].[ScheduledAt], [p0].[Status], [p0].[TimelineId], [p0].[Title], [p0].[TrackingEnabled], [p0].[UpdatedAt], [p0].[UpdatedBy], [p0].[VoiceSampleId]
    FROM [Posts] AS [p0]
    WHERE [p0].[IsDeleted] = CAST(0 AS bit)
) AS [t] ON [p].[PostId] = [t].[Id]
LEFT JOIN (
    SELECT [p1].[Id], [p1].[Content], [p1].[ContentType], [p1].[CreatedAt], [p1].[CreatedBy], [p1].[IsDeleted], [p1].[MediaFileId], [p1].[PostId], [p1].[SortOrder], [p1].[UpdatedAt], [p1].[UpdatedBy]
    FROM [PostContents] AS [p1]
    WHERE [p1].[IsDeleted] = CAST(0 AS bit)
) AS [t0] ON [t].[Id] = [t0].[PostId]
WHERE [p].[IsDeleted] = CAST(0 AS bit) AND [p].[Status] = 0 AND [p].[ScheduledAt] <= @__before_0
ORDER BY [p].[ScheduledAt], [p].[Id], [t].[Id]
2026-07-22 23:21:12.125 +07:00 [INF] Executed DbCommand (17ms) [Parameters=[@__before_0='?' (DbType = DateTime2)], CommandType='"Text"', CommandTimeout='30']
SELECT [p].[Id], [p].[CreatedAt], [p].[CreatedBy], [p].[ExecutedAt], [p].[FailureReason], [p].[IsDeleted], [p].[PostChannelAccountId], [p].[PostId], [p].[RetryCount], [p].[ScheduledAt], [p].[Status], [p].[UpdatedAt], [p].[UpdatedBy], [t].[Id], [t].[ChannelAccountId], [t].[CreatedAt], [t].[CreatedBy], [t].[DayNumber], [t].[ExternalPostId], [t].[IsDeleted], [t].[ProjectId], [t].[PublishedAt], [t].[PublishedUrl], [t].[ScheduledAt], [t].[Status], [t].[TimelineId], [t].[Title], [t].[TrackingEnabled], [t].[UpdatedAt], [t].[UpdatedBy], [t].[VoiceSampleId], [t0].[Id], [t0].[Content], [t0].[ContentType], [t0].[CreatedAt], [t0].[CreatedBy], [t0].[IsDeleted], [t0].[MediaFileId], [t0].[PostId], [t0].[SortOrder], [t0].[UpdatedAt], [t0].[UpdatedBy]
FROM [PostSchedules] AS [p]
INNER JOIN (
    SELECT [p0].[Id], [p0].[ChannelAccountId], [p0].[CreatedAt], [p0].[CreatedBy], [p0].[DayNumber], [p0].[ExternalPostId], [p0].[IsDeleted], [p0].[ProjectId], [p0].[PublishedAt], [p0].[PublishedUrl], [p0].[ScheduledAt], [p0].[Status], [p0].[TimelineId], [p0].[Title], [p0].[TrackingEnabled], [p0].[UpdatedAt], [p0].[UpdatedBy], [p0].[VoiceSampleId]
    FROM [Posts] AS [p0]
    WHERE [p0].[IsDeleted] = CAST(0 AS bit)
) AS [t] ON [p].[PostId] = [t].[Id]
LEFT JOIN (
    SELECT [p1].[Id], [p1].[Content], [p1].[ContentType], [p1].[CreatedAt], [p1].[CreatedBy], [p1].[IsDeleted], [p1].[MediaFileId], [p1].[PostId], [p1].[SortOrder], [p1].[UpdatedAt], [p1].[UpdatedBy]
    FROM [PostContents] AS [p1]
    WHERE [p1].[IsDeleted] = CAST(0 AS bit)
) AS [t0] ON [t].[Id] = [t0].[PostId]
WHERE [p].[IsDeleted] = CAST(0 AS bit) AND [p].[Status] = 0 AND [p].[ScheduledAt] <= @__before_0
ORDER BY [p].[ScheduledAt], [p].[Id], [t].[Id]
2026-07-22 23:22:12.530 +07:00 [INF] Executed DbCommand (29ms) [Parameters=[@__before_0='?' (DbType = DateTime2)], CommandType='"Text"', CommandTimeout='30']
SELECT [p].[Id], [p].[CreatedAt], [p].[CreatedBy], [p].[ExecutedAt], [p].[FailureReason], [p].[IsDeleted], [p].[PostChannelAccountId], [p].[PostId], [p].[RetryCount], [p].[ScheduledAt], [p].[Status], [p].[UpdatedAt], [p].[UpdatedBy], [t].[Id], [t].[ChannelAccountId], [t].[CreatedAt], [t].[CreatedBy], [t].[DayNumber], [t].[ExternalPostId], [t].[IsDeleted], [t].[ProjectId], [t].[PublishedAt], [t].[PublishedUrl], [t].[ScheduledAt], [t].[Status], [t].[TimelineId], [t].[Title], [t].[TrackingEnabled], [t].[UpdatedAt], [t].[UpdatedBy], [t].[VoiceSampleId], [t0].[Id], [t0].[Content], [t0].[ContentType], [t0].[CreatedAt], [t0].[CreatedBy], [t0].[IsDeleted], [t0].[MediaFileId], [t0].[PostId], [t0].[SortOrder], [t0].[UpdatedAt], [t0].[UpdatedBy]
FROM [PostSchedules] AS [p]
INNER JOIN (
    SELECT [p0].[Id], [p0].[ChannelAccountId], [p0].[CreatedAt], [p0].[CreatedBy], [p0].[DayNumber], [p0].[ExternalPostId], [p0].[IsDeleted], [p0].[ProjectId], [p0].[PublishedAt], [p0].[PublishedUrl], [p0].[ScheduledAt], [p0].[Status], [p0].[TimelineId], [p0].[Title], [p0].[TrackingEnabled], [p0].[UpdatedAt], [p0].[UpdatedBy], [p0].[VoiceSampleId]
    FROM [Posts] AS [p0]
    WHERE [p0].[IsDeleted] = CAST(0 AS bit)
) AS [t] ON [p].[PostId] = [t].[Id]
LEFT JOIN (
    SELECT [p1].[Id], [p1].[Content], [p1].[ContentType], [p1].[CreatedAt], [p1].[CreatedBy], [p1].[IsDeleted], [p1].[MediaFileId], [p1].[PostId], [p1].[SortOrder], [p1].[UpdatedAt], [p1].[UpdatedBy]
    FROM [PostContents] AS [p1]
    WHERE [p1].[IsDeleted] = CAST(0 AS bit)
) AS [t0] ON [t].[Id] = [t0].[PostId]
WHERE [p].[IsDeleted] = CAST(0 AS bit) AND [p].[Status] = 0 AND [p].[ScheduledAt] <= @__before_0
ORDER BY [p].[ScheduledAt], [p].[Id], [t].[Id]
2026-07-22 23:23:12.769 +07:00 [INF] Executed DbCommand (29ms) [Parameters=[@__before_0='?' (DbType = DateTime2)], CommandType='"Text"', CommandTimeout='30']
SELECT [p].[Id], [p].[CreatedAt], [p].[CreatedBy], [p].[ExecutedAt], [p].[FailureReason], [p].[IsDeleted], [p].[PostChannelAccountId], [p].[PostId], [p].[RetryCount], [p].[ScheduledAt], [p].[Status], [p].[UpdatedAt], [p].[UpdatedBy], [t].[Id], [t].[ChannelAccountId], [t].[CreatedAt], [t].[CreatedBy], [t].[DayNumber], [t].[ExternalPostId], [t].[IsDeleted], [t].[ProjectId], [t].[PublishedAt], [t].[PublishedUrl], [t].[ScheduledAt], [t].[Status], [t].[TimelineId], [t].[Title], [t].[TrackingEnabled], [t].[UpdatedAt], [t].[UpdatedBy], [t].[VoiceSampleId], [t0].[Id], [t0].[Content], [t0].[ContentType], [t0].[CreatedAt], [t0].[CreatedBy], [t0].[IsDeleted], [t0].[MediaFileId], [t0].[PostId], [t0].[SortOrder], [t0].[UpdatedAt], [t0].[UpdatedBy]
FROM [PostSchedules] AS [p]
INNER JOIN (
    SELECT [p0].[Id], [p0].[ChannelAccountId], [p0].[CreatedAt], [p0].[CreatedBy], [p0].[DayNumber], [p0].[ExternalPostId], [p0].[IsDeleted], [p0].[ProjectId], [p0].[PublishedAt], [p0].[PublishedUrl], [p0].[ScheduledAt], [p0].[Status], [p0].[TimelineId], [p0].[Title], [p0].[TrackingEnabled], [p0].[UpdatedAt], [p0].[UpdatedBy], [p0].[VoiceSampleId]
    FROM [Posts] AS [p0]
    WHERE [p0].[IsDeleted] = CAST(0 AS bit)
) AS [t] ON [p].[PostId] = [t].[Id]
LEFT JOIN (
    SELECT [p1].[Id], [p1].[Content], [p1].[ContentType], [p1].[CreatedAt], [p1].[CreatedBy], [p1].[IsDeleted], [p1].[MediaFileId], [p1].[PostId], [p1].[SortOrder], [p1].[UpdatedAt], [p1].[UpdatedBy]
    FROM [PostContents] AS [p1]
    WHERE [p1].[IsDeleted] = CAST(0 AS bit)
) AS [t0] ON [t].[Id] = [t0].[PostId]
WHERE [p].[IsDeleted] = CAST(0 AS bit) AND [p].[Status] = 0 AND [p].[ScheduledAt] <= @__before_0
ORDER BY [p].[ScheduledAt], [p].[Id], [t].[Id]
2026-07-22 23:24:12.992 +07:00 [INF] Executed DbCommand (10ms) [Parameters=[@__before_0='?' (DbType = DateTime2)], CommandType='"Text"', CommandTimeout='30']
SELECT [p].[Id], [p].[CreatedAt], [p].[CreatedBy], [p].[ExecutedAt], [p].[FailureReason], [p].[IsDeleted], [p].[PostChannelAccountId], [p].[PostId], [p].[RetryCount], [p].[ScheduledAt], [p].[Status], [p].[UpdatedAt], [p].[UpdatedBy], [t].[Id], [t].[ChannelAccountId], [t].[CreatedAt], [t].[CreatedBy], [t].[DayNumber], [t].[ExternalPostId], [t].[IsDeleted], [t].[ProjectId], [t].[PublishedAt], [t].[PublishedUrl], [t].[ScheduledAt], [t].[Status], [t].[TimelineId], [t].[Title], [t].[TrackingEnabled], [t].[UpdatedAt], [t].[UpdatedBy], [t].[VoiceSampleId], [t0].[Id], [t0].[Content], [t0].[ContentType], [t0].[CreatedAt], [t0].[CreatedBy], [t0].[IsDeleted], [t0].[MediaFileId], [t0].[PostId], [t0].[SortOrder], [t0].[UpdatedAt], [t0].[UpdatedBy]
FROM [PostSchedules] AS [p]
INNER JOIN (
    SELECT [p0].[Id], [p0].[ChannelAccountId], [p0].[CreatedAt], [p0].[CreatedBy], [p0].[DayNumber], [p0].[ExternalPostId], [p0].[IsDeleted], [p0].[ProjectId], [p0].[PublishedAt], [p0].[PublishedUrl], [p0].[ScheduledAt], [p0].[Status], [p0].[TimelineId], [p0].[Title], [p0].[TrackingEnabled], [p0].[UpdatedAt], [p0].[UpdatedBy], [p0].[VoiceSampleId]
    FROM [Posts] AS [p0]
    WHERE [p0].[IsDeleted] = CAST(0 AS bit)
) AS [t] ON [p].[PostId] = [t].[Id]
LEFT JOIN (
    SELECT [p1].[Id], [p1].[Content], [p1].[ContentType], [p1].[CreatedAt], [p1].[CreatedBy], [p1].[IsDeleted], [p1].[MediaFileId], [p1].[PostId], [p1].[SortOrder], [p1].[UpdatedAt], [p1].[UpdatedBy]
    FROM [PostContents] AS [p1]
    WHERE [p1].[IsDeleted] = CAST(0 AS bit)
) AS [t0] ON [t].[Id] = [t0].[PostId]
WHERE [p].[IsDeleted] = CAST(0 AS bit) AND [p].[Status] = 0 AND [p].[ScheduledAt] <= @__before_0
ORDER BY [p].[ScheduledAt], [p].[Id], [t].[Id]
2026-07-22 23:25:13.100 +07:00 [INF] Executed DbCommand (20ms) [Parameters=[@__before_0='?' (DbType = DateTime2)], CommandType='"Text"', CommandTimeout='30']
SELECT [p].[Id], [p].[CreatedAt], [p].[CreatedBy], [p].[ExecutedAt], [p].[FailureReason], [p].[IsDeleted], [p].[PostChannelAccountId], [p].[PostId], [p].[RetryCount], [p].[ScheduledAt], [p].[Status], [p].[UpdatedAt], [p].[UpdatedBy], [t].[Id], [t].[ChannelAccountId], [t].[CreatedAt], [t].[CreatedBy], [t].[DayNumber], [t].[ExternalPostId], [t].[IsDeleted], [t].[ProjectId], [t].[PublishedAt], [t].[PublishedUrl], [t].[ScheduledAt], [t].[Status], [t].[TimelineId], [t].[Title], [t].[TrackingEnabled], [t].[UpdatedAt], [t].[UpdatedBy], [t].[VoiceSampleId], [t0].[Id], [t0].[Content], [t0].[ContentType], [t0].[CreatedAt], [t0].[CreatedBy], [t0].[IsDeleted], [t0].[MediaFileId], [t0].[PostId], [t0].[SortOrder], [t0].[UpdatedAt], [t0].[UpdatedBy]
FROM [PostSchedules] AS [p]
INNER JOIN (
    SELECT [p0].[Id], [p0].[ChannelAccountId], [p0].[CreatedAt], [p0].[CreatedBy], [p0].[DayNumber], [p0].[ExternalPostId], [p0].[IsDeleted], [p0].[ProjectId], [p0].[PublishedAt], [p0].[PublishedUrl], [p0].[ScheduledAt], [p0].[Status], [p0].[TimelineId], [p0].[Title], [p0].[TrackingEnabled], [p0].[UpdatedAt], [p0].[UpdatedBy], [p0].[VoiceSampleId]
    FROM [Posts] AS [p0]
    WHERE [p0].[IsDeleted] = CAST(0 AS bit)
) AS [t] ON [p].[PostId] = [t].[Id]
LEFT JOIN (
    SELECT [p1].[Id], [p1].[Content], [p1].[ContentType], [p1].[CreatedAt], [p1].[CreatedBy], [p1].[IsDeleted], [p1].[MediaFileId], [p1].[PostId], [p1].[SortOrder], [p1].[UpdatedAt], [p1].[UpdatedBy]
    FROM [PostContents] AS [p1]
    WHERE [p1].[IsDeleted] = CAST(0 AS bit)
) AS [t0] ON [t].[Id] = [t0].[PostId]
WHERE [p].[IsDeleted] = CAST(0 AS bit) AND [p].[Status] = 0 AND [p].[ScheduledAt] <= @__before_0
ORDER BY [p].[ScheduledAt], [p].[Id], [t].[Id]
2026-07-22 23:26:13.498 +07:00 [INF] Executed DbCommand (31ms) [Parameters=[@__before_0='?' (DbType = DateTime2)], CommandType='"Text"', CommandTimeout='30']
SELECT [p].[Id], [p].[CreatedAt], [p].[CreatedBy], [p].[ExecutedAt], [p].[FailureReason], [p].[IsDeleted], [p].[PostChannelAccountId], [p].[PostId], [p].[RetryCount], [p].[ScheduledAt], [p].[Status], [p].[UpdatedAt], [p].[UpdatedBy], [t].[Id], [t].[ChannelAccountId], [t].[CreatedAt], [t].[CreatedBy], [t].[DayNumber], [t].[ExternalPostId], [t].[IsDeleted], [t].[ProjectId], [t].[PublishedAt], [t].[PublishedUrl], [t].[ScheduledAt], [t].[Status], [t].[TimelineId], [t].[Title], [t].[TrackingEnabled], [t].[UpdatedAt], [t].[UpdatedBy], [t].[VoiceSampleId], [t0].[Id], [t0].[Content], [t0].[ContentType], [t0].[CreatedAt], [t0].[CreatedBy], [t0].[IsDeleted], [t0].[MediaFileId], [t0].[PostId], [t0].[SortOrder], [t0].[UpdatedAt], [t0].[UpdatedBy]
FROM [PostSchedules] AS [p]
INNER JOIN (
    SELECT [p0].[Id], [p0].[ChannelAccountId], [p0].[CreatedAt], [p0].[CreatedBy], [p0].[DayNumber], [p0].[ExternalPostId], [p0].[IsDeleted], [p0].[ProjectId], [p0].[PublishedAt], [p0].[PublishedUrl], [p0].[ScheduledAt], [p0].[Status], [p0].[TimelineId], [p0].[Title], [p0].[TrackingEnabled], [p0].[UpdatedAt], [p0].[UpdatedBy], [p0].[VoiceSampleId]
    FROM [Posts] AS [p0]
    WHERE [p0].[IsDeleted] = CAST(0 AS bit)
) AS [t] ON [p].[PostId] = [t].[Id]
LEFT JOIN (
    SELECT [p1].[Id], [p1].[Content], [p1].[ContentType], [p1].[CreatedAt], [p1].[CreatedBy], [p1].[IsDeleted], [p1].[MediaFileId], [p1].[PostId], [p1].[SortOrder], [p1].[UpdatedAt], [p1].[UpdatedBy]
    FROM [PostContents] AS [p1]
    WHERE [p1].[IsDeleted] = CAST(0 AS bit)
) AS [t0] ON [t].[Id] = [t0].[PostId]
WHERE [p].[IsDeleted] = CAST(0 AS bit) AND [p].[Status] = 0 AND [p].[ScheduledAt] <= @__before_0
ORDER BY [p].[ScheduledAt], [p].[Id], [t].[Id]
2026-07-22 23:27:13.682 +07:00 [INF] Executed DbCommand (31ms) [Parameters=[@__before_0='?' (DbType = DateTime2)], CommandType='"Text"', CommandTimeout='30']
SELECT [p].[Id], [p].[CreatedAt], [p].[CreatedBy], [p].[ExecutedAt], [p].[FailureReason], [p].[IsDeleted], [p].[PostChannelAccountId], [p].[PostId], [p].[RetryCount], [p].[ScheduledAt], [p].[Status], [p].[UpdatedAt], [p].[UpdatedBy], [t].[Id], [t].[ChannelAccountId], [t].[CreatedAt], [t].[CreatedBy], [t].[DayNumber], [t].[ExternalPostId], [t].[IsDeleted], [t].[ProjectId], [t].[PublishedAt], [t].[PublishedUrl], [t].[ScheduledAt], [t].[Status], [t].[TimelineId], [t].[Title], [t].[TrackingEnabled], [t].[UpdatedAt], [t].[UpdatedBy], [t].[VoiceSampleId], [t0].[Id], [t0].[Content], [t0].[ContentType], [t0].[CreatedAt], [t0].[CreatedBy], [t0].[IsDeleted], [t0].[MediaFileId], [t0].[PostId], [t0].[SortOrder], [t0].[UpdatedAt], [t0].[UpdatedBy]
FROM [PostSchedules] AS [p]
INNER JOIN (
    SELECT [p0].[Id], [p0].[ChannelAccountId], [p0].[CreatedAt], [p0].[CreatedBy], [p0].[DayNumber], [p0].[ExternalPostId], [p0].[IsDeleted], [p0].[ProjectId], [p0].[PublishedAt], [p0].[PublishedUrl], [p0].[ScheduledAt], [p0].[Status], [p0].[TimelineId], [p0].[Title], [p0].[TrackingEnabled], [p0].[UpdatedAt], [p0].[UpdatedBy], [p0].[VoiceSampleId]
    FROM [Posts] AS [p0]
    WHERE [p0].[IsDeleted] = CAST(0 AS bit)
) AS [t] ON [p].[PostId] = [t].[Id]
LEFT JOIN (
    SELECT [p1].[Id], [p1].[Content], [p1].[ContentType], [p1].[CreatedAt], [p1].[CreatedBy], [p1].[IsDeleted], [p1].[MediaFileId], [p1].[PostId], [p1].[SortOrder], [p1].[UpdatedAt], [p1].[UpdatedBy]
    FROM [PostContents] AS [p1]
    WHERE [p1].[IsDeleted] = CAST(0 AS bit)
) AS [t0] ON [t].[Id] = [t0].[PostId]
WHERE [p].[IsDeleted] = CAST(0 AS bit) AND [p].[Status] = 0 AND [p].[ScheduledAt] <= @__before_0
ORDER BY [p].[ScheduledAt], [p].[Id], [t].[Id]
2026-07-22 23:28:13.896 +07:00 [INF] Executed DbCommand (14ms) [Parameters=[@__before_0='?' (DbType = DateTime2)], CommandType='"Text"', CommandTimeout='30']
SELECT [p].[Id], [p].[CreatedAt], [p].[CreatedBy], [p].[ExecutedAt], [p].[FailureReason], [p].[IsDeleted], [p].[PostChannelAccountId], [p].[PostId], [p].[RetryCount], [p].[ScheduledAt], [p].[Status], [p].[UpdatedAt], [p].[UpdatedBy], [t].[Id], [t].[ChannelAccountId], [t].[CreatedAt], [t].[CreatedBy], [t].[DayNumber], [t].[ExternalPostId], [t].[IsDeleted], [t].[ProjectId], [t].[PublishedAt], [t].[PublishedUrl], [t].[ScheduledAt], [t].[Status], [t].[TimelineId], [t].[Title], [t].[TrackingEnabled], [t].[UpdatedAt], [t].[UpdatedBy], [t].[VoiceSampleId], [t0].[Id], [t0].[Content], [t0].[ContentType], [t0].[CreatedAt], [t0].[CreatedBy], [t0].[IsDeleted], [t0].[MediaFileId], [t0].[PostId], [t0].[SortOrder], [t0].[UpdatedAt], [t0].[UpdatedBy]
FROM [PostSchedules] AS [p]
INNER JOIN (
    SELECT [p0].[Id], [p0].[ChannelAccountId], [p0].[CreatedAt], [p0].[CreatedBy], [p0].[DayNumber], [p0].[ExternalPostId], [p0].[IsDeleted], [p0].[ProjectId], [p0].[PublishedAt], [p0].[PublishedUrl], [p0].[ScheduledAt], [p0].[Status], [p0].[TimelineId], [p0].[Title], [p0].[TrackingEnabled], [p0].[UpdatedAt], [p0].[UpdatedBy], [p0].[VoiceSampleId]
    FROM [Posts] AS [p0]
    WHERE [p0].[IsDeleted] = CAST(0 AS bit)
) AS [t] ON [p].[PostId] = [t].[Id]
LEFT JOIN (
    SELECT [p1].[Id], [p1].[Content], [p1].[ContentType], [p1].[CreatedAt], [p1].[CreatedBy], [p1].[IsDeleted], [p1].[MediaFileId], [p1].[PostId], [p1].[SortOrder], [p1].[UpdatedAt], [p1].[UpdatedBy]
    FROM [PostContents] AS [p1]
    WHERE [p1].[IsDeleted] = CAST(0 AS bit)
) AS [t0] ON [t].[Id] = [t0].[PostId]
WHERE [p].[IsDeleted] = CAST(0 AS bit) AND [p].[Status] = 0 AND [p].[ScheduledAt] <= @__before_0
ORDER BY [p].[ScheduledAt], [p].[Id], [t].[Id]
2026-07-22 23:29:14.005 +07:00 [INF] Executed DbCommand (12ms) [Parameters=[@__before_0='?' (DbType = DateTime2)], CommandType='"Text"', CommandTimeout='30']
SELECT [p].[Id], [p].[CreatedAt], [p].[CreatedBy], [p].[ExecutedAt], [p].[FailureReason], [p].[IsDeleted], [p].[PostChannelAccountId], [p].[PostId], [p].[RetryCount], [p].[ScheduledAt], [p].[Status], [p].[UpdatedAt], [p].[UpdatedBy], [t].[Id], [t].[ChannelAccountId], [t].[CreatedAt], [t].[CreatedBy], [t].[DayNumber], [t].[ExternalPostId], [t].[IsDeleted], [t].[ProjectId], [t].[PublishedAt], [t].[PublishedUrl], [t].[ScheduledAt], [t].[Status], [t].[TimelineId], [t].[Title], [t].[TrackingEnabled], [t].[UpdatedAt], [t].[UpdatedBy], [t].[VoiceSampleId], [t0].[Id], [t0].[Content], [t0].[ContentType], [t0].[CreatedAt], [t0].[CreatedBy], [t0].[IsDeleted], [t0].[MediaFileId], [t0].[PostId], [t0].[SortOrder], [t0].[UpdatedAt], [t0].[UpdatedBy]
FROM [PostSchedules] AS [p]
INNER JOIN (
    SELECT [p0].[Id], [p0].[ChannelAccountId], [p0].[CreatedAt], [p0].[CreatedBy], [p0].[DayNumber], [p0].[ExternalPostId], [p0].[IsDeleted], [p0].[ProjectId], [p0].[PublishedAt], [p0].[PublishedUrl], [p0].[ScheduledAt], [p0].[Status], [p0].[TimelineId], [p0].[Title], [p0].[TrackingEnabled], [p0].[UpdatedAt], [p0].[UpdatedBy], [p0].[VoiceSampleId]
    FROM [Posts] AS [p0]
    WHERE [p0].[IsDeleted] = CAST(0 AS bit)
) AS [t] ON [p].[PostId] = [t].[Id]
LEFT JOIN (
    SELECT [p1].[Id], [p1].[Content], [p1].[ContentType], [p1].[CreatedAt], [p1].[CreatedBy], [p1].[IsDeleted], [p1].[MediaFileId], [p1].[PostId], [p1].[SortOrder], [p1].[UpdatedAt], [p1].[UpdatedBy]
    FROM [PostContents] AS [p1]
    WHERE [p1].[IsDeleted] = CAST(0 AS bit)
) AS [t0] ON [t].[Id] = [t0].[PostId]
WHERE [p].[IsDeleted] = CAST(0 AS bit) AND [p].[Status] = 0 AND [p].[ScheduledAt] <= @__before_0
ORDER BY [p].[ScheduledAt], [p].[Id], [t].[Id]
2026-07-22 23:30:00.366 +07:00 [INF] Executed DbCommand (62ms) [Parameters=[@__before_0='?' (DbType = DateTime2)], CommandType='"Text"', CommandTimeout='30']
SELECT [p].[Id], [p].[CreatedAt], [p].[CreatedBy], [p].[ExecutedAt], [p].[FailureReason], [p].[IsDeleted], [p].[PostChannelAccountId], [p].[PostId], [p].[RetryCount], [p].[ScheduledAt], [p].[Status], [p].[UpdatedAt], [p].[UpdatedBy], [t].[Id], [t].[ChannelAccountId], [t].[CreatedAt], [t].[CreatedBy], [t].[DayNumber], [t].[ExternalPostId], [t].[IsDeleted], [t].[ProjectId], [t].[PublishedAt], [t].[PublishedUrl], [t].[ScheduledAt], [t].[Status], [t].[TimelineId], [t].[Title], [t].[TrackingEnabled], [t].[UpdatedAt], [t].[UpdatedBy], [t].[VoiceSampleId], [t0].[Id], [t0].[Content], [t0].[ContentType], [t0].[CreatedAt], [t0].[CreatedBy], [t0].[IsDeleted], [t0].[MediaFileId], [t0].[PostId], [t0].[SortOrder], [t0].[UpdatedAt], [t0].[UpdatedBy]
FROM [PostSchedules] AS [p]
INNER JOIN (
    SELECT [p0].[Id], [p0].[ChannelAccountId], [p0].[CreatedAt], [p0].[CreatedBy], [p0].[DayNumber], [p0].[ExternalPostId], [p0].[IsDeleted], [p0].[ProjectId], [p0].[PublishedAt], [p0].[PublishedUrl], [p0].[ScheduledAt], [p0].[Status], [p0].[TimelineId], [p0].[Title], [p0].[TrackingEnabled], [p0].[UpdatedAt], [p0].[UpdatedBy], [p0].[VoiceSampleId]
    FROM [Posts] AS [p0]
    WHERE [p0].[IsDeleted] = CAST(0 AS bit)
) AS [t] ON [p].[PostId] = [t].[Id]
LEFT JOIN (
    SELECT [p1].[Id], [p1].[Content], [p1].[ContentType], [p1].[CreatedAt], [p1].[CreatedBy], [p1].[IsDeleted], [p1].[MediaFileId], [p1].[PostId], [p1].[SortOrder], [p1].[UpdatedAt], [p1].[UpdatedBy]
    FROM [PostContents] AS [p1]
    WHERE [p1].[IsDeleted] = CAST(0 AS bit)
) AS [t0] ON [t].[Id] = [t0].[PostId]
WHERE [p].[IsDeleted] = CAST(0 AS bit) AND [p].[Status] = 0 AND [p].[ScheduledAt] <= @__before_0
ORDER BY [p].[ScheduledAt], [p].[Id], [t].[Id]
2026-07-22 23:31:00.575 +07:00 [INF] Executed DbCommand (76ms) [Parameters=[@__before_0='?' (DbType = DateTime2)], CommandType='"Text"', CommandTimeout='30']
SELECT [p].[Id], [p].[CreatedAt], [p].[CreatedBy], [p].[ExecutedAt], [p].[FailureReason], [p].[IsDeleted], [p].[PostChannelAccountId], [p].[PostId], [p].[RetryCount], [p].[ScheduledAt], [p].[Status], [p].[UpdatedAt], [p].[UpdatedBy], [t].[Id], [t].[ChannelAccountId], [t].[CreatedAt], [t].[CreatedBy], [t].[DayNumber], [t].[ExternalPostId], [t].[IsDeleted], [t].[ProjectId], [t].[PublishedAt], [t].[PublishedUrl], [t].[ScheduledAt], [t].[Status], [t].[TimelineId], [t].[Title], [t].[TrackingEnabled], [t].[UpdatedAt], [t].[UpdatedBy], [t].[VoiceSampleId], [t0].[Id], [t0].[Content], [t0].[ContentType], [t0].[CreatedAt], [t0].[CreatedBy], [t0].[IsDeleted], [t0].[MediaFileId], [t0].[PostId], [t0].[SortOrder], [t0].[UpdatedAt], [t0].[UpdatedBy]
FROM [PostSchedules] AS [p]
INNER JOIN (
    SELECT [p0].[Id], [p0].[ChannelAccountId], [p0].[CreatedAt], [p0].[CreatedBy], [p0].[DayNumber], [p0].[ExternalPostId], [p0].[IsDeleted], [p0].[ProjectId], [p0].[PublishedAt], [p0].[PublishedUrl], [p0].[ScheduledAt], [p0].[Status], [p0].[TimelineId], [p0].[Title], [p0].[TrackingEnabled], [p0].[UpdatedAt], [p0].[UpdatedBy], [p0].[VoiceSampleId]
    FROM [Posts] AS [p0]
    WHERE [p0].[IsDeleted] = CAST(0 AS bit)
) AS [t] ON [p].[PostId] = [t].[Id]
LEFT JOIN (
    SELECT [p1].[Id], [p1].[Content], [p1].[ContentType], [p1].[CreatedAt], [p1].[CreatedBy], [p1].[IsDeleted], [p1].[MediaFileId], [p1].[PostId], [p1].[SortOrder], [p1].[UpdatedAt], [p1].[UpdatedBy]
    FROM [PostContents] AS [p1]
    WHERE [p1].[IsDeleted] = CAST(0 AS bit)
) AS [t0] ON [t].[Id] = [t0].[PostId]
WHERE [p].[IsDeleted] = CAST(0 AS bit) AND [p].[Status] = 0 AND [p].[ScheduledAt] <= @__before_0
ORDER BY [p].[ScheduledAt], [p].[Id], [t].[Id]
2026-07-22 23:32:00.599 +07:00 [INF] Executed DbCommand (19ms) [Parameters=[@__before_0='?' (DbType = DateTime2)], CommandType='"Text"', CommandTimeout='30']
SELECT [p].[Id], [p].[CreatedAt], [p].[CreatedBy], [p].[ExecutedAt], [p].[FailureReason], [p].[IsDeleted], [p].[PostChannelAccountId], [p].[PostId], [p].[RetryCount], [p].[ScheduledAt], [p].[Status], [p].[UpdatedAt], [p].[UpdatedBy], [t].[Id], [t].[ChannelAccountId], [t].[CreatedAt], [t].[CreatedBy], [t].[DayNumber], [t].[ExternalPostId], [t].[IsDeleted], [t].[ProjectId], [t].[PublishedAt], [t].[PublishedUrl], [t].[ScheduledAt], [t].[Status], [t].[TimelineId], [t].[Title], [t].[TrackingEnabled], [t].[UpdatedAt], [t].[UpdatedBy], [t].[VoiceSampleId], [t0].[Id], [t0].[Content], [t0].[ContentType], [t0].[CreatedAt], [t0].[CreatedBy], [t0].[IsDeleted], [t0].[MediaFileId], [t0].[PostId], [t0].[SortOrder], [t0].[UpdatedAt], [t0].[UpdatedBy]
FROM [PostSchedules] AS [p]
INNER JOIN (
    SELECT [p0].[Id], [p0].[ChannelAccountId], [p0].[CreatedAt], [p0].[CreatedBy], [p0].[DayNumber], [p0].[ExternalPostId], [p0].[IsDeleted], [p0].[ProjectId], [p0].[PublishedAt], [p0].[PublishedUrl], [p0].[ScheduledAt], [p0].[Status], [p0].[TimelineId], [p0].[Title], [p0].[TrackingEnabled], [p0].[UpdatedAt], [p0].[UpdatedBy], [p0].[VoiceSampleId]
    FROM [Posts] AS [p0]
    WHERE [p0].[IsDeleted] = CAST(0 AS bit)
) AS [t] ON [p].[PostId] = [t].[Id]
LEFT JOIN (
    SELECT [p1].[Id], [p1].[Content], [p1].[ContentType], [p1].[CreatedAt], [p1].[CreatedBy], [p1].[IsDeleted], [p1].[MediaFileId], [p1].[PostId], [p1].[SortOrder], [p1].[UpdatedAt], [p1].[UpdatedBy]
    FROM [PostContents] AS [p1]
    WHERE [p1].[IsDeleted] = CAST(0 AS bit)
) AS [t0] ON [t].[Id] = [t0].[PostId]
WHERE [p].[IsDeleted] = CAST(0 AS bit) AND [p].[Status] = 0 AND [p].[ScheduledAt] <= @__before_0
ORDER BY [p].[ScheduledAt], [p].[Id], [t].[Id]
2026-07-22 23:33:00.926 +07:00 [INF] Executed DbCommand (27ms) [Parameters=[@__before_0='?' (DbType = DateTime2)], CommandType='"Text"', CommandTimeout='30']
SELECT [p].[Id], [p].[CreatedAt], [p].[CreatedBy], [p].[ExecutedAt], [p].[FailureReason], [p].[IsDeleted], [p].[PostChannelAccountId], [p].[PostId], [p].[RetryCount], [p].[ScheduledAt], [p].[Status], [p].[UpdatedAt], [p].[UpdatedBy], [t].[Id], [t].[ChannelAccountId], [t].[CreatedAt], [t].[CreatedBy], [t].[DayNumber], [t].[ExternalPostId], [t].[IsDeleted], [t].[ProjectId], [t].[PublishedAt], [t].[PublishedUrl], [t].[ScheduledAt], [t].[Status], [t].[TimelineId], [t].[Title], [t].[TrackingEnabled], [t].[UpdatedAt], [t].[UpdatedBy], [t].[VoiceSampleId], [t0].[Id], [t0].[Content], [t0].[ContentType], [t0].[CreatedAt], [t0].[CreatedBy], [t0].[IsDeleted], [t0].[MediaFileId], [t0].[PostId], [t0].[SortOrder], [t0].[UpdatedAt], [t0].[UpdatedBy]
FROM [PostSchedules] AS [p]
INNER JOIN (
    SELECT [p0].[Id], [p0].[ChannelAccountId], [p0].[CreatedAt], [p0].[CreatedBy], [p0].[DayNumber], [p0].[ExternalPostId], [p0].[IsDeleted], [p0].[ProjectId], [p0].[PublishedAt], [p0].[PublishedUrl], [p0].[ScheduledAt], [p0].[Status], [p0].[TimelineId], [p0].[Title], [p0].[TrackingEnabled], [p0].[UpdatedAt], [p0].[UpdatedBy], [p0].[VoiceSampleId]
    FROM [Posts] AS [p0]
    WHERE [p0].[IsDeleted] = CAST(0 AS bit)
) AS [t] ON [p].[PostId] = [t].[Id]
LEFT JOIN (
    SELECT [p1].[Id], [p1].[Content], [p1].[ContentType], [p1].[CreatedAt], [p1].[CreatedBy], [p1].[IsDeleted], [p1].[MediaFileId], [p1].[PostId], [p1].[SortOrder], [p1].[UpdatedAt], [p1].[UpdatedBy]
    FROM [PostContents] AS [p1]
    WHERE [p1].[IsDeleted] = CAST(0 AS bit)
) AS [t0] ON [t].[Id] = [t0].[PostId]
WHERE [p].[IsDeleted] = CAST(0 AS bit) AND [p].[Status] = 0 AND [p].[ScheduledAt] <= @__before_0
ORDER BY [p].[ScheduledAt], [p].[Id], [t].[Id]
2026-07-22 23:33:12.868 +07:00 [WRN] Compiling a query which loads related collections for more than one collection navigation, either via 'Include' or through projection, but no 'QuerySplittingBehavior' has been configured. By default, Entity Framework will use 'QuerySplittingBehavior.SingleQuery', which can potentially result in slow query performance. See https://go.microsoft.com/fwlink/?linkid=2134277 for more information. To identify the query that's triggering this warning call 'ConfigureWarnings(w => w.Throw(RelationalEventId.MultipleCollectionIncludeWarning))'.
2026-07-22 23:33:13.054 +07:00 [ERR] Failed executing DbCommand (137ms) [Parameters=[@__id_0='?' (DbType = Guid)], CommandType='"Text"', CommandTimeout='30']
SELECT [t2].[Id], [t2].[ChannelAccountId], [t2].[CreatedAt], [t2].[CreatedBy], [t2].[DayNumber], [t2].[ExternalPostId], [t2].[IsDeleted], [t2].[ProjectId], [t2].[PublishedAt], [t2].[PublishedUrl], [t2].[ScheduledAt], [t2].[Status], [t2].[TimelineId], [t2].[Title], [t2].[TrackingEnabled], [t2].[UpdatedAt], [t2].[UpdatedBy], [t2].[VoiceSampleId], [t2].[Id0], [t2].[Id1], [t2].[Id2], [t3].[Id], [t3].[Content], [t3].[ContentType], [t3].[CreatedAt], [t3].[CreatedBy], [t3].[IsDeleted], [t3].[MediaFileId], [t3].[PostId], [t3].[SortOrder], [t3].[UpdatedAt], [t3].[UpdatedBy], [t2].[CreatedAt0], [t2].[CreatedBy0], [t2].[ExecutedAt], [t2].[FailureReason], [t2].[IsDeleted0], [t2].[PostChannelAccountId], [t2].[PostId], [t2].[RetryCount], [t2].[ScheduledAt0], [t2].[Status0], [t2].[UpdatedAt0], [t2].[UpdatedBy0], [t4].[Id], [t4].[Action], [t4].[CreatedAt], [t4].[CreatedBy], [t4].[Details], [t4].[IsDeleted], [t4].[Level], [t4].[Message], [t4].[PostId], [t4].[UpdatedAt], [t4].[UpdatedBy], [t2].[AccessToken], [t2].[AvatarUrl], [t2].[ChannelId], [t2].[CreatedAt1], [t2].[CreatedBy1], [t2].[ExternalId], [t2].[IsActive], [t2].[IsDeleted1], [t2].[LastSyncedAt], [t2].[Name], [t2].[ParentChannelAccountId], [t2].[ProfileUrl], [t2].[ProjectId0], [t2].[RefreshToken], [t2].[Scope], [t2].[TokenExpiresAt], [t2].[UpdatedAt1], [t2].[UpdatedBy1], [t2].[UserId], [t2].[Code], [t2].[CreatedAt2], [t2].[CreatedBy2], [t2].[Description], [t2].[IconUrl], [t2].[IsActive0], [t2].[IsDeleted2], [t2].[Name0], [t2].[SortOrder], [t2].[UpdatedAt2], [t2].[UpdatedBy2], [t5].[Id], [t5].[ChannelAccountId], [t5].[CreatedAt], [t5].[CreatedBy], [t5].[ExternalPostId], [t5].[IsDeleted], [t5].[PostId], [t5].[PublishedAt], [t5].[PublishedUrl], [t5].[Status], [t5].[UpdatedAt], [t5].[UpdatedBy], [t5].[Id0], [t5].[AccessToken], [t5].[AvatarUrl], [t5].[ChannelId], [t5].[CreatedAt0], [t5].[CreatedBy0], [t5].[ExternalId], [t5].[IsActive], [t5].[IsDeleted0], [t5].[LastSyncedAt], [t5].[Name], [t5].[ParentChannelAccountId], [t5].[ProfileUrl], [t5].[ProjectId], [t5].[RefreshToken], [t5].[Scope], [t5].[TokenExpiresAt], [t5].[UpdatedAt0], [t5].[UpdatedBy0], [t5].[UserId], [t5].[Id1], [t5].[Code], [t5].[CreatedAt1], [t5].[CreatedBy1], [t5].[Description], [t5].[IconUrl], [t5].[IsActive0], [t5].[IsDeleted1], [t5].[Name0], [t5].[SortOrder], [t5].[UpdatedAt1], [t5].[UpdatedBy1], [t8].[Id], [t8].[CreatedAt], [t8].[CreatedBy], [t8].[HashtagId], [t8].[IsDeleted], [t8].[PostId], [t8].[UpdatedAt], [t8].[UpdatedBy], [t8].[Id0], [t8].[CreatedAt0], [t8].[CreatedBy0], [t8].[IsDeleted0], [t8].[Tag], [t8].[UpdatedAt0], [t8].[UpdatedBy0]
FROM (
    SELECT TOP(1) [p].[Id], [p].[ChannelAccountId], [p].[CreatedAt], [p].[CreatedBy], [p].[DayNumber], [p].[ExternalPostId], [p].[IsDeleted], [p].[ProjectId], [p].[PublishedAt], [p].[PublishedUrl], [p].[ScheduledAt], [p].[Status], [p].[TimelineId], [p].[Title], [p].[TrackingEnabled], [p].[UpdatedAt], [p].[UpdatedBy], [p].[VoiceSampleId], [t].[Id] AS [Id0], [t].[CreatedAt] AS [CreatedAt0], [t].[CreatedBy] AS [CreatedBy0], [t].[ExecutedAt], [t].[FailureReason], [t].[IsDeleted] AS [IsDeleted0], [t].[PostChannelAccountId], [t].[PostId], [t].[RetryCount], [t].[ScheduledAt] AS [ScheduledAt0], [t].[Status] AS [Status0], [t].[UpdatedAt] AS [UpdatedAt0], [t].[UpdatedBy] AS [UpdatedBy0], [t0].[Id] AS [Id1], [t0].[AccessToken], [t0].[AvatarUrl], [t0].[ChannelId], [t0].[CreatedAt] AS [CreatedAt1], [t0].[CreatedBy] AS [CreatedBy1], [t0].[ExternalId], [t0].[IsActive], [t0].[IsDeleted] AS [IsDeleted1], [t0].[LastSyncedAt], [t0].[Name], [t0].[ParentChannelAccountId], [t0].[ProfileUrl], [t0].[ProjectId] AS [ProjectId0], [t0].[RefreshToken], [t0].[Scope], [t0].[TokenExpiresAt], [t0].[UpdatedAt] AS [UpdatedAt1], [t0].[UpdatedBy] AS [UpdatedBy1], [t0].[UserId], [t1].[Id] AS [Id2], [t1].[Code], [t1].[CreatedAt] AS [CreatedAt2], [t1].[CreatedBy] AS [CreatedBy2], [t1].[Description], [t1].[IconUrl], [t1].[IsActive] AS [IsActive0], [t1].[IsDeleted] AS [IsDeleted2], [t1].[Name] AS [Name0], [t1].[SortOrder], [t1].[UpdatedAt] AS [UpdatedAt2], [t1].[UpdatedBy] AS [UpdatedBy2]
    FROM [Posts] AS [p]
    LEFT JOIN (
        SELECT [p0].[Id], [p0].[CreatedAt], [p0].[CreatedBy], [p0].[ExecutedAt], [p0].[FailureReason], [p0].[IsDeleted], [p0].[PostChannelAccountId], [p0].[PostId], [p0].[RetryCount], [p0].[ScheduledAt], [p0].[Status], [p0].[UpdatedAt], [p0].[UpdatedBy]
        FROM [PostSchedules] AS [p0]
        WHERE [p0].[IsDeleted] = CAST(0 AS bit)
    ) AS [t] ON [p].[Id] = [t].[PostId]
    LEFT JOIN (
        SELECT [c].[Id], [c].[AccessToken], [c].[AvatarUrl], [c].[ChannelId], [c].[CreatedAt], [c].[CreatedBy], [c].[ExternalId], [c].[IsActive], [c].[IsDeleted], [c].[LastSyncedAt], [c].[Name], [c].[ParentChannelAccountId], [c].[ProfileUrl], [c].[ProjectId], [c].[RefreshToken], [c].[Scope], [c].[TokenExpiresAt], [c].[UpdatedAt], [c].[UpdatedBy], [c].[UserId]
        FROM [ChannelAccounts] AS [c]
        WHERE [c].[IsDeleted] = CAST(0 AS bit)
    ) AS [t0] ON [p].[ChannelAccountId] = [t0].[Id]
    LEFT JOIN (
        SELECT [c0].[Id], [c0].[Code], [c0].[CreatedAt], [c0].[CreatedBy], [c0].[Description], [c0].[IconUrl], [c0].[IsActive], [c0].[IsDeleted], [c0].[Name], [c0].[SortOrder], [c0].[UpdatedAt], [c0].[UpdatedBy]
        FROM [Channels] AS [c0]
        WHERE [c0].[IsDeleted] = CAST(0 AS bit)
    ) AS [t1] ON [t0].[ChannelId] = [t1].[Id]
    WHERE [p].[IsDeleted] = CAST(0 AS bit) AND [p].[Id] = @__id_0
) AS [t2]
LEFT JOIN (
    SELECT [p1].[Id], [p1].[Content], [p1].[ContentType], [p1].[CreatedAt], [p1].[CreatedBy], [p1].[IsDeleted], [p1].[MediaFileId], [p1].[PostId], [p1].[SortOrder], [p1].[UpdatedAt], [p1].[UpdatedBy]
    FROM [PostContents] AS [p1]
    WHERE [p1].[IsDeleted] = CAST(0 AS bit)
) AS [t3] ON [t2].[Id] = [t3].[PostId]
LEFT JOIN (
    SELECT [p2].[Id], [p2].[Action], [p2].[CreatedAt], [p2].[CreatedBy], [p2].[Details], [p2].[IsDeleted], [p2].[Level], [p2].[Message], [p2].[PostId], [p2].[UpdatedAt], [p2].[UpdatedBy]
    FROM [PostLogs] AS [p2]
    WHERE [p2].[IsDeleted] = CAST(0 AS bit)
) AS [t4] ON [t2].[Id] = [t4].[PostId]
LEFT JOIN (
    SELECT [p3].[Id], [p3].[ChannelAccountId], [p3].[CreatedAt], [p3].[CreatedBy], [p3].[ExternalPostId], [p3].[IsDeleted], [p3].[PostId], [p3].[PublishedAt], [p3].[PublishedUrl], [p3].[Status], [p3].[UpdatedAt], [p3].[UpdatedBy], [t6].[Id] AS [Id0], [t6].[AccessToken], [t6].[AvatarUrl], [t6].[ChannelId], [t6].[CreatedAt] AS [CreatedAt0], [t6].[CreatedBy] AS [CreatedBy0], [t6].[ExternalId], [t6].[IsActive], [t6].[IsDeleted] AS [IsDeleted0], [t6].[LastSyncedAt], [t6].[Name], [t6].[ParentChannelAccountId], [t6].[ProfileUrl], [t6].[ProjectId], [t6].[RefreshToken], [t6].[Scope], [t6].[TokenExpiresAt], [t6].[UpdatedAt] AS [UpdatedAt0], [t6].[UpdatedBy] AS [UpdatedBy0], [t6].[UserId], [t7].[Id] AS [Id1], [t7].[Code], [t7].[CreatedAt] AS [CreatedAt1], [t7].[CreatedBy] AS [CreatedBy1], [t7].[Description], [t7].[IconUrl], [t7].[IsActive] AS [IsActive0], [t7].[IsDeleted] AS [IsDeleted1], [t7].[Name] AS [Name0], [t7].[SortOrder], [t7].[UpdatedAt] AS [UpdatedAt1], [t7].[UpdatedBy] AS [UpdatedBy1]
    FROM [PostChannelAccounts] AS [p3]
    INNER JOIN (
        SELECT [c1].[Id], [c1].[AccessToken], [c1].[AvatarUrl], [c1].[ChannelId], [c1].[CreatedAt], [c1].[CreatedBy], [c1].[ExternalId], [c1].[IsActive], [c1].[IsDeleted], [c1].[LastSyncedAt], [c1].[Name], [c1].[ParentChannelAccountId], [c1].[ProfileUrl], [c1].[ProjectId], [c1].[RefreshToken], [c1].[Scope], [c1].[TokenExpiresAt], [c1].[UpdatedAt], [c1].[UpdatedBy], [c1].[UserId]
        FROM [ChannelAccounts] AS [c1]
        WHERE [c1].[IsDeleted] = CAST(0 AS bit)
    ) AS [t6] ON [p3].[ChannelAccountId] = [t6].[Id]
    INNER JOIN (
        SELECT [c2].[Id], [c2].[Code], [c2].[CreatedAt], [c2].[CreatedBy], [c2].[Description], [c2].[IconUrl], [c2].[IsActive], [c2].[IsDeleted], [c2].[Name], [c2].[SortOrder], [c2].[UpdatedAt], [c2].[UpdatedBy]
        FROM [Channels] AS [c2]
        WHERE [c2].[IsDeleted] = CAST(0 AS bit)
    ) AS [t7] ON [t6].[ChannelId] = [t7].[Id]
    WHERE [p3].[IsDeleted] = CAST(0 AS bit)
) AS [t5] ON [t2].[Id] = [t5].[PostId]
LEFT JOIN (
    SELECT [p4].[Id], [p4].[CreatedAt], [p4].[CreatedBy], [p4].[HashtagId], [p4].[IsDeleted], [p4].[PostId], [p4].[UpdatedAt], [p4].[UpdatedBy], [t9].[Id] AS [Id0], [t9].[CreatedAt] AS [CreatedAt0], [t9].[CreatedBy] AS [CreatedBy0], [t9].[IsDeleted] AS [IsDeleted0], [t9].[Tag], [t9].[UpdatedAt] AS [UpdatedAt0], [t9].[UpdatedBy] AS [UpdatedBy0]
    FROM [PostHashtags] AS [p4]
    INNER JOIN (
        SELECT [h].[Id], [h].[CreatedAt], [h].[CreatedBy], [h].[IsDeleted], [h].[Tag], [h].[UpdatedAt], [h].[UpdatedBy]
        FROM [Hashtags] AS [h]
        WHERE [h].[IsDeleted] = CAST(0 AS bit)
    ) AS [t9] ON [p4].[HashtagId] = [t9].[Id]
    WHERE [p4].[IsDeleted] = CAST(0 AS bit)
) AS [t8] ON [t2].[Id] = [t8].[PostId]
ORDER BY [t2].[Id], [t2].[Id0], [t2].[Id1], [t2].[Id2], [t3].[Id], [t4].[Id], [t5].[Id], [t5].[Id0], [t5].[Id1], [t8].[Id]
2026-07-22 23:33:13.249 +07:00 [ERR] An exception occurred while iterating over the results of a query for context type 'AutoWork.Persistence.Context.ApplicationDbContext'.
Microsoft.Data.SqlClient.SqlException (0x80131904): Invalid column name 'IsDeleted'.
Invalid column name 'Id'.
Invalid column name 'CreatedAt'.
Invalid column name 'CreatedBy'.
Invalid column name 'IsDeleted'.
Invalid column name 'UpdatedAt'.
Invalid column name 'UpdatedBy'.
   at System.Threading.Tasks.ContinuationResultTaskFromResultTask`2.InnerInvoke()
   at System.Threading.ExecutionContext.RunInternal(ExecutionContext executionContext, ContextCallback callback, Object state)
--- End of stack trace from previous location ---
   at System.Threading.ExecutionContext.RunInternal(ExecutionContext executionContext, ContextCallback callback, Object state)
   at System.Threading.Tasks.Task.ExecuteWithThreadLocal(Task& currentTaskSlot, Thread threadPoolThread)
--- End of stack trace from previous location ---
   at Microsoft.EntityFrameworkCore.Storage.RelationalCommand.ExecuteReaderAsync(RelationalCommandParameterObject parameterObject, CancellationToken cancellationToken)
   at Microsoft.EntityFrameworkCore.Storage.RelationalCommand.ExecuteReaderAsync(RelationalCommandParameterObject parameterObject, CancellationToken cancellationToken)
   at Microsoft.EntityFrameworkCore.Query.Internal.SingleQueryingEnumerable`1.AsyncEnumerator.InitializeReaderAsync(AsyncEnumerator enumerator, CancellationToken cancellationToken)
   at Microsoft.EntityFrameworkCore.Storage.ExecutionStrategy.<>c__DisplayClass30_0`2.<<ExecuteAsync>b__0>d.MoveNext()
--- End of stack trace from previous location ---
   at Microsoft.EntityFrameworkCore.Storage.ExecutionStrategy.ExecuteImplementationAsync[TState,TResult](Func`4 operation, Func`4 verifySucceeded, TState state, CancellationToken cancellationToken)
   at Microsoft.EntityFrameworkCore.Storage.ExecutionStrategy.ExecuteImplementationAsync[TState,TResult](Func`4 operation, Func`4 verifySucceeded, TState state, CancellationToken cancellationToken)
   at Microsoft.EntityFrameworkCore.Storage.ExecutionStrategy.ExecuteAsync[TState,TResult](TState state, Func`4 operation, Func`4 verifySucceeded, CancellationToken cancellationToken)
   at Microsoft.EntityFrameworkCore.Query.Internal.SingleQueryingEnumerable`1.AsyncEnumerator.MoveNextAsync()
ClientConnectionId:f63d410d-06f6-4033-b4bb-17bbf75961b5
Error Number:207,State:1,Class:16
Microsoft.Data.SqlClient.SqlException (0x80131904): Invalid column name 'IsDeleted'.
Invalid column name 'Id'.
Invalid column name 'CreatedAt'.
Invalid column name 'CreatedBy'.
Invalid column name 'IsDeleted'.
Invalid column name 'UpdatedAt'.
Invalid column name 'UpdatedBy'.
   at System.Threading.Tasks.ContinuationResultTaskFromResultTask`2.InnerInvoke()
   at System.Threading.ExecutionContext.RunInternal(ExecutionContext executionContext, ContextCallback callback, Object state)
--- End of stack trace from previous location ---
   at System.Threading.ExecutionContext.RunInternal(ExecutionContext executionContext, ContextCallback callback, Object state)
   at System.Threading.Tasks.Task.ExecuteWithThreadLocal(Task& currentTaskSlot, Thread threadPoolThread)
--- End of stack trace from previous location ---
   at Microsoft.EntityFrameworkCore.Storage.RelationalCommand.ExecuteReaderAsync(RelationalCommandParameterObject parameterObject, CancellationToken cancellationToken)
   at Microsoft.EntityFrameworkCore.Storage.RelationalCommand.ExecuteReaderAsync(RelationalCommandParameterObject parameterObject, CancellationToken cancellationToken)
   at Microsoft.EntityFrameworkCore.Query.Internal.SingleQueryingEnumerable`1.AsyncEnumerator.InitializeReaderAsync(AsyncEnumerator enumerator, CancellationToken cancellationToken)
   at Microsoft.EntityFrameworkCore.Storage.ExecutionStrategy.<>c__DisplayClass30_0`2.<<ExecuteAsync>b__0>d.MoveNext()
--- End of stack trace from previous location ---
   at Microsoft.EntityFrameworkCore.Storage.ExecutionStrategy.ExecuteImplementationAsync[TState,TResult](Func`4 operation, Func`4 verifySucceeded, TState state, CancellationToken cancellationToken)
   at Microsoft.EntityFrameworkCore.Storage.ExecutionStrategy.ExecuteImplementationAsync[TState,TResult](Func`4 operation, Func`4 verifySucceeded, TState state, CancellationToken cancellationToken)
   at Microsoft.EntityFrameworkCore.Storage.ExecutionStrategy.ExecuteAsync[TState,TResult](TState state, Func`4 operation, Func`4 verifySucceeded, CancellationToken cancellationToken)
   at Microsoft.EntityFrameworkCore.Query.Internal.SingleQueryingEnumerable`1.AsyncEnumerator.MoveNextAsync()
ClientConnectionId:f63d410d-06f6-4033-b4bb-17bbf75961b5
Error Number:207,State:1,Class:16
2026-07-22 23:33:13.921 +07:00 [WRN] Failed to process the job '190': an exception occurred. Retry attempt 10 of 10 will be performed in 01:54:26.
Microsoft.Data.SqlClient.SqlException (0x80131904): Invalid column name 'IsDeleted'.
Invalid column name 'Id'.
Invalid column name 'CreatedAt'.
Invalid column name 'CreatedBy'.
Invalid column name 'IsDeleted'.
Invalid column name 'UpdatedAt'.
Invalid column name 'UpdatedBy'.
   at System.Threading.Tasks.ContinuationResultTaskFromResultTask`2.InnerInvoke()
   at System.Threading.ExecutionContext.RunInternal(ExecutionContext executionContext, ContextCallback callback, Object state)
--- End of stack trace from previous location ---
   at System.Threading.ExecutionContext.RunInternal(ExecutionContext executionContext, ContextCallback callback, Object state)
   at System.Threading.Tasks.Task.ExecuteWithThreadLocal(Task& currentTaskSlot, Thread threadPoolThread)
--- End of stack trace from previous location ---
   at Microsoft.EntityFrameworkCore.Storage.RelationalCommand.ExecuteReaderAsync(RelationalCommandParameterObject parameterObject, CancellationToken cancellationToken)
   at Microsoft.EntityFrameworkCore.Storage.RelationalCommand.ExecuteReaderAsync(RelationalCommandParameterObject parameterObject, CancellationToken cancellationToken)
   at Microsoft.EntityFrameworkCore.Query.Internal.SingleQueryingEnumerable`1.AsyncEnumerator.InitializeReaderAsync(AsyncEnumerator enumerator, CancellationToken cancellationToken)
   at Microsoft.EntityFrameworkCore.Storage.ExecutionStrategy.<>c__DisplayClass30_0`2.<<ExecuteAsync>b__0>d.MoveNext()
--- End of stack trace from previous location ---
   at Microsoft.EntityFrameworkCore.Storage.ExecutionStrategy.ExecuteImplementationAsync[TState,TResult](Func`4 operation, Func`4 verifySucceeded, TState state, CancellationToken cancellationToken)
   at Microsoft.EntityFrameworkCore.Storage.ExecutionStrategy.ExecuteImplementationAsync[TState,TResult](Func`4 operation, Func`4 verifySucceeded, TState state, CancellationToken cancellationToken)
   at Microsoft.EntityFrameworkCore.Storage.ExecutionStrategy.ExecuteAsync[TState,TResult](TState state, Func`4 operation, Func`4 verifySucceeded, CancellationToken cancellationToken)
   at Microsoft.EntityFrameworkCore.Query.Internal.SingleQueryingEnumerable`1.AsyncEnumerator.MoveNextAsync()
   at Microsoft.EntityFrameworkCore.Query.ShapedQueryCompilingExpressionVisitor.SingleOrDefaultAsync[TSource](IAsyncEnumerable`1 asyncEnumerable, CancellationToken cancellationToken)
   at Microsoft.EntityFrameworkCore.Query.ShapedQueryCompilingExpressionVisitor.SingleOrDefaultAsync[TSource](IAsyncEnumerable`1 asyncEnumerable, CancellationToken cancellationToken)
   at AutoWork.Persistence.Repositories.PostRepository.GetByIdWithDetailsAsync(Guid id, CancellationToken cancellationToken) in D:\EXE01\AIMarketingAssistant\src\AutoWork.Persistence\Repositories\PostRepository.cs:line 16
   at AutoWork.Infrastructure.Jobs.PublishPostJob.ExecuteAsync(Guid postId, CancellationToken cancellationToken) in D:\EXE01\AIMarketingAssistant\src\AutoWork.Infrastructure\Jobs\PublishPostJob.cs:line 26
   at InvokeStub_TaskAwaiter.GetResult(Object, Object, IntPtr*)
   at System.Reflection.MethodBaseInvoker.InvokeWithNoArgs(Object obj, BindingFlags invokeAttr)
ClientConnectionId:f63d410d-06f6-4033-b4bb-17bbf75961b5
Error Number:207,State:1,Class:16
2026-07-22 23:34:01.034 +07:00 [INF] Executed DbCommand (15ms) [Parameters=[@__before_0='?' (DbType = DateTime2)], CommandType='"Text"', CommandTimeout='30']
SELECT [p].[Id], [p].[CreatedAt], [p].[CreatedBy], [p].[ExecutedAt], [p].[FailureReason], [p].[IsDeleted], [p].[PostChannelAccountId], [p].[PostId], [p].[RetryCount], [p].[ScheduledAt], [p].[Status], [p].[UpdatedAt], [p].[UpdatedBy], [t].[Id], [t].[ChannelAccountId], [t].[CreatedAt], [t].[CreatedBy], [t].[DayNumber], [t].[ExternalPostId], [t].[IsDeleted], [t].[ProjectId], [t].[PublishedAt], [t].[PublishedUrl], [t].[ScheduledAt], [t].[Status], [t].[TimelineId], [t].[Title], [t].[TrackingEnabled], [t].[UpdatedAt], [t].[UpdatedBy], [t].[VoiceSampleId], [t0].[Id], [t0].[Content], [t0].[ContentType], [t0].[CreatedAt], [t0].[CreatedBy], [t0].[IsDeleted], [t0].[MediaFileId], [t0].[PostId], [t0].[SortOrder], [t0].[UpdatedAt], [t0].[UpdatedBy]
FROM [PostSchedules] AS [p]
INNER JOIN (
    SELECT [p0].[Id], [p0].[ChannelAccountId], [p0].[CreatedAt], [p0].[CreatedBy], [p0].[DayNumber], [p0].[ExternalPostId], [p0].[IsDeleted], [p0].[ProjectId], [p0].[PublishedAt], [p0].[PublishedUrl], [p0].[ScheduledAt], [p0].[Status], [p0].[TimelineId], [p0].[Title], [p0].[TrackingEnabled], [p0].[UpdatedAt], [p0].[UpdatedBy], [p0].[VoiceSampleId]
    FROM [Posts] AS [p0]
    WHERE [p0].[IsDeleted] = CAST(0 AS bit)
) AS [t] ON [p].[PostId] = [t].[Id]
LEFT JOIN (
    SELECT [p1].[Id], [p1].[Content], [p1].[ContentType], [p1].[CreatedAt], [p1].[CreatedBy], [p1].[IsDeleted], [p1].[MediaFileId], [p1].[PostId], [p1].[SortOrder], [p1].[UpdatedAt], [p1].[UpdatedBy]
    FROM [PostContents] AS [p1]
    WHERE [p1].[IsDeleted] = CAST(0 AS bit)
) AS [t0] ON [t].[Id] = [t0].[PostId]
WHERE [p].[IsDeleted] = CAST(0 AS bit) AND [p].[Status] = 0 AND [p].[ScheduledAt] <= @__before_0
ORDER BY [p].[ScheduledAt], [p].[Id], [t].[Id]
2026-07-22 23:35:01.211 +07:00 [INF] Executed DbCommand (15ms) [Parameters=[@__before_0='?' (DbType = DateTime2)], CommandType='"Text"', CommandTimeout='30']
SELECT [p].[Id], [p].[CreatedAt], [p].[CreatedBy], [p].[ExecutedAt], [p].[FailureReason], [p].[IsDeleted], [p].[PostChannelAccountId], [p].[PostId], [p].[RetryCount], [p].[ScheduledAt], [p].[Status], [p].[UpdatedAt], [p].[UpdatedBy], [t].[Id], [t].[ChannelAccountId], [t].[CreatedAt], [t].[CreatedBy], [t].[DayNumber], [t].[ExternalPostId], [t].[IsDeleted], [t].[ProjectId], [t].[PublishedAt], [t].[PublishedUrl], [t].[ScheduledAt], [t].[Status], [t].[TimelineId], [t].[Title], [t].[TrackingEnabled], [t].[UpdatedAt], [t].[UpdatedBy], [t].[VoiceSampleId], [t0].[Id], [t0].[Content], [t0].[ContentType], [t0].[CreatedAt], [t0].[CreatedBy], [t0].[IsDeleted], [t0].[MediaFileId], [t0].[PostId], [t0].[SortOrder], [t0].[UpdatedAt], [t0].[UpdatedBy]
FROM [PostSchedules] AS [p]
INNER JOIN (
    SELECT [p0].[Id], [p0].[ChannelAccountId], [p0].[CreatedAt], [p0].[CreatedBy], [p0].[DayNumber], [p0].[ExternalPostId], [p0].[IsDeleted], [p0].[ProjectId], [p0].[PublishedAt], [p0].[PublishedUrl], [p0].[ScheduledAt], [p0].[Status], [p0].[TimelineId], [p0].[Title], [p0].[TrackingEnabled], [p0].[UpdatedAt], [p0].[UpdatedBy], [p0].[VoiceSampleId]
    FROM [Posts] AS [p0]
    WHERE [p0].[IsDeleted] = CAST(0 AS bit)
) AS [t] ON [p].[PostId] = [t].[Id]
LEFT JOIN (
    SELECT [p1].[Id], [p1].[Content], [p1].[ContentType], [p1].[CreatedAt], [p1].[CreatedBy], [p1].[IsDeleted], [p1].[MediaFileId], [p1].[PostId], [p1].[SortOrder], [p1].[UpdatedAt], [p1].[UpdatedBy]
    FROM [PostContents] AS [p1]
    WHERE [p1].[IsDeleted] = CAST(0 AS bit)
) AS [t0] ON [t].[Id] = [t0].[PostId]
WHERE [p].[IsDeleted] = CAST(0 AS bit) AND [p].[Status] = 0 AND [p].[ScheduledAt] <= @__before_0
ORDER BY [p].[ScheduledAt], [p].[Id], [t].[Id]
2026-07-22 23:36:01.481 +07:00 [INF] Executed DbCommand (20ms) [Parameters=[@__before_0='?' (DbType = DateTime2)], CommandType='"Text"', CommandTimeout='30']
SELECT [p].[Id], [p].[CreatedAt], [p].[CreatedBy], [p].[ExecutedAt], [p].[FailureReason], [p].[IsDeleted], [p].[PostChannelAccountId], [p].[PostId], [p].[RetryCount], [p].[ScheduledAt], [p].[Status], [p].[UpdatedAt], [p].[UpdatedBy], [t].[Id], [t].[ChannelAccountId], [t].[CreatedAt], [t].[CreatedBy], [t].[DayNumber], [t].[ExternalPostId], [t].[IsDeleted], [t].[ProjectId], [t].[PublishedAt], [t].[PublishedUrl], [t].[ScheduledAt], [t].[Status], [t].[TimelineId], [t].[Title], [t].[TrackingEnabled], [t].[UpdatedAt], [t].[UpdatedBy], [t].[VoiceSampleId], [t0].[Id], [t0].[Content], [t0].[ContentType], [t0].[CreatedAt], [t0].[CreatedBy], [t0].[IsDeleted], [t0].[MediaFileId], [t0].[PostId], [t0].[SortOrder], [t0].[UpdatedAt], [t0].[UpdatedBy]
FROM [PostSchedules] AS [p]
INNER JOIN (
    SELECT [p0].[Id], [p0].[ChannelAccountId], [p0].[CreatedAt], [p0].[CreatedBy], [p0].[DayNumber], [p0].[ExternalPostId], [p0].[IsDeleted], [p0].[ProjectId], [p0].[PublishedAt], [p0].[PublishedUrl], [p0].[ScheduledAt], [p0].[Status], [p0].[TimelineId], [p0].[Title], [p0].[TrackingEnabled], [p0].[UpdatedAt], [p0].[UpdatedBy], [p0].[VoiceSampleId]
    FROM [Posts] AS [p0]
    WHERE [p0].[IsDeleted] = CAST(0 AS bit)
) AS [t] ON [p].[PostId] = [t].[Id]
LEFT JOIN (
    SELECT [p1].[Id], [p1].[Content], [p1].[ContentType], [p1].[CreatedAt], [p1].[CreatedBy], [p1].[IsDeleted], [p1].[MediaFileId], [p1].[PostId], [p1].[SortOrder], [p1].[UpdatedAt], [p1].[UpdatedBy]
    FROM [PostContents] AS [p1]
    WHERE [p1].[IsDeleted] = CAST(0 AS bit)
) AS [t0] ON [t].[Id] = [t0].[PostId]
WHERE [p].[IsDeleted] = CAST(0 AS bit) AND [p].[Status] = 0 AND [p].[ScheduledAt] <= @__before_0
ORDER BY [p].[ScheduledAt], [p].[Id], [t].[Id]
2026-07-22 23:37:01.647 +07:00 [INF] Executed DbCommand (17ms) [Parameters=[@__before_0='?' (DbType = DateTime2)], CommandType='"Text"', CommandTimeout='30']
SELECT [p].[Id], [p].[CreatedAt], [p].[CreatedBy], [p].[ExecutedAt], [p].[FailureReason], [p].[IsDeleted], [p].[PostChannelAccountId], [p].[PostId], [p].[RetryCount], [p].[ScheduledAt], [p].[Status], [p].[UpdatedAt], [p].[UpdatedBy], [t].[Id], [t].[ChannelAccountId], [t].[CreatedAt], [t].[CreatedBy], [t].[DayNumber], [t].[ExternalPostId], [t].[IsDeleted], [t].[ProjectId], [t].[PublishedAt], [t].[PublishedUrl], [t].[ScheduledAt], [t].[Status], [t].[TimelineId], [t].[Title], [t].[TrackingEnabled], [t].[UpdatedAt], [t].[UpdatedBy], [t].[VoiceSampleId], [t0].[Id], [t0].[Content], [t0].[ContentType], [t0].[CreatedAt], [t0].[CreatedBy], [t0].[IsDeleted], [t0].[MediaFileId], [t0].[PostId], [t0].[SortOrder], [t0].[UpdatedAt], [t0].[UpdatedBy]
FROM [PostSchedules] AS [p]
INNER JOIN (
    SELECT [p0].[Id], [p0].[ChannelAccountId], [p0].[CreatedAt], [p0].[CreatedBy], [p0].[DayNumber], [p0].[ExternalPostId], [p0].[IsDeleted], [p0].[ProjectId], [p0].[PublishedAt], [p0].[PublishedUrl], [p0].[ScheduledAt], [p0].[Status], [p0].[TimelineId], [p0].[Title], [p0].[TrackingEnabled], [p0].[UpdatedAt], [p0].[UpdatedBy], [p0].[VoiceSampleId]
    FROM [Posts] AS [p0]
    WHERE [p0].[IsDeleted] = CAST(0 AS bit)
) AS [t] ON [p].[PostId] = [t].[Id]
LEFT JOIN (
    SELECT [p1].[Id], [p1].[Content], [p1].[ContentType], [p1].[CreatedAt], [p1].[CreatedBy], [p1].[IsDeleted], [p1].[MediaFileId], [p1].[PostId], [p1].[SortOrder], [p1].[UpdatedAt], [p1].[UpdatedBy]
    FROM [PostContents] AS [p1]
    WHERE [p1].[IsDeleted] = CAST(0 AS bit)
) AS [t0] ON [t].[Id] = [t0].[PostId]
WHERE [p].[IsDeleted] = CAST(0 AS bit) AND [p].[Status] = 0 AND [p].[ScheduledAt] <= @__before_0
ORDER BY [p].[ScheduledAt], [p].[Id], [t].[Id]
2026-07-22 23:38:01.720 +07:00 [INF] Executed DbCommand (11ms) [Parameters=[@__before_0='?' (DbType = DateTime2)], CommandType='"Text"', CommandTimeout='30']
SELECT [p].[Id], [p].[CreatedAt], [p].[CreatedBy], [p].[ExecutedAt], [p].[FailureReason], [p].[IsDeleted], [p].[PostChannelAccountId], [p].[PostId], [p].[RetryCount], [p].[ScheduledAt], [p].[Status], [p].[UpdatedAt], [p].[UpdatedBy], [t].[Id], [t].[ChannelAccountId], [t].[CreatedAt], [t].[CreatedBy], [t].[DayNumber], [t].[ExternalPostId], [t].[IsDeleted], [t].[ProjectId], [t].[PublishedAt], [t].[PublishedUrl], [t].[ScheduledAt], [t].[Status], [t].[TimelineId], [t].[Title], [t].[TrackingEnabled], [t].[UpdatedAt], [t].[UpdatedBy], [t].[VoiceSampleId], [t0].[Id], [t0].[Content], [t0].[ContentType], [t0].[CreatedAt], [t0].[CreatedBy], [t0].[IsDeleted], [t0].[MediaFileId], [t0].[PostId], [t0].[SortOrder], [t0].[UpdatedAt], [t0].[UpdatedBy]
FROM [PostSchedules] AS [p]
INNER JOIN (
    SELECT [p0].[Id], [p0].[ChannelAccountId], [p0].[CreatedAt], [p0].[CreatedBy], [p0].[DayNumber], [p0].[ExternalPostId], [p0].[IsDeleted], [p0].[ProjectId], [p0].[PublishedAt], [p0].[PublishedUrl], [p0].[ScheduledAt], [p0].[Status], [p0].[TimelineId], [p0].[Title], [p0].[TrackingEnabled], [p0].[UpdatedAt], [p0].[UpdatedBy], [p0].[VoiceSampleId]
    FROM [Posts] AS [p0]
    WHERE [p0].[IsDeleted] = CAST(0 AS bit)
) AS [t] ON [p].[PostId] = [t].[Id]
LEFT JOIN (
    SELECT [p1].[Id], [p1].[Content], [p1].[ContentType], [p1].[CreatedAt], [p1].[CreatedBy], [p1].[IsDeleted], [p1].[MediaFileId], [p1].[PostId], [p1].[SortOrder], [p1].[UpdatedAt], [p1].[UpdatedBy]
    FROM [PostContents] AS [p1]
    WHERE [p1].[IsDeleted] = CAST(0 AS bit)
) AS [t0] ON [t].[Id] = [t0].[PostId]
WHERE [p].[IsDeleted] = CAST(0 AS bit) AND [p].[Status] = 0 AND [p].[ScheduledAt] <= @__before_0
ORDER BY [p].[ScheduledAt], [p].[Id], [t].[Id]
2026-07-22 23:39:01.836 +07:00 [INF] Executed DbCommand (17ms) [Parameters=[@__before_0='?' (DbType = DateTime2)], CommandType='"Text"', CommandTimeout='30']
SELECT [p].[Id], [p].[CreatedAt], [p].[CreatedBy], [p].[ExecutedAt], [p].[FailureReason], [p].[IsDeleted], [p].[PostChannelAccountId], [p].[PostId], [p].[RetryCount], [p].[ScheduledAt], [p].[Status], [p].[UpdatedAt], [p].[UpdatedBy], [t].[Id], [t].[ChannelAccountId], [t].[CreatedAt], [t].[CreatedBy], [t].[DayNumber], [t].[ExternalPostId], [t].[IsDeleted], [t].[ProjectId], [t].[PublishedAt], [t].[PublishedUrl], [t].[ScheduledAt], [t].[Status], [t].[TimelineId], [t].[Title], [t].[TrackingEnabled], [t].[UpdatedAt], [t].[UpdatedBy], [t].[VoiceSampleId], [t0].[Id], [t0].[Content], [t0].[ContentType], [t0].[CreatedAt], [t0].[CreatedBy], [t0].[IsDeleted], [t0].[MediaFileId], [t0].[PostId], [t0].[SortOrder], [t0].[UpdatedAt], [t0].[UpdatedBy]
FROM [PostSchedules] AS [p]
INNER JOIN (
    SELECT [p0].[Id], [p0].[ChannelAccountId], [p0].[CreatedAt], [p0].[CreatedBy], [p0].[DayNumber], [p0].[ExternalPostId], [p0].[IsDeleted], [p0].[ProjectId], [p0].[PublishedAt], [p0].[PublishedUrl], [p0].[ScheduledAt], [p0].[Status], [p0].[TimelineId], [p0].[Title], [p0].[TrackingEnabled], [p0].[UpdatedAt], [p0].[UpdatedBy], [p0].[VoiceSampleId]
    FROM [Posts] AS [p0]
    WHERE [p0].[IsDeleted] = CAST(0 AS bit)
) AS [t] ON [p].[PostId] = [t].[Id]
LEFT JOIN (
    SELECT [p1].[Id], [p1].[Content], [p1].[ContentType], [p1].[CreatedAt], [p1].[CreatedBy], [p1].[IsDeleted], [p1].[MediaFileId], [p1].[PostId], [p1].[SortOrder], [p1].[UpdatedAt], [p1].[UpdatedBy]
    FROM [PostContents] AS [p1]
    WHERE [p1].[IsDeleted] = CAST(0 AS bit)
) AS [t0] ON [t].[Id] = [t0].[PostId]
WHERE [p].[IsDeleted] = CAST(0 AS bit) AND [p].[Status] = 0 AND [p].[ScheduledAt] <= @__before_0
ORDER BY [p].[ScheduledAt], [p].[Id], [t].[Id]
2026-07-22 23:40:01.975 +07:00 [INF] Executed DbCommand (14ms) [Parameters=[@__before_0='?' (DbType = DateTime2)], CommandType='"Text"', CommandTimeout='30']
SELECT [p].[Id], [p].[CreatedAt], [p].[CreatedBy], [p].[ExecutedAt], [p].[FailureReason], [p].[IsDeleted], [p].[PostChannelAccountId], [p].[PostId], [p].[RetryCount], [p].[ScheduledAt], [p].[Status], [p].[UpdatedAt], [p].[UpdatedBy], [t].[Id], [t].[ChannelAccountId], [t].[CreatedAt], [t].[CreatedBy], [t].[DayNumber], [t].[ExternalPostId], [t].[IsDeleted], [t].[ProjectId], [t].[PublishedAt], [t].[PublishedUrl], [t].[ScheduledAt], [t].[Status], [t].[TimelineId], [t].[Title], [t].[TrackingEnabled], [t].[UpdatedAt], [t].[UpdatedBy], [t].[VoiceSampleId], [t0].[Id], [t0].[Content], [t0].[ContentType], [t0].[CreatedAt], [t0].[CreatedBy], [t0].[IsDeleted], [t0].[MediaFileId], [t0].[PostId], [t0].[SortOrder], [t0].[UpdatedAt], [t0].[UpdatedBy]
FROM [PostSchedules] AS [p]
INNER JOIN (
    SELECT [p0].[Id], [p0].[ChannelAccountId], [p0].[CreatedAt], [p0].[CreatedBy], [p0].[DayNumber], [p0].[ExternalPostId], [p0].[IsDeleted], [p0].[ProjectId], [p0].[PublishedAt], [p0].[PublishedUrl], [p0].[ScheduledAt], [p0].[Status], [p0].[TimelineId], [p0].[Title], [p0].[TrackingEnabled], [p0].[UpdatedAt], [p0].[UpdatedBy], [p0].[VoiceSampleId]
    FROM [Posts] AS [p0]
    WHERE [p0].[IsDeleted] = CAST(0 AS bit)
) AS [t] ON [p].[PostId] = [t].[Id]
LEFT JOIN (
    SELECT [p1].[Id], [p1].[Content], [p1].[ContentType], [p1].[CreatedAt], [p1].[CreatedBy], [p1].[IsDeleted], [p1].[MediaFileId], [p1].[PostId], [p1].[SortOrder], [p1].[UpdatedAt], [p1].[UpdatedBy]
    FROM [PostContents] AS [p1]
    WHERE [p1].[IsDeleted] = CAST(0 AS bit)
) AS [t0] ON [t].[Id] = [t0].[PostId]
WHERE [p].[IsDeleted] = CAST(0 AS bit) AND [p].[Status] = 0 AND [p].[ScheduledAt] <= @__before_0
ORDER BY [p].[ScheduledAt], [p].[Id], [t].[Id]
2026-07-22 23:41:02.124 +07:00 [INF] Executed DbCommand (20ms) [Parameters=[@__before_0='?' (DbType = DateTime2)], CommandType='"Text"', CommandTimeout='30']
SELECT [p].[Id], [p].[CreatedAt], [p].[CreatedBy], [p].[ExecutedAt], [p].[FailureReason], [p].[IsDeleted], [p].[PostChannelAccountId], [p].[PostId], [p].[RetryCount], [p].[ScheduledAt], [p].[Status], [p].[UpdatedAt], [p].[UpdatedBy], [t].[Id], [t].[ChannelAccountId], [t].[CreatedAt], [t].[CreatedBy], [t].[DayNumber], [t].[ExternalPostId], [t].[IsDeleted], [t].[ProjectId], [t].[PublishedAt], [t].[PublishedUrl], [t].[ScheduledAt], [t].[Status], [t].[TimelineId], [t].[Title], [t].[TrackingEnabled], [t].[UpdatedAt], [t].[UpdatedBy], [t].[VoiceSampleId], [t0].[Id], [t0].[Content], [t0].[ContentType], [t0].[CreatedAt], [t0].[CreatedBy], [t0].[IsDeleted], [t0].[MediaFileId], [t0].[PostId], [t0].[SortOrder], [t0].[UpdatedAt], [t0].[UpdatedBy]
FROM [PostSchedules] AS [p]
INNER JOIN (
    SELECT [p0].[Id], [p0].[ChannelAccountId], [p0].[CreatedAt], [p0].[CreatedBy], [p0].[DayNumber], [p0].[ExternalPostId], [p0].[IsDeleted], [p0].[ProjectId], [p0].[PublishedAt], [p0].[PublishedUrl], [p0].[ScheduledAt], [p0].[Status], [p0].[TimelineId], [p0].[Title], [p0].[TrackingEnabled], [p0].[UpdatedAt], [p0].[UpdatedBy], [p0].[VoiceSampleId]
    FROM [Posts] AS [p0]
    WHERE [p0].[IsDeleted] = CAST(0 AS bit)
) AS [t] ON [p].[PostId] = [t].[Id]
LEFT JOIN (
    SELECT [p1].[Id], [p1].[Content], [p1].[ContentType], [p1].[CreatedAt], [p1].[CreatedBy], [p1].[IsDeleted], [p1].[MediaFileId], [p1].[PostId], [p1].[SortOrder], [p1].[UpdatedAt], [p1].[UpdatedBy]
    FROM [PostContents] AS [p1]
    WHERE [p1].[IsDeleted] = CAST(0 AS bit)
) AS [t0] ON [t].[Id] = [t0].[PostId]
WHERE [p].[IsDeleted] = CAST(0 AS bit) AND [p].[Status] = 0 AND [p].[ScheduledAt] <= @__before_0
ORDER BY [p].[ScheduledAt], [p].[Id], [t].[Id]
2026-07-22 23:43:19.804 +07:00 [WRN] No store type was specified for the decimal property 'TotalEarnings' on entity type 'Affiliate'. This will cause values to be silently truncated if they do not fit in the default precision and scale. Explicitly specify the SQL server column type that can accommodate all the values in 'OnModelCreating' using 'HasColumnType', specify precision and scale using 'HasPrecision', or configure a value converter using 'HasConversion'.
2026-07-22 23:43:22.372 +07:00 [INF] Detected FlowMate/SQL schema without EF history — applying compat layer and skipping MigrateAsync.
2026-07-22 23:43:22.459 +07:00 [INF] Executed DbCommand (31ms) [Parameters=[], CommandType='"Text"', CommandTimeout='30']
IF COL_LENGTH('dbo.Posts', 'ChannelAccountId') IS NULL
    ALTER TABLE dbo.Posts ADD ChannelAccountId UNIQUEIDENTIFIER NULL;
2026-07-22 23:43:22.481 +07:00 [INF] Executed DbCommand (5ms) [Parameters=[], CommandType='"Text"', CommandTimeout='30']
IF COL_LENGTH('dbo.Posts', 'ExternalPostId') IS NULL
    ALTER TABLE dbo.Posts ADD ExternalPostId NVARCHAR(128) NULL;
2026-07-22 23:43:22.494 +07:00 [INF] Executed DbCommand (2ms) [Parameters=[], CommandType='"Text"', CommandTimeout='30']
IF COL_LENGTH('dbo.Posts', 'PublishedUrl') IS NULL
    ALTER TABLE dbo.Posts ADD PublishedUrl NVARCHAR(1000) NULL;
2026-07-22 23:43:22.506 +07:00 [INF] Executed DbCommand (1ms) [Parameters=[], CommandType='"Text"', CommandTimeout='30']
IF COL_LENGTH('dbo.Posts', 'PublishedAt') IS NULL
    ALTER TABLE dbo.Posts ADD PublishedAt DATETIME2 NULL;
2026-07-22 23:43:22.516 +07:00 [INF] Executed DbCommand (4ms) [Parameters=[], CommandType='"Text"', CommandTimeout='30']
IF COL_LENGTH('dbo.PostSchedules', 'PostId') IS NULL
    ALTER TABLE dbo.PostSchedules ADD PostId UNIQUEIDENTIFIER NULL;
2026-07-22 23:43:22.523 +07:00 [INF] Executed DbCommand (2ms) [Parameters=[], CommandType='"Text"', CommandTimeout='30']
IF COL_LENGTH('dbo.PostSchedules', 'PostChannelAccountId') IS NOT NULL
   AND COLUMNPROPERTY(OBJECT_ID('dbo.PostSchedules'), 'PostChannelAccountId', 'AllowsNull') = 0
BEGIN
    ALTER TABLE dbo.PostSchedules ALTER COLUMN PostChannelAccountId UNIQUEIDENTIFIER NULL;
END
2026-07-22 23:43:22.532 +07:00 [INF] Executed DbCommand (4ms) [Parameters=[], CommandType='"Text"', CommandTimeout='30']
IF COL_LENGTH('dbo.ChannelAccounts', 'ParentChannelAccountId') IS NULL
    ALTER TABLE dbo.ChannelAccounts ADD ParentChannelAccountId UNIQUEIDENTIFIER NULL;
2026-07-22 23:43:22.539 +07:00 [INF] Executed DbCommand (2ms) [Parameters=[], CommandType='"Text"', CommandTimeout='30']
IF COL_LENGTH('dbo.ChannelAccounts', 'AccessToken') IS NULL
    ALTER TABLE dbo.ChannelAccounts ADD AccessToken NVARCHAR(MAX) NULL;
2026-07-22 23:43:22.547 +07:00 [INF] Executed DbCommand (4ms) [Parameters=[], CommandType='"Text"', CommandTimeout='30']
IF COL_LENGTH('dbo.ChannelAccounts', 'RefreshToken') IS NULL
    ALTER TABLE dbo.ChannelAccounts ADD RefreshToken NVARCHAR(MAX) NULL;
2026-07-22 23:43:22.551 +07:00 [INF] Executed DbCommand (1ms) [Parameters=[], CommandType='"Text"', CommandTimeout='30']
IF COL_LENGTH('dbo.ChannelAccounts', 'TokenExpiresAt') IS NULL
    ALTER TABLE dbo.ChannelAccounts ADD TokenExpiresAt DATETIME2 NULL;
2026-07-22 23:43:22.557 +07:00 [INF] Executed DbCommand (1ms) [Parameters=[], CommandType='"Text"', CommandTimeout='30']
IF COL_LENGTH('dbo.ChannelAccounts', 'Scope') IS NULL
    ALTER TABLE dbo.ChannelAccounts ADD Scope NVARCHAR(500) NULL;
2026-07-22 23:43:22.564 +07:00 [INF] Executed DbCommand (2ms) [Parameters=[], CommandType='"Text"', CommandTimeout='30']
IF COL_LENGTH('dbo.Posts', 'VoiceSampleId') IS NULL
    ALTER TABLE dbo.Posts ADD VoiceSampleId UNIQUEIDENTIFIER NULL;
2026-07-22 23:43:22.570 +07:00 [INF] Executed DbCommand (2ms) [Parameters=[], CommandType='"Text"', CommandTimeout='30']
IF COL_LENGTH('dbo.Posts', 'DayNumber') IS NULL
    ALTER TABLE dbo.Posts ADD DayNumber INT NULL;
2026-07-22 23:43:22.577 +07:00 [INF] Executed DbCommand (2ms) [Parameters=[], CommandType='"Text"', CommandTimeout='30']
IF COL_LENGTH('dbo.Posts', 'TrackingEnabled') IS NULL
    ALTER TABLE dbo.Posts ADD TrackingEnabled BIT NOT NULL DEFAULT CAST(1 AS BIT);
2026-07-22 23:43:22.586 +07:00 [INF] Executed DbCommand (3ms) [Parameters=[], CommandType='"Text"', CommandTimeout='30']
IF COL_LENGTH('dbo.MediaFiles', 'ProductId') IS NULL
    ALTER TABLE dbo.MediaFiles ADD ProductId UNIQUEIDENTIFIER NULL;
2026-07-22 23:43:22.593 +07:00 [INF] Executed DbCommand (2ms) [Parameters=[], CommandType='"Text"', CommandTimeout='30']
IF COL_LENGTH('dbo.MediaFiles', 'StoragePath') IS NULL
    ALTER TABLE dbo.MediaFiles ADD StoragePath NVARCHAR(1000) NOT NULL DEFAULT '';
2026-07-22 23:43:22.602 +07:00 [INF] Executed DbCommand (3ms) [Parameters=[], CommandType='"Text"', CommandTimeout='30']
IF COL_LENGTH('dbo.FacebookAccounts', 'ProjectId') IS NULL
    ALTER TABLE dbo.FacebookAccounts ADD ProjectId UNIQUEIDENTIFIER NOT NULL
        DEFAULT '00000000-0000-0000-0000-000000000000';
2026-07-22 23:43:22.614 +07:00 [INF] Executed DbCommand (4ms) [Parameters=[], CommandType='"Text"', CommandTimeout='30']
IF COL_LENGTH('dbo.Campaigns', 'ProductDescription') IS NULL
    ALTER TABLE dbo.Campaigns ADD ProductDescription NVARCHAR(MAX) NULL;
2026-07-22 23:43:22.626 +07:00 [INF] Executed DbCommand (3ms) [Parameters=[], CommandType='"Text"', CommandTimeout='30']
IF OBJECT_ID('dbo.ProjectMembers') IS NULL
CREATE TABLE dbo.ProjectMembers (
    Id UNIQUEIDENTIFIER NOT NULL PRIMARY KEY, ProjectId UNIQUEIDENTIFIER NOT NULL,
    UserId UNIQUEIDENTIFIER NOT NULL, Role NVARCHAR(20) NOT NULL DEFAULT 'Member',
    InvitedAt DATETIME2 NULL, JoinedAt DATETIME2 NULL,
    CreatedAt DATETIME2 NOT NULL, UpdatedAt DATETIME2 NULL,
    CreatedBy UNIQUEIDENTIFIER NULL, UpdatedBy UNIQUEIDENTIFIER NULL, IsDeleted BIT NOT NULL DEFAULT 0,
    CONSTRAINT FK_ProjectMembers_Projects FOREIGN KEY (ProjectId) REFERENCES dbo.Projects(Id),
    CONSTRAINT FK_ProjectMembers_Users FOREIGN KEY (UserId) REFERENCES dbo.Users(Id));
2026-07-22 23:43:22.668 +07:00 [INF] Executed DbCommand (33ms) [Parameters=[], CommandType='"Text"', CommandTimeout='30']
IF OBJECT_ID('dbo.ProjectMembers') IS NOT NULL AND NOT EXISTS (SELECT 1 FROM sys.indexes WHERE name = 'IX_ProjectMembers_ProjectId_UserId')
    CREATE UNIQUE INDEX IX_ProjectMembers_ProjectId_UserId ON dbo.ProjectMembers(ProjectId, UserId);
2026-07-22 23:43:22.676 +07:00 [INF] Executed DbCommand (2ms) [Parameters=[], CommandType='"Text"', CommandTimeout='30']
IF OBJECT_ID('dbo.VoiceSampleTemplates') IS NULL
CREATE TABLE dbo.VoiceSampleTemplates (
    Id UNIQUEIDENTIFIER NOT NULL PRIMARY KEY, SampleText NVARCHAR(500) NOT NULL,
    CreatedAt DATETIME2 NOT NULL, UpdatedAt DATETIME2 NULL,
    CreatedBy UNIQUEIDENTIFIER NULL, UpdatedBy UNIQUEIDENTIFIER NULL, IsDeleted BIT NOT NULL DEFAULT 0);
2026-07-22 23:43:22.687 +07:00 [INF] Executed DbCommand (3ms) [Parameters=[], CommandType='"Text"', CommandTimeout='30']
IF OBJECT_ID('dbo.BrandStyles') IS NULL
CREATE TABLE dbo.BrandStyles (
    Id UNIQUEIDENTIFIER NOT NULL PRIMARY KEY, StyleName NVARCHAR(50) NOT NULL,
    CreatedAt DATETIME2 NOT NULL, UpdatedAt DATETIME2 NULL,
    CreatedBy UNIQUEIDENTIFIER NULL, UpdatedBy UNIQUEIDENTIFIER NULL, IsDeleted BIT NOT NULL DEFAULT 0);
2026-07-22 23:43:22.710 +07:00 [INF] Executed DbCommand (17ms) [Parameters=[], CommandType='"Text"', CommandTimeout='30']
IF OBJECT_ID('dbo.BrandStyles') IS NOT NULL AND NOT EXISTS (SELECT 1 FROM sys.indexes WHERE name = 'IX_BrandStyles_StyleName')
    CREATE UNIQUE INDEX IX_BrandStyles_StyleName ON dbo.BrandStyles(StyleName);
2026-07-22 23:43:22.726 +07:00 [INF] Executed DbCommand (6ms) [Parameters=[], CommandType='"Text"', CommandTimeout='30']
IF OBJECT_ID('dbo.ToneKeywords') IS NULL
CREATE TABLE dbo.ToneKeywords (
    Id UNIQUEIDENTIFIER NOT NULL PRIMARY KEY, Keyword NVARCHAR(50) NOT NULL,
    CreatedAt DATETIME2 NOT NULL, UpdatedAt DATETIME2 NULL,
    CreatedBy UNIQUEIDENTIFIER NULL, UpdatedBy UNIQUEIDENTIFIER NULL, IsDeleted BIT NOT NULL DEFAULT 0);
2026-07-22 23:43:22.743 +07:00 [INF] Executed DbCommand (12ms) [Parameters=[], CommandType='"Text"', CommandTimeout='30']
IF OBJECT_ID('dbo.ToneKeywords') IS NOT NULL AND NOT EXISTS (SELECT 1 FROM sys.indexes WHERE name = 'IX_ToneKeywords_Keyword')
    CREATE UNIQUE INDEX IX_ToneKeywords_Keyword ON dbo.ToneKeywords(Keyword);
2026-07-22 23:43:22.755 +07:00 [INF] Executed DbCommand (2ms) [Parameters=[], CommandType='"Text"', CommandTimeout='30']
IF OBJECT_ID('dbo.CtaTemplates') IS NULL
CREATE TABLE dbo.CtaTemplates (
    Id UNIQUEIDENTIFIER NOT NULL PRIMARY KEY, CtaText NVARCHAR(100) NOT NULL,
    CreatedAt DATETIME2 NOT NULL, UpdatedAt DATETIME2 NULL,
    CreatedBy UNIQUEIDENTIFIER NULL, UpdatedBy UNIQUEIDENTIFIER NULL, IsDeleted BIT NOT NULL DEFAULT 0);
2026-07-22 23:43:22.771 +07:00 [INF] Executed DbCommand (12ms) [Parameters=[], CommandType='"Text"', CommandTimeout='30']
IF OBJECT_ID('dbo.CtaTemplates') IS NOT NULL AND NOT EXISTS (SELECT 1 FROM sys.indexes WHERE name = 'IX_CtaTemplates_CtaText')
    CREATE UNIQUE INDEX IX_CtaTemplates_CtaText ON dbo.CtaTemplates(CtaText);
2026-07-22 23:43:22.777 +07:00 [INF] Executed DbCommand (2ms) [Parameters=[], CommandType='"Text"', CommandTimeout='30']
IF OBJECT_ID('dbo.Hashtags') IS NULL
CREATE TABLE dbo.Hashtags (
    Id UNIQUEIDENTIFIER NOT NULL PRIMARY KEY, Tag NVARCHAR(50) NOT NULL,
    CreatedAt DATETIME2 NOT NULL, UpdatedAt DATETIME2 NULL,
    CreatedBy UNIQUEIDENTIFIER NULL, UpdatedBy UNIQUEIDENTIFIER NULL, IsDeleted BIT NOT NULL DEFAULT 0);
2026-07-22 23:43:22.795 +07:00 [INF] Executed DbCommand (11ms) [Parameters=[], CommandType='"Text"', CommandTimeout='30']
IF OBJECT_ID('dbo.Hashtags') IS NOT NULL AND NOT EXISTS (SELECT 1 FROM sys.indexes WHERE name = 'IX_Hashtags_Tag')
    CREATE UNIQUE INDEX IX_Hashtags_Tag ON dbo.Hashtags(Tag);
2026-07-22 23:43:22.802 +07:00 [INF] Executed DbCommand (2ms) [Parameters=[], CommandType='"Text"', CommandTimeout='30']
IF OBJECT_ID('dbo.BrandProfiles') IS NULL
CREATE TABLE dbo.BrandProfiles (
    Id UNIQUEIDENTIFIER NOT NULL PRIMARY KEY, ProjectId UNIQUEIDENTIFIER NOT NULL,
    LogoUrl NVARCHAR(500) NULL, BusinessName NVARCHAR(150) NOT NULL, BrandName NVARCHAR(150) NOT NULL,
    Industry NVARCHAR(100) NULL, FoundingYear SMALLINT NULL, ShortDescription NVARCHAR(1000) NULL,
    Address NVARCHAR(300) NULL, ContactPhone NVARCHAR(20) NULL, ContactEmail NVARCHAR(255) NULL,
    Website NVARCHAR(255) NULL, VoiceSampleId UNIQUEIDENTIFIER NULL,
    CreatedAt DATETIME2 NOT NULL, UpdatedAt DATETIME2 NULL,
    CreatedBy UNIQUEIDENTIFIER NULL, UpdatedBy UNIQUEIDENTIFIER NULL, IsDeleted BIT NOT NULL DEFAULT 0,
    CONSTRAINT FK_BrandProfiles_Projects FOREIGN KEY (ProjectId) REFERENCES dbo.Projects(Id),
    CONSTRAINT FK_BrandProfiles_VoiceSampleTemplates FOREIGN KEY (VoiceSampleId) REFERENCES dbo.VoiceSampleTemplates(Id));
2026-07-22 23:43:22.824 +07:00 [INF] Executed DbCommand (13ms) [Parameters=[], CommandType='"Text"', CommandTimeout='30']
IF OBJECT_ID('dbo.BrandProfiles') IS NOT NULL AND NOT EXISTS (SELECT 1 FROM sys.indexes WHERE name = 'IX_BrandProfiles_ProjectId')
    CREATE UNIQUE INDEX IX_BrandProfiles_ProjectId ON dbo.BrandProfiles(ProjectId);
2026-07-22 23:43:22.838 +07:00 [INF] Executed DbCommand (3ms) [Parameters=[], CommandType='"Text"', CommandTimeout='30']
IF OBJECT_ID('dbo.BrandProfileStyles') IS NULL
CREATE TABLE dbo.BrandProfileStyles (
    Id UNIQUEIDENTIFIER NOT NULL PRIMARY KEY, BrandProfileId UNIQUEIDENTIFIER NOT NULL, StyleId UNIQUEIDENTIFIER NOT NULL,
    CreatedAt DATETIME2 NOT NULL, UpdatedAt DATETIME2 NULL,
    CreatedBy UNIQUEIDENTIFIER NULL, UpdatedBy UNIQUEIDENTIFIER NULL, IsDeleted BIT NOT NULL DEFAULT 0,
    CONSTRAINT FK_BrandProfileStyles_BrandProfiles FOREIGN KEY (BrandProfileId) REFERENCES dbo.BrandProfiles(Id),
    CONSTRAINT FK_BrandProfileStyles_BrandStyles FOREIGN KEY (StyleId) REFERENCES dbo.BrandStyles(Id));
2026-07-22 23:43:22.867 +07:00 [INF] Executed DbCommand (19ms) [Parameters=[], CommandType='"Text"', CommandTimeout='30']
IF OBJECT_ID('dbo.BrandProfileStyles') IS NOT NULL AND NOT EXISTS (SELECT 1 FROM sys.indexes WHERE name = 'IX_BrandProfileStyles_BrandProfileId_StyleId')
    CREATE UNIQUE INDEX IX_BrandProfileStyles_BrandProfileId_StyleId ON dbo.BrandProfileStyles(BrandProfileId, StyleId);
2026-07-22 23:43:22.900 +07:00 [INF] Executed DbCommand (15ms) [Parameters=[], CommandType='"Text"', CommandTimeout='30']
IF OBJECT_ID('dbo.BrandProfileKeywords') IS NULL
CREATE TABLE dbo.BrandProfileKeywords (
    Id UNIQUEIDENTIFIER NOT NULL PRIMARY KEY, BrandProfileId UNIQUEIDENTIFIER NOT NULL, ToneKeywordId UNIQUEIDENTIFIER NOT NULL,
    CreatedAt DATETIME2 NOT NULL, UpdatedAt DATETIME2 NULL,
    CreatedBy UNIQUEIDENTIFIER NULL, UpdatedBy UNIQUEIDENTIFIER NULL, IsDeleted BIT NOT NULL DEFAULT 0,
    CONSTRAINT FK_BrandProfileKeywords_BrandProfiles FOREIGN KEY (BrandProfileId) REFERENCES dbo.BrandProfiles(Id),
    CONSTRAINT FK_BrandProfileKeywords_ToneKeywords FOREIGN KEY (ToneKeywordId) REFERENCES dbo.ToneKeywords(Id));
2026-07-22 23:43:22.974 +07:00 [INF] Executed DbCommand (56ms) [Parameters=[], CommandType='"Text"', CommandTimeout='30']
IF OBJECT_ID('dbo.BrandProfileKeywords') IS NOT NULL AND NOT EXISTS (SELECT 1 FROM sys.indexes WHERE name = 'IX_BrandProfileKeywords_BrandProfileId_ToneKeywordId')
    CREATE UNIQUE INDEX IX_BrandProfileKeywords_BrandProfileId_ToneKeywordId ON dbo.BrandProfileKeywords(BrandProfileId, ToneKeywordId);
2026-07-22 23:43:23.037 +07:00 [INF] Executed DbCommand (7ms) [Parameters=[], CommandType='"Text"', CommandTimeout='30']
IF OBJECT_ID('dbo.BrandCtas') IS NULL
CREATE TABLE dbo.BrandCtas (
    Id UNIQUEIDENTIFIER NOT NULL PRIMARY KEY, BrandProfileId UNIQUEIDENTIFIER NOT NULL, CtaId UNIQUEIDENTIFIER NOT NULL,
    CreatedAt DATETIME2 NOT NULL, UpdatedAt DATETIME2 NULL,
    CreatedBy UNIQUEIDENTIFIER NULL, UpdatedBy UNIQUEIDENTIFIER NULL, IsDeleted BIT NOT NULL DEFAULT 0,
    CONSTRAINT FK_BrandCtas_BrandProfiles FOREIGN KEY (BrandProfileId) REFERENCES dbo.BrandProfiles(Id),
    CONSTRAINT FK_BrandCtas_CtaTemplates FOREIGN KEY (CtaId) REFERENCES dbo.CtaTemplates(Id));
2026-07-22 23:43:23.173 +07:00 [INF] Executed DbCommand (20ms) [Parameters=[], CommandType='"Text"', CommandTimeout='30']
IF OBJECT_ID('dbo.BrandCtas') IS NOT NULL AND NOT EXISTS (SELECT 1 FROM sys.indexes WHERE name = 'IX_BrandCtas_BrandProfileId_CtaId')
    CREATE UNIQUE INDEX IX_BrandCtas_BrandProfileId_CtaId ON dbo.BrandCtas(BrandProfileId, CtaId);
2026-07-22 23:43:23.182 +07:00 [INF] Executed DbCommand (3ms) [Parameters=[], CommandType='"Text"', CommandTimeout='30']
IF OBJECT_ID('dbo.BrandHashtags') IS NULL
CREATE TABLE dbo.BrandHashtags (
    Id UNIQUEIDENTIFIER NOT NULL PRIMARY KEY, BrandProfileId UNIQUEIDENTIFIER NOT NULL, HashtagId UNIQUEIDENTIFIER NOT NULL,
    CreatedAt DATETIME2 NOT NULL, UpdatedAt DATETIME2 NULL,
    CreatedBy UNIQUEIDENTIFIER NULL, UpdatedBy UNIQUEIDENTIFIER NULL, IsDeleted BIT NOT NULL DEFAULT 0,
    CONSTRAINT FK_BrandHashtags_BrandProfiles FOREIGN KEY (BrandProfileId) REFERENCES dbo.BrandProfiles(Id),
    CONSTRAINT FK_BrandHashtags_Hashtags FOREIGN KEY (HashtagId) REFERENCES dbo.Hashtags(Id));
2026-07-22 23:43:23.211 +07:00 [INF] Executed DbCommand (16ms) [Parameters=[], CommandType='"Text"', CommandTimeout='30']
IF OBJECT_ID('dbo.BrandHashtags') IS NOT NULL AND NOT EXISTS (SELECT 1 FROM sys.indexes WHERE name = 'IX_BrandHashtags_BrandProfileId_HashtagId')
    CREATE UNIQUE INDEX IX_BrandHashtags_BrandProfileId_HashtagId ON dbo.BrandHashtags(BrandProfileId, HashtagId);
2026-07-22 23:43:23.223 +07:00 [INF] Executed DbCommand (3ms) [Parameters=[], CommandType='"Text"', CommandTimeout='30']
IF OBJECT_ID('dbo.BrandColors') IS NULL
CREATE TABLE dbo.BrandColors (
    Id UNIQUEIDENTIFIER NOT NULL PRIMARY KEY, BrandProfileId UNIQUEIDENTIFIER NOT NULL,
    ColorHex NVARCHAR(9) NOT NULL, ColorType NVARCHAR(20) NOT NULL DEFAULT 'Secondary', SortOrder INT NOT NULL DEFAULT 0,
    CreatedAt DATETIME2 NOT NULL, UpdatedAt DATETIME2 NULL,
    CreatedBy UNIQUEIDENTIFIER NULL, UpdatedBy UNIQUEIDENTIFIER NULL, IsDeleted BIT NOT NULL DEFAULT 0,
    CONSTRAINT FK_BrandColors_BrandProfiles FOREIGN KEY (BrandProfileId) REFERENCES dbo.BrandProfiles(Id));
2026-07-22 23:43:23.232 +07:00 [INF] Executed DbCommand (4ms) [Parameters=[], CommandType='"Text"', CommandTimeout='30']
IF OBJECT_ID('dbo.BrandFonts') IS NULL
CREATE TABLE dbo.BrandFonts (
    Id UNIQUEIDENTIFIER NOT NULL PRIMARY KEY, BrandProfileId UNIQUEIDENTIFIER NOT NULL,
    FontName NVARCHAR(100) NOT NULL, UsageType NVARCHAR(20) NOT NULL,
    CreatedAt DATETIME2 NOT NULL, UpdatedAt DATETIME2 NULL,
    CreatedBy UNIQUEIDENTIFIER NULL, UpdatedBy UNIQUEIDENTIFIER NULL, IsDeleted BIT NOT NULL DEFAULT 0,
    CONSTRAINT FK_BrandFonts_BrandProfiles FOREIGN KEY (BrandProfileId) REFERENCES dbo.BrandProfiles(Id));
2026-07-22 23:43:23.241 +07:00 [INF] Executed DbCommand (3ms) [Parameters=[], CommandType='"Text"', CommandTimeout='30']
IF OBJECT_ID('dbo.ProductCategories') IS NULL
CREATE TABLE dbo.ProductCategories (
    Id UNIQUEIDENTIFIER NOT NULL PRIMARY KEY, BrandProfileId UNIQUEIDENTIFIER NOT NULL, CategoryName NVARCHAR(100) NOT NULL,
    CreatedAt DATETIME2 NOT NULL, UpdatedAt DATETIME2 NULL,
    CreatedBy UNIQUEIDENTIFIER NULL, UpdatedBy UNIQUEIDENTIFIER NULL, IsDeleted BIT NOT NULL DEFAULT 0,
    CONSTRAINT FK_ProductCategories_BrandProfiles FOREIGN KEY (BrandProfileId) REFERENCES dbo.BrandProfiles(Id));
2026-07-22 23:43:23.275 +07:00 [INF] Executed DbCommand (24ms) [Parameters=[], CommandType='"Text"', CommandTimeout='30']
IF OBJECT_ID('dbo.ProductCategories') IS NOT NULL AND NOT EXISTS (SELECT 1 FROM sys.indexes WHERE name = 'IX_ProductCategories_BrandProfileId_CategoryName')
    CREATE UNIQUE INDEX IX_ProductCategories_BrandProfileId_CategoryName ON dbo.ProductCategories(BrandProfileId, CategoryName);
2026-07-22 23:43:23.294 +07:00 [INF] Executed DbCommand (2ms) [Parameters=[], CommandType='"Text"', CommandTimeout='30']
IF OBJECT_ID('dbo.Products') IS NULL
CREATE TABLE dbo.Products (
    Id UNIQUEIDENTIFIER NOT NULL PRIMARY KEY, BrandProfileId UNIQUEIDENTIFIER NOT NULL, ProductCategoryId UNIQUEIDENTIFIER NULL,
    ProductName NVARCHAR(200) NOT NULL, Price DECIMAL(18,2) NULL, AiGeneratedDescription NVARCHAR(MAX) NULL,
    CreatedAt DATETIME2 NOT NULL, UpdatedAt DATETIME2 NULL,
    CreatedBy UNIQUEIDENTIFIER NULL, UpdatedBy UNIQUEIDENTIFIER NULL, IsDeleted BIT NOT NULL DEFAULT 0,
    CONSTRAINT FK_Products_BrandProfiles FOREIGN KEY (BrandProfileId) REFERENCES dbo.BrandProfiles(Id),
    CONSTRAINT FK_Products_ProductCategories FOREIGN KEY (ProductCategoryId) REFERENCES dbo.ProductCategories(Id));
2026-07-22 23:43:23.320 +07:00 [INF] Executed DbCommand (19ms) [Parameters=[], CommandType='"Text"', CommandTimeout='30']
IF NOT EXISTS (SELECT 1 FROM sys.foreign_keys WHERE name = 'FK_MediaFiles_Products_ProductId') AND OBJECT_ID('dbo.Products') IS NOT NULL
    ALTER TABLE dbo.MediaFiles ADD CONSTRAINT FK_MediaFiles_Products_ProductId FOREIGN KEY (ProductId) REFERENCES dbo.Products(Id);
2026-07-22 23:43:23.334 +07:00 [INF] Executed DbCommand (2ms) [Parameters=[], CommandType='"Text"', CommandTimeout='30']
IF OBJECT_ID('dbo.CampaignGoals') IS NULL
CREATE TABLE dbo.CampaignGoals (
    Id UNIQUEIDENTIFIER NOT NULL PRIMARY KEY, GoalName NVARCHAR(100) NOT NULL,
    CreatedAt DATETIME2 NOT NULL, UpdatedAt DATETIME2 NULL,
    CreatedBy UNIQUEIDENTIFIER NULL, UpdatedBy UNIQUEIDENTIFIER NULL, IsDeleted BIT NOT NULL DEFAULT 0);
2026-07-22 23:43:23.358 +07:00 [INF] Executed DbCommand (16ms) [Parameters=[], CommandType='"Text"', CommandTimeout='30']
IF OBJECT_ID('dbo.CampaignGoals') IS NOT NULL AND NOT EXISTS (SELECT 1 FROM sys.indexes WHERE name = 'IX_CampaignGoals_GoalName')
    CREATE UNIQUE INDEX IX_CampaignGoals_GoalName ON dbo.CampaignGoals(GoalName);
2026-07-22 23:43:23.367 +07:00 [INF] Executed DbCommand (3ms) [Parameters=[], CommandType='"Text"', CommandTimeout='30']
IF OBJECT_ID('dbo.PromotionTypes') IS NULL
CREATE TABLE dbo.PromotionTypes (
    Id UNIQUEIDENTIFIER NOT NULL PRIMARY KEY, TypeName NVARCHAR(100) NOT NULL,
    CreatedAt DATETIME2 NOT NULL, UpdatedAt DATETIME2 NULL,
    CreatedBy UNIQUEIDENTIFIER NULL, UpdatedBy UNIQUEIDENTIFIER NULL, IsDeleted BIT NOT NULL DEFAULT 0);
2026-07-22 23:43:23.391 +07:00 [INF] Executed DbCommand (14ms) [Parameters=[], CommandType='"Text"', CommandTimeout='30']
IF OBJECT_ID('dbo.PromotionTypes') IS NOT NULL AND NOT EXISTS (SELECT 1 FROM sys.indexes WHERE name = 'IX_PromotionTypes_TypeName')
    CREATE UNIQUE INDEX IX_PromotionTypes_TypeName ON dbo.PromotionTypes(TypeName);
2026-07-22 23:43:23.399 +07:00 [INF] Executed DbCommand (3ms) [Parameters=[], CommandType='"Text"', CommandTimeout='30']
IF OBJECT_ID('dbo.TimelineTemplateTypes') IS NULL
CREATE TABLE dbo.TimelineTemplateTypes (
    Id UNIQUEIDENTIFIER NOT NULL PRIMARY KEY, TypeName NVARCHAR(50) NOT NULL, Description NVARCHAR(300) NULL,
    CreatedAt DATETIME2 NOT NULL, UpdatedAt DATETIME2 NULL,
    CreatedBy UNIQUEIDENTIFIER NULL, UpdatedBy UNIQUEIDENTIFIER NULL, IsDeleted BIT NOT NULL DEFAULT 0);
2026-07-22 23:43:23.419 +07:00 [INF] Executed DbCommand (13ms) [Parameters=[], CommandType='"Text"', CommandTimeout='30']
IF OBJECT_ID('dbo.TimelineTemplateTypes') IS NOT NULL AND NOT EXISTS (SELECT 1 FROM sys.indexes WHERE name = 'IX_TimelineTemplateTypes_TypeName')
    CREATE UNIQUE INDEX IX_TimelineTemplateTypes_TypeName ON dbo.TimelineTemplateTypes(TypeName);
2026-07-22 23:43:23.425 +07:00 [INF] Executed DbCommand (1ms) [Parameters=[], CommandType='"Text"', CommandTimeout='30']
IF OBJECT_ID('dbo.Campaigns') IS NULL
CREATE TABLE dbo.Campaigns (
    Id UNIQUEIDENTIFIER NOT NULL PRIMARY KEY, ProjectId UNIQUEIDENTIFIER NOT NULL, Name NVARCHAR(200) NOT NULL,
    GoalId UNIQUEIDENTIFIER NOT NULL, PromotionTypeId UNIQUEIDENTIFIER NOT NULL,
    DiscountPercent DECIMAL(5,2) NULL, DiscountAmount DECIMAL(18,2) NULL, MinOrderAmount DECIMAL(18,2) NULL,
    StartDate DATE NOT NULL, EndDate DATE NOT NULL, NumberOfPosts INT NOT NULL DEFAULT 1, Status INT NOT NULL,
    CreatedAt DATETIME2 NOT NULL, UpdatedAt DATETIME2 NULL,
    CreatedBy UNIQUEIDENTIFIER NULL, UpdatedBy UNIQUEIDENTIFIER NULL, IsDeleted BIT NOT NULL DEFAULT 0,
    CONSTRAINT FK_Campaigns_Projects FOREIGN KEY (ProjectId) REFERENCES dbo.Projects(Id),
    CONSTRAINT FK_Campaigns_CampaignGoals FOREIGN KEY (GoalId) REFERENCES dbo.CampaignGoals(Id),
    CONSTRAINT FK_Campaigns_PromotionTypes FOREIGN KEY (PromotionTypeId) REFERENCES dbo.PromotionTypes(Id),
    CONSTRAINT CK_Campaigns_Dates CHECK (EndDate >= StartDate),
    CONSTRAINT CK_Campaigns_NumberOfPosts CHECK (NumberOfPosts > 0));
2026-07-22 23:43:23.440 +07:00 [INF] Executed DbCommand (7ms) [Parameters=[], CommandType='"Text"', CommandTimeout='30']
IF OBJECT_ID('dbo.CampaignChannelAccounts') IS NULL
CREATE TABLE dbo.CampaignChannelAccounts (
    Id UNIQUEIDENTIFIER NOT NULL PRIMARY KEY, CampaignId UNIQUEIDENTIFIER NOT NULL, ChannelAccountId UNIQUEIDENTIFIER NOT NULL,
    CreatedAt DATETIME2 NOT NULL, UpdatedAt DATETIME2 NULL,
    CreatedBy UNIQUEIDENTIFIER NULL, UpdatedBy UNIQUEIDENTIFIER NULL, IsDeleted BIT NOT NULL DEFAULT 0,
    CONSTRAINT FK_CampaignChannelAccounts_Campaigns FOREIGN KEY (CampaignId) REFERENCES dbo.Campaigns(Id),
    CONSTRAINT FK_CampaignChannelAccounts_ChannelAccounts FOREIGN KEY (ChannelAccountId) REFERENCES dbo.ChannelAccounts(Id));
2026-07-22 23:43:23.461 +07:00 [INF] Executed DbCommand (14ms) [Parameters=[], CommandType='"Text"', CommandTimeout='30']
IF OBJECT_ID('dbo.CampaignChannelAccounts') IS NOT NULL AND NOT EXISTS (SELECT 1 FROM sys.indexes WHERE name = 'IX_CampaignChannelAccounts_CampaignId_ChannelAccountId')
    CREATE UNIQUE INDEX IX_CampaignChannelAccounts_CampaignId_ChannelAccountId ON dbo.CampaignChannelAccounts(CampaignId, ChannelAccountId);
2026-07-22 23:43:23.467 +07:00 [INF] Executed DbCommand (2ms) [Parameters=[], CommandType='"Text"', CommandTimeout='30']
IF OBJECT_ID('dbo.Timelines') IS NULL
CREATE TABLE dbo.Timelines (
    Id UNIQUEIDENTIFIER NOT NULL PRIMARY KEY, ProjectId UNIQUEIDENTIFIER NOT NULL, CampaignId UNIQUEIDENTIFIER NULL,
    Name NVARCHAR(200) NOT NULL, TemplateTypeId UNIQUEIDENTIFIER NOT NULL,
    StartDate DATE NOT NULL, EndDate DATE NOT NULL, Status INT NOT NULL,
    CreatedAt DATETIME2 NOT NULL, UpdatedAt DATETIME2 NULL,
    CreatedBy UNIQUEIDENTIFIER NULL, UpdatedBy UNIQUEIDENTIFIER NULL, IsDeleted BIT NOT NULL DEFAULT 0,
    CONSTRAINT FK_Timelines_Projects FOREIGN KEY (ProjectId) REFERENCES dbo.Projects(Id),
    CONSTRAINT FK_Timelines_Campaigns FOREIGN KEY (CampaignId) REFERENCES dbo.Campaigns(Id),
    CONSTRAINT FK_Timelines_TimelineTemplateTypes FOREIGN KEY (TemplateTypeId) REFERENCES dbo.TimelineTemplateTypes(Id),
    CONSTRAINT CK_Timelines_Dates CHECK (EndDate >= StartDate));
2026-07-22 23:43:23.491 +07:00 [INF] Executed DbCommand (18ms) [Parameters=[], CommandType='"Text"', CommandTimeout='30']
IF NOT EXISTS (SELECT 1 FROM sys.foreign_keys WHERE name = 'FK_Posts_Timelines_TimelineId') AND OBJECT_ID('dbo.Timelines') IS NOT NULL
    ALTER TABLE dbo.Posts ADD CONSTRAINT FK_Posts_Timelines_TimelineId FOREIGN KEY (TimelineId) REFERENCES dbo.Timelines(Id);
2026-07-22 23:43:23.509 +07:00 [INF] Executed DbCommand (10ms) [Parameters=[], CommandType='"Text"', CommandTimeout='30']
IF NOT EXISTS (SELECT 1 FROM sys.foreign_keys WHERE name = 'FK_Posts_VoiceSampleTemplates_VoiceSampleId') AND OBJECT_ID('dbo.VoiceSampleTemplates') IS NOT NULL
    ALTER TABLE dbo.Posts ADD CONSTRAINT FK_Posts_VoiceSampleTemplates_VoiceSampleId FOREIGN KEY (VoiceSampleId) REFERENCES dbo.VoiceSampleTemplates(Id);
2026-07-22 23:43:23.517 +07:00 [INF] Executed DbCommand (2ms) [Parameters=[], CommandType='"Text"', CommandTimeout='30']
IF OBJECT_ID('dbo.PostHashtags') IS NULL
CREATE TABLE dbo.PostHashtags (
    Id UNIQUEIDENTIFIER NOT NULL PRIMARY KEY, PostId UNIQUEIDENTIFIER NOT NULL, HashtagId UNIQUEIDENTIFIER NOT NULL,
    CreatedAt DATETIME2 NOT NULL, UpdatedAt DATETIME2 NULL,
    CreatedBy UNIQUEIDENTIFIER NULL, UpdatedBy UNIQUEIDENTIFIER NULL, IsDeleted BIT NOT NULL DEFAULT 0,
    CONSTRAINT FK_PostHashtags_Posts FOREIGN KEY (PostId) REFERENCES dbo.Posts(Id),
    CONSTRAINT FK_PostHashtags_Hashtags FOREIGN KEY (HashtagId) REFERENCES dbo.Hashtags(Id));
2026-07-22 23:43:23.526 +07:00 [INF] Executed DbCommand (3ms) [Parameters=[], CommandType='"Text"', CommandTimeout='30']
IF OBJECT_ID('dbo.PostChannelAccounts') IS NULL
CREATE TABLE dbo.PostChannelAccounts (
    Id UNIQUEIDENTIFIER NOT NULL PRIMARY KEY, PostId UNIQUEIDENTIFIER NOT NULL, ChannelAccountId UNIQUEIDENTIFIER NOT NULL,
    Status INT NOT NULL, ExternalPostId NVARCHAR(128) NULL, PublishedUrl NVARCHAR(1000) NULL, PublishedAt DATETIME2 NULL,
    CreatedAt DATETIME2 NOT NULL, UpdatedAt DATETIME2 NULL,
    CreatedBy UNIQUEIDENTIFIER NULL, UpdatedBy UNIQUEIDENTIFIER NULL, IsDeleted BIT NOT NULL DEFAULT 0,
    CONSTRAINT FK_PostChannelAccounts_Posts FOREIGN KEY (PostId) REFERENCES dbo.Posts(Id),
    CONSTRAINT FK_PostChannelAccounts_ChannelAccounts FOREIGN KEY (ChannelAccountId) REFERENCES dbo.ChannelAccounts(Id));
2026-07-22 23:43:23.543 +07:00 [INF] Executed DbCommand (11ms) [Parameters=[], CommandType='"Text"', CommandTimeout='30']
IF OBJECT_ID('dbo.PostChannelAccounts') IS NOT NULL AND NOT EXISTS (SELECT 1 FROM sys.indexes WHERE name = 'IX_PostChannelAccounts_PostId_ChannelAccountId')
    CREATE UNIQUE INDEX IX_PostChannelAccounts_PostId_ChannelAccountId ON dbo.PostChannelAccounts(PostId, ChannelAccountId);
2026-07-22 23:43:23.560 +07:00 [INF] Executed DbCommand (11ms) [Parameters=[], CommandType='"Text"', CommandTimeout='30']
IF NOT EXISTS (SELECT 1 FROM sys.foreign_keys WHERE name = 'FK_PostSchedules_PostChannelAccounts_PostChannelAccountId') AND OBJECT_ID('dbo.PostChannelAccounts') IS NOT NULL
    ALTER TABLE dbo.PostSchedules ADD CONSTRAINT FK_PostSchedules_PostChannelAccounts_PostChannelAccountId FOREIGN KEY (PostChannelAccountId) REFERENCES dbo.PostChannelAccounts(Id);
2026-07-22 23:43:23.570 +07:00 [INF] Executed DbCommand (2ms) [Parameters=[], CommandType='"Text"', CommandTimeout='30']
IF OBJECT_ID('dbo.PostAnalytics') IS NULL
CREATE TABLE dbo.PostAnalytics (
    Id UNIQUEIDENTIFIER NOT NULL PRIMARY KEY, PostChannelAccountId UNIQUEIDENTIFIER NOT NULL,
    Reach INT NOT NULL DEFAULT 0, Likes INT NOT NULL DEFAULT 0, Comments INT NOT NULL DEFAULT 0, Shares INT NOT NULL DEFAULT 0,
    RecordedAt DATETIME2 NOT NULL,
    CreatedAt DATETIME2 NOT NULL, UpdatedAt DATETIME2 NULL,
    CreatedBy UNIQUEIDENTIFIER NULL, UpdatedBy UNIQUEIDENTIFIER NULL, IsDeleted BIT NOT NULL DEFAULT 0,
    CONSTRAINT FK_PostAnalytics_PostChannelAccounts FOREIGN KEY (PostChannelAccountId) REFERENCES dbo.PostChannelAccounts(Id));
2026-07-22 23:43:23.585 +07:00 [INF] Executed DbCommand (9ms) [Parameters=[], CommandType='"Text"', CommandTimeout='30']
IF OBJECT_ID('dbo.PostAnalytics') IS NOT NULL AND NOT EXISTS (SELECT 1 FROM sys.indexes WHERE name = 'IX_PostAnalytics_PostChannelAccountId')
    CREATE UNIQUE INDEX IX_PostAnalytics_PostChannelAccountId ON dbo.PostAnalytics(PostChannelAccountId);
2026-07-22 23:43:23.591 +07:00 [INF] FlowMate EF compatibility layer applied.
2026-07-22 23:43:24.000 +07:00 [INF] Executed DbCommand (12ms) [Parameters=[], CommandType='"Text"', CommandTimeout='30']
SELECT CASE
    WHEN EXISTS (
        SELECT 1
        FROM [Roles] AS [r]
        WHERE [r].[IsDeleted] = CAST(0 AS bit)) THEN CAST(1 AS bit)
    ELSE CAST(0 AS bit)
END
2026-07-22 23:43:24.064 +07:00 [INF] Executed DbCommand (5ms) [Parameters=[], CommandType='"Text"', CommandTimeout='30']
SELECT CASE
    WHEN EXISTS (
        SELECT 1
        FROM [Permissions] AS [p]
        WHERE [p].[IsDeleted] = CAST(0 AS bit)) THEN CAST(1 AS bit)
    ELSE CAST(0 AS bit)
END
2026-07-22 23:43:24.094 +07:00 [INF] Executed DbCommand (5ms) [Parameters=[], CommandType='"Text"', CommandTimeout='30']
SELECT CASE
    WHEN EXISTS (
        SELECT 1
        FROM [RolePermissions] AS [r]
        WHERE [r].[IsDeleted] = CAST(0 AS bit) AND [r].[RoleId] = '33333333-3333-3333-3333-333333333333') THEN CAST(1 AS bit)
    ELSE CAST(0 AS bit)
END
2026-07-22 23:43:24.113 +07:00 [INF] Executed DbCommand (5ms) [Parameters=[], CommandType='"Text"', CommandTimeout='30']
SELECT CASE
    WHEN EXISTS (
        SELECT 1
        FROM [Plans] AS [p]
        WHERE [p].[IsDeleted] = CAST(0 AS bit)) THEN CAST(1 AS bit)
    ELSE CAST(0 AS bit)
END
2026-07-22 23:43:24.130 +07:00 [INF] Executed DbCommand (5ms) [Parameters=[], CommandType='"Text"', CommandTimeout='30']
SELECT CASE
    WHEN EXISTS (
        SELECT 1
        FROM [Channels] AS [c]
        WHERE [c].[IsDeleted] = CAST(0 AS bit)) THEN CAST(1 AS bit)
    ELSE CAST(0 AS bit)
END
2026-07-22 23:43:24.143 +07:00 [INF] Executed DbCommand (3ms) [Parameters=[], CommandType='"Text"', CommandTimeout='30']
SELECT CASE
    WHEN EXISTS (
        SELECT 1
        FROM [BrandStyles] AS [b]
        WHERE [b].[IsDeleted] = CAST(0 AS bit)) THEN CAST(1 AS bit)
    ELSE CAST(0 AS bit)
END
2026-07-22 23:43:24.154 +07:00 [INF] Executed DbCommand (3ms) [Parameters=[], CommandType='"Text"', CommandTimeout='30']
SELECT CASE
    WHEN EXISTS (
        SELECT 1
        FROM [ToneKeywords] AS [t]
        WHERE [t].[IsDeleted] = CAST(0 AS bit)) THEN CAST(1 AS bit)
    ELSE CAST(0 AS bit)
END
2026-07-22 23:43:24.169 +07:00 [INF] Executed DbCommand (3ms) [Parameters=[], CommandType='"Text"', CommandTimeout='30']
SELECT CASE
    WHEN EXISTS (
        SELECT 1
        FROM [VoiceSampleTemplates] AS [v]
        WHERE [v].[IsDeleted] = CAST(0 AS bit)) THEN CAST(1 AS bit)
    ELSE CAST(0 AS bit)
END
2026-07-22 23:43:24.182 +07:00 [INF] Executed DbCommand (6ms) [Parameters=[], CommandType='"Text"', CommandTimeout='30']
SELECT CASE
    WHEN EXISTS (
        SELECT 1
        FROM [CtaTemplates] AS [c]
        WHERE [c].[IsDeleted] = CAST(0 AS bit)) THEN CAST(1 AS bit)
    ELSE CAST(0 AS bit)
END
2026-07-22 23:43:24.195 +07:00 [INF] Executed DbCommand (5ms) [Parameters=[], CommandType='"Text"', CommandTimeout='30']
SELECT CASE
    WHEN EXISTS (
        SELECT 1
        FROM [CampaignGoals] AS [c]
        WHERE [c].[IsDeleted] = CAST(0 AS bit)) THEN CAST(1 AS bit)
    ELSE CAST(0 AS bit)
END
2026-07-22 23:43:24.208 +07:00 [INF] Executed DbCommand (4ms) [Parameters=[], CommandType='"Text"', CommandTimeout='30']
SELECT CASE
    WHEN EXISTS (
        SELECT 1
        FROM [PromotionTypes] AS [p]
        WHERE [p].[IsDeleted] = CAST(0 AS bit)) THEN CAST(1 AS bit)
    ELSE CAST(0 AS bit)
END
2026-07-22 23:43:24.222 +07:00 [INF] Executed DbCommand (4ms) [Parameters=[], CommandType='"Text"', CommandTimeout='30']
SELECT CASE
    WHEN EXISTS (
        SELECT 1
        FROM [TimelineTemplateTypes] AS [t]
        WHERE [t].[IsDeleted] = CAST(0 AS bit)) THEN CAST(1 AS bit)
    ELSE CAST(0 AS bit)
END
2026-07-22 23:43:24.242 +07:00 [INF] Executed DbCommand (7ms) [Parameters=[], CommandType='"Text"', CommandTimeout='30']
SELECT CASE
    WHEN EXISTS (
        SELECT 1
        FROM [Settings] AS [s]
        WHERE [s].[IsDeleted] = CAST(0 AS bit)) THEN CAST(1 AS bit)
    ELSE CAST(0 AS bit)
END
2026-07-22 23:43:24.257 +07:00 [INF] Executed DbCommand (5ms) [Parameters=[], CommandType='"Text"', CommandTimeout='30']
SELECT CASE
    WHEN EXISTS (
        SELECT 1
        FROM [AiPrompts] AS [a]
        WHERE [a].[IsDeleted] = CAST(0 AS bit)) THEN CAST(1 AS bit)
    ELSE CAST(0 AS bit)
END
2026-07-22 23:43:24.274 +07:00 [INF] Executed DbCommand (3ms) [Parameters=[], CommandType='"Text"', CommandTimeout='30']
SELECT CASE
    WHEN EXISTS (
        SELECT 1
        FROM [AiPrompts] AS [a]
        WHERE [a].[IsDeleted] = CAST(0 AS bit) AND [a].[Name] = N'Facebook Fanpage Bán Hàng') THEN CAST(1 AS bit)
    ELSE CAST(0 AS bit)
END
2026-07-22 23:43:24.291 +07:00 [INF] Executed DbCommand (7ms) [Parameters=[], CommandType='"Text"', CommandTimeout='30']
SELECT CASE
    WHEN EXISTS (
        SELECT 1
        FROM [Users] AS [u]
        WHERE [u].[IsDeleted] = CAST(0 AS bit) AND [u].[Email] = N'admin@autowork.com') THEN CAST(1 AS bit)
    ELSE CAST(0 AS bit)
END
2026-07-22 23:43:24.301 +07:00 [INF] Executed DbCommand (3ms) [Parameters=[], CommandType='"Text"', CommandTimeout='30']
SELECT CASE
    WHEN EXISTS (
        SELECT 1
        FROM [Users] AS [u]
        WHERE [u].[IsDeleted] = CAST(0 AS bit) AND [u].[Email] = N'demo@autowork.com') THEN CAST(1 AS bit)
    ELSE CAST(0 AS bit)
END
2026-07-22 23:43:24.319 +07:00 [INF] Executed DbCommand (5ms) [Parameters=[], CommandType='"Text"', CommandTimeout='30']
SELECT CASE
    WHEN EXISTS (
        SELECT 1
        FROM [Projects] AS [p]
        WHERE [p].[IsDeleted] = CAST(0 AS bit) AND [p].[Id] = '13131313-1313-1313-1313-131313131313') THEN CAST(1 AS bit)
    ELSE CAST(0 AS bit)
END
2026-07-22 23:43:24.336 +07:00 [INF] Executed DbCommand (4ms) [Parameters=[], CommandType='"Text"', CommandTimeout='30']
SELECT CASE
    WHEN EXISTS (
        SELECT 1
        FROM [Posts] AS [p]
        WHERE [p].[IsDeleted] = CAST(0 AS bit) AND [p].[ProjectId] = '13131313-1313-1313-1313-131313131313') THEN CAST(1 AS bit)
    ELSE CAST(0 AS bit)
END
2026-07-22 23:43:24.362 +07:00 [INF] Database seed completed successfully.
2026-07-22 23:43:24.707 +07:00 [INF] Start installing Hangfire SQL objects...
2026-07-22 23:43:25.067 +07:00 [INF] Hangfire SQL objects installed.
2026-07-22 23:43:26.084 +07:00 [WRN] The WebRootPath was not found: D:\EXE01\AIMarketingAssistant\src\AutoWork.API\wwwroot. Static files may be unavailable.
2026-07-22 23:43:26.423 +07:00 [INF] Now listening on: https://localhost:7165
2026-07-22 23:43:26.677 +07:00 [INF] Starting Hangfire Server using job storage: 'SQL Server: localhost@FlowMateDB'
2026-07-22 23:43:26.684 +07:00 [INF] Using the following options for SQL Server job storage: Queue poll interval: 00:00:15.
2026-07-22 23:43:26.691 +07:00 [INF] Using the following options for Hangfire Server:
    Worker count: 20
    Listening queues: 'default'
    Shutdown timeout: 00:00:15
    Schedule polling interval: 00:00:15
2026-07-22 23:43:26.747 +07:00 [INF] Application started. Press Ctrl+C to shut down.
2026-07-22 23:43:26.801 +07:00 [INF] Hosting environment: Development
2026-07-22 23:43:26.816 +07:00 [INF] Content root path: D:\EXE01\AIMarketingAssistant\src\AutoWork.API
2026-07-22 23:43:26.818 +07:00 [INF] Server laptop-g044c7b0:21188:96d277fc successfully announced in 60.834 ms
2026-07-22 23:43:26.844 +07:00 [INF] Server laptop-g044c7b0:21188:96d277fc is starting the registered dispatchers: ServerWatchdog, ServerJobCancellationWatcher, ExpirationManager, CountersAggregator, SqlServerHeartbeatProcess, Worker, DelayedJobScheduler, RecurringJobScheduler...
2026-07-22 23:43:27.515 +07:00 [INF] Server laptop-g044c7b0:21188:96d277fc all the dispatchers started
2026-07-22 23:43:29.808 +07:00 [INF] Executed DbCommand (32ms) [Parameters=[@__before_0='?' (DbType = DateTime2)], CommandType='"Text"', CommandTimeout='30']
SELECT [p].[Id], [p].[CreatedAt], [p].[CreatedBy], [p].[ExecutedAt], [p].[FailureReason], [p].[IsDeleted], [p].[PostChannelAccountId], [p].[PostId], [p].[RetryCount], [p].[ScheduledAt], [p].[Status], [p].[UpdatedAt], [p].[UpdatedBy], [t].[Id], [t].[ChannelAccountId], [t].[CreatedAt], [t].[CreatedBy], [t].[DayNumber], [t].[ExternalPostId], [t].[IsDeleted], [t].[ProjectId], [t].[PublishedAt], [t].[PublishedUrl], [t].[ScheduledAt], [t].[Status], [t].[TimelineId], [t].[Title], [t].[TrackingEnabled], [t].[UpdatedAt], [t].[UpdatedBy], [t].[VoiceSampleId], [t0].[Id], [t0].[Content], [t0].[ContentType], [t0].[CreatedAt], [t0].[CreatedBy], [t0].[IsDeleted], [t0].[MediaFileId], [t0].[PostId], [t0].[SortOrder], [t0].[UpdatedAt], [t0].[UpdatedBy]
FROM [PostSchedules] AS [p]
INNER JOIN (
    SELECT [p0].[Id], [p0].[ChannelAccountId], [p0].[CreatedAt], [p0].[CreatedBy], [p0].[DayNumber], [p0].[ExternalPostId], [p0].[IsDeleted], [p0].[ProjectId], [p0].[PublishedAt], [p0].[PublishedUrl], [p0].[ScheduledAt], [p0].[Status], [p0].[TimelineId], [p0].[Title], [p0].[TrackingEnabled], [p0].[UpdatedAt], [p0].[UpdatedBy], [p0].[VoiceSampleId]
    FROM [Posts] AS [p0]
    WHERE [p0].[IsDeleted] = CAST(0 AS bit)
) AS [t] ON [p].[PostId] = [t].[Id]
LEFT JOIN (
    SELECT [p1].[Id], [p1].[Content], [p1].[ContentType], [p1].[CreatedAt], [p1].[CreatedBy], [p1].[IsDeleted], [p1].[MediaFileId], [p1].[PostId], [p1].[SortOrder], [p1].[UpdatedAt], [p1].[UpdatedBy]
    FROM [PostContents] AS [p1]
    WHERE [p1].[IsDeleted] = CAST(0 AS bit)
) AS [t0] ON [t].[Id] = [t0].[PostId]
WHERE [p].[IsDeleted] = CAST(0 AS bit) AND [p].[Status] = 0 AND [p].[ScheduledAt] <= @__before_0
ORDER BY [p].[ScheduledAt], [p].[Id], [t].[Id]
2026-07-22 23:43:33.448 +07:00 [INF] HTTP POST /api/auth/login started
2026-07-22 23:43:34.114 +07:00 [INF] Handling LoginCommand {"Request":{"Email":"nguyenhoangviet531@gmail.com","Password":"Qwe12345","$type":"LoginRequest"},"$type":"LoginCommand"}
2026-07-22 23:43:34.420 +07:00 [INF] Executed DbCommand (10ms) [Parameters=[@__ToLower_0='?' (Size = 256)], CommandType='"Text"', CommandTimeout='30']
SELECT TOP(1) [u].[Id], [u].[AvatarUrl], [u].[CreatedAt], [u].[CreatedBy], [u].[Email], [u].[FacebookId], [u].[FirstName], [u].[GoogleId], [u].[IsActive], [u].[IsDeleted], [u].[LastLoginAt], [u].[LastName], [u].[PasswordHash], [u].[Phone], [u].[ReferralCode], [u].[ReferredByUserId], [u].[UpdatedAt], [u].[UpdatedBy]
FROM [Users] AS [u]
WHERE [u].[IsDeleted] = CAST(0 AS bit) AND LOWER([u].[Email]) = @__ToLower_0
2026-07-22 23:43:35.082 +07:00 [INF] Executed DbCommand (24ms) [Parameters=[@__id_0='?' (DbType = Guid)], CommandType='"Text"', CommandTimeout='30']
SELECT [t].[Id], [t].[AvatarUrl], [t].[CreatedAt], [t].[CreatedBy], [t].[Email], [t].[FacebookId], [t].[FirstName], [t].[GoogleId], [t].[IsActive], [t].[IsDeleted], [t].[LastLoginAt], [t].[LastName], [t].[PasswordHash], [t].[Phone], [t].[ReferralCode], [t].[ReferredByUserId], [t].[UpdatedAt], [t].[UpdatedBy], [t0].[Id], [t0].[CreatedAt], [t0].[CreatedBy], [t0].[IsDeleted], [t0].[RoleId], [t0].[UpdatedAt], [t0].[UpdatedBy], [t0].[UserId], [t0].[Id0], [t0].[CreatedAt0], [t0].[CreatedBy0], [t0].[Description], [t0].[IsDeleted0], [t0].[IsSystem], [t0].[Name], [t0].[UpdatedAt0], [t0].[UpdatedBy0]
FROM (
    SELECT TOP(1) [u].[Id], [u].[AvatarUrl], [u].[CreatedAt], [u].[CreatedBy], [u].[Email], [u].[FacebookId], [u].[FirstName], [u].[GoogleId], [u].[IsActive], [u].[IsDeleted], [u].[LastLoginAt], [u].[LastName], [u].[PasswordHash], [u].[Phone], [u].[ReferralCode], [u].[ReferredByUserId], [u].[UpdatedAt], [u].[UpdatedBy]
    FROM [Users] AS [u]
    WHERE [u].[IsDeleted] = CAST(0 AS bit) AND [u].[Id] = @__id_0
) AS [t]
LEFT JOIN (
    SELECT [u0].[Id], [u0].[CreatedAt], [u0].[CreatedBy], [u0].[IsDeleted], [u0].[RoleId], [u0].[UpdatedAt], [u0].[UpdatedBy], [u0].[UserId], [t1].[Id] AS [Id0], [t1].[CreatedAt] AS [CreatedAt0], [t1].[CreatedBy] AS [CreatedBy0], [t1].[Description], [t1].[IsDeleted] AS [IsDeleted0], [t1].[IsSystem], [t1].[Name], [t1].[UpdatedAt] AS [UpdatedAt0], [t1].[UpdatedBy] AS [UpdatedBy0]
    FROM [UserRoles] AS [u0]
    INNER JOIN (
        SELECT [r].[Id], [r].[CreatedAt], [r].[CreatedBy], [r].[Description], [r].[IsDeleted], [r].[IsSystem], [r].[Name], [r].[UpdatedAt], [r].[UpdatedBy]
        FROM [Roles] AS [r]
        WHERE [r].[IsDeleted] = CAST(0 AS bit)
    ) AS [t1] ON [u0].[RoleId] = [t1].[Id]
    WHERE [u0].[IsDeleted] = CAST(0 AS bit)
) AS [t0] ON [t].[Id] = [t0].[UserId]
ORDER BY [t].[Id], [t0].[Id]
2026-07-22 23:43:35.950 +07:00 [INF] Executed DbCommand (29ms) [Parameters=[@p0='?' (DbType = Guid), @p1='?' (DbType = DateTime2), @p2='?' (DbType = Guid), @p3='?' (Size = 4000), @p4='?' (DbType = DateTime2), @p5='?' (DbType = Boolean), @p6='?' (Size = 512), @p7='?' (DbType = DateTime2), @p8='?' (Size = 512), @p9='?' (DbType = DateTime2), @p10='?' (DbType = Guid), @p11='?' (DbType = Guid), @p29='?' (DbType = Guid), @p12='?' (Size = 500), @p13='?' (DbType = DateTime2), @p14='?' (DbType = Guid), @p15='?' (Size = 256), @p16='?' (Size = 128), @p17='?' (Size = 100), @p18='?' (Size = 128), @p19='?' (DbType = Boolean), @p20='?' (DbType = Boolean), @p21='?' (DbType = DateTime2), @p22='?' (Size = 100), @p23='?' (Size = 512), @p24='?' (Size = 20), @p25='?' (Size = 32), @p26='?' (DbType = Guid), @p27='?' (DbType = DateTime2), @p28='?' (DbType = Guid)], CommandType='"Text"', CommandTimeout='30']
SET NOCOUNT ON;
INSERT INTO [RefreshTokens] ([Id], [CreatedAt], [CreatedBy], [CreatedByIp], [ExpiresAt], [IsRevoked], [ReplacedByToken], [RevokedAt], [Token], [UpdatedAt], [UpdatedBy], [UserId])
OUTPUT INSERTED.[IsDeleted]
VALUES (@p0, @p1, @p2, @p3, @p4, @p5, @p6, @p7, @p8, @p9, @p10, @p11);
UPDATE [Users] SET [AvatarUrl] = @p12, [CreatedAt] = @p13, [CreatedBy] = @p14, [Email] = @p15, [FacebookId] = @p16, [FirstName] = @p17, [GoogleId] = @p18, [IsActive] = @p19, [IsDeleted] = @p20, [LastLoginAt] = @p21, [LastName] = @p22, [PasswordHash] = @p23, [Phone] = @p24, [ReferralCode] = @p25, [ReferredByUserId] = @p26, [UpdatedAt] = @p27, [UpdatedBy] = @p28
OUTPUT 1
WHERE [Id] = @p29;
2026-07-22 23:43:36.050 +07:00 [INF] Handled LoginCommand in 1903ms
2026-07-22 23:43:36.165 +07:00 [INF] HTTP POST /api/auth/login responded 200 in 2720.268ms
2026-07-22 23:43:39.090 +07:00 [INF] HTTP GET /api/dashboard/stats started
2026-07-22 23:43:39.261 +07:00 [INF] Handling GetDashboardStatsQuery {"$type":"GetDashboardStatsQuery"}
2026-07-22 23:43:39.599 +07:00 [DBG] The Lucky Penny license key details: AutoMapper.Licensing.License
2026-07-22 23:43:39.602 +07:00 [INF] You have a valid license key for the Lucky Penny software "Bundle" "Community" edition. The license expires on "2027-06-18T00:00:00.0000000+00:00".
2026-07-22 23:43:39.660 +07:00 [INF] Executed DbCommand (9ms) [Parameters=[@__userId_0='?' (DbType = Guid)], CommandType='"Text"', CommandTimeout='30']
SELECT [p].[Id], [p].[ChannelAccountId], [p].[CreatedAt], [p].[CreatedBy], [p].[DayNumber], [p].[ExternalPostId], [p].[IsDeleted], [p].[ProjectId], [p].[PublishedAt], [p].[PublishedUrl], [p].[ScheduledAt], [p].[Status], [p].[TimelineId], [p].[Title], [p].[TrackingEnabled], [p].[UpdatedAt], [p].[UpdatedBy], [p].[VoiceSampleId], [t].[Id], [t].[CreatedAt], [t].[CreatedBy], [t].[Description], [t].[IsActive], [t].[IsDeleted], [t].[LogoUrl], [t].[Name], [t].[UpdatedAt], [t].[UpdatedBy], [t].[UserId]
FROM [Posts] AS [p]
INNER JOIN (
    SELECT [p0].[Id], [p0].[CreatedAt], [p0].[CreatedBy], [p0].[Description], [p0].[IsActive], [p0].[IsDeleted], [p0].[LogoUrl], [p0].[Name], [p0].[UpdatedAt], [p0].[UpdatedBy], [p0].[UserId]
    FROM [Projects] AS [p0]
    WHERE [p0].[IsDeleted] = CAST(0 AS bit)
) AS [t] ON [p].[ProjectId] = [t].[Id]
WHERE [p].[IsDeleted] = CAST(0 AS bit) AND [t].[UserId] = @__userId_0
ORDER BY [p].[CreatedAt] DESC
2026-07-22 23:43:39.726 +07:00 [INF] Executed DbCommand (7ms) [Parameters=[@__userId_0='?' (DbType = Guid), @__today_1='?' (DbType = DateTime2), @__tomorrow_2='?' (DbType = DateTime2)], CommandType='"Text"', CommandTimeout='30']
SELECT COUNT(*)
FROM [Posts] AS [p]
INNER JOIN (
    SELECT [p0].[Id], [p0].[UserId]
    FROM [Projects] AS [p0]
    WHERE [p0].[IsDeleted] = CAST(0 AS bit)
) AS [t] ON [p].[ProjectId] = [t].[Id]
WHERE [p].[IsDeleted] = CAST(0 AS bit) AND [t].[UserId] = @__userId_0 AND [p].[Status] = 3 AND [p].[PublishedAt] >= @__today_1 AND [p].[PublishedAt] < @__tomorrow_2
2026-07-22 23:43:39.743 +07:00 [INF] Executed DbCommand (3ms) [Parameters=[@__userId_0='?' (DbType = Guid)], CommandType='"Text"', CommandTimeout='30']
SELECT COUNT(*)
FROM [AiGeneratedContents] AS [a]
WHERE [a].[IsDeleted] = CAST(0 AS bit) AND [a].[UserId] = @__userId_0
2026-07-22 23:43:39.778 +07:00 [INF] Executed DbCommand (7ms) [Parameters=[@__userId_0='?' (DbType = Guid)], CommandType='"Text"', CommandTimeout='30']
SELECT [t].[Id], [t].[Balance], [t].[CreatedAt], [t].[CreatedBy], [t].[IsDeleted], [t].[TotalEarned], [t].[TotalUsed], [t].[UpdatedAt], [t].[UpdatedBy], [t].[UserId], [t0].[Id], [t0].[Amount], [t0].[BalanceAfter], [t0].[CreatedAt], [t0].[CreatedBy], [t0].[CreditId], [t0].[Description], [t0].[IsDeleted], [t0].[ReferenceId], [t0].[ReferenceType], [t0].[Type], [t0].[UpdatedAt], [t0].[UpdatedBy], [t0].[UserId]
FROM (
    SELECT TOP(1) [c].[Id], [c].[Balance], [c].[CreatedAt], [c].[CreatedBy], [c].[IsDeleted], [c].[TotalEarned], [c].[TotalUsed], [c].[UpdatedAt], [c].[UpdatedBy], [c].[UserId]
    FROM [Credits] AS [c]
    WHERE [c].[IsDeleted] = CAST(0 AS bit) AND [c].[UserId] = @__userId_0
) AS [t]
LEFT JOIN (
    SELECT [c0].[Id], [c0].[Amount], [c0].[BalanceAfter], [c0].[CreatedAt], [c0].[CreatedBy], [c0].[CreditId], [c0].[Description], [c0].[IsDeleted], [c0].[ReferenceId], [c0].[ReferenceType], [c0].[Type], [c0].[UpdatedAt], [c0].[UpdatedBy], [c0].[UserId]
    FROM [CreditTransactions] AS [c0]
    WHERE [c0].[IsDeleted] = CAST(0 AS bit)
) AS [t0] ON [t].[Id] = [t0].[CreditId]
ORDER BY [t].[Id]
2026-07-22 23:43:39.825 +07:00 [INF] Executed DbCommand (3ms) [Parameters=[@__userId_0='?' (DbType = Guid)], CommandType='"Text"', CommandTimeout='30']
SELECT COUNT(*)
FROM [Projects] AS [p]
WHERE [p].[IsDeleted] = CAST(0 AS bit) AND [p].[UserId] = @__userId_0
2026-07-22 23:43:39.882 +07:00 [INF] Executed DbCommand (12ms) [Parameters=[@__p_1='?' (DbType = Int32), @__userId_0='?' (DbType = Guid)], CommandType='"Text"', CommandTimeout='30']
SELECT TOP(@__p_1) [p].[Id], [p].[CreatedAt], [p].[CreatedBy], [p].[ExecutedAt], [p].[FailureReason], [p].[IsDeleted], [p].[PostChannelAccountId], [p].[PostId], [p].[RetryCount], [p].[ScheduledAt], [p].[Status], [p].[UpdatedAt], [p].[UpdatedBy], [t].[Id], [t].[ChannelAccountId], [t].[CreatedAt], [t].[CreatedBy], [t].[DayNumber], [t].[ExternalPostId], [t].[IsDeleted], [t].[ProjectId], [t].[PublishedAt], [t].[PublishedUrl], [t].[ScheduledAt], [t].[Status], [t].[TimelineId], [t].[Title], [t].[TrackingEnabled], [t].[UpdatedAt], [t].[UpdatedBy], [t].[VoiceSampleId], [t0].[Id], [t0].[CreatedAt], [t0].[CreatedBy], [t0].[Description], [t0].[IsActive], [t0].[IsDeleted], [t0].[LogoUrl], [t0].[Name], [t0].[UpdatedAt], [t0].[UpdatedBy], [t0].[UserId]
FROM [PostSchedules] AS [p]
INNER JOIN (
    SELECT [p0].[Id], [p0].[ChannelAccountId], [p0].[CreatedAt], [p0].[CreatedBy], [p0].[DayNumber], [p0].[ExternalPostId], [p0].[IsDeleted], [p0].[ProjectId], [p0].[PublishedAt], [p0].[PublishedUrl], [p0].[ScheduledAt], [p0].[Status], [p0].[TimelineId], [p0].[Title], [p0].[TrackingEnabled], [p0].[UpdatedAt], [p0].[UpdatedBy], [p0].[VoiceSampleId]
    FROM [Posts] AS [p0]
    WHERE [p0].[IsDeleted] = CAST(0 AS bit)
) AS [t] ON [p].[PostId] = [t].[Id]
INNER JOIN (
    SELECT [p1].[Id], [p1].[CreatedAt], [p1].[CreatedBy], [p1].[Description], [p1].[IsActive], [p1].[IsDeleted], [p1].[LogoUrl], [p1].[Name], [p1].[UpdatedAt], [p1].[UpdatedBy], [p1].[UserId]
    FROM [Projects] AS [p1]
    WHERE [p1].[IsDeleted] = CAST(0 AS bit)
) AS [t0] ON [t].[ProjectId] = [t0].[Id]
WHERE [p].[IsDeleted] = CAST(0 AS bit) AND [t0].[UserId] = @__userId_0 AND [p].[Status] = 0 AND [p].[ScheduledAt] >= GETUTCDATE()
ORDER BY [p].[ScheduledAt]
2026-07-22 23:43:39.915 +07:00 [INF] Executed DbCommand (5ms) [Parameters=[@__p_1='?' (DbType = Int32), @__userId_0='?' (DbType = Guid)], CommandType='"Text"', CommandTimeout='30']
SELECT TOP(@__p_1) [a].[Id], [a].[Action], [a].[CreatedAt], [a].[CreatedBy], [a].[EntityId], [a].[EntityType], [a].[IpAddress], [a].[IsDeleted], [a].[NewValues], [a].[OldValues], [a].[UpdatedAt], [a].[UpdatedBy], [a].[UserAgent], [a].[UserId]
FROM [AuditLogs] AS [a]
WHERE [a].[IsDeleted] = CAST(0 AS bit) AND [a].[UserId] = @__userId_0
ORDER BY [a].[CreatedAt] DESC
2026-07-22 23:43:39.944 +07:00 [INF] Handled GetDashboardStatsQuery in 673ms
2026-07-22 23:43:39.961 +07:00 [INF] HTTP GET /api/dashboard/stats responded 200 in 871.7222ms
2026-07-22 23:44:00.676 +07:00 [INF] HTTP GET /api/Notifications started
2026-07-22 23:44:00.860 +07:00 [INF] Executed DbCommand (17ms) [Parameters=[@__userId_0='?' (DbType = Guid), @__p_1='?' (DbType = Int32), @__p_2='?' (DbType = Int32)], CommandType='"Text"', CommandTimeout='30']
SELECT [n].[Id], [n].[CreatedAt], [n].[CreatedBy], [n].[IsDeleted], [n].[IsRead], [n].[Message], [n].[ReadAt], [n].[ReferenceId], [n].[ReferenceType], [n].[Title], [n].[Type], [n].[UpdatedAt], [n].[UpdatedBy], [n].[UserId]
FROM [Notifications] AS [n]
WHERE [n].[IsDeleted] = CAST(0 AS bit) AND [n].[UserId] = @__userId_0
ORDER BY [n].[CreatedAt] DESC
OFFSET @__p_1 ROWS FETCH NEXT @__p_2 ROWS ONLY
2026-07-22 23:44:00.883 +07:00 [INF] Executed DbCommand (9ms) [Parameters=[@__userId_0='?' (DbType = Guid)], CommandType='"Text"', CommandTimeout='30']
SELECT COUNT(*)
FROM [Notifications] AS [n]
WHERE [n].[IsDeleted] = CAST(0 AS bit) AND [n].[UserId] = @__userId_0
2026-07-22 23:44:00.928 +07:00 [INF] HTTP GET /api/Notifications responded 200 in 251.3072ms
2026-07-22 23:44:03.709 +07:00 [INF] HTTP GET /api/dashboard/stats started
2026-07-22 23:44:03.728 +07:00 [INF] Handling GetDashboardStatsQuery {"$type":"GetDashboardStatsQuery"}
2026-07-22 23:44:03.761 +07:00 [INF] Executed DbCommand (19ms) [Parameters=[@__userId_0='?' (DbType = Guid)], CommandType='"Text"', CommandTimeout='30']
SELECT [p].[Id], [p].[ChannelAccountId], [p].[CreatedAt], [p].[CreatedBy], [p].[DayNumber], [p].[ExternalPostId], [p].[IsDeleted], [p].[ProjectId], [p].[PublishedAt], [p].[PublishedUrl], [p].[ScheduledAt], [p].[Status], [p].[TimelineId], [p].[Title], [p].[TrackingEnabled], [p].[UpdatedAt], [p].[UpdatedBy], [p].[VoiceSampleId], [t].[Id], [t].[CreatedAt], [t].[CreatedBy], [t].[Description], [t].[IsActive], [t].[IsDeleted], [t].[LogoUrl], [t].[Name], [t].[UpdatedAt], [t].[UpdatedBy], [t].[UserId]
FROM [Posts] AS [p]
INNER JOIN (
    SELECT [p0].[Id], [p0].[CreatedAt], [p0].[CreatedBy], [p0].[Description], [p0].[IsActive], [p0].[IsDeleted], [p0].[LogoUrl], [p0].[Name], [p0].[UpdatedAt], [p0].[UpdatedBy], [p0].[UserId]
    FROM [Projects] AS [p0]
    WHERE [p0].[IsDeleted] = CAST(0 AS bit)
) AS [t] ON [p].[ProjectId] = [t].[Id]
WHERE [p].[IsDeleted] = CAST(0 AS bit) AND [t].[UserId] = @__userId_0
ORDER BY [p].[CreatedAt] DESC
2026-07-22 23:44:03.775 +07:00 [INF] Executed DbCommand (9ms) [Parameters=[@__userId_0='?' (DbType = Guid), @__today_1='?' (DbType = DateTime2), @__tomorrow_2='?' (DbType = DateTime2)], CommandType='"Text"', CommandTimeout='30']
SELECT COUNT(*)
FROM [Posts] AS [p]
INNER JOIN (
    SELECT [p0].[Id], [p0].[UserId]
    FROM [Projects] AS [p0]
    WHERE [p0].[IsDeleted] = CAST(0 AS bit)
) AS [t] ON [p].[ProjectId] = [t].[Id]
WHERE [p].[IsDeleted] = CAST(0 AS bit) AND [t].[UserId] = @__userId_0 AND [p].[Status] = 3 AND [p].[PublishedAt] >= @__today_1 AND [p].[PublishedAt] < @__tomorrow_2
2026-07-22 23:44:03.791 +07:00 [INF] Executed DbCommand (9ms) [Parameters=[@__userId_0='?' (DbType = Guid)], CommandType='"Text"', CommandTimeout='30']
SELECT COUNT(*)
FROM [AiGeneratedContents] AS [a]
WHERE [a].[IsDeleted] = CAST(0 AS bit) AND [a].[UserId] = @__userId_0
2026-07-22 23:44:03.817 +07:00 [INF] Executed DbCommand (15ms) [Parameters=[@__userId_0='?' (DbType = Guid)], CommandType='"Text"', CommandTimeout='30']
SELECT [t].[Id], [t].[Balance], [t].[CreatedAt], [t].[CreatedBy], [t].[IsDeleted], [t].[TotalEarned], [t].[TotalUsed], [t].[UpdatedAt], [t].[UpdatedBy], [t].[UserId], [t0].[Id], [t0].[Amount], [t0].[BalanceAfter], [t0].[CreatedAt], [t0].[CreatedBy], [t0].[CreditId], [t0].[Description], [t0].[IsDeleted], [t0].[ReferenceId], [t0].[ReferenceType], [t0].[Type], [t0].[UpdatedAt], [t0].[UpdatedBy], [t0].[UserId]
FROM (
    SELECT TOP(1) [c].[Id], [c].[Balance], [c].[CreatedAt], [c].[CreatedBy], [c].[IsDeleted], [c].[TotalEarned], [c].[TotalUsed], [c].[UpdatedAt], [c].[UpdatedBy], [c].[UserId]
    FROM [Credits] AS [c]
    WHERE [c].[IsDeleted] = CAST(0 AS bit) AND [c].[UserId] = @__userId_0
) AS [t]
LEFT JOIN (
    SELECT [c0].[Id], [c0].[Amount], [c0].[BalanceAfter], [c0].[CreatedAt], [c0].[CreatedBy], [c0].[CreditId], [c0].[Description], [c0].[IsDeleted], [c0].[ReferenceId], [c0].[ReferenceType], [c0].[Type], [c0].[UpdatedAt], [c0].[UpdatedBy], [c0].[UserId]
    FROM [CreditTransactions] AS [c0]
    WHERE [c0].[IsDeleted] = CAST(0 AS bit)
) AS [t0] ON [t].[Id] = [t0].[CreditId]
ORDER BY [t].[Id]
2026-07-22 23:44:03.830 +07:00 [INF] Executed DbCommand (6ms) [Parameters=[@__userId_0='?' (DbType = Guid)], CommandType='"Text"', CommandTimeout='30']
SELECT COUNT(*)
FROM [Projects] AS [p]
WHERE [p].[IsDeleted] = CAST(0 AS bit) AND [p].[UserId] = @__userId_0
2026-07-22 23:44:03.848 +07:00 [INF] Executed DbCommand (14ms) [Parameters=[@__p_1='?' (DbType = Int32), @__userId_0='?' (DbType = Guid)], CommandType='"Text"', CommandTimeout='30']
SELECT TOP(@__p_1) [p].[Id], [p].[CreatedAt], [p].[CreatedBy], [p].[ExecutedAt], [p].[FailureReason], [p].[IsDeleted], [p].[PostChannelAccountId], [p].[PostId], [p].[RetryCount], [p].[ScheduledAt], [p].[Status], [p].[UpdatedAt], [p].[UpdatedBy], [t].[Id], [t].[ChannelAccountId], [t].[CreatedAt], [t].[CreatedBy], [t].[DayNumber], [t].[ExternalPostId], [t].[IsDeleted], [t].[ProjectId], [t].[PublishedAt], [t].[PublishedUrl], [t].[ScheduledAt], [t].[Status], [t].[TimelineId], [t].[Title], [t].[TrackingEnabled], [t].[UpdatedAt], [t].[UpdatedBy], [t].[VoiceSampleId], [t0].[Id], [t0].[CreatedAt], [t0].[CreatedBy], [t0].[Description], [t0].[IsActive], [t0].[IsDeleted], [t0].[LogoUrl], [t0].[Name], [t0].[UpdatedAt], [t0].[UpdatedBy], [t0].[UserId]
FROM [PostSchedules] AS [p]
INNER JOIN (
    SELECT [p0].[Id], [p0].[ChannelAccountId], [p0].[CreatedAt], [p0].[CreatedBy], [p0].[DayNumber], [p0].[ExternalPostId], [p0].[IsDeleted], [p0].[ProjectId], [p0].[PublishedAt], [p0].[PublishedUrl], [p0].[ScheduledAt], [p0].[Status], [p0].[TimelineId], [p0].[Title], [p0].[TrackingEnabled], [p0].[UpdatedAt], [p0].[UpdatedBy], [p0].[VoiceSampleId]
    FROM [Posts] AS [p0]
    WHERE [p0].[IsDeleted] = CAST(0 AS bit)
) AS [t] ON [p].[PostId] = [t].[Id]
INNER JOIN (
    SELECT [p1].[Id], [p1].[CreatedAt], [p1].[CreatedBy], [p1].[Description], [p1].[IsActive], [p1].[IsDeleted], [p1].[LogoUrl], [p1].[Name], [p1].[UpdatedAt], [p1].[UpdatedBy], [p1].[UserId]
    FROM [Projects] AS [p1]
    WHERE [p1].[IsDeleted] = CAST(0 AS bit)
) AS [t0] ON [t].[ProjectId] = [t0].[Id]
WHERE [p].[IsDeleted] = CAST(0 AS bit) AND [t0].[UserId] = @__userId_0 AND [p].[Status] = 0 AND [p].[ScheduledAt] >= GETUTCDATE()
ORDER BY [p].[ScheduledAt]
2026-07-22 23:44:03.863 +07:00 [INF] Executed DbCommand (10ms) [Parameters=[@__p_1='?' (DbType = Int32), @__userId_0='?' (DbType = Guid)], CommandType='"Text"', CommandTimeout='30']
SELECT TOP(@__p_1) [a].[Id], [a].[Action], [a].[CreatedAt], [a].[CreatedBy], [a].[EntityId], [a].[EntityType], [a].[IpAddress], [a].[IsDeleted], [a].[NewValues], [a].[OldValues], [a].[UpdatedAt], [a].[UpdatedBy], [a].[UserAgent], [a].[UserId]
FROM [AuditLogs] AS [a]
WHERE [a].[IsDeleted] = CAST(0 AS bit) AND [a].[UserId] = @__userId_0
ORDER BY [a].[CreatedAt] DESC
2026-07-22 23:44:03.869 +07:00 [INF] Handled GetDashboardStatsQuery in 136ms
2026-07-22 23:44:03.874 +07:00 [INF] HTTP GET /api/dashboard/stats responded 200 in 164.8481ms
2026-07-22 23:44:05.173 +07:00 [INF] HTTP GET /api/dashboard/stats started
2026-07-22 23:44:05.199 +07:00 [INF] Handling GetDashboardStatsQuery {"$type":"GetDashboardStatsQuery"}
2026-07-22 23:44:05.285 +07:00 [INF] Executed DbCommand (19ms) [Parameters=[@__userId_0='?' (DbType = Guid)], CommandType='"Text"', CommandTimeout='30']
SELECT [p].[Id], [p].[ChannelAccountId], [p].[CreatedAt], [p].[CreatedBy], [p].[DayNumber], [p].[ExternalPostId], [p].[IsDeleted], [p].[ProjectId], [p].[PublishedAt], [p].[PublishedUrl], [p].[ScheduledAt], [p].[Status], [p].[TimelineId], [p].[Title], [p].[TrackingEnabled], [p].[UpdatedAt], [p].[UpdatedBy], [p].[VoiceSampleId], [t].[Id], [t].[CreatedAt], [t].[CreatedBy], [t].[Description], [t].[IsActive], [t].[IsDeleted], [t].[LogoUrl], [t].[Name], [t].[UpdatedAt], [t].[UpdatedBy], [t].[UserId]
FROM [Posts] AS [p]
INNER JOIN (
    SELECT [p0].[Id], [p0].[CreatedAt], [p0].[CreatedBy], [p0].[Description], [p0].[IsActive], [p0].[IsDeleted], [p0].[LogoUrl], [p0].[Name], [p0].[UpdatedAt], [p0].[UpdatedBy], [p0].[UserId]
    FROM [Projects] AS [p0]
    WHERE [p0].[IsDeleted] = CAST(0 AS bit)
) AS [t] ON [p].[ProjectId] = [t].[Id]
WHERE [p].[IsDeleted] = CAST(0 AS bit) AND [t].[UserId] = @__userId_0
ORDER BY [p].[CreatedAt] DESC
2026-07-22 23:44:05.334 +07:00 [INF] Executed DbCommand (8ms) [Parameters=[@__userId_0='?' (DbType = Guid), @__today_1='?' (DbType = DateTime2), @__tomorrow_2='?' (DbType = DateTime2)], CommandType='"Text"', CommandTimeout='30']
SELECT COUNT(*)
FROM [Posts] AS [p]
INNER JOIN (
    SELECT [p0].[Id], [p0].[UserId]
    FROM [Projects] AS [p0]
    WHERE [p0].[IsDeleted] = CAST(0 AS bit)
) AS [t] ON [p].[ProjectId] = [t].[Id]
WHERE [p].[IsDeleted] = CAST(0 AS bit) AND [t].[UserId] = @__userId_0 AND [p].[Status] = 3 AND [p].[PublishedAt] >= @__today_1 AND [p].[PublishedAt] < @__tomorrow_2
2026-07-22 23:44:05.353 +07:00 [INF] Executed DbCommand (2ms) [Parameters=[@__userId_0='?' (DbType = Guid)], CommandType='"Text"', CommandTimeout='30']
SELECT COUNT(*)
FROM [AiGeneratedContents] AS [a]
WHERE [a].[IsDeleted] = CAST(0 AS bit) AND [a].[UserId] = @__userId_0
2026-07-22 23:44:05.377 +07:00 [INF] Executed DbCommand (8ms) [Parameters=[@__userId_0='?' (DbType = Guid)], CommandType='"Text"', CommandTimeout='30']
SELECT [t].[Id], [t].[Balance], [t].[CreatedAt], [t].[CreatedBy], [t].[IsDeleted], [t].[TotalEarned], [t].[TotalUsed], [t].[UpdatedAt], [t].[UpdatedBy], [t].[UserId], [t0].[Id], [t0].[Amount], [t0].[BalanceAfter], [t0].[CreatedAt], [t0].[CreatedBy], [t0].[CreditId], [t0].[Description], [t0].[IsDeleted], [t0].[ReferenceId], [t0].[ReferenceType], [t0].[Type], [t0].[UpdatedAt], [t0].[UpdatedBy], [t0].[UserId]
FROM (
    SELECT TOP(1) [c].[Id], [c].[Balance], [c].[CreatedAt], [c].[CreatedBy], [c].[IsDeleted], [c].[TotalEarned], [c].[TotalUsed], [c].[UpdatedAt], [c].[UpdatedBy], [c].[UserId]
    FROM [Credits] AS [c]
    WHERE [c].[IsDeleted] = CAST(0 AS bit) AND [c].[UserId] = @__userId_0
) AS [t]
LEFT JOIN (
    SELECT [c0].[Id], [c0].[Amount], [c0].[BalanceAfter], [c0].[CreatedAt], [c0].[CreatedBy], [c0].[CreditId], [c0].[Description], [c0].[IsDeleted], [c0].[ReferenceId], [c0].[ReferenceType], [c0].[Type], [c0].[UpdatedAt], [c0].[UpdatedBy], [c0].[UserId]
    FROM [CreditTransactions] AS [c0]
    WHERE [c0].[IsDeleted] = CAST(0 AS bit)
) AS [t0] ON [t].[Id] = [t0].[CreditId]
ORDER BY [t].[Id]
2026-07-22 23:44:05.421 +07:00 [INF] Executed DbCommand (5ms) [Parameters=[@__userId_0='?' (DbType = Guid)], CommandType='"Text"', CommandTimeout='30']
SELECT COUNT(*)
FROM [Projects] AS [p]
WHERE [p].[IsDeleted] = CAST(0 AS bit) AND [p].[UserId] = @__userId_0
2026-07-22 23:44:05.448 +07:00 [INF] Executed DbCommand (6ms) [Parameters=[@__p_1='?' (DbType = Int32), @__userId_0='?' (DbType = Guid)], CommandType='"Text"', CommandTimeout='30']
SELECT TOP(@__p_1) [p].[Id], [p].[CreatedAt], [p].[CreatedBy], [p].[ExecutedAt], [p].[FailureReason], [p].[IsDeleted], [p].[PostChannelAccountId], [p].[PostId], [p].[RetryCount], [p].[ScheduledAt], [p].[Status], [p].[UpdatedAt], [p].[UpdatedBy], [t].[Id], [t].[ChannelAccountId], [t].[CreatedAt], [t].[CreatedBy], [t].[DayNumber], [t].[ExternalPostId], [t].[IsDeleted], [t].[ProjectId], [t].[PublishedAt], [t].[PublishedUrl], [t].[ScheduledAt], [t].[Status], [t].[TimelineId], [t].[Title], [t].[TrackingEnabled], [t].[UpdatedAt], [t].[UpdatedBy], [t].[VoiceSampleId], [t0].[Id], [t0].[CreatedAt], [t0].[CreatedBy], [t0].[Description], [t0].[IsActive], [t0].[IsDeleted], [t0].[LogoUrl], [t0].[Name], [t0].[UpdatedAt], [t0].[UpdatedBy], [t0].[UserId]
FROM [PostSchedules] AS [p]
INNER JOIN (
    SELECT [p0].[Id], [p0].[ChannelAccountId], [p0].[CreatedAt], [p0].[CreatedBy], [p0].[DayNumber], [p0].[ExternalPostId], [p0].[IsDeleted], [p0].[ProjectId], [p0].[PublishedAt], [p0].[PublishedUrl], [p0].[ScheduledAt], [p0].[Status], [p0].[TimelineId], [p0].[Title], [p0].[TrackingEnabled], [p0].[UpdatedAt], [p0].[UpdatedBy], [p0].[VoiceSampleId]
    FROM [Posts] AS [p0]
    WHERE [p0].[IsDeleted] = CAST(0 AS bit)
) AS [t] ON [p].[PostId] = [t].[Id]
INNER JOIN (
    SELECT [p1].[Id], [p1].[CreatedAt], [p1].[CreatedBy], [p1].[Description], [p1].[IsActive], [p1].[IsDeleted], [p1].[LogoUrl], [p1].[Name], [p1].[UpdatedAt], [p1].[UpdatedBy], [p1].[UserId]
    FROM [Projects] AS [p1]
    WHERE [p1].[IsDeleted] = CAST(0 AS bit)
) AS [t0] ON [t].[ProjectId] = [t0].[Id]
WHERE [p].[IsDeleted] = CAST(0 AS bit) AND [t0].[UserId] = @__userId_0 AND [p].[Status] = 0 AND [p].[ScheduledAt] >= GETUTCDATE()
ORDER BY [p].[ScheduledAt]
2026-07-22 23:44:05.461 +07:00 [INF] Executed DbCommand (5ms) [Parameters=[@__p_1='?' (DbType = Int32), @__userId_0='?' (DbType = Guid)], CommandType='"Text"', CommandTimeout='30']
SELECT TOP(@__p_1) [a].[Id], [a].[Action], [a].[CreatedAt], [a].[CreatedBy], [a].[EntityId], [a].[EntityType], [a].[IpAddress], [a].[IsDeleted], [a].[NewValues], [a].[OldValues], [a].[UpdatedAt], [a].[UpdatedBy], [a].[UserAgent], [a].[UserId]
FROM [AuditLogs] AS [a]
WHERE [a].[IsDeleted] = CAST(0 AS bit) AND [a].[UserId] = @__userId_0
ORDER BY [a].[CreatedAt] DESC
2026-07-22 23:44:05.466 +07:00 [INF] Handled GetDashboardStatsQuery in 257ms
2026-07-22 23:44:05.473 +07:00 [INF] HTTP GET /api/dashboard/stats responded 200 in 300.9172ms
2026-07-22 23:44:07.844 +07:00 [INF] HTTP GET /api/dashboard/stats started
2026-07-22 23:44:07.850 +07:00 [INF] Handling GetDashboardStatsQuery {"$type":"GetDashboardStatsQuery"}
2026-07-22 23:44:07.868 +07:00 [INF] Executed DbCommand (9ms) [Parameters=[@__userId_0='?' (DbType = Guid)], CommandType='"Text"', CommandTimeout='30']
SELECT [p].[Id], [p].[ChannelAccountId], [p].[CreatedAt], [p].[CreatedBy], [p].[DayNumber], [p].[ExternalPostId], [p].[IsDeleted], [p].[ProjectId], [p].[PublishedAt], [p].[PublishedUrl], [p].[ScheduledAt], [p].[Status], [p].[TimelineId], [p].[Title], [p].[TrackingEnabled], [p].[UpdatedAt], [p].[UpdatedBy], [p].[VoiceSampleId], [t].[Id], [t].[CreatedAt], [t].[CreatedBy], [t].[Description], [t].[IsActive], [t].[IsDeleted], [t].[LogoUrl], [t].[Name], [t].[UpdatedAt], [t].[UpdatedBy], [t].[UserId]
FROM [Posts] AS [p]
INNER JOIN (
    SELECT [p0].[Id], [p0].[CreatedAt], [p0].[CreatedBy], [p0].[Description], [p0].[IsActive], [p0].[IsDeleted], [p0].[LogoUrl], [p0].[Name], [p0].[UpdatedAt], [p0].[UpdatedBy], [p0].[UserId]
    FROM [Projects] AS [p0]
    WHERE [p0].[IsDeleted] = CAST(0 AS bit)
) AS [t] ON [p].[ProjectId] = [t].[Id]
WHERE [p].[IsDeleted] = CAST(0 AS bit) AND [t].[UserId] = @__userId_0
ORDER BY [p].[CreatedAt] DESC
2026-07-22 23:44:07.881 +07:00 [INF] Executed DbCommand (4ms) [Parameters=[@__userId_0='?' (DbType = Guid), @__today_1='?' (DbType = DateTime2), @__tomorrow_2='?' (DbType = DateTime2)], CommandType='"Text"', CommandTimeout='30']
SELECT COUNT(*)
FROM [Posts] AS [p]
INNER JOIN (
    SELECT [p0].[Id], [p0].[UserId]
    FROM [Projects] AS [p0]
    WHERE [p0].[IsDeleted] = CAST(0 AS bit)
) AS [t] ON [p].[ProjectId] = [t].[Id]
WHERE [p].[IsDeleted] = CAST(0 AS bit) AND [t].[UserId] = @__userId_0 AND [p].[Status] = 3 AND [p].[PublishedAt] >= @__today_1 AND [p].[PublishedAt] < @__tomorrow_2
2026-07-22 23:44:07.887 +07:00 [INF] Executed DbCommand (2ms) [Parameters=[@__userId_0='?' (DbType = Guid)], CommandType='"Text"', CommandTimeout='30']
SELECT COUNT(*)
FROM [AiGeneratedContents] AS [a]
WHERE [a].[IsDeleted] = CAST(0 AS bit) AND [a].[UserId] = @__userId_0
2026-07-22 23:44:07.893 +07:00 [INF] Executed DbCommand (1ms) [Parameters=[@__userId_0='?' (DbType = Guid)], CommandType='"Text"', CommandTimeout='30']
SELECT [t].[Id], [t].[Balance], [t].[CreatedAt], [t].[CreatedBy], [t].[IsDeleted], [t].[TotalEarned], [t].[TotalUsed], [t].[UpdatedAt], [t].[UpdatedBy], [t].[UserId], [t0].[Id], [t0].[Amount], [t0].[BalanceAfter], [t0].[CreatedAt], [t0].[CreatedBy], [t0].[CreditId], [t0].[Description], [t0].[IsDeleted], [t0].[ReferenceId], [t0].[ReferenceType], [t0].[Type], [t0].[UpdatedAt], [t0].[UpdatedBy], [t0].[UserId]
FROM (
    SELECT TOP(1) [c].[Id], [c].[Balance], [c].[CreatedAt], [c].[CreatedBy], [c].[IsDeleted], [c].[TotalEarned], [c].[TotalUsed], [c].[UpdatedAt], [c].[UpdatedBy], [c].[UserId]
    FROM [Credits] AS [c]
    WHERE [c].[IsDeleted] = CAST(0 AS bit) AND [c].[UserId] = @__userId_0
) AS [t]
LEFT JOIN (
    SELECT [c0].[Id], [c0].[Amount], [c0].[BalanceAfter], [c0].[CreatedAt], [c0].[CreatedBy], [c0].[CreditId], [c0].[Description], [c0].[IsDeleted], [c0].[ReferenceId], [c0].[ReferenceType], [c0].[Type], [c0].[UpdatedAt], [c0].[UpdatedBy], [c0].[UserId]
    FROM [CreditTransactions] AS [c0]
    WHERE [c0].[IsDeleted] = CAST(0 AS bit)
) AS [t0] ON [t].[Id] = [t0].[CreditId]
ORDER BY [t].[Id]
2026-07-22 23:44:07.899 +07:00 [INF] Executed DbCommand (1ms) [Parameters=[@__userId_0='?' (DbType = Guid)], CommandType='"Text"', CommandTimeout='30']
SELECT COUNT(*)
FROM [Projects] AS [p]
WHERE [p].[IsDeleted] = CAST(0 AS bit) AND [p].[UserId] = @__userId_0
2026-07-22 23:44:07.907 +07:00 [INF] Executed DbCommand (2ms) [Parameters=[@__p_1='?' (DbType = Int32), @__userId_0='?' (DbType = Guid)], CommandType='"Text"', CommandTimeout='30']
SELECT TOP(@__p_1) [p].[Id], [p].[CreatedAt], [p].[CreatedBy], [p].[ExecutedAt], [p].[FailureReason], [p].[IsDeleted], [p].[PostChannelAccountId], [p].[PostId], [p].[RetryCount], [p].[ScheduledAt], [p].[Status], [p].[UpdatedAt], [p].[UpdatedBy], [t].[Id], [t].[ChannelAccountId], [t].[CreatedAt], [t].[CreatedBy], [t].[DayNumber], [t].[ExternalPostId], [t].[IsDeleted], [t].[ProjectId], [t].[PublishedAt], [t].[PublishedUrl], [t].[ScheduledAt], [t].[Status], [t].[TimelineId], [t].[Title], [t].[TrackingEnabled], [t].[UpdatedAt], [t].[UpdatedBy], [t].[VoiceSampleId], [t0].[Id], [t0].[CreatedAt], [t0].[CreatedBy], [t0].[Description], [t0].[IsActive], [t0].[IsDeleted], [t0].[LogoUrl], [t0].[Name], [t0].[UpdatedAt], [t0].[UpdatedBy], [t0].[UserId]
FROM [PostSchedules] AS [p]
INNER JOIN (
    SELECT [p0].[Id], [p0].[ChannelAccountId], [p0].[CreatedAt], [p0].[CreatedBy], [p0].[DayNumber], [p0].[ExternalPostId], [p0].[IsDeleted], [p0].[ProjectId], [p0].[PublishedAt], [p0].[PublishedUrl], [p0].[ScheduledAt], [p0].[Status], [p0].[TimelineId], [p0].[Title], [p0].[TrackingEnabled], [p0].[UpdatedAt], [p0].[UpdatedBy], [p0].[VoiceSampleId]
    FROM [Posts] AS [p0]
    WHERE [p0].[IsDeleted] = CAST(0 AS bit)
) AS [t] ON [p].[PostId] = [t].[Id]
INNER JOIN (
    SELECT [p1].[Id], [p1].[CreatedAt], [p1].[CreatedBy], [p1].[Description], [p1].[IsActive], [p1].[IsDeleted], [p1].[LogoUrl], [p1].[Name], [p1].[UpdatedAt], [p1].[UpdatedBy], [p1].[UserId]
    FROM [Projects] AS [p1]
    WHERE [p1].[IsDeleted] = CAST(0 AS bit)
) AS [t0] ON [t].[ProjectId] = [t0].[Id]
WHERE [p].[IsDeleted] = CAST(0 AS bit) AND [t0].[UserId] = @__userId_0 AND [p].[Status] = 0 AND [p].[ScheduledAt] >= GETUTCDATE()
ORDER BY [p].[ScheduledAt]
2026-07-22 23:44:07.913 +07:00 [INF] Executed DbCommand (2ms) [Parameters=[@__p_1='?' (DbType = Int32), @__userId_0='?' (DbType = Guid)], CommandType='"Text"', CommandTimeout='30']
SELECT TOP(@__p_1) [a].[Id], [a].[Action], [a].[CreatedAt], [a].[CreatedBy], [a].[EntityId], [a].[EntityType], [a].[IpAddress], [a].[IsDeleted], [a].[NewValues], [a].[OldValues], [a].[UpdatedAt], [a].[UpdatedBy], [a].[UserAgent], [a].[UserId]
FROM [AuditLogs] AS [a]
WHERE [a].[IsDeleted] = CAST(0 AS bit) AND [a].[UserId] = @__userId_0
ORDER BY [a].[CreatedAt] DESC
2026-07-22 23:44:07.918 +07:00 [INF] Handled GetDashboardStatsQuery in 64ms
2026-07-22 23:44:07.923 +07:00 [INF] HTTP GET /api/dashboard/stats responded 200 in 78.2764ms
2026-07-22 23:44:08.449 +07:00 [INF] HTTP GET /api/workspace/projects started
2026-07-22 23:44:08.474 +07:00 [INF] Handling GetProjectsQuery {"$type":"GetProjectsQuery"}
2026-07-22 23:44:08.508 +07:00 [INF] Executed DbCommand (4ms) [Parameters=[@__userId_0='?' (DbType = Guid)], CommandType='"Text"', CommandTimeout='30']
SELECT [p].[Id], [p].[CreatedAt], [p].[CreatedBy], [p].[Description], [p].[IsActive], [p].[IsDeleted], [p].[LogoUrl], [p].[Name], [p].[UpdatedAt], [p].[UpdatedBy], [p].[UserId]
FROM [Projects] AS [p]
WHERE [p].[IsDeleted] = CAST(0 AS bit) AND [p].[UserId] = @__userId_0
2026-07-22 23:44:08.536 +07:00 [INF] Executed DbCommand (6ms) [Parameters=[@__userId_0='?' (DbType = Guid)], CommandType='"Text"', CommandTimeout='30']
SELECT [p].[Id], [p].[CreatedAt], [p].[CreatedBy], [p].[InvitedAt], [p].[IsDeleted], [p].[JoinedAt], [p].[ProjectId], [p].[Role], [p].[UpdatedAt], [p].[UpdatedBy], [p].[UserId]
FROM [ProjectMembers] AS [p]
WHERE [p].[IsDeleted] = CAST(0 AS bit) AND [p].[UserId] = @__userId_0
2026-07-22 23:44:08.628 +07:00 [INF] Executed DbCommand (8ms) [Parameters=[@__allProjectIds_0='?' (Size = 4000)], CommandType='"Text"', CommandTimeout='30']
SELECT [p].[Id], [p].[CreatedAt], [p].[CreatedBy], [p].[InvitedAt], [p].[IsDeleted], [p].[JoinedAt], [p].[ProjectId], [p].[Role], [p].[UpdatedAt], [p].[UpdatedBy], [p].[UserId]
FROM [ProjectMembers] AS [p]
WHERE [p].[IsDeleted] = CAST(0 AS bit) AND [p].[ProjectId] IN (
    SELECT [a].[value]
    FROM OPENJSON(@__allProjectIds_0) WITH ([value] uniqueidentifier '$') AS [a]
)
2026-07-22 23:44:08.634 +07:00 [INF] Handled GetProjectsQuery in 158ms
2026-07-22 23:44:08.639 +07:00 [INF] HTTP GET /api/workspace/projects responded 200 in 190.5977ms
2026-07-22 23:44:10.666 +07:00 [INF] HTTP GET /api/Notifications started
2026-07-22 23:44:10.679 +07:00 [INF] Executed DbCommand (2ms) [Parameters=[@__userId_0='?' (DbType = Guid), @__p_1='?' (DbType = Int32), @__p_2='?' (DbType = Int32)], CommandType='"Text"', CommandTimeout='30']
SELECT [n].[Id], [n].[CreatedAt], [n].[CreatedBy], [n].[IsDeleted], [n].[IsRead], [n].[Message], [n].[ReadAt], [n].[ReferenceId], [n].[ReferenceType], [n].[Title], [n].[Type], [n].[UpdatedAt], [n].[UpdatedBy], [n].[UserId]
FROM [Notifications] AS [n]
WHERE [n].[IsDeleted] = CAST(0 AS bit) AND [n].[UserId] = @__userId_0
ORDER BY [n].[CreatedAt] DESC
OFFSET @__p_1 ROWS FETCH NEXT @__p_2 ROWS ONLY
2026-07-22 23:44:10.694 +07:00 [INF] Executed DbCommand (5ms) [Parameters=[@__userId_0='?' (DbType = Guid)], CommandType='"Text"', CommandTimeout='30']
SELECT COUNT(*)
FROM [Notifications] AS [n]
WHERE [n].[IsDeleted] = CAST(0 AS bit) AND [n].[UserId] = @__userId_0
2026-07-22 23:44:10.698 +07:00 [INF] HTTP GET /api/Notifications responded 200 in 32.1668ms
2026-07-22 23:44:13.723 +07:00 [INF] Executed DbCommand (32ms) [Parameters=[@__before_0='?' (DbType = DateTime2)], CommandType='"Text"', CommandTimeout='30']
SELECT [p].[Id], [p].[CreatedAt], [p].[CreatedBy], [p].[ExecutedAt], [p].[FailureReason], [p].[IsDeleted], [p].[PostChannelAccountId], [p].[PostId], [p].[RetryCount], [p].[ScheduledAt], [p].[Status], [p].[UpdatedAt], [p].[UpdatedBy], [t].[Id], [t].[ChannelAccountId], [t].[CreatedAt], [t].[CreatedBy], [t].[DayNumber], [t].[ExternalPostId], [t].[IsDeleted], [t].[ProjectId], [t].[PublishedAt], [t].[PublishedUrl], [t].[ScheduledAt], [t].[Status], [t].[TimelineId], [t].[Title], [t].[TrackingEnabled], [t].[UpdatedAt], [t].[UpdatedBy], [t].[VoiceSampleId], [t0].[Id], [t0].[Content], [t0].[ContentType], [t0].[CreatedAt], [t0].[CreatedBy], [t0].[IsDeleted], [t0].[MediaFileId], [t0].[PostId], [t0].[SortOrder], [t0].[UpdatedAt], [t0].[UpdatedBy]
FROM [PostSchedules] AS [p]
INNER JOIN (
    SELECT [p0].[Id], [p0].[ChannelAccountId], [p0].[CreatedAt], [p0].[CreatedBy], [p0].[DayNumber], [p0].[ExternalPostId], [p0].[IsDeleted], [p0].[ProjectId], [p0].[PublishedAt], [p0].[PublishedUrl], [p0].[ScheduledAt], [p0].[Status], [p0].[TimelineId], [p0].[Title], [p0].[TrackingEnabled], [p0].[UpdatedAt], [p0].[UpdatedBy], [p0].[VoiceSampleId]
    FROM [Posts] AS [p0]
    WHERE [p0].[IsDeleted] = CAST(0 AS bit)
) AS [t] ON [p].[PostId] = [t].[Id]
LEFT JOIN (
    SELECT [p1].[Id], [p1].[Content], [p1].[ContentType], [p1].[CreatedAt], [p1].[CreatedBy], [p1].[IsDeleted], [p1].[MediaFileId], [p1].[PostId], [p1].[SortOrder], [p1].[UpdatedAt], [p1].[UpdatedBy]
    FROM [PostContents] AS [p1]
    WHERE [p1].[IsDeleted] = CAST(0 AS bit)
) AS [t0] ON [t].[Id] = [t0].[PostId]
WHERE [p].[IsDeleted] = CAST(0 AS bit) AND [p].[Status] = 0 AND [p].[ScheduledAt] <= @__before_0
ORDER BY [p].[ScheduledAt], [p].[Id], [t].[Id]
2026-07-22 23:44:22.581 +07:00 [WRN] Stopping the server due to DomainUnload or ProcessExit event...
2026-07-22 23:44:22.597 +07:00 [INF] Server laptop-g044c7b0:21188:96d277fc caught stopping signal...
2026-07-22 23:44:22.838 +07:00 [INF] Server laptop-g044c7b0:21188:96d277fc caught stopped signal...
2026-07-22 23:44:22.894 +07:00 [INF] Server laptop-g044c7b0:21188:96d277fc All dispatchers stopped
2026-07-22 23:44:22.895 +07:00 [WRN] Server laptop-g044c7b0:21188:96d277fc caught shutdown signal...
2026-07-22 23:44:23.054 +07:00 [INF] Server laptop-g044c7b0:21188:96d277fc successfully reported itself as stopped in 31.8293 ms
2026-07-22 23:44:23.055 +07:00 [INF] Server laptop-g044c7b0:21188:96d277fc has been stopped in total 229.4096 ms
2026-07-22 23:58:03.304 +07:00 [WRN] No store type was specified for the decimal property 'TotalEarnings' on entity type 'Affiliate'. This will cause values to be silently truncated if they do not fit in the default precision and scale. Explicitly specify the SQL server column type that can accommodate all the values in 'OnModelCreating' using 'HasColumnType', specify precision and scale using 'HasPrecision', or configure a value converter using 'HasConversion'.
2026-07-22 23:58:05.158 +07:00 [INF] Detected FlowMate/SQL schema without EF history — applying compat layer and skipping MigrateAsync.
2026-07-22 23:58:05.233 +07:00 [INF] Executed DbCommand (22ms) [Parameters=[], CommandType='"Text"', CommandTimeout='30']
IF COL_LENGTH('dbo.Posts', 'ChannelAccountId') IS NULL
    ALTER TABLE dbo.Posts ADD ChannelAccountId UNIQUEIDENTIFIER NULL;
2026-07-22 23:58:05.255 +07:00 [INF] Executed DbCommand (3ms) [Parameters=[], CommandType='"Text"', CommandTimeout='30']
IF COL_LENGTH('dbo.Posts', 'ExternalPostId') IS NULL
    ALTER TABLE dbo.Posts ADD ExternalPostId NVARCHAR(128) NULL;
2026-07-22 23:58:05.273 +07:00 [INF] Executed DbCommand (2ms) [Parameters=[], CommandType='"Text"', CommandTimeout='30']
IF COL_LENGTH('dbo.Posts', 'PublishedUrl') IS NULL
    ALTER TABLE dbo.Posts ADD PublishedUrl NVARCHAR(1000) NULL;
2026-07-22 23:58:05.326 +07:00 [INF] Executed DbCommand (7ms) [Parameters=[], CommandType='"Text"', CommandTimeout='30']
IF COL_LENGTH('dbo.Posts', 'PublishedAt') IS NULL
    ALTER TABLE dbo.Posts ADD PublishedAt DATETIME2 NULL;
2026-07-22 23:58:05.414 +07:00 [INF] Executed DbCommand (7ms) [Parameters=[], CommandType='"Text"', CommandTimeout='30']
IF COL_LENGTH('dbo.PostSchedules', 'PostId') IS NULL
    ALTER TABLE dbo.PostSchedules ADD PostId UNIQUEIDENTIFIER NULL;
2026-07-22 23:58:05.439 +07:00 [INF] Executed DbCommand (5ms) [Parameters=[], CommandType='"Text"', CommandTimeout='30']
IF COL_LENGTH('dbo.PostSchedules', 'PostChannelAccountId') IS NOT NULL
   AND COLUMNPROPERTY(OBJECT_ID('dbo.PostSchedules'), 'PostChannelAccountId', 'AllowsNull') = 0
BEGIN
    ALTER TABLE dbo.PostSchedules ALTER COLUMN PostChannelAccountId UNIQUEIDENTIFIER NULL;
END
2026-07-22 23:58:05.456 +07:00 [INF] Executed DbCommand (2ms) [Parameters=[], CommandType='"Text"', CommandTimeout='30']
IF COL_LENGTH('dbo.ChannelAccounts', 'ParentChannelAccountId') IS NULL
    ALTER TABLE dbo.ChannelAccounts ADD ParentChannelAccountId UNIQUEIDENTIFIER NULL;
2026-07-22 23:58:05.475 +07:00 [INF] Executed DbCommand (5ms) [Parameters=[], CommandType='"Text"', CommandTimeout='30']
IF COL_LENGTH('dbo.ChannelAccounts', 'AccessToken') IS NULL
    ALTER TABLE dbo.ChannelAccounts ADD AccessToken NVARCHAR(MAX) NULL;
2026-07-22 23:58:05.500 +07:00 [INF] Executed DbCommand (5ms) [Parameters=[], CommandType='"Text"', CommandTimeout='30']
IF COL_LENGTH('dbo.ChannelAccounts', 'RefreshToken') IS NULL
    ALTER TABLE dbo.ChannelAccounts ADD RefreshToken NVARCHAR(MAX) NULL;
2026-07-22 23:58:05.534 +07:00 [INF] Executed DbCommand (2ms) [Parameters=[], CommandType='"Text"', CommandTimeout='30']
IF COL_LENGTH('dbo.ChannelAccounts', 'TokenExpiresAt') IS NULL
    ALTER TABLE dbo.ChannelAccounts ADD TokenExpiresAt DATETIME2 NULL;
2026-07-22 23:58:05.558 +07:00 [INF] Executed DbCommand (4ms) [Parameters=[], CommandType='"Text"', CommandTimeout='30']
IF COL_LENGTH('dbo.ChannelAccounts', 'Scope') IS NULL
    ALTER TABLE dbo.ChannelAccounts ADD Scope NVARCHAR(500) NULL;
2026-07-22 23:58:05.573 +07:00 [INF] Executed DbCommand (2ms) [Parameters=[], CommandType='"Text"', CommandTimeout='30']
IF COL_LENGTH('dbo.Posts', 'VoiceSampleId') IS NULL
    ALTER TABLE dbo.Posts ADD VoiceSampleId UNIQUEIDENTIFIER NULL;
2026-07-22 23:58:05.590 +07:00 [INF] Executed DbCommand (3ms) [Parameters=[], CommandType='"Text"', CommandTimeout='30']
IF COL_LENGTH('dbo.Posts', 'DayNumber') IS NULL
    ALTER TABLE dbo.Posts ADD DayNumber INT NULL;
2026-07-22 23:58:05.605 +07:00 [INF] Executed DbCommand (2ms) [Parameters=[], CommandType='"Text"', CommandTimeout='30']
IF COL_LENGTH('dbo.Posts', 'TrackingEnabled') IS NULL
    ALTER TABLE dbo.Posts ADD TrackingEnabled BIT NOT NULL DEFAULT CAST(1 AS BIT);
2026-07-22 23:58:05.636 +07:00 [INF] Executed DbCommand (9ms) [Parameters=[], CommandType='"Text"', CommandTimeout='30']
IF COL_LENGTH('dbo.MediaFiles', 'ProductId') IS NULL
    ALTER TABLE dbo.MediaFiles ADD ProductId UNIQUEIDENTIFIER NULL;
2026-07-22 23:58:05.644 +07:00 [INF] Executed DbCommand (4ms) [Parameters=[], CommandType='"Text"', CommandTimeout='30']
IF COL_LENGTH('dbo.MediaFiles', 'StoragePath') IS NULL
    ALTER TABLE dbo.MediaFiles ADD StoragePath NVARCHAR(1000) NOT NULL DEFAULT '';
2026-07-22 23:58:05.652 +07:00 [INF] Executed DbCommand (3ms) [Parameters=[], CommandType='"Text"', CommandTimeout='30']
IF COL_LENGTH('dbo.FacebookAccounts', 'ProjectId') IS NULL
    ALTER TABLE dbo.FacebookAccounts ADD ProjectId UNIQUEIDENTIFIER NOT NULL
        DEFAULT '00000000-0000-0000-0000-000000000000';
2026-07-22 23:58:05.666 +07:00 [INF] Executed DbCommand (7ms) [Parameters=[], CommandType='"Text"', CommandTimeout='30']
IF COL_LENGTH('dbo.Campaigns', 'ProductDescription') IS NULL
    ALTER TABLE dbo.Campaigns ADD ProductDescription NVARCHAR(MAX) NULL;
2026-07-22 23:58:05.764 +07:00 [INF] Executed DbCommand (4ms) [Parameters=[], CommandType='"Text"', CommandTimeout='30']
IF OBJECT_ID('dbo.ProjectMembers') IS NULL
CREATE TABLE dbo.ProjectMembers (
    Id UNIQUEIDENTIFIER NOT NULL PRIMARY KEY, ProjectId UNIQUEIDENTIFIER NOT NULL,
    UserId UNIQUEIDENTIFIER NOT NULL, Role NVARCHAR(20) NOT NULL DEFAULT 'Member',
    InvitedAt DATETIME2 NULL, JoinedAt DATETIME2 NULL,
    CreatedAt DATETIME2 NOT NULL, UpdatedAt DATETIME2 NULL,
    CreatedBy UNIQUEIDENTIFIER NULL, UpdatedBy UNIQUEIDENTIFIER NULL, IsDeleted BIT NOT NULL DEFAULT 0,
    CONSTRAINT FK_ProjectMembers_Projects FOREIGN KEY (ProjectId) REFERENCES dbo.Projects(Id),
    CONSTRAINT FK_ProjectMembers_Users FOREIGN KEY (UserId) REFERENCES dbo.Users(Id));
2026-07-22 23:58:05.877 +07:00 [INF] Executed DbCommand (48ms) [Parameters=[], CommandType='"Text"', CommandTimeout='30']
IF OBJECT_ID('dbo.ProjectMembers') IS NOT NULL AND NOT EXISTS (SELECT 1 FROM sys.indexes WHERE name = 'IX_ProjectMembers_ProjectId_UserId')
    CREATE UNIQUE INDEX IX_ProjectMembers_ProjectId_UserId ON dbo.ProjectMembers(ProjectId, UserId);
2026-07-22 23:58:05.889 +07:00 [INF] Executed DbCommand (5ms) [Parameters=[], CommandType='"Text"', CommandTimeout='30']
IF OBJECT_ID('dbo.VoiceSampleTemplates') IS NULL
CREATE TABLE dbo.VoiceSampleTemplates (
    Id UNIQUEIDENTIFIER NOT NULL PRIMARY KEY, SampleText NVARCHAR(500) NOT NULL,
    CreatedAt DATETIME2 NOT NULL, UpdatedAt DATETIME2 NULL,
    CreatedBy UNIQUEIDENTIFIER NULL, UpdatedBy UNIQUEIDENTIFIER NULL, IsDeleted BIT NOT NULL DEFAULT 0);
2026-07-22 23:58:05.899 +07:00 [INF] Executed DbCommand (6ms) [Parameters=[], CommandType='"Text"', CommandTimeout='30']
IF OBJECT_ID('dbo.BrandStyles') IS NULL
CREATE TABLE dbo.BrandStyles (
    Id UNIQUEIDENTIFIER NOT NULL PRIMARY KEY, StyleName NVARCHAR(50) NOT NULL,
    CreatedAt DATETIME2 NOT NULL, UpdatedAt DATETIME2 NULL,
    CreatedBy UNIQUEIDENTIFIER NULL, UpdatedBy UNIQUEIDENTIFIER NULL, IsDeleted BIT NOT NULL DEFAULT 0);
2026-07-22 23:58:05.927 +07:00 [INF] Executed DbCommand (19ms) [Parameters=[], CommandType='"Text"', CommandTimeout='30']
IF OBJECT_ID('dbo.BrandStyles') IS NOT NULL AND NOT EXISTS (SELECT 1 FROM sys.indexes WHERE name = 'IX_BrandStyles_StyleName')
    CREATE UNIQUE INDEX IX_BrandStyles_StyleName ON dbo.BrandStyles(StyleName);
2026-07-22 23:58:05.946 +07:00 [INF] Executed DbCommand (4ms) [Parameters=[], CommandType='"Text"', CommandTimeout='30']
IF OBJECT_ID('dbo.ToneKeywords') IS NULL
CREATE TABLE dbo.ToneKeywords (
    Id UNIQUEIDENTIFIER NOT NULL PRIMARY KEY, Keyword NVARCHAR(50) NOT NULL,
    CreatedAt DATETIME2 NOT NULL, UpdatedAt DATETIME2 NULL,
    CreatedBy UNIQUEIDENTIFIER NULL, UpdatedBy UNIQUEIDENTIFIER NULL, IsDeleted BIT NOT NULL DEFAULT 0);
2026-07-22 23:58:05.968 +07:00 [INF] Executed DbCommand (13ms) [Parameters=[], CommandType='"Text"', CommandTimeout='30']
IF OBJECT_ID('dbo.ToneKeywords') IS NOT NULL AND NOT EXISTS (SELECT 1 FROM sys.indexes WHERE name = 'IX_ToneKeywords_Keyword')
    CREATE UNIQUE INDEX IX_ToneKeywords_Keyword ON dbo.ToneKeywords(Keyword);
2026-07-22 23:58:05.976 +07:00 [INF] Executed DbCommand (2ms) [Parameters=[], CommandType='"Text"', CommandTimeout='30']
IF OBJECT_ID('dbo.CtaTemplates') IS NULL
CREATE TABLE dbo.CtaTemplates (
    Id UNIQUEIDENTIFIER NOT NULL PRIMARY KEY, CtaText NVARCHAR(100) NOT NULL,
    CreatedAt DATETIME2 NOT NULL, UpdatedAt DATETIME2 NULL,
    CreatedBy UNIQUEIDENTIFIER NULL, UpdatedBy UNIQUEIDENTIFIER NULL, IsDeleted BIT NOT NULL DEFAULT 0);
2026-07-22 23:58:06.003 +07:00 [INF] Executed DbCommand (13ms) [Parameters=[], CommandType='"Text"', CommandTimeout='30']
IF OBJECT_ID('dbo.CtaTemplates') IS NOT NULL AND NOT EXISTS (SELECT 1 FROM sys.indexes WHERE name = 'IX_CtaTemplates_CtaText')
    CREATE UNIQUE INDEX IX_CtaTemplates_CtaText ON dbo.CtaTemplates(CtaText);
2026-07-22 23:58:06.014 +07:00 [INF] Executed DbCommand (3ms) [Parameters=[], CommandType='"Text"', CommandTimeout='30']
IF OBJECT_ID('dbo.Hashtags') IS NULL
CREATE TABLE dbo.Hashtags (
    Id UNIQUEIDENTIFIER NOT NULL PRIMARY KEY, Tag NVARCHAR(50) NOT NULL,
    CreatedAt DATETIME2 NOT NULL, UpdatedAt DATETIME2 NULL,
    CreatedBy UNIQUEIDENTIFIER NULL, UpdatedBy UNIQUEIDENTIFIER NULL, IsDeleted BIT NOT NULL DEFAULT 0);
2026-07-22 23:58:06.031 +07:00 [INF] Executed DbCommand (13ms) [Parameters=[], CommandType='"Text"', CommandTimeout='30']
IF OBJECT_ID('dbo.Hashtags') IS NOT NULL AND NOT EXISTS (SELECT 1 FROM sys.indexes WHERE name = 'IX_Hashtags_Tag')
    CREATE UNIQUE INDEX IX_Hashtags_Tag ON dbo.Hashtags(Tag);
2026-07-22 23:58:06.037 +07:00 [INF] Executed DbCommand (3ms) [Parameters=[], CommandType='"Text"', CommandTimeout='30']
IF OBJECT_ID('dbo.BrandProfiles') IS NULL
CREATE TABLE dbo.BrandProfiles (
    Id UNIQUEIDENTIFIER NOT NULL PRIMARY KEY, ProjectId UNIQUEIDENTIFIER NOT NULL,
    LogoUrl NVARCHAR(500) NULL, BusinessName NVARCHAR(150) NOT NULL, BrandName NVARCHAR(150) NOT NULL,
    Industry NVARCHAR(100) NULL, FoundingYear SMALLINT NULL, ShortDescription NVARCHAR(1000) NULL,
    Address NVARCHAR(300) NULL, ContactPhone NVARCHAR(20) NULL, ContactEmail NVARCHAR(255) NULL,
    Website NVARCHAR(255) NULL, VoiceSampleId UNIQUEIDENTIFIER NULL,
    CreatedAt DATETIME2 NOT NULL, UpdatedAt DATETIME2 NULL,
    CreatedBy UNIQUEIDENTIFIER NULL, UpdatedBy UNIQUEIDENTIFIER NULL, IsDeleted BIT NOT NULL DEFAULT 0,
    CONSTRAINT FK_BrandProfiles_Projects FOREIGN KEY (ProjectId) REFERENCES dbo.Projects(Id),
    CONSTRAINT FK_BrandProfiles_VoiceSampleTemplates FOREIGN KEY (VoiceSampleId) REFERENCES dbo.VoiceSampleTemplates(Id));
2026-07-22 23:58:06.053 +07:00 [INF] Executed DbCommand (12ms) [Parameters=[], CommandType='"Text"', CommandTimeout='30']
IF OBJECT_ID('dbo.BrandProfiles') IS NOT NULL AND NOT EXISTS (SELECT 1 FROM sys.indexes WHERE name = 'IX_BrandProfiles_ProjectId')
    CREATE UNIQUE INDEX IX_BrandProfiles_ProjectId ON dbo.BrandProfiles(ProjectId);
2026-07-22 23:58:06.063 +07:00 [INF] Executed DbCommand (6ms) [Parameters=[], CommandType='"Text"', CommandTimeout='30']
IF OBJECT_ID('dbo.BrandProfileStyles') IS NULL
CREATE TABLE dbo.BrandProfileStyles (
    Id UNIQUEIDENTIFIER NOT NULL PRIMARY KEY, BrandProfileId UNIQUEIDENTIFIER NOT NULL, StyleId UNIQUEIDENTIFIER NOT NULL,
    CreatedAt DATETIME2 NOT NULL, UpdatedAt DATETIME2 NULL,
    CreatedBy UNIQUEIDENTIFIER NULL, UpdatedBy UNIQUEIDENTIFIER NULL, IsDeleted BIT NOT NULL DEFAULT 0,
    CONSTRAINT FK_BrandProfileStyles_BrandProfiles FOREIGN KEY (BrandProfileId) REFERENCES dbo.BrandProfiles(Id),
    CONSTRAINT FK_BrandProfileStyles_BrandStyles FOREIGN KEY (StyleId) REFERENCES dbo.BrandStyles(Id));
2026-07-22 23:58:06.081 +07:00 [INF] Executed DbCommand (14ms) [Parameters=[], CommandType='"Text"', CommandTimeout='30']
IF OBJECT_ID('dbo.BrandProfileStyles') IS NOT NULL AND NOT EXISTS (SELECT 1 FROM sys.indexes WHERE name = 'IX_BrandProfileStyles_BrandProfileId_StyleId')
    CREATE UNIQUE INDEX IX_BrandProfileStyles_BrandProfileId_StyleId ON dbo.BrandProfileStyles(BrandProfileId, StyleId);
2026-07-22 23:58:06.091 +07:00 [INF] Executed DbCommand (3ms) [Parameters=[], CommandType='"Text"', CommandTimeout='30']
IF OBJECT_ID('dbo.BrandProfileKeywords') IS NULL
CREATE TABLE dbo.BrandProfileKeywords (
    Id UNIQUEIDENTIFIER NOT NULL PRIMARY KEY, BrandProfileId UNIQUEIDENTIFIER NOT NULL, ToneKeywordId UNIQUEIDENTIFIER NOT NULL,
    CreatedAt DATETIME2 NOT NULL, UpdatedAt DATETIME2 NULL,
    CreatedBy UNIQUEIDENTIFIER NULL, UpdatedBy UNIQUEIDENTIFIER NULL, IsDeleted BIT NOT NULL DEFAULT 0,
    CONSTRAINT FK_BrandProfileKeywords_BrandProfiles FOREIGN KEY (BrandProfileId) REFERENCES dbo.BrandProfiles(Id),
    CONSTRAINT FK_BrandProfileKeywords_ToneKeywords FOREIGN KEY (ToneKeywordId) REFERENCES dbo.ToneKeywords(Id));
2026-07-22 23:58:06.115 +07:00 [INF] Executed DbCommand (14ms) [Parameters=[], CommandType='"Text"', CommandTimeout='30']
IF OBJECT_ID('dbo.BrandProfileKeywords') IS NOT NULL AND NOT EXISTS (SELECT 1 FROM sys.indexes WHERE name = 'IX_BrandProfileKeywords_BrandProfileId_ToneKeywordId')
    CREATE UNIQUE INDEX IX_BrandProfileKeywords_BrandProfileId_ToneKeywordId ON dbo.BrandProfileKeywords(BrandProfileId, ToneKeywordId);
2026-07-22 23:58:06.124 +07:00 [INF] Executed DbCommand (3ms) [Parameters=[], CommandType='"Text"', CommandTimeout='30']
IF OBJECT_ID('dbo.BrandCtas') IS NULL
CREATE TABLE dbo.BrandCtas (
    Id UNIQUEIDENTIFIER NOT NULL PRIMARY KEY, BrandProfileId UNIQUEIDENTIFIER NOT NULL, CtaId UNIQUEIDENTIFIER NOT NULL,
    CreatedAt DATETIME2 NOT NULL, UpdatedAt DATETIME2 NULL,
    CreatedBy UNIQUEIDENTIFIER NULL, UpdatedBy UNIQUEIDENTIFIER NULL, IsDeleted BIT NOT NULL DEFAULT 0,
    CONSTRAINT FK_BrandCtas_BrandProfiles FOREIGN KEY (BrandProfileId) REFERENCES dbo.BrandProfiles(Id),
    CONSTRAINT FK_BrandCtas_CtaTemplates FOREIGN KEY (CtaId) REFERENCES dbo.CtaTemplates(Id));
2026-07-22 23:58:06.154 +07:00 [INF] Executed DbCommand (20ms) [Parameters=[], CommandType='"Text"', CommandTimeout='30']
IF OBJECT_ID('dbo.BrandCtas') IS NOT NULL AND NOT EXISTS (SELECT 1 FROM sys.indexes WHERE name = 'IX_BrandCtas_BrandProfileId_CtaId')
    CREATE UNIQUE INDEX IX_BrandCtas_BrandProfileId_CtaId ON dbo.BrandCtas(BrandProfileId, CtaId);
2026-07-22 23:58:06.183 +07:00 [INF] Executed DbCommand (11ms) [Parameters=[], CommandType='"Text"', CommandTimeout='30']
IF OBJECT_ID('dbo.BrandHashtags') IS NULL
CREATE TABLE dbo.BrandHashtags (
    Id UNIQUEIDENTIFIER NOT NULL PRIMARY KEY, BrandProfileId UNIQUEIDENTIFIER NOT NULL, HashtagId UNIQUEIDENTIFIER NOT NULL,
    CreatedAt DATETIME2 NOT NULL, UpdatedAt DATETIME2 NULL,
    CreatedBy UNIQUEIDENTIFIER NULL, UpdatedBy UNIQUEIDENTIFIER NULL, IsDeleted BIT NOT NULL DEFAULT 0,
    CONSTRAINT FK_BrandHashtags_BrandProfiles FOREIGN KEY (BrandProfileId) REFERENCES dbo.BrandProfiles(Id),
    CONSTRAINT FK_BrandHashtags_Hashtags FOREIGN KEY (HashtagId) REFERENCES dbo.Hashtags(Id));
2026-07-22 23:58:06.206 +07:00 [INF] Executed DbCommand (16ms) [Parameters=[], CommandType='"Text"', CommandTimeout='30']
IF OBJECT_ID('dbo.BrandHashtags') IS NOT NULL AND NOT EXISTS (SELECT 1 FROM sys.indexes WHERE name = 'IX_BrandHashtags_BrandProfileId_HashtagId')
    CREATE UNIQUE INDEX IX_BrandHashtags_BrandProfileId_HashtagId ON dbo.BrandHashtags(BrandProfileId, HashtagId);
2026-07-22 23:58:06.214 +07:00 [INF] Executed DbCommand (2ms) [Parameters=[], CommandType='"Text"', CommandTimeout='30']
IF OBJECT_ID('dbo.BrandColors') IS NULL
CREATE TABLE dbo.BrandColors (
    Id UNIQUEIDENTIFIER NOT NULL PRIMARY KEY, BrandProfileId UNIQUEIDENTIFIER NOT NULL,
    ColorHex NVARCHAR(9) NOT NULL, ColorType NVARCHAR(20) NOT NULL DEFAULT 'Secondary', SortOrder INT NOT NULL DEFAULT 0,
    CreatedAt DATETIME2 NOT NULL, UpdatedAt DATETIME2 NULL,
    CreatedBy UNIQUEIDENTIFIER NULL, UpdatedBy UNIQUEIDENTIFIER NULL, IsDeleted BIT NOT NULL DEFAULT 0,
    CONSTRAINT FK_BrandColors_BrandProfiles FOREIGN KEY (BrandProfileId) REFERENCES dbo.BrandProfiles(Id));
2026-07-22 23:58:06.221 +07:00 [INF] Executed DbCommand (2ms) [Parameters=[], CommandType='"Text"', CommandTimeout='30']
IF OBJECT_ID('dbo.BrandFonts') IS NULL
CREATE TABLE dbo.BrandFonts (
    Id UNIQUEIDENTIFIER NOT NULL PRIMARY KEY, BrandProfileId UNIQUEIDENTIFIER NOT NULL,
    FontName NVARCHAR(100) NOT NULL, UsageType NVARCHAR(20) NOT NULL,
    CreatedAt DATETIME2 NOT NULL, UpdatedAt DATETIME2 NULL,
    CreatedBy UNIQUEIDENTIFIER NULL, UpdatedBy UNIQUEIDENTIFIER NULL, IsDeleted BIT NOT NULL DEFAULT 0,
    CONSTRAINT FK_BrandFonts_BrandProfiles FOREIGN KEY (BrandProfileId) REFERENCES dbo.BrandProfiles(Id));
2026-07-22 23:58:06.228 +07:00 [INF] Executed DbCommand (2ms) [Parameters=[], CommandType='"Text"', CommandTimeout='30']
IF OBJECT_ID('dbo.ProductCategories') IS NULL
CREATE TABLE dbo.ProductCategories (
    Id UNIQUEIDENTIFIER NOT NULL PRIMARY KEY, BrandProfileId UNIQUEIDENTIFIER NOT NULL, CategoryName NVARCHAR(100) NOT NULL,
    CreatedAt DATETIME2 NOT NULL, UpdatedAt DATETIME2 NULL,
    CreatedBy UNIQUEIDENTIFIER NULL, UpdatedBy UNIQUEIDENTIFIER NULL, IsDeleted BIT NOT NULL DEFAULT 0,
    CONSTRAINT FK_ProductCategories_BrandProfiles FOREIGN KEY (BrandProfileId) REFERENCES dbo.BrandProfiles(Id));
2026-07-22 23:58:06.245 +07:00 [INF] Executed DbCommand (13ms) [Parameters=[], CommandType='"Text"', CommandTimeout='30']
IF OBJECT_ID('dbo.ProductCategories') IS NOT NULL AND NOT EXISTS (SELECT 1 FROM sys.indexes WHERE name = 'IX_ProductCategories_BrandProfileId_CategoryName')
    CREATE UNIQUE INDEX IX_ProductCategories_BrandProfileId_CategoryName ON dbo.ProductCategories(BrandProfileId, CategoryName);
2026-07-22 23:58:06.254 +07:00 [INF] Executed DbCommand (3ms) [Parameters=[], CommandType='"Text"', CommandTimeout='30']
IF OBJECT_ID('dbo.Products') IS NULL
CREATE TABLE dbo.Products (
    Id UNIQUEIDENTIFIER NOT NULL PRIMARY KEY, BrandProfileId UNIQUEIDENTIFIER NOT NULL, ProductCategoryId UNIQUEIDENTIFIER NULL,
    ProductName NVARCHAR(200) NOT NULL, Price DECIMAL(18,2) NULL, AiGeneratedDescription NVARCHAR(MAX) NULL,
    CreatedAt DATETIME2 NOT NULL, UpdatedAt DATETIME2 NULL,
    CreatedBy UNIQUEIDENTIFIER NULL, UpdatedBy UNIQUEIDENTIFIER NULL, IsDeleted BIT NOT NULL DEFAULT 0,
    CONSTRAINT FK_Products_BrandProfiles FOREIGN KEY (BrandProfileId) REFERENCES dbo.BrandProfiles(Id),
    CONSTRAINT FK_Products_ProductCategories FOREIGN KEY (ProductCategoryId) REFERENCES dbo.ProductCategories(Id));
2026-07-22 23:58:06.282 +07:00 [INF] Executed DbCommand (17ms) [Parameters=[], CommandType='"Text"', CommandTimeout='30']
IF NOT EXISTS (SELECT 1 FROM sys.foreign_keys WHERE name = 'FK_MediaFiles_Products_ProductId') AND OBJECT_ID('dbo.Products') IS NOT NULL
    ALTER TABLE dbo.MediaFiles ADD CONSTRAINT FK_MediaFiles_Products_ProductId FOREIGN KEY (ProductId) REFERENCES dbo.Products(Id);
2026-07-22 23:58:06.289 +07:00 [INF] Executed DbCommand (2ms) [Parameters=[], CommandType='"Text"', CommandTimeout='30']
IF OBJECT_ID('dbo.CampaignGoals') IS NULL
CREATE TABLE dbo.CampaignGoals (
    Id UNIQUEIDENTIFIER NOT NULL PRIMARY KEY, GoalName NVARCHAR(100) NOT NULL,
    CreatedAt DATETIME2 NOT NULL, UpdatedAt DATETIME2 NULL,
    CreatedBy UNIQUEIDENTIFIER NULL, UpdatedBy UNIQUEIDENTIFIER NULL, IsDeleted BIT NOT NULL DEFAULT 0);
2026-07-22 23:58:06.309 +07:00 [INF] Executed DbCommand (13ms) [Parameters=[], CommandType='"Text"', CommandTimeout='30']
IF OBJECT_ID('dbo.CampaignGoals') IS NOT NULL AND NOT EXISTS (SELECT 1 FROM sys.indexes WHERE name = 'IX_CampaignGoals_GoalName')
    CREATE UNIQUE INDEX IX_CampaignGoals_GoalName ON dbo.CampaignGoals(GoalName);
2026-07-22 23:58:06.315 +07:00 [INF] Executed DbCommand (2ms) [Parameters=[], CommandType='"Text"', CommandTimeout='30']
IF OBJECT_ID('dbo.PromotionTypes') IS NULL
CREATE TABLE dbo.PromotionTypes (
    Id UNIQUEIDENTIFIER NOT NULL PRIMARY KEY, TypeName NVARCHAR(100) NOT NULL,
    CreatedAt DATETIME2 NOT NULL, UpdatedAt DATETIME2 NULL,
    CreatedBy UNIQUEIDENTIFIER NULL, UpdatedBy UNIQUEIDENTIFIER NULL, IsDeleted BIT NOT NULL DEFAULT 0);
2026-07-22 23:58:06.329 +07:00 [INF] Executed DbCommand (10ms) [Parameters=[], CommandType='"Text"', CommandTimeout='30']
IF OBJECT_ID('dbo.PromotionTypes') IS NOT NULL AND NOT EXISTS (SELECT 1 FROM sys.indexes WHERE name = 'IX_PromotionTypes_TypeName')
    CREATE UNIQUE INDEX IX_PromotionTypes_TypeName ON dbo.PromotionTypes(TypeName);
2026-07-22 23:58:06.333 +07:00 [INF] Executed DbCommand (2ms) [Parameters=[], CommandType='"Text"', CommandTimeout='30']
IF OBJECT_ID('dbo.TimelineTemplateTypes') IS NULL
CREATE TABLE dbo.TimelineTemplateTypes (
    Id UNIQUEIDENTIFIER NOT NULL PRIMARY KEY, TypeName NVARCHAR(50) NOT NULL, Description NVARCHAR(300) NULL,
    CreatedAt DATETIME2 NOT NULL, UpdatedAt DATETIME2 NULL,
    CreatedBy UNIQUEIDENTIFIER NULL, UpdatedBy UNIQUEIDENTIFIER NULL, IsDeleted BIT NOT NULL DEFAULT 0);
2026-07-22 23:58:06.349 +07:00 [INF] Executed DbCommand (12ms) [Parameters=[], CommandType='"Text"', CommandTimeout='30']
IF OBJECT_ID('dbo.TimelineTemplateTypes') IS NOT NULL AND NOT EXISTS (SELECT 1 FROM sys.indexes WHERE name = 'IX_TimelineTemplateTypes_TypeName')
    CREATE UNIQUE INDEX IX_TimelineTemplateTypes_TypeName ON dbo.TimelineTemplateTypes(TypeName);
2026-07-22 23:58:06.357 +07:00 [INF] Executed DbCommand (3ms) [Parameters=[], CommandType='"Text"', CommandTimeout='30']
IF OBJECT_ID('dbo.Campaigns') IS NULL
CREATE TABLE dbo.Campaigns (
    Id UNIQUEIDENTIFIER NOT NULL PRIMARY KEY, ProjectId UNIQUEIDENTIFIER NOT NULL, Name NVARCHAR(200) NOT NULL,
    GoalId UNIQUEIDENTIFIER NOT NULL, PromotionTypeId UNIQUEIDENTIFIER NOT NULL,
    DiscountPercent DECIMAL(5,2) NULL, DiscountAmount DECIMAL(18,2) NULL, MinOrderAmount DECIMAL(18,2) NULL,
    StartDate DATE NOT NULL, EndDate DATE NOT NULL, NumberOfPosts INT NOT NULL DEFAULT 1, Status INT NOT NULL,
    CreatedAt DATETIME2 NOT NULL, UpdatedAt DATETIME2 NULL,
    CreatedBy UNIQUEIDENTIFIER NULL, UpdatedBy UNIQUEIDENTIFIER NULL, IsDeleted BIT NOT NULL DEFAULT 0,
    CONSTRAINT FK_Campaigns_Projects FOREIGN KEY (ProjectId) REFERENCES dbo.Projects(Id),
    CONSTRAINT FK_Campaigns_CampaignGoals FOREIGN KEY (GoalId) REFERENCES dbo.CampaignGoals(Id),
    CONSTRAINT FK_Campaigns_PromotionTypes FOREIGN KEY (PromotionTypeId) REFERENCES dbo.PromotionTypes(Id),
    CONSTRAINT CK_Campaigns_Dates CHECK (EndDate >= StartDate),
    CONSTRAINT CK_Campaigns_NumberOfPosts CHECK (NumberOfPosts > 0));
2026-07-22 23:58:06.363 +07:00 [INF] Executed DbCommand (2ms) [Parameters=[], CommandType='"Text"', CommandTimeout='30']
IF OBJECT_ID('dbo.CampaignChannelAccounts') IS NULL
CREATE TABLE dbo.CampaignChannelAccounts (
    Id UNIQUEIDENTIFIER NOT NULL PRIMARY KEY, CampaignId UNIQUEIDENTIFIER NOT NULL, ChannelAccountId UNIQUEIDENTIFIER NOT NULL,
    CreatedAt DATETIME2 NOT NULL, UpdatedAt DATETIME2 NULL,
    CreatedBy UNIQUEIDENTIFIER NULL, UpdatedBy UNIQUEIDENTIFIER NULL, IsDeleted BIT NOT NULL DEFAULT 0,
    CONSTRAINT FK_CampaignChannelAccounts_Campaigns FOREIGN KEY (CampaignId) REFERENCES dbo.Campaigns(Id),
    CONSTRAINT FK_CampaignChannelAccounts_ChannelAccounts FOREIGN KEY (ChannelAccountId) REFERENCES dbo.ChannelAccounts(Id));
2026-07-22 23:58:06.376 +07:00 [INF] Executed DbCommand (10ms) [Parameters=[], CommandType='"Text"', CommandTimeout='30']
IF OBJECT_ID('dbo.CampaignChannelAccounts') IS NOT NULL AND NOT EXISTS (SELECT 1 FROM sys.indexes WHERE name = 'IX_CampaignChannelAccounts_CampaignId_ChannelAccountId')
    CREATE UNIQUE INDEX IX_CampaignChannelAccounts_CampaignId_ChannelAccountId ON dbo.CampaignChannelAccounts(CampaignId, ChannelAccountId);
2026-07-22 23:58:06.382 +07:00 [INF] Executed DbCommand (2ms) [Parameters=[], CommandType='"Text"', CommandTimeout='30']
IF OBJECT_ID('dbo.Timelines') IS NULL
CREATE TABLE dbo.Timelines (
    Id UNIQUEIDENTIFIER NOT NULL PRIMARY KEY, ProjectId UNIQUEIDENTIFIER NOT NULL, CampaignId UNIQUEIDENTIFIER NULL,
    Name NVARCHAR(200) NOT NULL, TemplateTypeId UNIQUEIDENTIFIER NOT NULL,
    StartDate DATE NOT NULL, EndDate DATE NOT NULL, Status INT NOT NULL,
    CreatedAt DATETIME2 NOT NULL, UpdatedAt DATETIME2 NULL,
    CreatedBy UNIQUEIDENTIFIER NULL, UpdatedBy UNIQUEIDENTIFIER NULL, IsDeleted BIT NOT NULL DEFAULT 0,
    CONSTRAINT FK_Timelines_Projects FOREIGN KEY (ProjectId) REFERENCES dbo.Projects(Id),
    CONSTRAINT FK_Timelines_Campaigns FOREIGN KEY (CampaignId) REFERENCES dbo.Campaigns(Id),
    CONSTRAINT FK_Timelines_TimelineTemplateTypes FOREIGN KEY (TemplateTypeId) REFERENCES dbo.TimelineTemplateTypes(Id),
    CONSTRAINT CK_Timelines_Dates CHECK (EndDate >= StartDate));
2026-07-22 23:58:06.394 +07:00 [INF] Executed DbCommand (7ms) [Parameters=[], CommandType='"Text"', CommandTimeout='30']
IF NOT EXISTS (SELECT 1 FROM sys.foreign_keys WHERE name = 'FK_Posts_Timelines_TimelineId') AND OBJECT_ID('dbo.Timelines') IS NOT NULL
    ALTER TABLE dbo.Posts ADD CONSTRAINT FK_Posts_Timelines_TimelineId FOREIGN KEY (TimelineId) REFERENCES dbo.Timelines(Id);
2026-07-22 23:58:06.407 +07:00 [INF] Executed DbCommand (9ms) [Parameters=[], CommandType='"Text"', CommandTimeout='30']
IF NOT EXISTS (SELECT 1 FROM sys.foreign_keys WHERE name = 'FK_Posts_VoiceSampleTemplates_VoiceSampleId') AND OBJECT_ID('dbo.VoiceSampleTemplates') IS NOT NULL
    ALTER TABLE dbo.Posts ADD CONSTRAINT FK_Posts_VoiceSampleTemplates_VoiceSampleId FOREIGN KEY (VoiceSampleId) REFERENCES dbo.VoiceSampleTemplates(Id);
2026-07-22 23:58:06.411 +07:00 [INF] Executed DbCommand (2ms) [Parameters=[], CommandType='"Text"', CommandTimeout='30']
IF OBJECT_ID('dbo.PostHashtags') IS NULL
CREATE TABLE dbo.PostHashtags (
    Id UNIQUEIDENTIFIER NOT NULL PRIMARY KEY, PostId UNIQUEIDENTIFIER NOT NULL, HashtagId UNIQUEIDENTIFIER NOT NULL,
    CreatedAt DATETIME2 NOT NULL, UpdatedAt DATETIME2 NULL,
    CreatedBy UNIQUEIDENTIFIER NULL, UpdatedBy UNIQUEIDENTIFIER NULL, IsDeleted BIT NOT NULL DEFAULT 0,
    CONSTRAINT FK_PostHashtags_Posts FOREIGN KEY (PostId) REFERENCES dbo.Posts(Id),
    CONSTRAINT FK_PostHashtags_Hashtags FOREIGN KEY (HashtagId) REFERENCES dbo.Hashtags(Id));
2026-07-22 23:58:06.417 +07:00 [INF] Executed DbCommand (2ms) [Parameters=[], CommandType='"Text"', CommandTimeout='30']
IF OBJECT_ID('dbo.PostChannelAccounts') IS NULL
CREATE TABLE dbo.PostChannelAccounts (
    Id UNIQUEIDENTIFIER NOT NULL PRIMARY KEY, PostId UNIQUEIDENTIFIER NOT NULL, ChannelAccountId UNIQUEIDENTIFIER NOT NULL,
    Status INT NOT NULL, ExternalPostId NVARCHAR(128) NULL, PublishedUrl NVARCHAR(1000) NULL, PublishedAt DATETIME2 NULL,
    CreatedAt DATETIME2 NOT NULL, UpdatedAt DATETIME2 NULL,
    CreatedBy UNIQUEIDENTIFIER NULL, UpdatedBy UNIQUEIDENTIFIER NULL, IsDeleted BIT NOT NULL DEFAULT 0,
    CONSTRAINT FK_PostChannelAccounts_Posts FOREIGN KEY (PostId) REFERENCES dbo.Posts(Id),
    CONSTRAINT FK_PostChannelAccounts_ChannelAccounts FOREIGN KEY (ChannelAccountId) REFERENCES dbo.ChannelAccounts(Id));
2026-07-22 23:58:06.433 +07:00 [INF] Executed DbCommand (11ms) [Parameters=[], CommandType='"Text"', CommandTimeout='30']
IF OBJECT_ID('dbo.PostChannelAccounts') IS NOT NULL AND NOT EXISTS (SELECT 1 FROM sys.indexes WHERE name = 'IX_PostChannelAccounts_PostId_ChannelAccountId')
    CREATE UNIQUE INDEX IX_PostChannelAccounts_PostId_ChannelAccountId ON dbo.PostChannelAccounts(PostId, ChannelAccountId);
2026-07-22 23:58:06.449 +07:00 [INF] Executed DbCommand (12ms) [Parameters=[], CommandType='"Text"', CommandTimeout='30']
IF NOT EXISTS (SELECT 1 FROM sys.foreign_keys WHERE name = 'FK_PostSchedules_PostChannelAccounts_PostChannelAccountId') AND OBJECT_ID('dbo.PostChannelAccounts') IS NOT NULL
    ALTER TABLE dbo.PostSchedules ADD CONSTRAINT FK_PostSchedules_PostChannelAccounts_PostChannelAccountId FOREIGN KEY (PostChannelAccountId) REFERENCES dbo.PostChannelAccounts(Id);
2026-07-22 23:58:06.455 +07:00 [INF] Executed DbCommand (2ms) [Parameters=[], CommandType='"Text"', CommandTimeout='30']
IF OBJECT_ID('dbo.PostAnalytics') IS NULL
CREATE TABLE dbo.PostAnalytics (
    Id UNIQUEIDENTIFIER NOT NULL PRIMARY KEY, PostChannelAccountId UNIQUEIDENTIFIER NOT NULL,
    Reach INT NOT NULL DEFAULT 0, Likes INT NOT NULL DEFAULT 0, Comments INT NOT NULL DEFAULT 0, Shares INT NOT NULL DEFAULT 0,
    RecordedAt DATETIME2 NOT NULL,
    CreatedAt DATETIME2 NOT NULL, UpdatedAt DATETIME2 NULL,
    CreatedBy UNIQUEIDENTIFIER NULL, UpdatedBy UNIQUEIDENTIFIER NULL, IsDeleted BIT NOT NULL DEFAULT 0,
    CONSTRAINT FK_PostAnalytics_PostChannelAccounts FOREIGN KEY (PostChannelAccountId) REFERENCES dbo.PostChannelAccounts(Id));
2026-07-22 23:58:06.476 +07:00 [INF] Executed DbCommand (18ms) [Parameters=[], CommandType='"Text"', CommandTimeout='30']
IF OBJECT_ID('dbo.PostAnalytics') IS NOT NULL AND NOT EXISTS (SELECT 1 FROM sys.indexes WHERE name = 'IX_PostAnalytics_PostChannelAccountId')
    CREATE UNIQUE INDEX IX_PostAnalytics_PostChannelAccountId ON dbo.PostAnalytics(PostChannelAccountId);
2026-07-22 23:58:06.490 +07:00 [INF] FlowMate EF compatibility layer applied.
2026-07-22 23:58:06.877 +07:00 [INF] Executed DbCommand (9ms) [Parameters=[], CommandType='"Text"', CommandTimeout='30']
SELECT CASE
    WHEN EXISTS (
        SELECT 1
        FROM [Roles] AS [r]
        WHERE [r].[IsDeleted] = CAST(0 AS bit)) THEN CAST(1 AS bit)
    ELSE CAST(0 AS bit)
END
2026-07-22 23:58:06.933 +07:00 [INF] Executed DbCommand (4ms) [Parameters=[], CommandType='"Text"', CommandTimeout='30']
SELECT CASE
    WHEN EXISTS (
        SELECT 1
        FROM [Permissions] AS [p]
        WHERE [p].[IsDeleted] = CAST(0 AS bit)) THEN CAST(1 AS bit)
    ELSE CAST(0 AS bit)
END
2026-07-22 23:58:06.955 +07:00 [INF] Executed DbCommand (5ms) [Parameters=[], CommandType='"Text"', CommandTimeout='30']
SELECT CASE
    WHEN EXISTS (
        SELECT 1
        FROM [RolePermissions] AS [r]
        WHERE [r].[IsDeleted] = CAST(0 AS bit) AND [r].[RoleId] = '33333333-3333-3333-3333-333333333333') THEN CAST(1 AS bit)
    ELSE CAST(0 AS bit)
END
2026-07-22 23:58:06.971 +07:00 [INF] Executed DbCommand (5ms) [Parameters=[], CommandType='"Text"', CommandTimeout='30']
SELECT CASE
    WHEN EXISTS (
        SELECT 1
        FROM [Plans] AS [p]
        WHERE [p].[IsDeleted] = CAST(0 AS bit)) THEN CAST(1 AS bit)
    ELSE CAST(0 AS bit)
END
2026-07-22 23:58:06.986 +07:00 [INF] Executed DbCommand (4ms) [Parameters=[], CommandType='"Text"', CommandTimeout='30']
SELECT CASE
    WHEN EXISTS (
        SELECT 1
        FROM [Channels] AS [c]
        WHERE [c].[IsDeleted] = CAST(0 AS bit)) THEN CAST(1 AS bit)
    ELSE CAST(0 AS bit)
END
2026-07-22 23:58:06.997 +07:00 [INF] Executed DbCommand (3ms) [Parameters=[], CommandType='"Text"', CommandTimeout='30']
SELECT CASE
    WHEN EXISTS (
        SELECT 1
        FROM [BrandStyles] AS [b]
        WHERE [b].[IsDeleted] = CAST(0 AS bit)) THEN CAST(1 AS bit)
    ELSE CAST(0 AS bit)
END
2026-07-22 23:58:07.009 +07:00 [INF] Executed DbCommand (5ms) [Parameters=[], CommandType='"Text"', CommandTimeout='30']
SELECT CASE
    WHEN EXISTS (
        SELECT 1
        FROM [ToneKeywords] AS [t]
        WHERE [t].[IsDeleted] = CAST(0 AS bit)) THEN CAST(1 AS bit)
    ELSE CAST(0 AS bit)
END
2026-07-22 23:58:07.031 +07:00 [INF] Executed DbCommand (5ms) [Parameters=[], CommandType='"Text"', CommandTimeout='30']
SELECT CASE
    WHEN EXISTS (
        SELECT 1
        FROM [VoiceSampleTemplates] AS [v]
        WHERE [v].[IsDeleted] = CAST(0 AS bit)) THEN CAST(1 AS bit)
    ELSE CAST(0 AS bit)
END
2026-07-22 23:58:07.052 +07:00 [INF] Executed DbCommand (7ms) [Parameters=[], CommandType='"Text"', CommandTimeout='30']
SELECT CASE
    WHEN EXISTS (
        SELECT 1
        FROM [CtaTemplates] AS [c]
        WHERE [c].[IsDeleted] = CAST(0 AS bit)) THEN CAST(1 AS bit)
    ELSE CAST(0 AS bit)
END
2026-07-22 23:58:07.068 +07:00 [INF] Executed DbCommand (4ms) [Parameters=[], CommandType='"Text"', CommandTimeout='30']
SELECT CASE
    WHEN EXISTS (
        SELECT 1
        FROM [CampaignGoals] AS [c]
        WHERE [c].[IsDeleted] = CAST(0 AS bit)) THEN CAST(1 AS bit)
    ELSE CAST(0 AS bit)
END
2026-07-22 23:58:07.080 +07:00 [INF] Executed DbCommand (4ms) [Parameters=[], CommandType='"Text"', CommandTimeout='30']
SELECT CASE
    WHEN EXISTS (
        SELECT 1
        FROM [PromotionTypes] AS [p]
        WHERE [p].[IsDeleted] = CAST(0 AS bit)) THEN CAST(1 AS bit)
    ELSE CAST(0 AS bit)
END
2026-07-22 23:58:07.094 +07:00 [INF] Executed DbCommand (4ms) [Parameters=[], CommandType='"Text"', CommandTimeout='30']
SELECT CASE
    WHEN EXISTS (
        SELECT 1
        FROM [TimelineTemplateTypes] AS [t]
        WHERE [t].[IsDeleted] = CAST(0 AS bit)) THEN CAST(1 AS bit)
    ELSE CAST(0 AS bit)
END
2026-07-22 23:58:07.120 +07:00 [INF] Executed DbCommand (5ms) [Parameters=[], CommandType='"Text"', CommandTimeout='30']
SELECT CASE
    WHEN EXISTS (
        SELECT 1
        FROM [Settings] AS [s]
        WHERE [s].[IsDeleted] = CAST(0 AS bit)) THEN CAST(1 AS bit)
    ELSE CAST(0 AS bit)
END
2026-07-22 23:58:07.134 +07:00 [INF] Executed DbCommand (5ms) [Parameters=[], CommandType='"Text"', CommandTimeout='30']
SELECT CASE
    WHEN EXISTS (
        SELECT 1
        FROM [AiPrompts] AS [a]
        WHERE [a].[IsDeleted] = CAST(0 AS bit)) THEN CAST(1 AS bit)
    ELSE CAST(0 AS bit)
END
2026-07-22 23:58:07.149 +07:00 [INF] Executed DbCommand (5ms) [Parameters=[], CommandType='"Text"', CommandTimeout='30']
SELECT CASE
    WHEN EXISTS (
        SELECT 1
        FROM [AiPrompts] AS [a]
        WHERE [a].[IsDeleted] = CAST(0 AS bit) AND [a].[Name] = N'Facebook Fanpage Bán Hàng') THEN CAST(1 AS bit)
    ELSE CAST(0 AS bit)
END
2026-07-22 23:58:07.164 +07:00 [INF] Executed DbCommand (4ms) [Parameters=[], CommandType='"Text"', CommandTimeout='30']
SELECT CASE
    WHEN EXISTS (
        SELECT 1
        FROM [Users] AS [u]
        WHERE [u].[IsDeleted] = CAST(0 AS bit) AND [u].[Email] = N'admin@autowork.com') THEN CAST(1 AS bit)
    ELSE CAST(0 AS bit)
END
2026-07-22 23:58:07.185 +07:00 [INF] Executed DbCommand (8ms) [Parameters=[], CommandType='"Text"', CommandTimeout='30']
SELECT CASE
    WHEN EXISTS (
        SELECT 1
        FROM [Users] AS [u]
        WHERE [u].[IsDeleted] = CAST(0 AS bit) AND [u].[Email] = N'demo@autowork.com') THEN CAST(1 AS bit)
    ELSE CAST(0 AS bit)
END
2026-07-22 23:58:07.206 +07:00 [INF] Executed DbCommand (4ms) [Parameters=[], CommandType='"Text"', CommandTimeout='30']
SELECT CASE
    WHEN EXISTS (
        SELECT 1
        FROM [Projects] AS [p]
        WHERE [p].[IsDeleted] = CAST(0 AS bit) AND [p].[Id] = '13131313-1313-1313-1313-131313131313') THEN CAST(1 AS bit)
    ELSE CAST(0 AS bit)
END
2026-07-22 23:58:07.226 +07:00 [INF] Executed DbCommand (4ms) [Parameters=[], CommandType='"Text"', CommandTimeout='30']
SELECT CASE
    WHEN EXISTS (
        SELECT 1
        FROM [Posts] AS [p]
        WHERE [p].[IsDeleted] = CAST(0 AS bit) AND [p].[ProjectId] = '13131313-1313-1313-1313-131313131313') THEN CAST(1 AS bit)
    ELSE CAST(0 AS bit)
END
2026-07-22 23:58:07.255 +07:00 [INF] Database seed completed successfully.
2026-07-22 23:58:07.786 +07:00 [INF] Start installing Hangfire SQL objects...
2026-07-22 23:58:08.076 +07:00 [INF] Hangfire SQL objects installed.
2026-07-22 23:58:08.542 +07:00 [WRN] The WebRootPath was not found: D:\EXE01\AIMarketingAssistant\src\AutoWork.API\wwwroot. Static files may be unavailable.
2026-07-22 23:58:08.725 +07:00 [INF] Now listening on: https://localhost:7165
2026-07-22 23:58:09.012 +07:00 [INF] Starting Hangfire Server using job storage: 'SQL Server: localhost@FlowMateDB'
2026-07-22 23:58:09.039 +07:00 [INF] Using the following options for SQL Server job storage: Queue poll interval: 00:00:15.
2026-07-22 23:58:09.044 +07:00 [INF] Using the following options for Hangfire Server:
    Worker count: 20
    Listening queues: 'default'
    Shutdown timeout: 00:00:15
    Schedule polling interval: 00:00:15
2026-07-22 23:58:09.160 +07:00 [INF] Application started. Press Ctrl+C to shut down.
2026-07-22 23:58:09.198 +07:00 [INF] Hosting environment: Development
2026-07-22 23:58:09.227 +07:00 [INF] Server laptop-g044c7b0:3660:cb0dde89 successfully announced in 62.7742 ms
2026-07-22 23:58:09.230 +07:00 [INF] Content root path: D:\EXE01\AIMarketingAssistant\src\AutoWork.API
2026-07-22 23:58:09.246 +07:00 [INF] Server laptop-g044c7b0:3660:cb0dde89 is starting the registered dispatchers: ServerWatchdog, ServerJobCancellationWatcher, ExpirationManager, CountersAggregator, SqlServerHeartbeatProcess, Worker, DelayedJobScheduler, RecurringJobScheduler...
2026-07-22 23:58:09.338 +07:00 [INF] 1 servers were removed due to timeout
2026-07-22 23:58:10.144 +07:00 [INF] Server laptop-g044c7b0:3660:cb0dde89 all the dispatchers started
2026-07-22 23:58:12.798 +07:00 [INF] Executed DbCommand (24ms) [Parameters=[@__before_0='?' (DbType = DateTime2)], CommandType='"Text"', CommandTimeout='30']
SELECT [p].[Id], [p].[CreatedAt], [p].[CreatedBy], [p].[ExecutedAt], [p].[FailureReason], [p].[IsDeleted], [p].[PostChannelAccountId], [p].[PostId], [p].[RetryCount], [p].[ScheduledAt], [p].[Status], [p].[UpdatedAt], [p].[UpdatedBy], [t].[Id], [t].[ChannelAccountId], [t].[CreatedAt], [t].[CreatedBy], [t].[DayNumber], [t].[ExternalPostId], [t].[IsDeleted], [t].[ProjectId], [t].[PublishedAt], [t].[PublishedUrl], [t].[ScheduledAt], [t].[Status], [t].[TimelineId], [t].[Title], [t].[TrackingEnabled], [t].[UpdatedAt], [t].[UpdatedBy], [t].[VoiceSampleId], [t0].[Id], [t0].[Content], [t0].[ContentType], [t0].[CreatedAt], [t0].[CreatedBy], [t0].[IsDeleted], [t0].[MediaFileId], [t0].[PostId], [t0].[SortOrder], [t0].[UpdatedAt], [t0].[UpdatedBy]
FROM [PostSchedules] AS [p]
INNER JOIN (
    SELECT [p0].[Id], [p0].[ChannelAccountId], [p0].[CreatedAt], [p0].[CreatedBy], [p0].[DayNumber], [p0].[ExternalPostId], [p0].[IsDeleted], [p0].[ProjectId], [p0].[PublishedAt], [p0].[PublishedUrl], [p0].[ScheduledAt], [p0].[Status], [p0].[TimelineId], [p0].[Title], [p0].[TrackingEnabled], [p0].[UpdatedAt], [p0].[UpdatedBy], [p0].[VoiceSampleId]
    FROM [Posts] AS [p0]
    WHERE [p0].[IsDeleted] = CAST(0 AS bit)
) AS [t] ON [p].[PostId] = [t].[Id]
LEFT JOIN (
    SELECT [p1].[Id], [p1].[Content], [p1].[ContentType], [p1].[CreatedAt], [p1].[CreatedBy], [p1].[IsDeleted], [p1].[MediaFileId], [p1].[PostId], [p1].[SortOrder], [p1].[UpdatedAt], [p1].[UpdatedBy]
    FROM [PostContents] AS [p1]
    WHERE [p1].[IsDeleted] = CAST(0 AS bit)
) AS [t0] ON [t].[Id] = [t0].[PostId]
WHERE [p].[IsDeleted] = CAST(0 AS bit) AND [p].[Status] = 0 AND [p].[ScheduledAt] <= @__before_0
ORDER BY [p].[ScheduledAt], [p].[Id], [t].[Id]
2026-07-22 23:59:11.696 +07:00 [INF] Executed DbCommand (20ms) [Parameters=[@__before_0='?' (DbType = DateTime2)], CommandType='"Text"', CommandTimeout='30']
SELECT [p].[Id], [p].[CreatedAt], [p].[CreatedBy], [p].[ExecutedAt], [p].[FailureReason], [p].[IsDeleted], [p].[PostChannelAccountId], [p].[PostId], [p].[RetryCount], [p].[ScheduledAt], [p].[Status], [p].[UpdatedAt], [p].[UpdatedBy], [t].[Id], [t].[ChannelAccountId], [t].[CreatedAt], [t].[CreatedBy], [t].[DayNumber], [t].[ExternalPostId], [t].[IsDeleted], [t].[ProjectId], [t].[PublishedAt], [t].[PublishedUrl], [t].[ScheduledAt], [t].[Status], [t].[TimelineId], [t].[Title], [t].[TrackingEnabled], [t].[UpdatedAt], [t].[UpdatedBy], [t].[VoiceSampleId], [t0].[Id], [t0].[Content], [t0].[ContentType], [t0].[CreatedAt], [t0].[CreatedBy], [t0].[IsDeleted], [t0].[MediaFileId], [t0].[PostId], [t0].[SortOrder], [t0].[UpdatedAt], [t0].[UpdatedBy]
FROM [PostSchedules] AS [p]
INNER JOIN (
    SELECT [p0].[Id], [p0].[ChannelAccountId], [p0].[CreatedAt], [p0].[CreatedBy], [p0].[DayNumber], [p0].[ExternalPostId], [p0].[IsDeleted], [p0].[ProjectId], [p0].[PublishedAt], [p0].[PublishedUrl], [p0].[ScheduledAt], [p0].[Status], [p0].[TimelineId], [p0].[Title], [p0].[TrackingEnabled], [p0].[UpdatedAt], [p0].[UpdatedBy], [p0].[VoiceSampleId]
    FROM [Posts] AS [p0]
    WHERE [p0].[IsDeleted] = CAST(0 AS bit)
) AS [t] ON [p].[PostId] = [t].[Id]
LEFT JOIN (
    SELECT [p1].[Id], [p1].[Content], [p1].[ContentType], [p1].[CreatedAt], [p1].[CreatedBy], [p1].[IsDeleted], [p1].[MediaFileId], [p1].[PostId], [p1].[SortOrder], [p1].[UpdatedAt], [p1].[UpdatedBy]
    FROM [PostContents] AS [p1]
    WHERE [p1].[IsDeleted] = CAST(0 AS bit)
) AS [t0] ON [t].[Id] = [t0].[PostId]
WHERE [p].[IsDeleted] = CAST(0 AS bit) AND [p].[Status] = 0 AND [p].[ScheduledAt] <= @__before_0
ORDER BY [p].[ScheduledAt], [p].[Id], [t].[Id]
